DROP DATABASE IF EXISTS proyecto;
CREATE DATABASE proyecto;
USE proyecto;
CREATE TABLE espectaculos (
    nombreEsp VARCHAR(30) NOT NULL,
    tipoEsp VARCHAR(30) NOT NULL,
    fechaProduccion DATE NOT NULL,
    productora VARCHAR(30) NOT NULL,
    participantes VARCHAR(30),
    penalizacion INT NOT NULL,
    tValidezReserva TIME NOT NULL,
    tAntelacionReserva TIME NOT NULL,
    tCancelacion TIME NOT NULL,
    PRIMARY KEY(nombreEsp, tipoEsp, fechaProduccion, productora)
    );
CREATE TABLE horarios (
    fechaYHora DATETIME NOT NULL,
    PRIMARY KEY(fechaYHora)
    );
CREATE TABLE recintos (
    direccion VARCHAR(50) NOT NULL,
    nombre VARCHAR(30),
    PRIMARY KEY(direccion)
    );
CREATE TABLE horariosRecintos (
    fechaYHora DATETIME NOT NULL,
    direccion VARCHAR(50) NOT NULL,
    FOREIGN KEY(fechaYHora) references horarios(fechaYHora) ON DELETE CASCADE,
    FOREIGN KEY(direccion) references recintos(direccion) ON DELETE CASCADE,
    primary key(fechaYHora, direccion)
    );
CREATE TABLE eventos (
    nombreEsp VARCHAR(30) NOT NULL,
    tipoEsp VARCHAR(30) NOT NULL,
    fechaProduccion DATE NOT NULL,
    productora VARCHAR(30) NOT NULL,
    fechaYHora DATETIME NOT NULL,
    direccion VARCHAR(50) NOT NULL,
    estado ENUM ('Abierto', 'Cerrado', 'Finalizado') NOT NULL DEFAULT 'Abierto',
    FOREIGN KEY(nombreEsp, tipoEsp, fechaProduccion, productora) references espectaculos(nombreEsp, tipoEsp, fechaProduccion, productora) ON DELETE CASCADE,
    FOREIGN KEY(fechaYHora, direccion) references horariosRecintos(fechaYHora, direccion) ON DELETE CASCADE,
    primary key (nombreEsp, tipoEsp, fechaProduccion, productora, fechaYHora, direccion)
    );
CREATE TABLE gradas (
    nombreGrada VARCHAR(30) NOT NULL,
    nombreEsp VARCHAR(30) NOT NULL,
    tipoEsp VARCHAR(30) NOT NULL,
    fechaProduccion DATE NOT NULL,
    productora VARCHAR(30) NOT NULL,
    fechaYHora DATETIME NOT NULL,
    direccion VARCHAR(50) NOT NULL,
    FOREIGN KEY(nombreEsp, tipoEsp, fechaProduccion, productora) references espectaculos(nombreEsp, tipoEsp, fechaProduccion, productora) ON DELETE CASCADE,
    FOREIGN KEY(fechaYHora, direccion) references horariosRecintos(fechaYHora, direccion) ON DELETE CASCADE,
    PRIMARY KEY(nombreGrada, nombreEsp, tipoEsp, fechaProduccion, productora, fechaYHora, direccion)
    );
CREATE TABLE localidades (
    asientoLocalidad INT NOT NULL,
    nombreGrada VARCHAR(30) NOT NULL,
    nombreEsp VARCHAR(30) NOT NULL,
    tipoEsp VARCHAR(30) NOT NULL,
    fechaProduccion DATE NOT NULL,
    productora VARCHAR(30) NOT NULL,
    fechaYHora DATETIME NOT NULL,
    direccion VARCHAR(50) NOT NULL,
    estado ENUM ('Libre', 'Reservado', 'Prereservado', 'Deteriorado') NOT NULL DEFAULT 'Libre',
    FOREIGN KEY(nombreEsp, tipoEsp, fechaProduccion, productora) references espectaculos(nombreEsp, tipoEsp, fechaProduccion, productora) ON DELETE CASCADE,
    FOREIGN KEY(fechaYHora, direccion) references horariosRecintos(fechaYHora, direccion) ON DELETE CASCADE,
    FOREIGN KEY(nombreGrada) references gradas(nombreGrada) ON DELETE CASCADE,
    PRIMARY KEY(asientoLocalidad, nombreGrada, nombreEsp, tipoEsp, fechaProduccion, productora, fechaYHora, direccion)
    );
CREATE TABLE tarifas (
    tipoUsuario ENUM ('bebe', 'infantil', 'juvenil', 'adulto', 'jubilado') NOT NULL,
    precio INT NOT NULL,
    maxLocalidadesReserva INT NOT NULL,
    nombreGrada VARCHAR(30) NOT NULL,
    nombreEsp VARCHAR(30) NOT NULL,
    tipoEsp VARCHAR(30) NOT NULL,
    fechaProduccion DATE NOT NULL,
    productora VARCHAR(30) NOT NULL,
    fechaYHora DATETIME NOT NULL,
    direccion VARCHAR(50) NOT NULL,
    FOREIGN KEY(nombreEsp, tipoEsp, fechaProduccion, productora) references espectaculos(nombreEsp, tipoEsp, fechaProduccion, productora) ON DELETE CASCADE,
    FOREIGN KEY(fechaYHora, direccion) references horariosRecintos(fechaYHora, direccion) ON DELETE CASCADE,
    FOREIGN KEY(nombreGrada) references gradas(nombreGrada) ON DELETE CASCADE,
    PRIMARY KEY(tipoUsuario, nombreGrada, nombreEsp, tipoEsp, fechaProduccion, productora, fechaYHora, direccion)
    );
CREATE TABLE clientes (
    correoCliente VARCHAR(30),
    nombreCliente VARCHAR(30),
    tlfCliente INT(9),
    datosBanco VARCHAR(30),
    PRIMARY KEY(correoCliente)
    );
CREATE TABLE entradas (
    formaPago VARCHAR(20) DEFAULT NULL,
    horaReserva DATETIME NOT NULL,
    correoCliente VARCHAR(30),
    tipoUsuario ENUM ('bebe', 'infantil', 'juvenil', 'adulto', 'jubilado') NOT NULL,
    asientoLocalidad INT NOT NULL,
    nombreGrada VARCHAR(30) NOT NULL,
    nombreEsp VARCHAR(30) NOT NULL,
    tipoEsp VARCHAR(30) NOT NULL,
    fechaProduccion DATE NOT NULL,
    productora VARCHAR(30) NOT NULL,
    fechaYHora DATETIME NOT NULL,
    direccion VARCHAR(50) NOT NULL,
    FOREIGN KEY(nombreEsp, tipoEsp, fechaProduccion, productora) references espectaculos(nombreEsp, tipoEsp, fechaProduccion, productora) ON DELETE CASCADE,
    FOREIGN KEY(fechaYHora, direccion) references horariosRecintos(fechaYHora, direccion) ON DELETE CASCADE,
    FOREIGN KEY(nombreGrada) references gradas(nombreGrada) ON DELETE CASCADE,
    FOREIGN KEY(asientoLocalidad) references localidades(asientoLocalidad) ON DELETE CASCADE,
    FOREIGN KEY(tipoUsuario) references tarifas(tipoUsuario) ON DELETE CASCADE,
    FOREIGN KEY(correoCliente) references clientes(correoCliente) ON DELETE CASCADE,
    PRIMARY KEY(horaReserva, tipoUsuario, asientoLocalidad, nombreGrada, nombreEsp, tipoEsp, fechaProduccion, productora, fechaYHora, direccion)
    );
CREATE TABLE cancelaciones (
    formaPago VARCHAR(20) NOT NULL,
    horaReserva DATETIME NOT NULL,
    correoCliente VARCHAR(30),
    tipoUsuario ENUM ('bebe', 'infantil', 'juvenil', 'adulto', 'jubilado') NOT NULL,
    asientoLocalidad INT NOT NULL,
    nombreGrada VARCHAR(30) NOT NULL,
    nombreEsp VARCHAR(30) NOT NULL,
    tipoEsp VARCHAR(30) NOT NULL,
    fechaProduccion DATE NOT NULL,
    productora VARCHAR(30) NOT NULL,
    fechaYHora DATETIME NOT NULL,
    direccion VARCHAR(50) NOT NULL,
    FOREIGN KEY(nombreEsp, tipoEsp, fechaProduccion, productora) references espectaculos(nombreEsp, tipoEsp, fechaProduccion, productora) ON DELETE CASCADE,
    FOREIGN KEY(fechaYHora, direccion) references horariosRecintos(fechaYHora, direccion) ON DELETE CASCADE,
    FOREIGN KEY(nombreGrada) references gradas(nombreGrada) ON DELETE CASCADE,
    FOREIGN KEY(asientoLocalidad) references localidades(asientoLocalidad) ON DELETE CASCADE,
    FOREIGN KEY(tipoUsuario) references tarifas(tipoUsuario) ON DELETE CASCADE,
    FOREIGN KEY(correoCliente) references clientes(correoCliente) ON DELETE CASCADE,
    PRIMARY KEY(horaReserva, tipoUsuario, asientoLocalidad, nombreGrada, nombreEsp, tipoEsp, fechaProduccion, productora, fechaYHora, direccion)
    );

INSERT INTO clientes VALUES ('alba@gmail.com', 'Alba', '123456789', 'ES15753123');
INSERT INTO clientes VALUES ('omar@gmail.com', 'Omar', '147258369', 'ES15753123');
INSERT INTO clientes VALUES ('dario@gmail.com', 'Dario', '987654321', 'ES15753123');
INSERT INTO clientes VALUES ('martina@gmail.com', 'Martina', '258369147', 'ES15753123');
INSERT INTO clientes VALUES ('fernando@gmail.com', 'Fernando', '369147258', 'ES15753123');
INSERT INTO horarios VALUES ('2022-09-01 18:00:00');
INSERT INTO horarios VALUES ('2021-09-01 18:00:00');
<<<<<<< HEAD
INSERT INTO horarios VALUES ('2020-09-01 03:00:00');
=======
>>>>>>> 25fb681e9ccf96865971498074582fd408caf094
INSERT INTO recintos VALUES ('Calle de las flores número 0 puerta C', 'Recinto 0');
INSERT INTO recintos VALUES ('Calle de las flores número 1 puerta C', 'Recinto 1');
INSERT INTO recintos VALUES ('Calle de las flores número 2 puerta C', 'Recinto 2');
INSERT INTO recintos VALUES ('Calle de las flores número 3 puerta C', 'Recinto 3');
INSERT INTO recintos VALUES ('Calle de las flores número 4 puerta C', 'Recinto 4');
INSERT INTO recintos VALUES ('Calle de las flores número 5 puerta C', 'Recinto 5');
INSERT INTO recintos VALUES ('Calle de las flores número 6 puerta C', 'Recinto 6');
INSERT INTO recintos VALUES ('Calle de las flores número 7 puerta C', 'Recinto 7');
INSERT INTO recintos VALUES ('Calle de las flores número 8 puerta C', 'Recinto 8');
INSERT INTO recintos VALUES ('Calle de las flores número 9 puerta C', 'Recinto 9');
INSERT INTO recintos VALUES ('Calle de las flores número 10 puerta C', 'Recinto 10');
INSERT INTO recintos VALUES ('Calle de las flores número 11 puerta C', 'Recinto 11');
INSERT INTO recintos VALUES ('Calle de las flores número 12 puerta C', 'Recinto 12');
INSERT INTO recintos VALUES ('Calle de las flores número 13 puerta C', 'Recinto 13');
INSERT INTO recintos VALUES ('Calle de las flores número 14 puerta C', 'Recinto 14');
INSERT INTO recintos VALUES ('Calle de las flores número 15 puerta C', 'Recinto 15');
INSERT INTO recintos VALUES ('Calle de las flores número 16 puerta C', 'Recinto 16');
INSERT INTO recintos VALUES ('Calle de las flores número 17 puerta C', 'Recinto 17');
INSERT INTO recintos VALUES ('Calle de las flores número 18 puerta C', 'Recinto 18');
INSERT INTO recintos VALUES ('Calle de las flores número 19 puerta C', 'Recinto 19');
<<<<<<< HEAD
INSERT INTO recintos VALUES ('Calle de las flores número 20 puerta C', 'Recinto 20');
INSERT INTO recintos VALUES ('Calle de las flores número 21 puerta C', 'Recinto 21');
INSERT INTO recintos VALUES ('Calle de las flores número 22 puerta C', 'Recinto 22');
INSERT INTO recintos VALUES ('Calle de las flores número 23 puerta C', 'Recinto 23');
INSERT INTO recintos VALUES ('Calle de las flores número 24 puerta C', 'Recinto 24');
INSERT INTO recintos VALUES ('Calle de las flores número 25 puerta C', 'Recinto 25');
INSERT INTO recintos VALUES ('Calle de las flores número 26 puerta C', 'Recinto 26');
INSERT INTO recintos VALUES ('Calle de las flores número 27 puerta C', 'Recinto 27');
INSERT INTO recintos VALUES ('Calle de las flores número 28 puerta C', 'Recinto 28');
INSERT INTO recintos VALUES ('Calle de las flores número 29 puerta C', 'Recinto 29');
INSERT INTO recintos VALUES ('Calle de las flores número 30 puerta C', 'Recinto 30');
INSERT INTO recintos VALUES ('Calle de las flores número 31 puerta C', 'Recinto 31');
INSERT INTO recintos VALUES ('Calle de las flores número 32 puerta C', 'Recinto 32');
INSERT INTO recintos VALUES ('Calle de las flores número 33 puerta C', 'Recinto 33');
INSERT INTO recintos VALUES ('Calle de las flores número 34 puerta C', 'Recinto 34');
INSERT INTO recintos VALUES ('Calle de las flores número 35 puerta C', 'Recinto 35');
INSERT INTO recintos VALUES ('Calle de las flores número 36 puerta C', 'Recinto 36');
INSERT INTO recintos VALUES ('Calle de las flores número 37 puerta C', 'Recinto 37');
INSERT INTO recintos VALUES ('Calle de las flores número 38 puerta C', 'Recinto 38');
INSERT INTO recintos VALUES ('Calle de las flores número 39 puerta C', 'Recinto 39');
INSERT INTO recintos VALUES ('Calle de las flores número 40 puerta C', 'Recinto 40');
INSERT INTO recintos VALUES ('Calle de las flores número 41 puerta C', 'Recinto 41');
INSERT INTO recintos VALUES ('Calle de las flores número 42 puerta C', 'Recinto 42');
INSERT INTO recintos VALUES ('Calle de las flores número 43 puerta C', 'Recinto 43');
INSERT INTO recintos VALUES ('Calle de las flores número 44 puerta C', 'Recinto 44');
INSERT INTO recintos VALUES ('Calle de las flores número 45 puerta C', 'Recinto 45');
INSERT INTO recintos VALUES ('Calle de las flores número 46 puerta C', 'Recinto 46');
INSERT INTO recintos VALUES ('Calle de las flores número 47 puerta C', 'Recinto 47');
INSERT INTO recintos VALUES ('Calle de las flores número 48 puerta C', 'Recinto 48');
INSERT INTO recintos VALUES ('Calle de las flores número 49 puerta C', 'Recinto 49');
INSERT INTO recintos VALUES ('Calle de las flores número 50 puerta C', 'Recinto 50');
INSERT INTO recintos VALUES ('Calle de las flores número 51 puerta C', 'Recinto 51');
INSERT INTO recintos VALUES ('Calle de las flores número 52 puerta C', 'Recinto 52');
INSERT INTO recintos VALUES ('Calle de las flores número 53 puerta C', 'Recinto 53');
INSERT INTO recintos VALUES ('Calle de las flores número 54 puerta C', 'Recinto 54');
INSERT INTO recintos VALUES ('Calle de las flores número 55 puerta C', 'Recinto 55');
INSERT INTO recintos VALUES ('Calle de las flores número 56 puerta C', 'Recinto 56');
INSERT INTO recintos VALUES ('Calle de las flores número 57 puerta C', 'Recinto 57');
INSERT INTO recintos VALUES ('Calle de las flores número 58 puerta C', 'Recinto 58');
INSERT INTO recintos VALUES ('Calle de las flores número 59 puerta C', 'Recinto 59');
INSERT INTO recintos VALUES ('Calle de las flores número 60 puerta C', 'Recinto 60');
INSERT INTO recintos VALUES ('Calle de las flores número 61 puerta C', 'Recinto 61');
INSERT INTO recintos VALUES ('Calle de las flores número 62 puerta C', 'Recinto 62');
INSERT INTO recintos VALUES ('Calle de las flores número 63 puerta C', 'Recinto 63');
INSERT INTO recintos VALUES ('Calle de las flores número 64 puerta C', 'Recinto 64');
INSERT INTO recintos VALUES ('Calle de las flores número 65 puerta C', 'Recinto 65');
INSERT INTO recintos VALUES ('Calle de las flores número 66 puerta C', 'Recinto 66');
INSERT INTO recintos VALUES ('Calle de las flores número 67 puerta C', 'Recinto 67');
INSERT INTO recintos VALUES ('Calle de las flores número 68 puerta C', 'Recinto 68');
INSERT INTO recintos VALUES ('Calle de las flores número 69 puerta C', 'Recinto 69');
INSERT INTO recintos VALUES ('Calle de las flores número 70 puerta C', 'Recinto 70');
INSERT INTO recintos VALUES ('Calle de las flores número 71 puerta C', 'Recinto 71');
INSERT INTO recintos VALUES ('Calle de las flores número 72 puerta C', 'Recinto 72');
INSERT INTO recintos VALUES ('Calle de las flores número 73 puerta C', 'Recinto 73');
INSERT INTO recintos VALUES ('Calle de las flores número 74 puerta C', 'Recinto 74');
INSERT INTO recintos VALUES ('Calle de las flores número 75 puerta C', 'Recinto 75');
INSERT INTO recintos VALUES ('Calle de las flores número 76 puerta C', 'Recinto 76');
INSERT INTO recintos VALUES ('Calle de las flores número 77 puerta C', 'Recinto 77');
INSERT INTO recintos VALUES ('Calle de las flores número 78 puerta C', 'Recinto 78');
INSERT INTO recintos VALUES ('Calle de las flores número 79 puerta C', 'Recinto 79');
INSERT INTO recintos VALUES ('Calle de las flores número 80 puerta C', 'Recinto 80');
INSERT INTO recintos VALUES ('Calle de las flores número 81 puerta C', 'Recinto 81');
INSERT INTO recintos VALUES ('Calle de las flores número 82 puerta C', 'Recinto 82');
INSERT INTO recintos VALUES ('Calle de las flores número 83 puerta C', 'Recinto 83');
INSERT INTO recintos VALUES ('Calle de las flores número 84 puerta C', 'Recinto 84');
INSERT INTO recintos VALUES ('Calle de las flores número 85 puerta C', 'Recinto 85');
INSERT INTO recintos VALUES ('Calle de las flores número 86 puerta C', 'Recinto 86');
INSERT INTO recintos VALUES ('Calle de las flores número 87 puerta C', 'Recinto 87');
INSERT INTO recintos VALUES ('Calle de las flores número 88 puerta C', 'Recinto 88');
INSERT INTO recintos VALUES ('Calle de las flores número 89 puerta C', 'Recinto 89');
INSERT INTO recintos VALUES ('Calle de las flores número 90 puerta C', 'Recinto 90');
INSERT INTO recintos VALUES ('Calle de las flores número 91 puerta C', 'Recinto 91');
INSERT INTO recintos VALUES ('Calle de las flores número 92 puerta C', 'Recinto 92');
INSERT INTO recintos VALUES ('Calle de las flores número 93 puerta C', 'Recinto 93');
INSERT INTO recintos VALUES ('Calle de las flores número 94 puerta C', 'Recinto 94');
INSERT INTO recintos VALUES ('Calle de las flores número 95 puerta C', 'Recinto 95');
INSERT INTO recintos VALUES ('Calle de las flores número 96 puerta C', 'Recinto 96');
INSERT INTO recintos VALUES ('Calle de las flores número 97 puerta C', 'Recinto 97');
INSERT INTO recintos VALUES ('Calle de las flores número 98 puerta C', 'Recinto 98');
INSERT INTO recintos VALUES ('Calle de las flores número 99 puerta C', 'Recinto 99');
INSERT INTO recintos VALUES ('Calle de las flores número 100 puerta C', 'Recinto 100');
INSERT INTO recintos VALUES ('Calle de las flores número 101 puerta C', 'Recinto 101');
INSERT INTO recintos VALUES ('Calle de las flores número 102 puerta C', 'Recinto 102');
INSERT INTO recintos VALUES ('Calle de las flores número 103 puerta C', 'Recinto 103');
INSERT INTO recintos VALUES ('Calle de las flores número 104 puerta C', 'Recinto 104');
INSERT INTO recintos VALUES ('Calle de las flores número 105 puerta C', 'Recinto 105');
INSERT INTO recintos VALUES ('Calle de las flores número 106 puerta C', 'Recinto 106');
INSERT INTO recintos VALUES ('Calle de las flores número 107 puerta C', 'Recinto 107');
INSERT INTO recintos VALUES ('Calle de las flores número 108 puerta C', 'Recinto 108');
INSERT INTO recintos VALUES ('Calle de las flores número 109 puerta C', 'Recinto 109');
INSERT INTO recintos VALUES ('Calle de las flores número 110 puerta C', 'Recinto 110');
INSERT INTO recintos VALUES ('Calle de las flores número 111 puerta C', 'Recinto 111');
INSERT INTO recintos VALUES ('Calle de las flores número 112 puerta C', 'Recinto 112');
INSERT INTO recintos VALUES ('Calle de las flores número 113 puerta C', 'Recinto 113');
INSERT INTO recintos VALUES ('Calle de las flores número 114 puerta C', 'Recinto 114');
INSERT INTO recintos VALUES ('Calle de las flores número 115 puerta C', 'Recinto 115');
INSERT INTO recintos VALUES ('Calle de las flores número 116 puerta C', 'Recinto 116');
INSERT INTO recintos VALUES ('Calle de las flores número 117 puerta C', 'Recinto 117');
INSERT INTO recintos VALUES ('Calle de las flores número 118 puerta C', 'Recinto 118');
INSERT INTO recintos VALUES ('Calle de las flores número 119 puerta C', 'Recinto 119');
INSERT INTO recintos VALUES ('Calle de las flores número 120 puerta C', 'Recinto 120');
INSERT INTO recintos VALUES ('Calle de las flores número 121 puerta C', 'Recinto 121');
INSERT INTO recintos VALUES ('Calle de las flores número 122 puerta C', 'Recinto 122');
INSERT INTO recintos VALUES ('Calle de las flores número 123 puerta C', 'Recinto 123');
INSERT INTO recintos VALUES ('Calle de las flores número 124 puerta C', 'Recinto 124');
INSERT INTO recintos VALUES ('Calle de las flores número 125 puerta C', 'Recinto 125');
INSERT INTO recintos VALUES ('Calle de las flores número 126 puerta C', 'Recinto 126');
INSERT INTO recintos VALUES ('Calle de las flores número 127 puerta C', 'Recinto 127');
INSERT INTO recintos VALUES ('Calle de las flores número 128 puerta C', 'Recinto 128');
INSERT INTO recintos VALUES ('Calle de las flores número 129 puerta C', 'Recinto 129');
INSERT INTO recintos VALUES ('Calle de las flores número 130 puerta C', 'Recinto 130');
INSERT INTO recintos VALUES ('Calle de las flores número 131 puerta C', 'Recinto 131');
INSERT INTO recintos VALUES ('Calle de las flores número 132 puerta C', 'Recinto 132');
INSERT INTO recintos VALUES ('Calle de las flores número 133 puerta C', 'Recinto 133');
INSERT INTO recintos VALUES ('Calle de las flores número 134 puerta C', 'Recinto 134');
INSERT INTO recintos VALUES ('Calle de las flores número 135 puerta C', 'Recinto 135');
INSERT INTO recintos VALUES ('Calle de las flores número 136 puerta C', 'Recinto 136');
INSERT INTO recintos VALUES ('Calle de las flores número 137 puerta C', 'Recinto 137');
INSERT INTO recintos VALUES ('Calle de las flores número 138 puerta C', 'Recinto 138');
INSERT INTO recintos VALUES ('Calle de las flores número 139 puerta C', 'Recinto 139');
INSERT INTO recintos VALUES ('Calle de las flores número 140 puerta C', 'Recinto 140');
INSERT INTO recintos VALUES ('Calle de las flores número 141 puerta C', 'Recinto 141');
INSERT INTO recintos VALUES ('Calle de las flores número 142 puerta C', 'Recinto 142');
INSERT INTO recintos VALUES ('Calle de las flores número 143 puerta C', 'Recinto 143');
INSERT INTO recintos VALUES ('Calle de las flores número 144 puerta C', 'Recinto 144');
INSERT INTO recintos VALUES ('Calle de las flores número 145 puerta C', 'Recinto 145');
INSERT INTO recintos VALUES ('Calle de las flores número 146 puerta C', 'Recinto 146');
INSERT INTO recintos VALUES ('Calle de las flores número 147 puerta C', 'Recinto 147');
INSERT INTO recintos VALUES ('Calle de las flores número 148 puerta C', 'Recinto 148');
INSERT INTO recintos VALUES ('Calle de las flores número 149 puerta C', 'Recinto 149');
INSERT INTO recintos VALUES ('Calle de las flores número 150 puerta C', 'Recinto 150');
INSERT INTO recintos VALUES ('Calle de las flores número 151 puerta C', 'Recinto 151');
INSERT INTO recintos VALUES ('Calle de las flores número 152 puerta C', 'Recinto 152');
INSERT INTO recintos VALUES ('Calle de las flores número 153 puerta C', 'Recinto 153');
INSERT INTO recintos VALUES ('Calle de las flores número 154 puerta C', 'Recinto 154');
INSERT INTO recintos VALUES ('Calle de las flores número 155 puerta C', 'Recinto 155');
INSERT INTO recintos VALUES ('Calle de las flores número 156 puerta C', 'Recinto 156');
INSERT INTO recintos VALUES ('Calle de las flores número 157 puerta C', 'Recinto 157');
INSERT INTO recintos VALUES ('Calle de las flores número 158 puerta C', 'Recinto 158');
INSERT INTO recintos VALUES ('Calle de las flores número 159 puerta C', 'Recinto 159');
INSERT INTO recintos VALUES ('Calle de las flores número 160 puerta C', 'Recinto 160');
INSERT INTO recintos VALUES ('Calle de las flores número 161 puerta C', 'Recinto 161');
INSERT INTO recintos VALUES ('Calle de las flores número 162 puerta C', 'Recinto 162');
INSERT INTO recintos VALUES ('Calle de las flores número 163 puerta C', 'Recinto 163');
INSERT INTO recintos VALUES ('Calle de las flores número 164 puerta C', 'Recinto 164');
INSERT INTO recintos VALUES ('Calle de las flores número 165 puerta C', 'Recinto 165');
INSERT INTO recintos VALUES ('Calle de las flores número 166 puerta C', 'Recinto 166');
INSERT INTO recintos VALUES ('Calle de las flores número 167 puerta C', 'Recinto 167');
INSERT INTO recintos VALUES ('Calle de las flores número 168 puerta C', 'Recinto 168');
INSERT INTO recintos VALUES ('Calle de las flores número 169 puerta C', 'Recinto 169');
INSERT INTO recintos VALUES ('Calle de las flores número 170 puerta C', 'Recinto 170');
INSERT INTO recintos VALUES ('Calle de las flores número 171 puerta C', 'Recinto 171');
INSERT INTO recintos VALUES ('Calle de las flores número 172 puerta C', 'Recinto 172');
INSERT INTO recintos VALUES ('Calle de las flores número 173 puerta C', 'Recinto 173');
INSERT INTO recintos VALUES ('Calle de las flores número 174 puerta C', 'Recinto 174');
INSERT INTO recintos VALUES ('Calle de las flores número 175 puerta C', 'Recinto 175');
INSERT INTO recintos VALUES ('Calle de las flores número 176 puerta C', 'Recinto 176');
INSERT INTO recintos VALUES ('Calle de las flores número 177 puerta C', 'Recinto 177');
INSERT INTO recintos VALUES ('Calle de las flores número 178 puerta C', 'Recinto 178');
INSERT INTO recintos VALUES ('Calle de las flores número 179 puerta C', 'Recinto 179');
INSERT INTO recintos VALUES ('Calle de las flores número 180 puerta C', 'Recinto 180');
INSERT INTO recintos VALUES ('Calle de las flores número 181 puerta C', 'Recinto 181');
INSERT INTO recintos VALUES ('Calle de las flores número 182 puerta C', 'Recinto 182');
INSERT INTO recintos VALUES ('Calle de las flores número 183 puerta C', 'Recinto 183');
INSERT INTO recintos VALUES ('Calle de las flores número 184 puerta C', 'Recinto 184');
INSERT INTO recintos VALUES ('Calle de las flores número 185 puerta C', 'Recinto 185');
INSERT INTO recintos VALUES ('Calle de las flores número 186 puerta C', 'Recinto 186');
INSERT INTO recintos VALUES ('Calle de las flores número 187 puerta C', 'Recinto 187');
INSERT INTO recintos VALUES ('Calle de las flores número 188 puerta C', 'Recinto 188');
INSERT INTO recintos VALUES ('Calle de las flores número 189 puerta C', 'Recinto 189');
INSERT INTO recintos VALUES ('Calle de las flores número 190 puerta C', 'Recinto 190');
INSERT INTO recintos VALUES ('Calle de las flores número 191 puerta C', 'Recinto 191');
INSERT INTO recintos VALUES ('Calle de las flores número 192 puerta C', 'Recinto 192');
INSERT INTO recintos VALUES ('Calle de las flores número 193 puerta C', 'Recinto 193');
INSERT INTO recintos VALUES ('Calle de las flores número 194 puerta C', 'Recinto 194');
INSERT INTO recintos VALUES ('Calle de las flores número 195 puerta C', 'Recinto 195');
INSERT INTO recintos VALUES ('Calle de las flores número 196 puerta C', 'Recinto 196');
INSERT INTO recintos VALUES ('Calle de las flores número 197 puerta C', 'Recinto 197');
INSERT INTO recintos VALUES ('Calle de las flores número 198 puerta C', 'Recinto 198');
INSERT INTO recintos VALUES ('Calle de las flores número 199 puerta C', 'Recinto 199');
INSERT INTO recintos VALUES ('Calle de las flores número 200 puerta C', 'Recinto 200');
INSERT INTO recintos VALUES ('Calle de las flores número 201 puerta C', 'Recinto 201');
INSERT INTO recintos VALUES ('Calle de las flores número 202 puerta C', 'Recinto 202');
INSERT INTO recintos VALUES ('Calle de las flores número 203 puerta C', 'Recinto 203');
INSERT INTO recintos VALUES ('Calle de las flores número 204 puerta C', 'Recinto 204');
INSERT INTO recintos VALUES ('Calle de las flores número 205 puerta C', 'Recinto 205');
INSERT INTO recintos VALUES ('Calle de las flores número 206 puerta C', 'Recinto 206');
INSERT INTO recintos VALUES ('Calle de las flores número 207 puerta C', 'Recinto 207');
INSERT INTO recintos VALUES ('Calle de las flores número 208 puerta C', 'Recinto 208');
INSERT INTO recintos VALUES ('Calle de las flores número 209 puerta C', 'Recinto 209');
INSERT INTO recintos VALUES ('Calle de las flores número 210 puerta C', 'Recinto 210');
INSERT INTO recintos VALUES ('Calle de las flores número 211 puerta C', 'Recinto 211');
INSERT INTO recintos VALUES ('Calle de las flores número 212 puerta C', 'Recinto 212');
INSERT INTO recintos VALUES ('Calle de las flores número 213 puerta C', 'Recinto 213');
INSERT INTO recintos VALUES ('Calle de las flores número 214 puerta C', 'Recinto 214');
INSERT INTO recintos VALUES ('Calle de las flores número 215 puerta C', 'Recinto 215');
INSERT INTO recintos VALUES ('Calle de las flores número 216 puerta C', 'Recinto 216');
INSERT INTO recintos VALUES ('Calle de las flores número 217 puerta C', 'Recinto 217');
INSERT INTO recintos VALUES ('Calle de las flores número 218 puerta C', 'Recinto 218');
INSERT INTO recintos VALUES ('Calle de las flores número 219 puerta C', 'Recinto 219');
INSERT INTO recintos VALUES ('Calle de las flores número 220 puerta C', 'Recinto 220');
INSERT INTO recintos VALUES ('Calle de las flores número 221 puerta C', 'Recinto 221');
INSERT INTO recintos VALUES ('Calle de las flores número 222 puerta C', 'Recinto 222');
INSERT INTO recintos VALUES ('Calle de las flores número 223 puerta C', 'Recinto 223');
INSERT INTO recintos VALUES ('Calle de las flores número 224 puerta C', 'Recinto 224');
INSERT INTO recintos VALUES ('Calle de las flores número 225 puerta C', 'Recinto 225');
INSERT INTO recintos VALUES ('Calle de las flores número 226 puerta C', 'Recinto 226');
INSERT INTO recintos VALUES ('Calle de las flores número 227 puerta C', 'Recinto 227');
INSERT INTO recintos VALUES ('Calle de las flores número 228 puerta C', 'Recinto 228');
INSERT INTO recintos VALUES ('Calle de las flores número 229 puerta C', 'Recinto 229');
INSERT INTO recintos VALUES ('Calle de las flores número 230 puerta C', 'Recinto 230');
INSERT INTO recintos VALUES ('Calle de las flores número 231 puerta C', 'Recinto 231');
INSERT INTO recintos VALUES ('Calle de las flores número 232 puerta C', 'Recinto 232');
INSERT INTO recintos VALUES ('Calle de las flores número 233 puerta C', 'Recinto 233');
INSERT INTO recintos VALUES ('Calle de las flores número 234 puerta C', 'Recinto 234');
INSERT INTO recintos VALUES ('Calle de las flores número 235 puerta C', 'Recinto 235');
INSERT INTO recintos VALUES ('Calle de las flores número 236 puerta C', 'Recinto 236');
INSERT INTO recintos VALUES ('Calle de las flores número 237 puerta C', 'Recinto 237');
INSERT INTO recintos VALUES ('Calle de las flores número 238 puerta C', 'Recinto 238');
INSERT INTO recintos VALUES ('Calle de las flores número 239 puerta C', 'Recinto 239');
INSERT INTO recintos VALUES ('Calle de las flores número 240 puerta C', 'Recinto 240');
INSERT INTO recintos VALUES ('Calle de las flores número 241 puerta C', 'Recinto 241');
INSERT INTO recintos VALUES ('Calle de las flores número 242 puerta C', 'Recinto 242');
INSERT INTO recintos VALUES ('Calle de las flores número 243 puerta C', 'Recinto 243');
INSERT INTO recintos VALUES ('Calle de las flores número 244 puerta C', 'Recinto 244');
INSERT INTO recintos VALUES ('Calle de las flores número 245 puerta C', 'Recinto 245');
INSERT INTO recintos VALUES ('Calle de las flores número 246 puerta C', 'Recinto 246');
INSERT INTO recintos VALUES ('Calle de las flores número 247 puerta C', 'Recinto 247');
INSERT INTO recintos VALUES ('Calle de las flores número 248 puerta C', 'Recinto 248');
INSERT INTO recintos VALUES ('Calle de las flores número 249 puerta C', 'Recinto 249');
INSERT INTO recintos VALUES ('Calle de las flores número 250 puerta C', 'Recinto 250');
INSERT INTO recintos VALUES ('Calle de las flores número 251 puerta C', 'Recinto 251');
INSERT INTO recintos VALUES ('Calle de las flores número 252 puerta C', 'Recinto 252');
INSERT INTO recintos VALUES ('Calle de las flores número 253 puerta C', 'Recinto 253');
INSERT INTO recintos VALUES ('Calle de las flores número 254 puerta C', 'Recinto 254');
INSERT INTO recintos VALUES ('Calle de las flores número 255 puerta C', 'Recinto 255');
INSERT INTO recintos VALUES ('Calle de las flores número 256 puerta C', 'Recinto 256');
INSERT INTO recintos VALUES ('Calle de las flores número 257 puerta C', 'Recinto 257');
INSERT INTO recintos VALUES ('Calle de las flores número 258 puerta C', 'Recinto 258');
INSERT INTO recintos VALUES ('Calle de las flores número 259 puerta C', 'Recinto 259');
INSERT INTO recintos VALUES ('Calle de las flores número 260 puerta C', 'Recinto 260');
INSERT INTO recintos VALUES ('Calle de las flores número 261 puerta C', 'Recinto 261');
INSERT INTO recintos VALUES ('Calle de las flores número 262 puerta C', 'Recinto 262');
INSERT INTO recintos VALUES ('Calle de las flores número 263 puerta C', 'Recinto 263');
INSERT INTO recintos VALUES ('Calle de las flores número 264 puerta C', 'Recinto 264');
INSERT INTO recintos VALUES ('Calle de las flores número 265 puerta C', 'Recinto 265');
INSERT INTO recintos VALUES ('Calle de las flores número 266 puerta C', 'Recinto 266');
INSERT INTO recintos VALUES ('Calle de las flores número 267 puerta C', 'Recinto 267');
INSERT INTO recintos VALUES ('Calle de las flores número 268 puerta C', 'Recinto 268');
INSERT INTO recintos VALUES ('Calle de las flores número 269 puerta C', 'Recinto 269');
INSERT INTO recintos VALUES ('Calle de las flores número 270 puerta C', 'Recinto 270');
INSERT INTO recintos VALUES ('Calle de las flores número 271 puerta C', 'Recinto 271');
INSERT INTO recintos VALUES ('Calle de las flores número 272 puerta C', 'Recinto 272');
INSERT INTO recintos VALUES ('Calle de las flores número 273 puerta C', 'Recinto 273');
INSERT INTO recintos VALUES ('Calle de las flores número 274 puerta C', 'Recinto 274');
INSERT INTO recintos VALUES ('Calle de las flores número 275 puerta C', 'Recinto 275');
INSERT INTO recintos VALUES ('Calle de las flores número 276 puerta C', 'Recinto 276');
INSERT INTO recintos VALUES ('Calle de las flores número 277 puerta C', 'Recinto 277');
INSERT INTO recintos VALUES ('Calle de las flores número 278 puerta C', 'Recinto 278');
INSERT INTO recintos VALUES ('Calle de las flores número 279 puerta C', 'Recinto 279');
INSERT INTO recintos VALUES ('Calle de las flores número 280 puerta C', 'Recinto 280');
INSERT INTO recintos VALUES ('Calle de las flores número 281 puerta C', 'Recinto 281');
INSERT INTO recintos VALUES ('Calle de las flores número 282 puerta C', 'Recinto 282');
INSERT INTO recintos VALUES ('Calle de las flores número 283 puerta C', 'Recinto 283');
INSERT INTO recintos VALUES ('Calle de las flores número 284 puerta C', 'Recinto 284');
INSERT INTO recintos VALUES ('Calle de las flores número 285 puerta C', 'Recinto 285');
INSERT INTO recintos VALUES ('Calle de las flores número 286 puerta C', 'Recinto 286');
INSERT INTO recintos VALUES ('Calle de las flores número 287 puerta C', 'Recinto 287');
INSERT INTO recintos VALUES ('Calle de las flores número 288 puerta C', 'Recinto 288');
INSERT INTO recintos VALUES ('Calle de las flores número 289 puerta C', 'Recinto 289');
INSERT INTO recintos VALUES ('Calle de las flores número 290 puerta C', 'Recinto 290');
INSERT INTO recintos VALUES ('Calle de las flores número 291 puerta C', 'Recinto 291');
INSERT INTO recintos VALUES ('Calle de las flores número 292 puerta C', 'Recinto 292');
INSERT INTO recintos VALUES ('Calle de las flores número 293 puerta C', 'Recinto 293');
INSERT INTO recintos VALUES ('Calle de las flores número 294 puerta C', 'Recinto 294');
INSERT INTO recintos VALUES ('Calle de las flores número 295 puerta C', 'Recinto 295');
INSERT INTO recintos VALUES ('Calle de las flores número 296 puerta C', 'Recinto 296');
INSERT INTO recintos VALUES ('Calle de las flores número 297 puerta C', 'Recinto 297');
INSERT INTO recintos VALUES ('Calle de las flores número 298 puerta C', 'Recinto 298');
INSERT INTO recintos VALUES ('Calle de las flores número 299 puerta C', 'Recinto 299');
INSERT INTO recintos VALUES ('Calle de las flores número 300 puerta C', 'Recinto 300');
INSERT INTO recintos VALUES ('Calle de las flores número 301 puerta C', 'Recinto 301');
INSERT INTO recintos VALUES ('Calle de las flores número 302 puerta C', 'Recinto 302');
INSERT INTO recintos VALUES ('Calle de las flores número 303 puerta C', 'Recinto 303');
INSERT INTO recintos VALUES ('Calle de las flores número 304 puerta C', 'Recinto 304');
INSERT INTO recintos VALUES ('Calle de las flores número 305 puerta C', 'Recinto 305');
INSERT INTO recintos VALUES ('Calle de las flores número 306 puerta C', 'Recinto 306');
INSERT INTO recintos VALUES ('Calle de las flores número 307 puerta C', 'Recinto 307');
INSERT INTO recintos VALUES ('Calle de las flores número 308 puerta C', 'Recinto 308');
INSERT INTO recintos VALUES ('Calle de las flores número 309 puerta C', 'Recinto 309');
INSERT INTO recintos VALUES ('Calle de las flores número 310 puerta C', 'Recinto 310');
INSERT INTO recintos VALUES ('Calle de las flores número 311 puerta C', 'Recinto 311');
INSERT INTO recintos VALUES ('Calle de las flores número 312 puerta C', 'Recinto 312');
INSERT INTO recintos VALUES ('Calle de las flores número 313 puerta C', 'Recinto 313');
INSERT INTO recintos VALUES ('Calle de las flores número 314 puerta C', 'Recinto 314');
INSERT INTO recintos VALUES ('Calle de las flores número 315 puerta C', 'Recinto 315');
INSERT INTO recintos VALUES ('Calle de las flores número 316 puerta C', 'Recinto 316');
INSERT INTO recintos VALUES ('Calle de las flores número 317 puerta C', 'Recinto 317');
INSERT INTO recintos VALUES ('Calle de las flores número 318 puerta C', 'Recinto 318');
INSERT INTO recintos VALUES ('Calle de las flores número 319 puerta C', 'Recinto 319');
INSERT INTO recintos VALUES ('Calle de las flores número 320 puerta C', 'Recinto 320');
INSERT INTO recintos VALUES ('Calle de las flores número 321 puerta C', 'Recinto 321');
INSERT INTO recintos VALUES ('Calle de las flores número 322 puerta C', 'Recinto 322');
INSERT INTO recintos VALUES ('Calle de las flores número 323 puerta C', 'Recinto 323');
INSERT INTO recintos VALUES ('Calle de las flores número 324 puerta C', 'Recinto 324');
INSERT INTO recintos VALUES ('Calle de las flores número 325 puerta C', 'Recinto 325');
INSERT INTO recintos VALUES ('Calle de las flores número 326 puerta C', 'Recinto 326');
INSERT INTO recintos VALUES ('Calle de las flores número 327 puerta C', 'Recinto 327');
INSERT INTO recintos VALUES ('Calle de las flores número 328 puerta C', 'Recinto 328');
INSERT INTO recintos VALUES ('Calle de las flores número 329 puerta C', 'Recinto 329');
INSERT INTO recintos VALUES ('Calle de las flores número 330 puerta C', 'Recinto 330');
INSERT INTO recintos VALUES ('Calle de las flores número 331 puerta C', 'Recinto 331');
INSERT INTO recintos VALUES ('Calle de las flores número 332 puerta C', 'Recinto 332');
INSERT INTO recintos VALUES ('Calle de las flores número 333 puerta C', 'Recinto 333');
INSERT INTO recintos VALUES ('Calle de las flores número 334 puerta C', 'Recinto 334');
INSERT INTO recintos VALUES ('Calle de las flores número 335 puerta C', 'Recinto 335');
INSERT INTO recintos VALUES ('Calle de las flores número 336 puerta C', 'Recinto 336');
INSERT INTO recintos VALUES ('Calle de las flores número 337 puerta C', 'Recinto 337');
INSERT INTO recintos VALUES ('Calle de las flores número 338 puerta C', 'Recinto 338');
INSERT INTO recintos VALUES ('Calle de las flores número 339 puerta C', 'Recinto 339');
INSERT INTO recintos VALUES ('Calle de las flores número 340 puerta C', 'Recinto 340');
INSERT INTO recintos VALUES ('Calle de las flores número 341 puerta C', 'Recinto 341');
INSERT INTO recintos VALUES ('Calle de las flores número 342 puerta C', 'Recinto 342');
INSERT INTO recintos VALUES ('Calle de las flores número 343 puerta C', 'Recinto 343');
INSERT INTO recintos VALUES ('Calle de las flores número 344 puerta C', 'Recinto 344');
INSERT INTO recintos VALUES ('Calle de las flores número 345 puerta C', 'Recinto 345');
INSERT INTO recintos VALUES ('Calle de las flores número 346 puerta C', 'Recinto 346');
INSERT INTO recintos VALUES ('Calle de las flores número 347 puerta C', 'Recinto 347');
INSERT INTO recintos VALUES ('Calle de las flores número 348 puerta C', 'Recinto 348');
INSERT INTO recintos VALUES ('Calle de las flores número 349 puerta C', 'Recinto 349');
INSERT INTO recintos VALUES ('Calle de las flores número 350 puerta C', 'Recinto 350');
INSERT INTO recintos VALUES ('Calle de las flores número 351 puerta C', 'Recinto 351');
INSERT INTO recintos VALUES ('Calle de las flores número 352 puerta C', 'Recinto 352');
INSERT INTO recintos VALUES ('Calle de las flores número 353 puerta C', 'Recinto 353');
INSERT INTO recintos VALUES ('Calle de las flores número 354 puerta C', 'Recinto 354');
INSERT INTO recintos VALUES ('Calle de las flores número 355 puerta C', 'Recinto 355');
INSERT INTO recintos VALUES ('Calle de las flores número 356 puerta C', 'Recinto 356');
INSERT INTO recintos VALUES ('Calle de las flores número 357 puerta C', 'Recinto 357');
INSERT INTO recintos VALUES ('Calle de las flores número 358 puerta C', 'Recinto 358');
INSERT INTO recintos VALUES ('Calle de las flores número 359 puerta C', 'Recinto 359');
INSERT INTO recintos VALUES ('Calle de las flores número 360 puerta C', 'Recinto 360');
INSERT INTO recintos VALUES ('Calle de las flores número 361 puerta C', 'Recinto 361');
INSERT INTO recintos VALUES ('Calle de las flores número 362 puerta C', 'Recinto 362');
INSERT INTO recintos VALUES ('Calle de las flores número 363 puerta C', 'Recinto 363');
INSERT INTO recintos VALUES ('Calle de las flores número 364 puerta C', 'Recinto 364');
INSERT INTO recintos VALUES ('Calle de las flores número 365 puerta C', 'Recinto 365');
INSERT INTO recintos VALUES ('Calle de las flores número 366 puerta C', 'Recinto 366');
INSERT INTO recintos VALUES ('Calle de las flores número 367 puerta C', 'Recinto 367');
INSERT INTO recintos VALUES ('Calle de las flores número 368 puerta C', 'Recinto 368');
INSERT INTO recintos VALUES ('Calle de las flores número 369 puerta C', 'Recinto 369');
INSERT INTO recintos VALUES ('Calle de las flores número 370 puerta C', 'Recinto 370');
INSERT INTO recintos VALUES ('Calle de las flores número 371 puerta C', 'Recinto 371');
INSERT INTO recintos VALUES ('Calle de las flores número 372 puerta C', 'Recinto 372');
INSERT INTO recintos VALUES ('Calle de las flores número 373 puerta C', 'Recinto 373');
INSERT INTO recintos VALUES ('Calle de las flores número 374 puerta C', 'Recinto 374');
INSERT INTO recintos VALUES ('Calle de las flores número 375 puerta C', 'Recinto 375');
INSERT INTO recintos VALUES ('Calle de las flores número 376 puerta C', 'Recinto 376');
INSERT INTO recintos VALUES ('Calle de las flores número 377 puerta C', 'Recinto 377');
INSERT INTO recintos VALUES ('Calle de las flores número 378 puerta C', 'Recinto 378');
INSERT INTO recintos VALUES ('Calle de las flores número 379 puerta C', 'Recinto 379');
INSERT INTO recintos VALUES ('Calle de las flores número 380 puerta C', 'Recinto 380');
INSERT INTO recintos VALUES ('Calle de las flores número 381 puerta C', 'Recinto 381');
INSERT INTO recintos VALUES ('Calle de las flores número 382 puerta C', 'Recinto 382');
INSERT INTO recintos VALUES ('Calle de las flores número 383 puerta C', 'Recinto 383');
INSERT INTO recintos VALUES ('Calle de las flores número 384 puerta C', 'Recinto 384');
INSERT INTO recintos VALUES ('Calle de las flores número 385 puerta C', 'Recinto 385');
INSERT INTO recintos VALUES ('Calle de las flores número 386 puerta C', 'Recinto 386');
INSERT INTO recintos VALUES ('Calle de las flores número 387 puerta C', 'Recinto 387');
INSERT INTO recintos VALUES ('Calle de las flores número 388 puerta C', 'Recinto 388');
INSERT INTO recintos VALUES ('Calle de las flores número 389 puerta C', 'Recinto 389');
INSERT INTO recintos VALUES ('Calle de las flores número 390 puerta C', 'Recinto 390');
INSERT INTO recintos VALUES ('Calle de las flores número 391 puerta C', 'Recinto 391');
INSERT INTO recintos VALUES ('Calle de las flores número 392 puerta C', 'Recinto 392');
INSERT INTO recintos VALUES ('Calle de las flores número 393 puerta C', 'Recinto 393');
INSERT INTO recintos VALUES ('Calle de las flores número 394 puerta C', 'Recinto 394');
INSERT INTO recintos VALUES ('Calle de las flores número 395 puerta C', 'Recinto 395');
INSERT INTO recintos VALUES ('Calle de las flores número 396 puerta C', 'Recinto 396');
INSERT INTO recintos VALUES ('Calle de las flores número 397 puerta C', 'Recinto 397');
INSERT INTO recintos VALUES ('Calle de las flores número 398 puerta C', 'Recinto 398');
INSERT INTO recintos VALUES ('Calle de las flores número 399 puerta C', 'Recinto 399');
INSERT INTO recintos VALUES ('Calle de las flores número 400 puerta C', 'Recinto 400');
INSERT INTO recintos VALUES ('Calle de las flores número 401 puerta C', 'Recinto 401');
INSERT INTO recintos VALUES ('Calle de las flores número 402 puerta C', 'Recinto 402');
INSERT INTO recintos VALUES ('Calle de las flores número 403 puerta C', 'Recinto 403');
INSERT INTO recintos VALUES ('Calle de las flores número 404 puerta C', 'Recinto 404');
INSERT INTO recintos VALUES ('Calle de las flores número 405 puerta C', 'Recinto 405');
INSERT INTO recintos VALUES ('Calle de las flores número 406 puerta C', 'Recinto 406');
INSERT INTO recintos VALUES ('Calle de las flores número 407 puerta C', 'Recinto 407');
INSERT INTO recintos VALUES ('Calle de las flores número 408 puerta C', 'Recinto 408');
INSERT INTO recintos VALUES ('Calle de las flores número 409 puerta C', 'Recinto 409');
INSERT INTO recintos VALUES ('Calle de las flores número 410 puerta C', 'Recinto 410');
INSERT INTO recintos VALUES ('Calle de las flores número 411 puerta C', 'Recinto 411');
INSERT INTO recintos VALUES ('Calle de las flores número 412 puerta C', 'Recinto 412');
INSERT INTO recintos VALUES ('Calle de las flores número 413 puerta C', 'Recinto 413');
INSERT INTO recintos VALUES ('Calle de las flores número 414 puerta C', 'Recinto 414');
INSERT INTO recintos VALUES ('Calle de las flores número 415 puerta C', 'Recinto 415');
INSERT INTO recintos VALUES ('Calle de las flores número 416 puerta C', 'Recinto 416');
INSERT INTO recintos VALUES ('Calle de las flores número 417 puerta C', 'Recinto 417');
INSERT INTO recintos VALUES ('Calle de las flores número 418 puerta C', 'Recinto 418');
INSERT INTO recintos VALUES ('Calle de las flores número 419 puerta C', 'Recinto 419');
INSERT INTO recintos VALUES ('Calle de las flores número 420 puerta C', 'Recinto 420');
INSERT INTO recintos VALUES ('Calle de las flores número 421 puerta C', 'Recinto 421');
INSERT INTO recintos VALUES ('Calle de las flores número 422 puerta C', 'Recinto 422');
INSERT INTO recintos VALUES ('Calle de las flores número 423 puerta C', 'Recinto 423');
INSERT INTO recintos VALUES ('Calle de las flores número 424 puerta C', 'Recinto 424');
INSERT INTO recintos VALUES ('Calle de las flores número 425 puerta C', 'Recinto 425');
INSERT INTO recintos VALUES ('Calle de las flores número 426 puerta C', 'Recinto 426');
INSERT INTO recintos VALUES ('Calle de las flores número 427 puerta C', 'Recinto 427');
INSERT INTO recintos VALUES ('Calle de las flores número 428 puerta C', 'Recinto 428');
INSERT INTO recintos VALUES ('Calle de las flores número 429 puerta C', 'Recinto 429');
INSERT INTO recintos VALUES ('Calle de las flores número 430 puerta C', 'Recinto 430');
INSERT INTO recintos VALUES ('Calle de las flores número 431 puerta C', 'Recinto 431');
INSERT INTO recintos VALUES ('Calle de las flores número 432 puerta C', 'Recinto 432');
INSERT INTO recintos VALUES ('Calle de las flores número 433 puerta C', 'Recinto 433');
INSERT INTO recintos VALUES ('Calle de las flores número 434 puerta C', 'Recinto 434');
INSERT INTO recintos VALUES ('Calle de las flores número 435 puerta C', 'Recinto 435');
INSERT INTO recintos VALUES ('Calle de las flores número 436 puerta C', 'Recinto 436');
INSERT INTO recintos VALUES ('Calle de las flores número 437 puerta C', 'Recinto 437');
INSERT INTO recintos VALUES ('Calle de las flores número 438 puerta C', 'Recinto 438');
INSERT INTO recintos VALUES ('Calle de las flores número 439 puerta C', 'Recinto 439');
INSERT INTO recintos VALUES ('Calle de las flores número 440 puerta C', 'Recinto 440');
INSERT INTO recintos VALUES ('Calle de las flores número 441 puerta C', 'Recinto 441');
INSERT INTO recintos VALUES ('Calle de las flores número 442 puerta C', 'Recinto 442');
INSERT INTO recintos VALUES ('Calle de las flores número 443 puerta C', 'Recinto 443');
INSERT INTO recintos VALUES ('Calle de las flores número 444 puerta C', 'Recinto 444');
INSERT INTO recintos VALUES ('Calle de las flores número 445 puerta C', 'Recinto 445');
INSERT INTO recintos VALUES ('Calle de las flores número 446 puerta C', 'Recinto 446');
INSERT INTO recintos VALUES ('Calle de las flores número 447 puerta C', 'Recinto 447');
INSERT INTO recintos VALUES ('Calle de las flores número 448 puerta C', 'Recinto 448');
INSERT INTO recintos VALUES ('Calle de las flores número 449 puerta C', 'Recinto 449');
INSERT INTO recintos VALUES ('Calle de las flores número 450 puerta C', 'Recinto 450');
INSERT INTO recintos VALUES ('Calle de las flores número 451 puerta C', 'Recinto 451');
INSERT INTO recintos VALUES ('Calle de las flores número 452 puerta C', 'Recinto 452');
INSERT INTO recintos VALUES ('Calle de las flores número 453 puerta C', 'Recinto 453');
INSERT INTO recintos VALUES ('Calle de las flores número 454 puerta C', 'Recinto 454');
INSERT INTO recintos VALUES ('Calle de las flores número 455 puerta C', 'Recinto 455');
INSERT INTO recintos VALUES ('Calle de las flores número 456 puerta C', 'Recinto 456');
INSERT INTO recintos VALUES ('Calle de las flores número 457 puerta C', 'Recinto 457');
INSERT INTO recintos VALUES ('Calle de las flores número 458 puerta C', 'Recinto 458');
INSERT INTO recintos VALUES ('Calle de las flores número 459 puerta C', 'Recinto 459');
INSERT INTO recintos VALUES ('Calle de las flores número 460 puerta C', 'Recinto 460');
INSERT INTO recintos VALUES ('Calle de las flores número 461 puerta C', 'Recinto 461');
INSERT INTO recintos VALUES ('Calle de las flores número 462 puerta C', 'Recinto 462');
INSERT INTO recintos VALUES ('Calle de las flores número 463 puerta C', 'Recinto 463');
INSERT INTO recintos VALUES ('Calle de las flores número 464 puerta C', 'Recinto 464');
INSERT INTO recintos VALUES ('Calle de las flores número 465 puerta C', 'Recinto 465');
INSERT INTO recintos VALUES ('Calle de las flores número 466 puerta C', 'Recinto 466');
INSERT INTO recintos VALUES ('Calle de las flores número 467 puerta C', 'Recinto 467');
INSERT INTO recintos VALUES ('Calle de las flores número 468 puerta C', 'Recinto 468');
INSERT INTO recintos VALUES ('Calle de las flores número 469 puerta C', 'Recinto 469');
INSERT INTO recintos VALUES ('Calle de las flores número 470 puerta C', 'Recinto 470');
INSERT INTO recintos VALUES ('Calle de las flores número 471 puerta C', 'Recinto 471');
INSERT INTO recintos VALUES ('Calle de las flores número 472 puerta C', 'Recinto 472');
INSERT INTO recintos VALUES ('Calle de las flores número 473 puerta C', 'Recinto 473');
INSERT INTO recintos VALUES ('Calle de las flores número 474 puerta C', 'Recinto 474');
INSERT INTO recintos VALUES ('Calle de las flores número 475 puerta C', 'Recinto 475');
INSERT INTO recintos VALUES ('Calle de las flores número 476 puerta C', 'Recinto 476');
INSERT INTO recintos VALUES ('Calle de las flores número 477 puerta C', 'Recinto 477');
INSERT INTO recintos VALUES ('Calle de las flores número 478 puerta C', 'Recinto 478');
INSERT INTO recintos VALUES ('Calle de las flores número 479 puerta C', 'Recinto 479');
INSERT INTO recintos VALUES ('Calle de las flores número 480 puerta C', 'Recinto 480');
INSERT INTO recintos VALUES ('Calle de las flores número 481 puerta C', 'Recinto 481');
INSERT INTO recintos VALUES ('Calle de las flores número 482 puerta C', 'Recinto 482');
INSERT INTO recintos VALUES ('Calle de las flores número 483 puerta C', 'Recinto 483');
INSERT INTO recintos VALUES ('Calle de las flores número 484 puerta C', 'Recinto 484');
INSERT INTO recintos VALUES ('Calle de las flores número 485 puerta C', 'Recinto 485');
INSERT INTO recintos VALUES ('Calle de las flores número 486 puerta C', 'Recinto 486');
INSERT INTO recintos VALUES ('Calle de las flores número 487 puerta C', 'Recinto 487');
INSERT INTO recintos VALUES ('Calle de las flores número 488 puerta C', 'Recinto 488');
INSERT INTO recintos VALUES ('Calle de las flores número 489 puerta C', 'Recinto 489');
INSERT INTO recintos VALUES ('Calle de las flores número 490 puerta C', 'Recinto 490');
INSERT INTO recintos VALUES ('Calle de las flores número 491 puerta C', 'Recinto 491');
INSERT INTO recintos VALUES ('Calle de las flores número 492 puerta C', 'Recinto 492');
INSERT INTO recintos VALUES ('Calle de las flores número 493 puerta C', 'Recinto 493');
INSERT INTO recintos VALUES ('Calle de las flores número 494 puerta C', 'Recinto 494');
INSERT INTO recintos VALUES ('Calle de las flores número 495 puerta C', 'Recinto 495');
INSERT INTO recintos VALUES ('Calle de las flores número 496 puerta C', 'Recinto 496');
INSERT INTO recintos VALUES ('Calle de las flores número 497 puerta C', 'Recinto 497');
INSERT INTO recintos VALUES ('Calle de las flores número 498 puerta C', 'Recinto 498');
INSERT INTO recintos VALUES ('Calle de las flores número 499 puerta C', 'Recinto 499');
INSERT INTO recintos VALUES ('Calle de las flores número 500 puerta C', 'Recinto 500');
INSERT INTO recintos VALUES ('Calle de las flores número 501 puerta C', 'Recinto 501');
INSERT INTO recintos VALUES ('Calle de las flores número 502 puerta C', 'Recinto 502');
INSERT INTO recintos VALUES ('Calle de las flores número 503 puerta C', 'Recinto 503');
INSERT INTO recintos VALUES ('Calle de las flores número 504 puerta C', 'Recinto 504');
INSERT INTO recintos VALUES ('Calle de las flores número 505 puerta C', 'Recinto 505');
INSERT INTO recintos VALUES ('Calle de las flores número 506 puerta C', 'Recinto 506');
INSERT INTO recintos VALUES ('Calle de las flores número 507 puerta C', 'Recinto 507');
INSERT INTO recintos VALUES ('Calle de las flores número 508 puerta C', 'Recinto 508');
INSERT INTO recintos VALUES ('Calle de las flores número 509 puerta C', 'Recinto 509');
INSERT INTO recintos VALUES ('Calle de las flores número 510 puerta C', 'Recinto 510');
INSERT INTO recintos VALUES ('Calle de las flores número 511 puerta C', 'Recinto 511');
INSERT INTO recintos VALUES ('Calle de las flores número 512 puerta C', 'Recinto 512');
INSERT INTO recintos VALUES ('Calle de las flores número 513 puerta C', 'Recinto 513');
INSERT INTO recintos VALUES ('Calle de las flores número 514 puerta C', 'Recinto 514');
INSERT INTO recintos VALUES ('Calle de las flores número 515 puerta C', 'Recinto 515');
INSERT INTO recintos VALUES ('Calle de las flores número 516 puerta C', 'Recinto 516');
INSERT INTO recintos VALUES ('Calle de las flores número 517 puerta C', 'Recinto 517');
INSERT INTO recintos VALUES ('Calle de las flores número 518 puerta C', 'Recinto 518');
INSERT INTO recintos VALUES ('Calle de las flores número 519 puerta C', 'Recinto 519');
INSERT INTO recintos VALUES ('Calle de las flores número 520 puerta C', 'Recinto 520');
INSERT INTO recintos VALUES ('Calle de las flores número 521 puerta C', 'Recinto 521');
INSERT INTO recintos VALUES ('Calle de las flores número 522 puerta C', 'Recinto 522');
INSERT INTO recintos VALUES ('Calle de las flores número 523 puerta C', 'Recinto 523');
INSERT INTO recintos VALUES ('Calle de las flores número 524 puerta C', 'Recinto 524');
INSERT INTO recintos VALUES ('Calle de las flores número 525 puerta C', 'Recinto 525');
INSERT INTO recintos VALUES ('Calle de las flores número 526 puerta C', 'Recinto 526');
INSERT INTO recintos VALUES ('Calle de las flores número 527 puerta C', 'Recinto 527');
INSERT INTO recintos VALUES ('Calle de las flores número 528 puerta C', 'Recinto 528');
INSERT INTO recintos VALUES ('Calle de las flores número 529 puerta C', 'Recinto 529');
INSERT INTO recintos VALUES ('Calle de las flores número 530 puerta C', 'Recinto 530');
INSERT INTO recintos VALUES ('Calle de las flores número 531 puerta C', 'Recinto 531');
INSERT INTO recintos VALUES ('Calle de las flores número 532 puerta C', 'Recinto 532');
INSERT INTO recintos VALUES ('Calle de las flores número 533 puerta C', 'Recinto 533');
INSERT INTO recintos VALUES ('Calle de las flores número 534 puerta C', 'Recinto 534');
INSERT INTO recintos VALUES ('Calle de las flores número 535 puerta C', 'Recinto 535');
INSERT INTO recintos VALUES ('Calle de las flores número 536 puerta C', 'Recinto 536');
INSERT INTO recintos VALUES ('Calle de las flores número 537 puerta C', 'Recinto 537');
INSERT INTO recintos VALUES ('Calle de las flores número 538 puerta C', 'Recinto 538');
INSERT INTO recintos VALUES ('Calle de las flores número 539 puerta C', 'Recinto 539');
INSERT INTO recintos VALUES ('Calle de las flores número 540 puerta C', 'Recinto 540');
INSERT INTO recintos VALUES ('Calle de las flores número 541 puerta C', 'Recinto 541');
INSERT INTO recintos VALUES ('Calle de las flores número 542 puerta C', 'Recinto 542');
INSERT INTO recintos VALUES ('Calle de las flores número 543 puerta C', 'Recinto 543');
INSERT INTO recintos VALUES ('Calle de las flores número 544 puerta C', 'Recinto 544');
INSERT INTO recintos VALUES ('Calle de las flores número 545 puerta C', 'Recinto 545');
INSERT INTO recintos VALUES ('Calle de las flores número 546 puerta C', 'Recinto 546');
INSERT INTO recintos VALUES ('Calle de las flores número 547 puerta C', 'Recinto 547');
INSERT INTO recintos VALUES ('Calle de las flores número 548 puerta C', 'Recinto 548');
INSERT INTO recintos VALUES ('Calle de las flores número 549 puerta C', 'Recinto 549');
INSERT INTO recintos VALUES ('Calle de las flores número 550 puerta C', 'Recinto 550');
INSERT INTO recintos VALUES ('Calle de las flores número 551 puerta C', 'Recinto 551');
INSERT INTO recintos VALUES ('Calle de las flores número 552 puerta C', 'Recinto 552');
INSERT INTO recintos VALUES ('Calle de las flores número 553 puerta C', 'Recinto 553');
INSERT INTO recintos VALUES ('Calle de las flores número 554 puerta C', 'Recinto 554');
INSERT INTO recintos VALUES ('Calle de las flores número 555 puerta C', 'Recinto 555');
INSERT INTO recintos VALUES ('Calle de las flores número 556 puerta C', 'Recinto 556');
INSERT INTO recintos VALUES ('Calle de las flores número 557 puerta C', 'Recinto 557');
INSERT INTO recintos VALUES ('Calle de las flores número 558 puerta C', 'Recinto 558');
INSERT INTO recintos VALUES ('Calle de las flores número 559 puerta C', 'Recinto 559');
INSERT INTO recintos VALUES ('Calle de las flores número 560 puerta C', 'Recinto 560');
INSERT INTO recintos VALUES ('Calle de las flores número 561 puerta C', 'Recinto 561');
INSERT INTO recintos VALUES ('Calle de las flores número 562 puerta C', 'Recinto 562');
INSERT INTO recintos VALUES ('Calle de las flores número 563 puerta C', 'Recinto 563');
INSERT INTO recintos VALUES ('Calle de las flores número 564 puerta C', 'Recinto 564');
INSERT INTO recintos VALUES ('Calle de las flores número 565 puerta C', 'Recinto 565');
INSERT INTO recintos VALUES ('Calle de las flores número 566 puerta C', 'Recinto 566');
INSERT INTO recintos VALUES ('Calle de las flores número 567 puerta C', 'Recinto 567');
INSERT INTO recintos VALUES ('Calle de las flores número 568 puerta C', 'Recinto 568');
INSERT INTO recintos VALUES ('Calle de las flores número 569 puerta C', 'Recinto 569');
INSERT INTO recintos VALUES ('Calle de las flores número 570 puerta C', 'Recinto 570');
INSERT INTO recintos VALUES ('Calle de las flores número 571 puerta C', 'Recinto 571');
INSERT INTO recintos VALUES ('Calle de las flores número 572 puerta C', 'Recinto 572');
INSERT INTO recintos VALUES ('Calle de las flores número 573 puerta C', 'Recinto 573');
INSERT INTO recintos VALUES ('Calle de las flores número 574 puerta C', 'Recinto 574');
INSERT INTO recintos VALUES ('Calle de las flores número 575 puerta C', 'Recinto 575');
INSERT INTO recintos VALUES ('Calle de las flores número 576 puerta C', 'Recinto 576');
INSERT INTO recintos VALUES ('Calle de las flores número 577 puerta C', 'Recinto 577');
INSERT INTO recintos VALUES ('Calle de las flores número 578 puerta C', 'Recinto 578');
INSERT INTO recintos VALUES ('Calle de las flores número 579 puerta C', 'Recinto 579');
INSERT INTO recintos VALUES ('Calle de las flores número 580 puerta C', 'Recinto 580');
INSERT INTO recintos VALUES ('Calle de las flores número 581 puerta C', 'Recinto 581');
INSERT INTO recintos VALUES ('Calle de las flores número 582 puerta C', 'Recinto 582');
INSERT INTO recintos VALUES ('Calle de las flores número 583 puerta C', 'Recinto 583');
INSERT INTO recintos VALUES ('Calle de las flores número 584 puerta C', 'Recinto 584');
INSERT INTO recintos VALUES ('Calle de las flores número 585 puerta C', 'Recinto 585');
INSERT INTO recintos VALUES ('Calle de las flores número 586 puerta C', 'Recinto 586');
INSERT INTO recintos VALUES ('Calle de las flores número 587 puerta C', 'Recinto 587');
INSERT INTO recintos VALUES ('Calle de las flores número 588 puerta C', 'Recinto 588');
INSERT INTO recintos VALUES ('Calle de las flores número 589 puerta C', 'Recinto 589');
INSERT INTO recintos VALUES ('Calle de las flores número 590 puerta C', 'Recinto 590');
INSERT INTO recintos VALUES ('Calle de las flores número 591 puerta C', 'Recinto 591');
INSERT INTO recintos VALUES ('Calle de las flores número 592 puerta C', 'Recinto 592');
INSERT INTO recintos VALUES ('Calle de las flores número 593 puerta C', 'Recinto 593');
INSERT INTO recintos VALUES ('Calle de las flores número 594 puerta C', 'Recinto 594');
INSERT INTO recintos VALUES ('Calle de las flores número 595 puerta C', 'Recinto 595');
INSERT INTO recintos VALUES ('Calle de las flores número 596 puerta C', 'Recinto 596');
INSERT INTO recintos VALUES ('Calle de las flores número 597 puerta C', 'Recinto 597');
INSERT INTO recintos VALUES ('Calle de las flores número 598 puerta C', 'Recinto 598');
INSERT INTO recintos VALUES ('Calle de las flores número 599 puerta C', 'Recinto 599');
INSERT INTO recintos VALUES ('Calle de las flores número 600 puerta C', 'Recinto 600');
INSERT INTO recintos VALUES ('Calle de las flores número 601 puerta C', 'Recinto 601');
INSERT INTO recintos VALUES ('Calle de las flores número 602 puerta C', 'Recinto 602');
INSERT INTO recintos VALUES ('Calle de las flores número 603 puerta C', 'Recinto 603');
INSERT INTO recintos VALUES ('Calle de las flores número 604 puerta C', 'Recinto 604');
INSERT INTO recintos VALUES ('Calle de las flores número 605 puerta C', 'Recinto 605');
INSERT INTO recintos VALUES ('Calle de las flores número 606 puerta C', 'Recinto 606');
INSERT INTO recintos VALUES ('Calle de las flores número 607 puerta C', 'Recinto 607');
INSERT INTO recintos VALUES ('Calle de las flores número 608 puerta C', 'Recinto 608');
INSERT INTO recintos VALUES ('Calle de las flores número 609 puerta C', 'Recinto 609');
INSERT INTO recintos VALUES ('Calle de las flores número 610 puerta C', 'Recinto 610');
INSERT INTO recintos VALUES ('Calle de las flores número 611 puerta C', 'Recinto 611');
INSERT INTO recintos VALUES ('Calle de las flores número 612 puerta C', 'Recinto 612');
INSERT INTO recintos VALUES ('Calle de las flores número 613 puerta C', 'Recinto 613');
INSERT INTO recintos VALUES ('Calle de las flores número 614 puerta C', 'Recinto 614');
INSERT INTO recintos VALUES ('Calle de las flores número 615 puerta C', 'Recinto 615');
INSERT INTO recintos VALUES ('Calle de las flores número 616 puerta C', 'Recinto 616');
INSERT INTO recintos VALUES ('Calle de las flores número 617 puerta C', 'Recinto 617');
INSERT INTO recintos VALUES ('Calle de las flores número 618 puerta C', 'Recinto 618');
INSERT INTO recintos VALUES ('Calle de las flores número 619 puerta C', 'Recinto 619');
INSERT INTO recintos VALUES ('Calle de las flores número 620 puerta C', 'Recinto 620');
INSERT INTO recintos VALUES ('Calle de las flores número 621 puerta C', 'Recinto 621');
INSERT INTO recintos VALUES ('Calle de las flores número 622 puerta C', 'Recinto 622');
INSERT INTO recintos VALUES ('Calle de las flores número 623 puerta C', 'Recinto 623');
INSERT INTO recintos VALUES ('Calle de las flores número 624 puerta C', 'Recinto 624');
INSERT INTO recintos VALUES ('Calle de las flores número 625 puerta C', 'Recinto 625');
INSERT INTO recintos VALUES ('Calle de las flores número 626 puerta C', 'Recinto 626');
INSERT INTO recintos VALUES ('Calle de las flores número 627 puerta C', 'Recinto 627');
INSERT INTO recintos VALUES ('Calle de las flores número 628 puerta C', 'Recinto 628');
INSERT INTO recintos VALUES ('Calle de las flores número 629 puerta C', 'Recinto 629');
INSERT INTO recintos VALUES ('Calle de las flores número 630 puerta C', 'Recinto 630');
INSERT INTO recintos VALUES ('Calle de las flores número 631 puerta C', 'Recinto 631');
INSERT INTO recintos VALUES ('Calle de las flores número 632 puerta C', 'Recinto 632');
INSERT INTO recintos VALUES ('Calle de las flores número 633 puerta C', 'Recinto 633');
INSERT INTO recintos VALUES ('Calle de las flores número 634 puerta C', 'Recinto 634');
INSERT INTO recintos VALUES ('Calle de las flores número 635 puerta C', 'Recinto 635');
INSERT INTO recintos VALUES ('Calle de las flores número 636 puerta C', 'Recinto 636');
INSERT INTO recintos VALUES ('Calle de las flores número 637 puerta C', 'Recinto 637');
INSERT INTO recintos VALUES ('Calle de las flores número 638 puerta C', 'Recinto 638');
INSERT INTO recintos VALUES ('Calle de las flores número 639 puerta C', 'Recinto 639');
INSERT INTO recintos VALUES ('Calle de las flores número 640 puerta C', 'Recinto 640');
INSERT INTO recintos VALUES ('Calle de las flores número 641 puerta C', 'Recinto 641');
INSERT INTO recintos VALUES ('Calle de las flores número 642 puerta C', 'Recinto 642');
INSERT INTO recintos VALUES ('Calle de las flores número 643 puerta C', 'Recinto 643');
INSERT INTO recintos VALUES ('Calle de las flores número 644 puerta C', 'Recinto 644');
INSERT INTO recintos VALUES ('Calle de las flores número 645 puerta C', 'Recinto 645');
INSERT INTO recintos VALUES ('Calle de las flores número 646 puerta C', 'Recinto 646');
INSERT INTO recintos VALUES ('Calle de las flores número 647 puerta C', 'Recinto 647');
INSERT INTO recintos VALUES ('Calle de las flores número 648 puerta C', 'Recinto 648');
INSERT INTO recintos VALUES ('Calle de las flores número 649 puerta C', 'Recinto 649');
INSERT INTO recintos VALUES ('Calle de las flores número 650 puerta C', 'Recinto 650');
INSERT INTO recintos VALUES ('Calle de las flores número 651 puerta C', 'Recinto 651');
INSERT INTO recintos VALUES ('Calle de las flores número 652 puerta C', 'Recinto 652');
INSERT INTO recintos VALUES ('Calle de las flores número 653 puerta C', 'Recinto 653');
INSERT INTO recintos VALUES ('Calle de las flores número 654 puerta C', 'Recinto 654');
INSERT INTO recintos VALUES ('Calle de las flores número 655 puerta C', 'Recinto 655');
INSERT INTO recintos VALUES ('Calle de las flores número 656 puerta C', 'Recinto 656');
INSERT INTO recintos VALUES ('Calle de las flores número 657 puerta C', 'Recinto 657');
INSERT INTO recintos VALUES ('Calle de las flores número 658 puerta C', 'Recinto 658');
INSERT INTO recintos VALUES ('Calle de las flores número 659 puerta C', 'Recinto 659');
INSERT INTO recintos VALUES ('Calle de las flores número 660 puerta C', 'Recinto 660');
INSERT INTO recintos VALUES ('Calle de las flores número 661 puerta C', 'Recinto 661');
INSERT INTO recintos VALUES ('Calle de las flores número 662 puerta C', 'Recinto 662');
INSERT INTO recintos VALUES ('Calle de las flores número 663 puerta C', 'Recinto 663');
INSERT INTO recintos VALUES ('Calle de las flores número 664 puerta C', 'Recinto 664');
INSERT INTO recintos VALUES ('Calle de las flores número 665 puerta C', 'Recinto 665');
INSERT INTO recintos VALUES ('Calle de las flores número 666 puerta C', 'Recinto 666');
INSERT INTO recintos VALUES ('Calle de las flores número 667 puerta C', 'Recinto 667');
INSERT INTO recintos VALUES ('Calle de las flores número 668 puerta C', 'Recinto 668');
INSERT INTO recintos VALUES ('Calle de las flores número 669 puerta C', 'Recinto 669');
INSERT INTO recintos VALUES ('Calle de las flores número 670 puerta C', 'Recinto 670');
INSERT INTO recintos VALUES ('Calle de las flores número 671 puerta C', 'Recinto 671');
INSERT INTO recintos VALUES ('Calle de las flores número 672 puerta C', 'Recinto 672');
INSERT INTO recintos VALUES ('Calle de las flores número 673 puerta C', 'Recinto 673');
INSERT INTO recintos VALUES ('Calle de las flores número 674 puerta C', 'Recinto 674');
INSERT INTO recintos VALUES ('Calle de las flores número 675 puerta C', 'Recinto 675');
INSERT INTO recintos VALUES ('Calle de las flores número 676 puerta C', 'Recinto 676');
INSERT INTO recintos VALUES ('Calle de las flores número 677 puerta C', 'Recinto 677');
INSERT INTO recintos VALUES ('Calle de las flores número 678 puerta C', 'Recinto 678');
INSERT INTO recintos VALUES ('Calle de las flores número 679 puerta C', 'Recinto 679');
INSERT INTO recintos VALUES ('Calle de las flores número 680 puerta C', 'Recinto 680');
INSERT INTO recintos VALUES ('Calle de las flores número 681 puerta C', 'Recinto 681');
INSERT INTO recintos VALUES ('Calle de las flores número 682 puerta C', 'Recinto 682');
INSERT INTO recintos VALUES ('Calle de las flores número 683 puerta C', 'Recinto 683');
INSERT INTO recintos VALUES ('Calle de las flores número 684 puerta C', 'Recinto 684');
INSERT INTO recintos VALUES ('Calle de las flores número 685 puerta C', 'Recinto 685');
INSERT INTO recintos VALUES ('Calle de las flores número 686 puerta C', 'Recinto 686');
INSERT INTO recintos VALUES ('Calle de las flores número 687 puerta C', 'Recinto 687');
INSERT INTO recintos VALUES ('Calle de las flores número 688 puerta C', 'Recinto 688');
INSERT INTO recintos VALUES ('Calle de las flores número 689 puerta C', 'Recinto 689');
INSERT INTO recintos VALUES ('Calle de las flores número 690 puerta C', 'Recinto 690');
INSERT INTO recintos VALUES ('Calle de las flores número 691 puerta C', 'Recinto 691');
INSERT INTO recintos VALUES ('Calle de las flores número 692 puerta C', 'Recinto 692');
INSERT INTO recintos VALUES ('Calle de las flores número 693 puerta C', 'Recinto 693');
INSERT INTO recintos VALUES ('Calle de las flores número 694 puerta C', 'Recinto 694');
INSERT INTO recintos VALUES ('Calle de las flores número 695 puerta C', 'Recinto 695');
INSERT INTO recintos VALUES ('Calle de las flores número 696 puerta C', 'Recinto 696');
INSERT INTO recintos VALUES ('Calle de las flores número 697 puerta C', 'Recinto 697');
INSERT INTO recintos VALUES ('Calle de las flores número 698 puerta C', 'Recinto 698');
INSERT INTO recintos VALUES ('Calle de las flores número 699 puerta C', 'Recinto 699');
INSERT INTO recintos VALUES ('Calle de las flores número 700 puerta C', 'Recinto 700');
INSERT INTO recintos VALUES ('Calle de las flores número 701 puerta C', 'Recinto 701');
INSERT INTO recintos VALUES ('Calle de las flores número 702 puerta C', 'Recinto 702');
INSERT INTO recintos VALUES ('Calle de las flores número 703 puerta C', 'Recinto 703');
INSERT INTO recintos VALUES ('Calle de las flores número 704 puerta C', 'Recinto 704');
INSERT INTO recintos VALUES ('Calle de las flores número 705 puerta C', 'Recinto 705');
INSERT INTO recintos VALUES ('Calle de las flores número 706 puerta C', 'Recinto 706');
INSERT INTO recintos VALUES ('Calle de las flores número 707 puerta C', 'Recinto 707');
INSERT INTO recintos VALUES ('Calle de las flores número 708 puerta C', 'Recinto 708');
INSERT INTO recintos VALUES ('Calle de las flores número 709 puerta C', 'Recinto 709');
INSERT INTO recintos VALUES ('Calle de las flores número 710 puerta C', 'Recinto 710');
INSERT INTO recintos VALUES ('Calle de las flores número 711 puerta C', 'Recinto 711');
INSERT INTO recintos VALUES ('Calle de las flores número 712 puerta C', 'Recinto 712');
INSERT INTO recintos VALUES ('Calle de las flores número 713 puerta C', 'Recinto 713');
INSERT INTO recintos VALUES ('Calle de las flores número 714 puerta C', 'Recinto 714');
INSERT INTO recintos VALUES ('Calle de las flores número 715 puerta C', 'Recinto 715');
INSERT INTO recintos VALUES ('Calle de las flores número 716 puerta C', 'Recinto 716');
INSERT INTO recintos VALUES ('Calle de las flores número 717 puerta C', 'Recinto 717');
INSERT INTO recintos VALUES ('Calle de las flores número 718 puerta C', 'Recinto 718');
INSERT INTO recintos VALUES ('Calle de las flores número 719 puerta C', 'Recinto 719');
INSERT INTO recintos VALUES ('Calle de las flores número 720 puerta C', 'Recinto 720');
INSERT INTO recintos VALUES ('Calle de las flores número 721 puerta C', 'Recinto 721');
INSERT INTO recintos VALUES ('Calle de las flores número 722 puerta C', 'Recinto 722');
INSERT INTO recintos VALUES ('Calle de las flores número 723 puerta C', 'Recinto 723');
INSERT INTO recintos VALUES ('Calle de las flores número 724 puerta C', 'Recinto 724');
INSERT INTO recintos VALUES ('Calle de las flores número 725 puerta C', 'Recinto 725');
INSERT INTO recintos VALUES ('Calle de las flores número 726 puerta C', 'Recinto 726');
INSERT INTO recintos VALUES ('Calle de las flores número 727 puerta C', 'Recinto 727');
INSERT INTO recintos VALUES ('Calle de las flores número 728 puerta C', 'Recinto 728');
INSERT INTO recintos VALUES ('Calle de las flores número 729 puerta C', 'Recinto 729');
INSERT INTO recintos VALUES ('Calle de las flores número 730 puerta C', 'Recinto 730');
INSERT INTO recintos VALUES ('Calle de las flores número 731 puerta C', 'Recinto 731');
INSERT INTO recintos VALUES ('Calle de las flores número 732 puerta C', 'Recinto 732');
INSERT INTO recintos VALUES ('Calle de las flores número 733 puerta C', 'Recinto 733');
INSERT INTO recintos VALUES ('Calle de las flores número 734 puerta C', 'Recinto 734');
INSERT INTO recintos VALUES ('Calle de las flores número 735 puerta C', 'Recinto 735');
INSERT INTO recintos VALUES ('Calle de las flores número 736 puerta C', 'Recinto 736');
INSERT INTO recintos VALUES ('Calle de las flores número 737 puerta C', 'Recinto 737');
INSERT INTO recintos VALUES ('Calle de las flores número 738 puerta C', 'Recinto 738');
INSERT INTO recintos VALUES ('Calle de las flores número 739 puerta C', 'Recinto 739');
INSERT INTO recintos VALUES ('Calle de las flores número 740 puerta C', 'Recinto 740');
INSERT INTO recintos VALUES ('Calle de las flores número 741 puerta C', 'Recinto 741');
INSERT INTO recintos VALUES ('Calle de las flores número 742 puerta C', 'Recinto 742');
INSERT INTO recintos VALUES ('Calle de las flores número 743 puerta C', 'Recinto 743');
INSERT INTO recintos VALUES ('Calle de las flores número 744 puerta C', 'Recinto 744');
INSERT INTO recintos VALUES ('Calle de las flores número 745 puerta C', 'Recinto 745');
INSERT INTO recintos VALUES ('Calle de las flores número 746 puerta C', 'Recinto 746');
INSERT INTO recintos VALUES ('Calle de las flores número 747 puerta C', 'Recinto 747');
INSERT INTO recintos VALUES ('Calle de las flores número 748 puerta C', 'Recinto 748');
INSERT INTO recintos VALUES ('Calle de las flores número 749 puerta C', 'Recinto 749');
INSERT INTO recintos VALUES ('Calle de las flores número 750 puerta C', 'Recinto 750');
INSERT INTO recintos VALUES ('Calle de las flores número 751 puerta C', 'Recinto 751');
INSERT INTO recintos VALUES ('Calle de las flores número 752 puerta C', 'Recinto 752');
INSERT INTO recintos VALUES ('Calle de las flores número 753 puerta C', 'Recinto 753');
INSERT INTO recintos VALUES ('Calle de las flores número 754 puerta C', 'Recinto 754');
INSERT INTO recintos VALUES ('Calle de las flores número 755 puerta C', 'Recinto 755');
INSERT INTO recintos VALUES ('Calle de las flores número 756 puerta C', 'Recinto 756');
INSERT INTO recintos VALUES ('Calle de las flores número 757 puerta C', 'Recinto 757');
INSERT INTO recintos VALUES ('Calle de las flores número 758 puerta C', 'Recinto 758');
INSERT INTO recintos VALUES ('Calle de las flores número 759 puerta C', 'Recinto 759');
INSERT INTO recintos VALUES ('Calle de las flores número 760 puerta C', 'Recinto 760');
INSERT INTO recintos VALUES ('Calle de las flores número 761 puerta C', 'Recinto 761');
INSERT INTO recintos VALUES ('Calle de las flores número 762 puerta C', 'Recinto 762');
INSERT INTO recintos VALUES ('Calle de las flores número 763 puerta C', 'Recinto 763');
INSERT INTO recintos VALUES ('Calle de las flores número 764 puerta C', 'Recinto 764');
INSERT INTO recintos VALUES ('Calle de las flores número 765 puerta C', 'Recinto 765');
INSERT INTO recintos VALUES ('Calle de las flores número 766 puerta C', 'Recinto 766');
INSERT INTO recintos VALUES ('Calle de las flores número 767 puerta C', 'Recinto 767');
INSERT INTO recintos VALUES ('Calle de las flores número 768 puerta C', 'Recinto 768');
INSERT INTO recintos VALUES ('Calle de las flores número 769 puerta C', 'Recinto 769');
INSERT INTO recintos VALUES ('Calle de las flores número 770 puerta C', 'Recinto 770');
INSERT INTO recintos VALUES ('Calle de las flores número 771 puerta C', 'Recinto 771');
INSERT INTO recintos VALUES ('Calle de las flores número 772 puerta C', 'Recinto 772');
INSERT INTO recintos VALUES ('Calle de las flores número 773 puerta C', 'Recinto 773');
INSERT INTO recintos VALUES ('Calle de las flores número 774 puerta C', 'Recinto 774');
INSERT INTO recintos VALUES ('Calle de las flores número 775 puerta C', 'Recinto 775');
INSERT INTO recintos VALUES ('Calle de las flores número 776 puerta C', 'Recinto 776');
INSERT INTO recintos VALUES ('Calle de las flores número 777 puerta C', 'Recinto 777');
INSERT INTO recintos VALUES ('Calle de las flores número 778 puerta C', 'Recinto 778');
INSERT INTO recintos VALUES ('Calle de las flores número 779 puerta C', 'Recinto 779');
INSERT INTO recintos VALUES ('Calle de las flores número 780 puerta C', 'Recinto 780');
INSERT INTO recintos VALUES ('Calle de las flores número 781 puerta C', 'Recinto 781');
INSERT INTO recintos VALUES ('Calle de las flores número 782 puerta C', 'Recinto 782');
INSERT INTO recintos VALUES ('Calle de las flores número 783 puerta C', 'Recinto 783');
INSERT INTO recintos VALUES ('Calle de las flores número 784 puerta C', 'Recinto 784');
INSERT INTO recintos VALUES ('Calle de las flores número 785 puerta C', 'Recinto 785');
INSERT INTO recintos VALUES ('Calle de las flores número 786 puerta C', 'Recinto 786');
INSERT INTO recintos VALUES ('Calle de las flores número 787 puerta C', 'Recinto 787');
INSERT INTO recintos VALUES ('Calle de las flores número 788 puerta C', 'Recinto 788');
INSERT INTO recintos VALUES ('Calle de las flores número 789 puerta C', 'Recinto 789');
INSERT INTO recintos VALUES ('Calle de las flores número 790 puerta C', 'Recinto 790');
INSERT INTO recintos VALUES ('Calle de las flores número 791 puerta C', 'Recinto 791');
INSERT INTO recintos VALUES ('Calle de las flores número 792 puerta C', 'Recinto 792');
INSERT INTO recintos VALUES ('Calle de las flores número 793 puerta C', 'Recinto 793');
INSERT INTO recintos VALUES ('Calle de las flores número 794 puerta C', 'Recinto 794');
INSERT INTO recintos VALUES ('Calle de las flores número 795 puerta C', 'Recinto 795');
INSERT INTO recintos VALUES ('Calle de las flores número 796 puerta C', 'Recinto 796');
INSERT INTO recintos VALUES ('Calle de las flores número 797 puerta C', 'Recinto 797');
INSERT INTO recintos VALUES ('Calle de las flores número 798 puerta C', 'Recinto 798');
INSERT INTO recintos VALUES ('Calle de las flores número 799 puerta C', 'Recinto 799');
INSERT INTO recintos VALUES ('Calle de las flores número 800 puerta C', 'Recinto 800');
INSERT INTO recintos VALUES ('Calle de las flores número 801 puerta C', 'Recinto 801');
INSERT INTO recintos VALUES ('Calle de las flores número 802 puerta C', 'Recinto 802');
INSERT INTO recintos VALUES ('Calle de las flores número 803 puerta C', 'Recinto 803');
INSERT INTO recintos VALUES ('Calle de las flores número 804 puerta C', 'Recinto 804');
INSERT INTO recintos VALUES ('Calle de las flores número 805 puerta C', 'Recinto 805');
INSERT INTO recintos VALUES ('Calle de las flores número 806 puerta C', 'Recinto 806');
INSERT INTO recintos VALUES ('Calle de las flores número 807 puerta C', 'Recinto 807');
INSERT INTO recintos VALUES ('Calle de las flores número 808 puerta C', 'Recinto 808');
INSERT INTO recintos VALUES ('Calle de las flores número 809 puerta C', 'Recinto 809');
INSERT INTO recintos VALUES ('Calle de las flores número 810 puerta C', 'Recinto 810');
INSERT INTO recintos VALUES ('Calle de las flores número 811 puerta C', 'Recinto 811');
INSERT INTO recintos VALUES ('Calle de las flores número 812 puerta C', 'Recinto 812');
INSERT INTO recintos VALUES ('Calle de las flores número 813 puerta C', 'Recinto 813');
INSERT INTO recintos VALUES ('Calle de las flores número 814 puerta C', 'Recinto 814');
INSERT INTO recintos VALUES ('Calle de las flores número 815 puerta C', 'Recinto 815');
INSERT INTO recintos VALUES ('Calle de las flores número 816 puerta C', 'Recinto 816');
INSERT INTO recintos VALUES ('Calle de las flores número 817 puerta C', 'Recinto 817');
INSERT INTO recintos VALUES ('Calle de las flores número 818 puerta C', 'Recinto 818');
INSERT INTO recintos VALUES ('Calle de las flores número 819 puerta C', 'Recinto 819');
INSERT INTO recintos VALUES ('Calle de las flores número 820 puerta C', 'Recinto 820');
INSERT INTO recintos VALUES ('Calle de las flores número 821 puerta C', 'Recinto 821');
INSERT INTO recintos VALUES ('Calle de las flores número 822 puerta C', 'Recinto 822');
INSERT INTO recintos VALUES ('Calle de las flores número 823 puerta C', 'Recinto 823');
INSERT INTO recintos VALUES ('Calle de las flores número 824 puerta C', 'Recinto 824');
INSERT INTO recintos VALUES ('Calle de las flores número 825 puerta C', 'Recinto 825');
INSERT INTO recintos VALUES ('Calle de las flores número 826 puerta C', 'Recinto 826');
INSERT INTO recintos VALUES ('Calle de las flores número 827 puerta C', 'Recinto 827');
INSERT INTO recintos VALUES ('Calle de las flores número 828 puerta C', 'Recinto 828');
INSERT INTO recintos VALUES ('Calle de las flores número 829 puerta C', 'Recinto 829');
INSERT INTO recintos VALUES ('Calle de las flores número 830 puerta C', 'Recinto 830');
INSERT INTO recintos VALUES ('Calle de las flores número 831 puerta C', 'Recinto 831');
INSERT INTO recintos VALUES ('Calle de las flores número 832 puerta C', 'Recinto 832');
INSERT INTO recintos VALUES ('Calle de las flores número 833 puerta C', 'Recinto 833');
INSERT INTO recintos VALUES ('Calle de las flores número 834 puerta C', 'Recinto 834');
INSERT INTO recintos VALUES ('Calle de las flores número 835 puerta C', 'Recinto 835');
INSERT INTO recintos VALUES ('Calle de las flores número 836 puerta C', 'Recinto 836');
INSERT INTO recintos VALUES ('Calle de las flores número 837 puerta C', 'Recinto 837');
INSERT INTO recintos VALUES ('Calle de las flores número 838 puerta C', 'Recinto 838');
INSERT INTO recintos VALUES ('Calle de las flores número 839 puerta C', 'Recinto 839');
INSERT INTO recintos VALUES ('Calle de las flores número 840 puerta C', 'Recinto 840');
INSERT INTO recintos VALUES ('Calle de las flores número 841 puerta C', 'Recinto 841');
INSERT INTO recintos VALUES ('Calle de las flores número 842 puerta C', 'Recinto 842');
INSERT INTO recintos VALUES ('Calle de las flores número 843 puerta C', 'Recinto 843');
INSERT INTO recintos VALUES ('Calle de las flores número 844 puerta C', 'Recinto 844');
INSERT INTO recintos VALUES ('Calle de las flores número 845 puerta C', 'Recinto 845');
INSERT INTO recintos VALUES ('Calle de las flores número 846 puerta C', 'Recinto 846');
INSERT INTO recintos VALUES ('Calle de las flores número 847 puerta C', 'Recinto 847');
INSERT INTO recintos VALUES ('Calle de las flores número 848 puerta C', 'Recinto 848');
INSERT INTO recintos VALUES ('Calle de las flores número 849 puerta C', 'Recinto 849');
INSERT INTO recintos VALUES ('Calle de las flores número 850 puerta C', 'Recinto 850');
INSERT INTO recintos VALUES ('Calle de las flores número 851 puerta C', 'Recinto 851');
INSERT INTO recintos VALUES ('Calle de las flores número 852 puerta C', 'Recinto 852');
INSERT INTO recintos VALUES ('Calle de las flores número 853 puerta C', 'Recinto 853');
INSERT INTO recintos VALUES ('Calle de las flores número 854 puerta C', 'Recinto 854');
INSERT INTO recintos VALUES ('Calle de las flores número 855 puerta C', 'Recinto 855');
INSERT INTO recintos VALUES ('Calle de las flores número 856 puerta C', 'Recinto 856');
INSERT INTO recintos VALUES ('Calle de las flores número 857 puerta C', 'Recinto 857');
INSERT INTO recintos VALUES ('Calle de las flores número 858 puerta C', 'Recinto 858');
INSERT INTO recintos VALUES ('Calle de las flores número 859 puerta C', 'Recinto 859');
INSERT INTO recintos VALUES ('Calle de las flores número 860 puerta C', 'Recinto 860');
INSERT INTO recintos VALUES ('Calle de las flores número 861 puerta C', 'Recinto 861');
INSERT INTO recintos VALUES ('Calle de las flores número 862 puerta C', 'Recinto 862');
INSERT INTO recintos VALUES ('Calle de las flores número 863 puerta C', 'Recinto 863');
INSERT INTO recintos VALUES ('Calle de las flores número 864 puerta C', 'Recinto 864');
INSERT INTO recintos VALUES ('Calle de las flores número 865 puerta C', 'Recinto 865');
INSERT INTO recintos VALUES ('Calle de las flores número 866 puerta C', 'Recinto 866');
INSERT INTO recintos VALUES ('Calle de las flores número 867 puerta C', 'Recinto 867');
INSERT INTO recintos VALUES ('Calle de las flores número 868 puerta C', 'Recinto 868');
INSERT INTO recintos VALUES ('Calle de las flores número 869 puerta C', 'Recinto 869');
INSERT INTO recintos VALUES ('Calle de las flores número 870 puerta C', 'Recinto 870');
INSERT INTO recintos VALUES ('Calle de las flores número 871 puerta C', 'Recinto 871');
INSERT INTO recintos VALUES ('Calle de las flores número 872 puerta C', 'Recinto 872');
INSERT INTO recintos VALUES ('Calle de las flores número 873 puerta C', 'Recinto 873');
INSERT INTO recintos VALUES ('Calle de las flores número 874 puerta C', 'Recinto 874');
INSERT INTO recintos VALUES ('Calle de las flores número 875 puerta C', 'Recinto 875');
INSERT INTO recintos VALUES ('Calle de las flores número 876 puerta C', 'Recinto 876');
INSERT INTO recintos VALUES ('Calle de las flores número 877 puerta C', 'Recinto 877');
INSERT INTO recintos VALUES ('Calle de las flores número 878 puerta C', 'Recinto 878');
INSERT INTO recintos VALUES ('Calle de las flores número 879 puerta C', 'Recinto 879');
INSERT INTO recintos VALUES ('Calle de las flores número 880 puerta C', 'Recinto 880');
INSERT INTO recintos VALUES ('Calle de las flores número 881 puerta C', 'Recinto 881');
INSERT INTO recintos VALUES ('Calle de las flores número 882 puerta C', 'Recinto 882');
INSERT INTO recintos VALUES ('Calle de las flores número 883 puerta C', 'Recinto 883');
INSERT INTO recintos VALUES ('Calle de las flores número 884 puerta C', 'Recinto 884');
INSERT INTO recintos VALUES ('Calle de las flores número 885 puerta C', 'Recinto 885');
INSERT INTO recintos VALUES ('Calle de las flores número 886 puerta C', 'Recinto 886');
INSERT INTO recintos VALUES ('Calle de las flores número 887 puerta C', 'Recinto 887');
INSERT INTO recintos VALUES ('Calle de las flores número 888 puerta C', 'Recinto 888');
INSERT INTO recintos VALUES ('Calle de las flores número 889 puerta C', 'Recinto 889');
INSERT INTO recintos VALUES ('Calle de las flores número 890 puerta C', 'Recinto 890');
INSERT INTO recintos VALUES ('Calle de las flores número 891 puerta C', 'Recinto 891');
INSERT INTO recintos VALUES ('Calle de las flores número 892 puerta C', 'Recinto 892');
INSERT INTO recintos VALUES ('Calle de las flores número 893 puerta C', 'Recinto 893');
INSERT INTO recintos VALUES ('Calle de las flores número 894 puerta C', 'Recinto 894');
INSERT INTO recintos VALUES ('Calle de las flores número 895 puerta C', 'Recinto 895');
INSERT INTO recintos VALUES ('Calle de las flores número 896 puerta C', 'Recinto 896');
INSERT INTO recintos VALUES ('Calle de las flores número 897 puerta C', 'Recinto 897');
INSERT INTO recintos VALUES ('Calle de las flores número 898 puerta C', 'Recinto 898');
INSERT INTO recintos VALUES ('Calle de las flores número 899 puerta C', 'Recinto 899');
INSERT INTO recintos VALUES ('Calle de las flores número 900 puerta C', 'Recinto 900');
INSERT INTO recintos VALUES ('Calle de las flores número 901 puerta C', 'Recinto 901');
INSERT INTO recintos VALUES ('Calle de las flores número 902 puerta C', 'Recinto 902');
INSERT INTO recintos VALUES ('Calle de las flores número 903 puerta C', 'Recinto 903');
INSERT INTO recintos VALUES ('Calle de las flores número 904 puerta C', 'Recinto 904');
INSERT INTO recintos VALUES ('Calle de las flores número 905 puerta C', 'Recinto 905');
INSERT INTO recintos VALUES ('Calle de las flores número 906 puerta C', 'Recinto 906');
INSERT INTO recintos VALUES ('Calle de las flores número 907 puerta C', 'Recinto 907');
INSERT INTO recintos VALUES ('Calle de las flores número 908 puerta C', 'Recinto 908');
INSERT INTO recintos VALUES ('Calle de las flores número 909 puerta C', 'Recinto 909');
INSERT INTO recintos VALUES ('Calle de las flores número 910 puerta C', 'Recinto 910');
INSERT INTO recintos VALUES ('Calle de las flores número 911 puerta C', 'Recinto 911');
INSERT INTO recintos VALUES ('Calle de las flores número 912 puerta C', 'Recinto 912');
INSERT INTO recintos VALUES ('Calle de las flores número 913 puerta C', 'Recinto 913');
INSERT INTO recintos VALUES ('Calle de las flores número 914 puerta C', 'Recinto 914');
INSERT INTO recintos VALUES ('Calle de las flores número 915 puerta C', 'Recinto 915');
INSERT INTO recintos VALUES ('Calle de las flores número 916 puerta C', 'Recinto 916');
INSERT INTO recintos VALUES ('Calle de las flores número 917 puerta C', 'Recinto 917');
INSERT INTO recintos VALUES ('Calle de las flores número 918 puerta C', 'Recinto 918');
INSERT INTO recintos VALUES ('Calle de las flores número 919 puerta C', 'Recinto 919');
INSERT INTO recintos VALUES ('Calle de las flores número 920 puerta C', 'Recinto 920');
INSERT INTO recintos VALUES ('Calle de las flores número 921 puerta C', 'Recinto 921');
INSERT INTO recintos VALUES ('Calle de las flores número 922 puerta C', 'Recinto 922');
INSERT INTO recintos VALUES ('Calle de las flores número 923 puerta C', 'Recinto 923');
INSERT INTO recintos VALUES ('Calle de las flores número 924 puerta C', 'Recinto 924');
INSERT INTO recintos VALUES ('Calle de las flores número 925 puerta C', 'Recinto 925');
INSERT INTO recintos VALUES ('Calle de las flores número 926 puerta C', 'Recinto 926');
INSERT INTO recintos VALUES ('Calle de las flores número 927 puerta C', 'Recinto 927');
INSERT INTO recintos VALUES ('Calle de las flores número 928 puerta C', 'Recinto 928');
INSERT INTO recintos VALUES ('Calle de las flores número 929 puerta C', 'Recinto 929');
INSERT INTO recintos VALUES ('Calle de las flores número 930 puerta C', 'Recinto 930');
INSERT INTO recintos VALUES ('Calle de las flores número 931 puerta C', 'Recinto 931');
INSERT INTO recintos VALUES ('Calle de las flores número 932 puerta C', 'Recinto 932');
INSERT INTO recintos VALUES ('Calle de las flores número 933 puerta C', 'Recinto 933');
INSERT INTO recintos VALUES ('Calle de las flores número 934 puerta C', 'Recinto 934');
INSERT INTO recintos VALUES ('Calle de las flores número 935 puerta C', 'Recinto 935');
INSERT INTO recintos VALUES ('Calle de las flores número 936 puerta C', 'Recinto 936');
INSERT INTO recintos VALUES ('Calle de las flores número 937 puerta C', 'Recinto 937');
INSERT INTO recintos VALUES ('Calle de las flores número 938 puerta C', 'Recinto 938');
INSERT INTO recintos VALUES ('Calle de las flores número 939 puerta C', 'Recinto 939');
INSERT INTO recintos VALUES ('Calle de las flores número 940 puerta C', 'Recinto 940');
INSERT INTO recintos VALUES ('Calle de las flores número 941 puerta C', 'Recinto 941');
INSERT INTO recintos VALUES ('Calle de las flores número 942 puerta C', 'Recinto 942');
INSERT INTO recintos VALUES ('Calle de las flores número 943 puerta C', 'Recinto 943');
INSERT INTO recintos VALUES ('Calle de las flores número 944 puerta C', 'Recinto 944');
INSERT INTO recintos VALUES ('Calle de las flores número 945 puerta C', 'Recinto 945');
INSERT INTO recintos VALUES ('Calle de las flores número 946 puerta C', 'Recinto 946');
INSERT INTO recintos VALUES ('Calle de las flores número 947 puerta C', 'Recinto 947');
INSERT INTO recintos VALUES ('Calle de las flores número 948 puerta C', 'Recinto 948');
INSERT INTO recintos VALUES ('Calle de las flores número 949 puerta C', 'Recinto 949');
INSERT INTO recintos VALUES ('Calle de las flores número 950 puerta C', 'Recinto 950');
INSERT INTO recintos VALUES ('Calle de las flores número 951 puerta C', 'Recinto 951');
INSERT INTO recintos VALUES ('Calle de las flores número 952 puerta C', 'Recinto 952');
INSERT INTO recintos VALUES ('Calle de las flores número 953 puerta C', 'Recinto 953');
INSERT INTO recintos VALUES ('Calle de las flores número 954 puerta C', 'Recinto 954');
INSERT INTO recintos VALUES ('Calle de las flores número 955 puerta C', 'Recinto 955');
INSERT INTO recintos VALUES ('Calle de las flores número 956 puerta C', 'Recinto 956');
INSERT INTO recintos VALUES ('Calle de las flores número 957 puerta C', 'Recinto 957');
INSERT INTO recintos VALUES ('Calle de las flores número 958 puerta C', 'Recinto 958');
INSERT INTO recintos VALUES ('Calle de las flores número 959 puerta C', 'Recinto 959');
INSERT INTO recintos VALUES ('Calle de las flores número 960 puerta C', 'Recinto 960');
INSERT INTO recintos VALUES ('Calle de las flores número 961 puerta C', 'Recinto 961');
INSERT INTO recintos VALUES ('Calle de las flores número 962 puerta C', 'Recinto 962');
INSERT INTO recintos VALUES ('Calle de las flores número 963 puerta C', 'Recinto 963');
INSERT INTO recintos VALUES ('Calle de las flores número 964 puerta C', 'Recinto 964');
INSERT INTO recintos VALUES ('Calle de las flores número 965 puerta C', 'Recinto 965');
INSERT INTO recintos VALUES ('Calle de las flores número 966 puerta C', 'Recinto 966');
INSERT INTO recintos VALUES ('Calle de las flores número 967 puerta C', 'Recinto 967');
INSERT INTO recintos VALUES ('Calle de las flores número 968 puerta C', 'Recinto 968');
INSERT INTO recintos VALUES ('Calle de las flores número 969 puerta C', 'Recinto 969');
INSERT INTO recintos VALUES ('Calle de las flores número 970 puerta C', 'Recinto 970');
INSERT INTO recintos VALUES ('Calle de las flores número 971 puerta C', 'Recinto 971');
INSERT INTO recintos VALUES ('Calle de las flores número 972 puerta C', 'Recinto 972');
INSERT INTO recintos VALUES ('Calle de las flores número 973 puerta C', 'Recinto 973');
INSERT INTO recintos VALUES ('Calle de las flores número 974 puerta C', 'Recinto 974');
INSERT INTO recintos VALUES ('Calle de las flores número 975 puerta C', 'Recinto 975');
INSERT INTO recintos VALUES ('Calle de las flores número 976 puerta C', 'Recinto 976');
INSERT INTO recintos VALUES ('Calle de las flores número 977 puerta C', 'Recinto 977');
INSERT INTO recintos VALUES ('Calle de las flores número 978 puerta C', 'Recinto 978');
INSERT INTO recintos VALUES ('Calle de las flores número 979 puerta C', 'Recinto 979');
INSERT INTO recintos VALUES ('Calle de las flores número 980 puerta C', 'Recinto 980');
INSERT INTO recintos VALUES ('Calle de las flores número 981 puerta C', 'Recinto 981');
INSERT INTO recintos VALUES ('Calle de las flores número 982 puerta C', 'Recinto 982');
INSERT INTO recintos VALUES ('Calle de las flores número 983 puerta C', 'Recinto 983');
INSERT INTO recintos VALUES ('Calle de las flores número 984 puerta C', 'Recinto 984');
INSERT INTO recintos VALUES ('Calle de las flores número 985 puerta C', 'Recinto 985');
INSERT INTO recintos VALUES ('Calle de las flores número 986 puerta C', 'Recinto 986');
INSERT INTO recintos VALUES ('Calle de las flores número 987 puerta C', 'Recinto 987');
INSERT INTO recintos VALUES ('Calle de las flores número 988 puerta C', 'Recinto 988');
INSERT INTO recintos VALUES ('Calle de las flores número 989 puerta C', 'Recinto 989');
INSERT INTO recintos VALUES ('Calle de las flores número 990 puerta C', 'Recinto 990');
INSERT INTO recintos VALUES ('Calle de las flores número 991 puerta C', 'Recinto 991');
INSERT INTO recintos VALUES ('Calle de las flores número 992 puerta C', 'Recinto 992');
INSERT INTO recintos VALUES ('Calle de las flores número 993 puerta C', 'Recinto 993');
INSERT INTO recintos VALUES ('Calle de las flores número 994 puerta C', 'Recinto 994');
INSERT INTO recintos VALUES ('Calle de las flores número 995 puerta C', 'Recinto 995');
INSERT INTO recintos VALUES ('Calle de las flores número 996 puerta C', 'Recinto 996');
INSERT INTO recintos VALUES ('Calle de las flores número 997 puerta C', 'Recinto 997');
INSERT INTO recintos VALUES ('Calle de las flores número 998 puerta C', 'Recinto 998');
INSERT INTO recintos VALUES ('Calle de las flores número 999 puerta C', 'Recinto 999');
INSERT INTO horariosRecintos VALUES ('2022-09-01 18:00:00', 'Calle de las flores número 0 puerta C');
INSERT INTO horariosRecintos VALUES ('2021-09-01 18:00:00', 'Calle de las flores número 0 puerta C');
INSERT INTO horariosRecintos VALUES ('2020-09-01 03:00:00', 'Calle de las flores número 0 puerta C');
INSERT INTO horariosRecintos VALUES ('2022-09-01 18:00:00', 'Calle de las flores número 1 puerta C');
INSERT INTO horariosRecintos VALUES ('2021-09-01 18:00:00', 'Calle de las flores número 1 puerta C');
INSERT INTO horariosRecintos VALUES ('2020-09-01 03:00:00', 'Calle de las flores número 1 puerta C');
INSERT INTO horariosRecintos VALUES ('2022-09-01 18:00:00', 'Calle de las flores número 2 puerta C');
INSERT INTO horariosRecintos VALUES ('2021-09-01 18:00:00', 'Calle de las flores número 2 puerta C');
INSERT INTO horariosRecintos VALUES ('2020-09-01 03:00:00', 'Calle de las flores número 2 puerta C');
INSERT INTO horariosRecintos VALUES ('2022-09-01 18:00:00', 'Calle de las flores número 3 puerta C');
INSERT INTO horariosRecintos VALUES ('2021-09-01 18:00:00', 'Calle de las flores número 3 puerta C');
INSERT INTO horariosRecintos VALUES ('2020-09-01 03:00:00', 'Calle de las flores número 3 puerta C');
INSERT INTO horariosRecintos VALUES ('2022-09-01 18:00:00', 'Calle de las flores número 4 puerta C');
INSERT INTO horariosRecintos VALUES ('2021-09-01 18:00:00', 'Calle de las flores número 4 puerta C');
INSERT INTO horariosRecintos VALUES ('2020-09-01 03:00:00', 'Calle de las flores número 4 puerta C');
INSERT INTO horariosRecintos VALUES ('2022-09-01 18:00:00', 'Calle de las flores número 5 puerta C');
INSERT INTO horariosRecintos VALUES ('2021-09-01 18:00:00', 'Calle de las flores número 5 puerta C');
INSERT INTO horariosRecintos VALUES ('2020-09-01 03:00:00', 'Calle de las flores número 5 puerta C');
INSERT INTO horariosRecintos VALUES ('2022-09-01 18:00:00', 'Calle de las flores número 6 puerta C');
INSERT INTO horariosRecintos VALUES ('2021-09-01 18:00:00', 'Calle de las flores número 6 puerta C');
INSERT INTO horariosRecintos VALUES ('2020-09-01 03:00:00', 'Calle de las flores número 6 puerta C');
INSERT INTO horariosRecintos VALUES ('2022-09-01 18:00:00', 'Calle de las flores número 7 puerta C');
INSERT INTO horariosRecintos VALUES ('2021-09-01 18:00:00', 'Calle de las flores número 7 puerta C');
INSERT INTO horariosRecintos VALUES ('2020-09-01 03:00:00', 'Calle de las flores número 7 puerta C');
INSERT INTO horariosRecintos VALUES ('2022-09-01 18:00:00', 'Calle de las flores número 8 puerta C');
INSERT INTO horariosRecintos VALUES ('2021-09-01 18:00:00', 'Calle de las flores número 8 puerta C');
INSERT INTO horariosRecintos VALUES ('2020-09-01 03:00:00', 'Calle de las flores número 8 puerta C');
INSERT INTO horariosRecintos VALUES ('2022-09-01 18:00:00', 'Calle de las flores número 9 puerta C');
INSERT INTO horariosRecintos VALUES ('2021-09-01 18:00:00', 'Calle de las flores número 9 puerta C');
INSERT INTO horariosRecintos VALUES ('2020-09-01 03:00:00', 'Calle de las flores número 9 puerta C');
INSERT INTO horariosRecintos VALUES ('2022-09-01 18:00:00', 'Calle de las flores número 10 puerta C');
INSERT INTO horariosRecintos VALUES ('2021-09-01 18:00:00', 'Calle de las flores número 10 puerta C');
INSERT INTO horariosRecintos VALUES ('2020-09-01 03:00:00', 'Calle de las flores número 10 puerta C');
INSERT INTO horariosRecintos VALUES ('2022-09-01 18:00:00', 'Calle de las flores número 11 puerta C');
INSERT INTO horariosRecintos VALUES ('2021-09-01 18:00:00', 'Calle de las flores número 11 puerta C');
INSERT INTO horariosRecintos VALUES ('2020-09-01 03:00:00', 'Calle de las flores número 11 puerta C');
INSERT INTO horariosRecintos VALUES ('2022-09-01 18:00:00', 'Calle de las flores número 12 puerta C');
INSERT INTO horariosRecintos VALUES ('2021-09-01 18:00:00', 'Calle de las flores número 12 puerta C');
INSERT INTO horariosRecintos VALUES ('2020-09-01 03:00:00', 'Calle de las flores número 12 puerta C');
INSERT INTO horariosRecintos VALUES ('2022-09-01 18:00:00', 'Calle de las flores número 13 puerta C');
INSERT INTO horariosRecintos VALUES ('2021-09-01 18:00:00', 'Calle de las flores número 13 puerta C');
INSERT INTO horariosRecintos VALUES ('2020-09-01 03:00:00', 'Calle de las flores número 13 puerta C');
INSERT INTO horariosRecintos VALUES ('2022-09-01 18:00:00', 'Calle de las flores número 14 puerta C');
INSERT INTO horariosRecintos VALUES ('2021-09-01 18:00:00', 'Calle de las flores número 14 puerta C');
INSERT INTO horariosRecintos VALUES ('2020-09-01 03:00:00', 'Calle de las flores número 14 puerta C');
INSERT INTO horariosRecintos VALUES ('2022-09-01 18:00:00', 'Calle de las flores número 15 puerta C');
INSERT INTO horariosRecintos VALUES ('2021-09-01 18:00:00', 'Calle de las flores número 15 puerta C');
INSERT INTO horariosRecintos VALUES ('2020-09-01 03:00:00', 'Calle de las flores número 15 puerta C');
INSERT INTO horariosRecintos VALUES ('2022-09-01 18:00:00', 'Calle de las flores número 16 puerta C');
INSERT INTO horariosRecintos VALUES ('2021-09-01 18:00:00', 'Calle de las flores número 16 puerta C');
INSERT INTO horariosRecintos VALUES ('2020-09-01 03:00:00', 'Calle de las flores número 16 puerta C');
INSERT INTO horariosRecintos VALUES ('2022-09-01 18:00:00', 'Calle de las flores número 17 puerta C');
INSERT INTO horariosRecintos VALUES ('2021-09-01 18:00:00', 'Calle de las flores número 17 puerta C');
INSERT INTO horariosRecintos VALUES ('2020-09-01 03:00:00', 'Calle de las flores número 17 puerta C');
INSERT INTO horariosRecintos VALUES ('2022-09-01 18:00:00', 'Calle de las flores número 18 puerta C');
INSERT INTO horariosRecintos VALUES ('2021-09-01 18:00:00', 'Calle de las flores número 18 puerta C');
INSERT INTO horariosRecintos VALUES ('2020-09-01 03:00:00', 'Calle de las flores número 18 puerta C');
INSERT INTO horariosRecintos VALUES ('2022-09-01 18:00:00', 'Calle de las flores número 19 puerta C');
INSERT INTO horariosRecintos VALUES ('2021-09-01 18:00:00', 'Calle de las flores número 19 puerta C');
INSERT INTO horariosRecintos VALUES ('2020-09-01 03:00:00', 'Calle de las flores número 19 puerta C');
INSERT INTO horariosRecintos VALUES ('2022-09-01 18:00:00', 'Calle de las flores número 20 puerta C');
INSERT INTO horariosRecintos VALUES ('2021-09-01 18:00:00', 'Calle de las flores número 20 puerta C');
INSERT INTO horariosRecintos VALUES ('2020-09-01 03:00:00', 'Calle de las flores número 20 puerta C');
INSERT INTO horariosRecintos VALUES ('2022-09-01 18:00:00', 'Calle de las flores número 21 puerta C');
INSERT INTO horariosRecintos VALUES ('2021-09-01 18:00:00', 'Calle de las flores número 21 puerta C');
INSERT INTO horariosRecintos VALUES ('2020-09-01 03:00:00', 'Calle de las flores número 21 puerta C');
INSERT INTO horariosRecintos VALUES ('2022-09-01 18:00:00', 'Calle de las flores número 22 puerta C');
INSERT INTO horariosRecintos VALUES ('2021-09-01 18:00:00', 'Calle de las flores número 22 puerta C');
INSERT INTO horariosRecintos VALUES ('2020-09-01 03:00:00', 'Calle de las flores número 22 puerta C');
INSERT INTO horariosRecintos VALUES ('2022-09-01 18:00:00', 'Calle de las flores número 23 puerta C');
INSERT INTO horariosRecintos VALUES ('2021-09-01 18:00:00', 'Calle de las flores número 23 puerta C');
INSERT INTO horariosRecintos VALUES ('2020-09-01 03:00:00', 'Calle de las flores número 23 puerta C');
INSERT INTO horariosRecintos VALUES ('2022-09-01 18:00:00', 'Calle de las flores número 24 puerta C');
INSERT INTO horariosRecintos VALUES ('2021-09-01 18:00:00', 'Calle de las flores número 24 puerta C');
INSERT INTO horariosRecintos VALUES ('2020-09-01 03:00:00', 'Calle de las flores número 24 puerta C');
INSERT INTO horariosRecintos VALUES ('2022-09-01 18:00:00', 'Calle de las flores número 25 puerta C');
INSERT INTO horariosRecintos VALUES ('2021-09-01 18:00:00', 'Calle de las flores número 25 puerta C');
INSERT INTO horariosRecintos VALUES ('2020-09-01 03:00:00', 'Calle de las flores número 25 puerta C');
INSERT INTO horariosRecintos VALUES ('2022-09-01 18:00:00', 'Calle de las flores número 26 puerta C');
INSERT INTO horariosRecintos VALUES ('2021-09-01 18:00:00', 'Calle de las flores número 26 puerta C');
INSERT INTO horariosRecintos VALUES ('2020-09-01 03:00:00', 'Calle de las flores número 26 puerta C');
INSERT INTO horariosRecintos VALUES ('2022-09-01 18:00:00', 'Calle de las flores número 27 puerta C');
INSERT INTO horariosRecintos VALUES ('2021-09-01 18:00:00', 'Calle de las flores número 27 puerta C');
INSERT INTO horariosRecintos VALUES ('2020-09-01 03:00:00', 'Calle de las flores número 27 puerta C');
INSERT INTO horariosRecintos VALUES ('2022-09-01 18:00:00', 'Calle de las flores número 28 puerta C');
INSERT INTO horariosRecintos VALUES ('2021-09-01 18:00:00', 'Calle de las flores número 28 puerta C');
INSERT INTO horariosRecintos VALUES ('2020-09-01 03:00:00', 'Calle de las flores número 28 puerta C');
INSERT INTO horariosRecintos VALUES ('2022-09-01 18:00:00', 'Calle de las flores número 29 puerta C');
INSERT INTO horariosRecintos VALUES ('2021-09-01 18:00:00', 'Calle de las flores número 29 puerta C');
INSERT INTO horariosRecintos VALUES ('2020-09-01 03:00:00', 'Calle de las flores número 29 puerta C');
INSERT INTO horariosRecintos VALUES ('2022-09-01 18:00:00', 'Calle de las flores número 30 puerta C');
INSERT INTO horariosRecintos VALUES ('2021-09-01 18:00:00', 'Calle de las flores número 30 puerta C');
INSERT INTO horariosRecintos VALUES ('2020-09-01 03:00:00', 'Calle de las flores número 30 puerta C');
INSERT INTO horariosRecintos VALUES ('2022-09-01 18:00:00', 'Calle de las flores número 31 puerta C');
INSERT INTO horariosRecintos VALUES ('2021-09-01 18:00:00', 'Calle de las flores número 31 puerta C');
INSERT INTO horariosRecintos VALUES ('2020-09-01 03:00:00', 'Calle de las flores número 31 puerta C');
INSERT INTO horariosRecintos VALUES ('2022-09-01 18:00:00', 'Calle de las flores número 32 puerta C');
INSERT INTO horariosRecintos VALUES ('2021-09-01 18:00:00', 'Calle de las flores número 32 puerta C');
INSERT INTO horariosRecintos VALUES ('2020-09-01 03:00:00', 'Calle de las flores número 32 puerta C');
INSERT INTO horariosRecintos VALUES ('2022-09-01 18:00:00', 'Calle de las flores número 33 puerta C');
INSERT INTO horariosRecintos VALUES ('2021-09-01 18:00:00', 'Calle de las flores número 33 puerta C');
INSERT INTO horariosRecintos VALUES ('2020-09-01 03:00:00', 'Calle de las flores número 33 puerta C');
INSERT INTO horariosRecintos VALUES ('2022-09-01 18:00:00', 'Calle de las flores número 34 puerta C');
INSERT INTO horariosRecintos VALUES ('2021-09-01 18:00:00', 'Calle de las flores número 34 puerta C');
INSERT INTO horariosRecintos VALUES ('2020-09-01 03:00:00', 'Calle de las flores número 34 puerta C');
INSERT INTO horariosRecintos VALUES ('2022-09-01 18:00:00', 'Calle de las flores número 35 puerta C');
INSERT INTO horariosRecintos VALUES ('2021-09-01 18:00:00', 'Calle de las flores número 35 puerta C');
INSERT INTO horariosRecintos VALUES ('2020-09-01 03:00:00', 'Calle de las flores número 35 puerta C');
INSERT INTO horariosRecintos VALUES ('2022-09-01 18:00:00', 'Calle de las flores número 36 puerta C');
INSERT INTO horariosRecintos VALUES ('2021-09-01 18:00:00', 'Calle de las flores número 36 puerta C');
INSERT INTO horariosRecintos VALUES ('2020-09-01 03:00:00', 'Calle de las flores número 36 puerta C');
INSERT INTO horariosRecintos VALUES ('2022-09-01 18:00:00', 'Calle de las flores número 37 puerta C');
INSERT INTO horariosRecintos VALUES ('2021-09-01 18:00:00', 'Calle de las flores número 37 puerta C');
INSERT INTO horariosRecintos VALUES ('2020-09-01 03:00:00', 'Calle de las flores número 37 puerta C');
INSERT INTO horariosRecintos VALUES ('2022-09-01 18:00:00', 'Calle de las flores número 38 puerta C');
INSERT INTO horariosRecintos VALUES ('2021-09-01 18:00:00', 'Calle de las flores número 38 puerta C');
INSERT INTO horariosRecintos VALUES ('2020-09-01 03:00:00', 'Calle de las flores número 38 puerta C');
INSERT INTO horariosRecintos VALUES ('2022-09-01 18:00:00', 'Calle de las flores número 39 puerta C');
INSERT INTO horariosRecintos VALUES ('2021-09-01 18:00:00', 'Calle de las flores número 39 puerta C');
INSERT INTO horariosRecintos VALUES ('2020-09-01 03:00:00', 'Calle de las flores número 39 puerta C');
INSERT INTO horariosRecintos VALUES ('2022-09-01 18:00:00', 'Calle de las flores número 40 puerta C');
INSERT INTO horariosRecintos VALUES ('2021-09-01 18:00:00', 'Calle de las flores número 40 puerta C');
INSERT INTO horariosRecintos VALUES ('2020-09-01 03:00:00', 'Calle de las flores número 40 puerta C');
INSERT INTO horariosRecintos VALUES ('2022-09-01 18:00:00', 'Calle de las flores número 41 puerta C');
INSERT INTO horariosRecintos VALUES ('2021-09-01 18:00:00', 'Calle de las flores número 41 puerta C');
INSERT INTO horariosRecintos VALUES ('2020-09-01 03:00:00', 'Calle de las flores número 41 puerta C');
INSERT INTO horariosRecintos VALUES ('2022-09-01 18:00:00', 'Calle de las flores número 42 puerta C');
INSERT INTO horariosRecintos VALUES ('2021-09-01 18:00:00', 'Calle de las flores número 42 puerta C');
INSERT INTO horariosRecintos VALUES ('2020-09-01 03:00:00', 'Calle de las flores número 42 puerta C');
INSERT INTO horariosRecintos VALUES ('2022-09-01 18:00:00', 'Calle de las flores número 43 puerta C');
INSERT INTO horariosRecintos VALUES ('2021-09-01 18:00:00', 'Calle de las flores número 43 puerta C');
INSERT INTO horariosRecintos VALUES ('2020-09-01 03:00:00', 'Calle de las flores número 43 puerta C');
INSERT INTO horariosRecintos VALUES ('2022-09-01 18:00:00', 'Calle de las flores número 44 puerta C');
INSERT INTO horariosRecintos VALUES ('2021-09-01 18:00:00', 'Calle de las flores número 44 puerta C');
INSERT INTO horariosRecintos VALUES ('2020-09-01 03:00:00', 'Calle de las flores número 44 puerta C');
INSERT INTO horariosRecintos VALUES ('2022-09-01 18:00:00', 'Calle de las flores número 45 puerta C');
INSERT INTO horariosRecintos VALUES ('2021-09-01 18:00:00', 'Calle de las flores número 45 puerta C');
INSERT INTO horariosRecintos VALUES ('2020-09-01 03:00:00', 'Calle de las flores número 45 puerta C');
INSERT INTO horariosRecintos VALUES ('2022-09-01 18:00:00', 'Calle de las flores número 46 puerta C');
INSERT INTO horariosRecintos VALUES ('2021-09-01 18:00:00', 'Calle de las flores número 46 puerta C');
INSERT INTO horariosRecintos VALUES ('2020-09-01 03:00:00', 'Calle de las flores número 46 puerta C');
INSERT INTO horariosRecintos VALUES ('2022-09-01 18:00:00', 'Calle de las flores número 47 puerta C');
INSERT INTO horariosRecintos VALUES ('2021-09-01 18:00:00', 'Calle de las flores número 47 puerta C');
INSERT INTO horariosRecintos VALUES ('2020-09-01 03:00:00', 'Calle de las flores número 47 puerta C');
INSERT INTO horariosRecintos VALUES ('2022-09-01 18:00:00', 'Calle de las flores número 48 puerta C');
INSERT INTO horariosRecintos VALUES ('2021-09-01 18:00:00', 'Calle de las flores número 48 puerta C');
INSERT INTO horariosRecintos VALUES ('2020-09-01 03:00:00', 'Calle de las flores número 48 puerta C');
INSERT INTO horariosRecintos VALUES ('2022-09-01 18:00:00', 'Calle de las flores número 49 puerta C');
INSERT INTO horariosRecintos VALUES ('2021-09-01 18:00:00', 'Calle de las flores número 49 puerta C');
INSERT INTO horariosRecintos VALUES ('2020-09-01 03:00:00', 'Calle de las flores número 49 puerta C');
INSERT INTO horariosRecintos VALUES ('2022-09-01 18:00:00', 'Calle de las flores número 50 puerta C');
INSERT INTO horariosRecintos VALUES ('2021-09-01 18:00:00', 'Calle de las flores número 50 puerta C');
INSERT INTO horariosRecintos VALUES ('2020-09-01 03:00:00', 'Calle de las flores número 50 puerta C');
INSERT INTO horariosRecintos VALUES ('2022-09-01 18:00:00', 'Calle de las flores número 51 puerta C');
INSERT INTO horariosRecintos VALUES ('2021-09-01 18:00:00', 'Calle de las flores número 51 puerta C');
INSERT INTO horariosRecintos VALUES ('2020-09-01 03:00:00', 'Calle de las flores número 51 puerta C');
INSERT INTO horariosRecintos VALUES ('2022-09-01 18:00:00', 'Calle de las flores número 52 puerta C');
INSERT INTO horariosRecintos VALUES ('2021-09-01 18:00:00', 'Calle de las flores número 52 puerta C');
INSERT INTO horariosRecintos VALUES ('2020-09-01 03:00:00', 'Calle de las flores número 52 puerta C');
INSERT INTO horariosRecintos VALUES ('2022-09-01 18:00:00', 'Calle de las flores número 53 puerta C');
INSERT INTO horariosRecintos VALUES ('2021-09-01 18:00:00', 'Calle de las flores número 53 puerta C');
INSERT INTO horariosRecintos VALUES ('2020-09-01 03:00:00', 'Calle de las flores número 53 puerta C');
INSERT INTO horariosRecintos VALUES ('2022-09-01 18:00:00', 'Calle de las flores número 54 puerta C');
INSERT INTO horariosRecintos VALUES ('2021-09-01 18:00:00', 'Calle de las flores número 54 puerta C');
INSERT INTO horariosRecintos VALUES ('2020-09-01 03:00:00', 'Calle de las flores número 54 puerta C');
INSERT INTO horariosRecintos VALUES ('2022-09-01 18:00:00', 'Calle de las flores número 55 puerta C');
INSERT INTO horariosRecintos VALUES ('2021-09-01 18:00:00', 'Calle de las flores número 55 puerta C');
INSERT INTO horariosRecintos VALUES ('2020-09-01 03:00:00', 'Calle de las flores número 55 puerta C');
INSERT INTO horariosRecintos VALUES ('2022-09-01 18:00:00', 'Calle de las flores número 56 puerta C');
INSERT INTO horariosRecintos VALUES ('2021-09-01 18:00:00', 'Calle de las flores número 56 puerta C');
INSERT INTO horariosRecintos VALUES ('2020-09-01 03:00:00', 'Calle de las flores número 56 puerta C');
INSERT INTO horariosRecintos VALUES ('2022-09-01 18:00:00', 'Calle de las flores número 57 puerta C');
INSERT INTO horariosRecintos VALUES ('2021-09-01 18:00:00', 'Calle de las flores número 57 puerta C');
INSERT INTO horariosRecintos VALUES ('2020-09-01 03:00:00', 'Calle de las flores número 57 puerta C');
INSERT INTO horariosRecintos VALUES ('2022-09-01 18:00:00', 'Calle de las flores número 58 puerta C');
INSERT INTO horariosRecintos VALUES ('2021-09-01 18:00:00', 'Calle de las flores número 58 puerta C');
INSERT INTO horariosRecintos VALUES ('2020-09-01 03:00:00', 'Calle de las flores número 58 puerta C');
INSERT INTO horariosRecintos VALUES ('2022-09-01 18:00:00', 'Calle de las flores número 59 puerta C');
INSERT INTO horariosRecintos VALUES ('2021-09-01 18:00:00', 'Calle de las flores número 59 puerta C');
INSERT INTO horariosRecintos VALUES ('2020-09-01 03:00:00', 'Calle de las flores número 59 puerta C');
INSERT INTO horariosRecintos VALUES ('2022-09-01 18:00:00', 'Calle de las flores número 60 puerta C');
INSERT INTO horariosRecintos VALUES ('2021-09-01 18:00:00', 'Calle de las flores número 60 puerta C');
INSERT INTO horariosRecintos VALUES ('2020-09-01 03:00:00', 'Calle de las flores número 60 puerta C');
INSERT INTO horariosRecintos VALUES ('2022-09-01 18:00:00', 'Calle de las flores número 61 puerta C');
INSERT INTO horariosRecintos VALUES ('2021-09-01 18:00:00', 'Calle de las flores número 61 puerta C');
INSERT INTO horariosRecintos VALUES ('2020-09-01 03:00:00', 'Calle de las flores número 61 puerta C');
INSERT INTO horariosRecintos VALUES ('2022-09-01 18:00:00', 'Calle de las flores número 62 puerta C');
INSERT INTO horariosRecintos VALUES ('2021-09-01 18:00:00', 'Calle de las flores número 62 puerta C');
INSERT INTO horariosRecintos VALUES ('2020-09-01 03:00:00', 'Calle de las flores número 62 puerta C');
INSERT INTO horariosRecintos VALUES ('2022-09-01 18:00:00', 'Calle de las flores número 63 puerta C');
INSERT INTO horariosRecintos VALUES ('2021-09-01 18:00:00', 'Calle de las flores número 63 puerta C');
INSERT INTO horariosRecintos VALUES ('2020-09-01 03:00:00', 'Calle de las flores número 63 puerta C');
INSERT INTO horariosRecintos VALUES ('2022-09-01 18:00:00', 'Calle de las flores número 64 puerta C');
INSERT INTO horariosRecintos VALUES ('2021-09-01 18:00:00', 'Calle de las flores número 64 puerta C');
INSERT INTO horariosRecintos VALUES ('2020-09-01 03:00:00', 'Calle de las flores número 64 puerta C');
INSERT INTO horariosRecintos VALUES ('2022-09-01 18:00:00', 'Calle de las flores número 65 puerta C');
INSERT INTO horariosRecintos VALUES ('2021-09-01 18:00:00', 'Calle de las flores número 65 puerta C');
INSERT INTO horariosRecintos VALUES ('2020-09-01 03:00:00', 'Calle de las flores número 65 puerta C');
INSERT INTO horariosRecintos VALUES ('2022-09-01 18:00:00', 'Calle de las flores número 66 puerta C');
INSERT INTO horariosRecintos VALUES ('2021-09-01 18:00:00', 'Calle de las flores número 66 puerta C');
INSERT INTO horariosRecintos VALUES ('2020-09-01 03:00:00', 'Calle de las flores número 66 puerta C');
INSERT INTO horariosRecintos VALUES ('2022-09-01 18:00:00', 'Calle de las flores número 67 puerta C');
INSERT INTO horariosRecintos VALUES ('2021-09-01 18:00:00', 'Calle de las flores número 67 puerta C');
INSERT INTO horariosRecintos VALUES ('2020-09-01 03:00:00', 'Calle de las flores número 67 puerta C');
INSERT INTO horariosRecintos VALUES ('2022-09-01 18:00:00', 'Calle de las flores número 68 puerta C');
INSERT INTO horariosRecintos VALUES ('2021-09-01 18:00:00', 'Calle de las flores número 68 puerta C');
INSERT INTO horariosRecintos VALUES ('2020-09-01 03:00:00', 'Calle de las flores número 68 puerta C');
INSERT INTO horariosRecintos VALUES ('2022-09-01 18:00:00', 'Calle de las flores número 69 puerta C');
INSERT INTO horariosRecintos VALUES ('2021-09-01 18:00:00', 'Calle de las flores número 69 puerta C');
INSERT INTO horariosRecintos VALUES ('2020-09-01 03:00:00', 'Calle de las flores número 69 puerta C');
INSERT INTO horariosRecintos VALUES ('2022-09-01 18:00:00', 'Calle de las flores número 70 puerta C');
INSERT INTO horariosRecintos VALUES ('2021-09-01 18:00:00', 'Calle de las flores número 70 puerta C');
INSERT INTO horariosRecintos VALUES ('2020-09-01 03:00:00', 'Calle de las flores número 70 puerta C');
INSERT INTO horariosRecintos VALUES ('2022-09-01 18:00:00', 'Calle de las flores número 71 puerta C');
INSERT INTO horariosRecintos VALUES ('2021-09-01 18:00:00', 'Calle de las flores número 71 puerta C');
INSERT INTO horariosRecintos VALUES ('2020-09-01 03:00:00', 'Calle de las flores número 71 puerta C');
INSERT INTO horariosRecintos VALUES ('2022-09-01 18:00:00', 'Calle de las flores número 72 puerta C');
INSERT INTO horariosRecintos VALUES ('2021-09-01 18:00:00', 'Calle de las flores número 72 puerta C');
INSERT INTO horariosRecintos VALUES ('2020-09-01 03:00:00', 'Calle de las flores número 72 puerta C');
INSERT INTO horariosRecintos VALUES ('2022-09-01 18:00:00', 'Calle de las flores número 73 puerta C');
INSERT INTO horariosRecintos VALUES ('2021-09-01 18:00:00', 'Calle de las flores número 73 puerta C');
INSERT INTO horariosRecintos VALUES ('2020-09-01 03:00:00', 'Calle de las flores número 73 puerta C');
INSERT INTO horariosRecintos VALUES ('2022-09-01 18:00:00', 'Calle de las flores número 74 puerta C');
INSERT INTO horariosRecintos VALUES ('2021-09-01 18:00:00', 'Calle de las flores número 74 puerta C');
INSERT INTO horariosRecintos VALUES ('2020-09-01 03:00:00', 'Calle de las flores número 74 puerta C');
INSERT INTO horariosRecintos VALUES ('2022-09-01 18:00:00', 'Calle de las flores número 75 puerta C');
INSERT INTO horariosRecintos VALUES ('2021-09-01 18:00:00', 'Calle de las flores número 75 puerta C');
INSERT INTO horariosRecintos VALUES ('2020-09-01 03:00:00', 'Calle de las flores número 75 puerta C');
INSERT INTO horariosRecintos VALUES ('2022-09-01 18:00:00', 'Calle de las flores número 76 puerta C');
INSERT INTO horariosRecintos VALUES ('2021-09-01 18:00:00', 'Calle de las flores número 76 puerta C');
INSERT INTO horariosRecintos VALUES ('2020-09-01 03:00:00', 'Calle de las flores número 76 puerta C');
INSERT INTO horariosRecintos VALUES ('2022-09-01 18:00:00', 'Calle de las flores número 77 puerta C');
INSERT INTO horariosRecintos VALUES ('2021-09-01 18:00:00', 'Calle de las flores número 77 puerta C');
INSERT INTO horariosRecintos VALUES ('2020-09-01 03:00:00', 'Calle de las flores número 77 puerta C');
INSERT INTO horariosRecintos VALUES ('2022-09-01 18:00:00', 'Calle de las flores número 78 puerta C');
INSERT INTO horariosRecintos VALUES ('2021-09-01 18:00:00', 'Calle de las flores número 78 puerta C');
INSERT INTO horariosRecintos VALUES ('2020-09-01 03:00:00', 'Calle de las flores número 78 puerta C');
INSERT INTO horariosRecintos VALUES ('2022-09-01 18:00:00', 'Calle de las flores número 79 puerta C');
INSERT INTO horariosRecintos VALUES ('2021-09-01 18:00:00', 'Calle de las flores número 79 puerta C');
INSERT INTO horariosRecintos VALUES ('2020-09-01 03:00:00', 'Calle de las flores número 79 puerta C');
INSERT INTO horariosRecintos VALUES ('2022-09-01 18:00:00', 'Calle de las flores número 80 puerta C');
INSERT INTO horariosRecintos VALUES ('2021-09-01 18:00:00', 'Calle de las flores número 80 puerta C');
INSERT INTO horariosRecintos VALUES ('2020-09-01 03:00:00', 'Calle de las flores número 80 puerta C');
INSERT INTO horariosRecintos VALUES ('2022-09-01 18:00:00', 'Calle de las flores número 81 puerta C');
INSERT INTO horariosRecintos VALUES ('2021-09-01 18:00:00', 'Calle de las flores número 81 puerta C');
INSERT INTO horariosRecintos VALUES ('2020-09-01 03:00:00', 'Calle de las flores número 81 puerta C');
INSERT INTO horariosRecintos VALUES ('2022-09-01 18:00:00', 'Calle de las flores número 82 puerta C');
INSERT INTO horariosRecintos VALUES ('2021-09-01 18:00:00', 'Calle de las flores número 82 puerta C');
INSERT INTO horariosRecintos VALUES ('2020-09-01 03:00:00', 'Calle de las flores número 82 puerta C');
INSERT INTO horariosRecintos VALUES ('2022-09-01 18:00:00', 'Calle de las flores número 83 puerta C');
INSERT INTO horariosRecintos VALUES ('2021-09-01 18:00:00', 'Calle de las flores número 83 puerta C');
INSERT INTO horariosRecintos VALUES ('2020-09-01 03:00:00', 'Calle de las flores número 83 puerta C');
INSERT INTO horariosRecintos VALUES ('2022-09-01 18:00:00', 'Calle de las flores número 84 puerta C');
INSERT INTO horariosRecintos VALUES ('2021-09-01 18:00:00', 'Calle de las flores número 84 puerta C');
INSERT INTO horariosRecintos VALUES ('2020-09-01 03:00:00', 'Calle de las flores número 84 puerta C');
INSERT INTO horariosRecintos VALUES ('2022-09-01 18:00:00', 'Calle de las flores número 85 puerta C');
INSERT INTO horariosRecintos VALUES ('2021-09-01 18:00:00', 'Calle de las flores número 85 puerta C');
INSERT INTO horariosRecintos VALUES ('2020-09-01 03:00:00', 'Calle de las flores número 85 puerta C');
INSERT INTO horariosRecintos VALUES ('2022-09-01 18:00:00', 'Calle de las flores número 86 puerta C');
INSERT INTO horariosRecintos VALUES ('2021-09-01 18:00:00', 'Calle de las flores número 86 puerta C');
INSERT INTO horariosRecintos VALUES ('2020-09-01 03:00:00', 'Calle de las flores número 86 puerta C');
INSERT INTO horariosRecintos VALUES ('2022-09-01 18:00:00', 'Calle de las flores número 87 puerta C');
INSERT INTO horariosRecintos VALUES ('2021-09-01 18:00:00', 'Calle de las flores número 87 puerta C');
INSERT INTO horariosRecintos VALUES ('2020-09-01 03:00:00', 'Calle de las flores número 87 puerta C');
INSERT INTO horariosRecintos VALUES ('2022-09-01 18:00:00', 'Calle de las flores número 88 puerta C');
INSERT INTO horariosRecintos VALUES ('2021-09-01 18:00:00', 'Calle de las flores número 88 puerta C');
INSERT INTO horariosRecintos VALUES ('2020-09-01 03:00:00', 'Calle de las flores número 88 puerta C');
INSERT INTO horariosRecintos VALUES ('2022-09-01 18:00:00', 'Calle de las flores número 89 puerta C');
INSERT INTO horariosRecintos VALUES ('2021-09-01 18:00:00', 'Calle de las flores número 89 puerta C');
INSERT INTO horariosRecintos VALUES ('2020-09-01 03:00:00', 'Calle de las flores número 89 puerta C');
INSERT INTO horariosRecintos VALUES ('2022-09-01 18:00:00', 'Calle de las flores número 90 puerta C');
INSERT INTO horariosRecintos VALUES ('2021-09-01 18:00:00', 'Calle de las flores número 90 puerta C');
INSERT INTO horariosRecintos VALUES ('2020-09-01 03:00:00', 'Calle de las flores número 90 puerta C');
INSERT INTO horariosRecintos VALUES ('2022-09-01 18:00:00', 'Calle de las flores número 91 puerta C');
INSERT INTO horariosRecintos VALUES ('2021-09-01 18:00:00', 'Calle de las flores número 91 puerta C');
INSERT INTO horariosRecintos VALUES ('2020-09-01 03:00:00', 'Calle de las flores número 91 puerta C');
INSERT INTO horariosRecintos VALUES ('2022-09-01 18:00:00', 'Calle de las flores número 92 puerta C');
INSERT INTO horariosRecintos VALUES ('2021-09-01 18:00:00', 'Calle de las flores número 92 puerta C');
INSERT INTO horariosRecintos VALUES ('2020-09-01 03:00:00', 'Calle de las flores número 92 puerta C');
INSERT INTO horariosRecintos VALUES ('2022-09-01 18:00:00', 'Calle de las flores número 93 puerta C');
INSERT INTO horariosRecintos VALUES ('2021-09-01 18:00:00', 'Calle de las flores número 93 puerta C');
INSERT INTO horariosRecintos VALUES ('2020-09-01 03:00:00', 'Calle de las flores número 93 puerta C');
INSERT INTO horariosRecintos VALUES ('2022-09-01 18:00:00', 'Calle de las flores número 94 puerta C');
INSERT INTO horariosRecintos VALUES ('2021-09-01 18:00:00', 'Calle de las flores número 94 puerta C');
INSERT INTO horariosRecintos VALUES ('2020-09-01 03:00:00', 'Calle de las flores número 94 puerta C');
INSERT INTO horariosRecintos VALUES ('2022-09-01 18:00:00', 'Calle de las flores número 95 puerta C');
INSERT INTO horariosRecintos VALUES ('2021-09-01 18:00:00', 'Calle de las flores número 95 puerta C');
INSERT INTO horariosRecintos VALUES ('2020-09-01 03:00:00', 'Calle de las flores número 95 puerta C');
INSERT INTO horariosRecintos VALUES ('2022-09-01 18:00:00', 'Calle de las flores número 96 puerta C');
INSERT INTO horariosRecintos VALUES ('2021-09-01 18:00:00', 'Calle de las flores número 96 puerta C');
INSERT INTO horariosRecintos VALUES ('2020-09-01 03:00:00', 'Calle de las flores número 96 puerta C');
INSERT INTO horariosRecintos VALUES ('2022-09-01 18:00:00', 'Calle de las flores número 97 puerta C');
INSERT INTO horariosRecintos VALUES ('2021-09-01 18:00:00', 'Calle de las flores número 97 puerta C');
INSERT INTO horariosRecintos VALUES ('2020-09-01 03:00:00', 'Calle de las flores número 97 puerta C');
INSERT INTO horariosRecintos VALUES ('2022-09-01 18:00:00', 'Calle de las flores número 98 puerta C');
INSERT INTO horariosRecintos VALUES ('2021-09-01 18:00:00', 'Calle de las flores número 98 puerta C');
INSERT INTO horariosRecintos VALUES ('2020-09-01 03:00:00', 'Calle de las flores número 98 puerta C');
INSERT INTO horariosRecintos VALUES ('2022-09-01 18:00:00', 'Calle de las flores número 99 puerta C');
INSERT INTO horariosRecintos VALUES ('2021-09-01 18:00:00', 'Calle de las flores número 99 puerta C');
INSERT INTO horariosRecintos VALUES ('2020-09-01 03:00:00', 'Calle de las flores número 99 puerta C');
INSERT INTO horariosRecintos VALUES ('2022-09-01 18:00:00', 'Calle de las flores número 100 puerta C');
INSERT INTO horariosRecintos VALUES ('2021-09-01 18:00:00', 'Calle de las flores número 100 puerta C');
INSERT INTO horariosRecintos VALUES ('2020-09-01 03:00:00', 'Calle de las flores número 100 puerta C');
INSERT INTO horariosRecintos VALUES ('2022-09-01 18:00:00', 'Calle de las flores número 101 puerta C');
INSERT INTO horariosRecintos VALUES ('2021-09-01 18:00:00', 'Calle de las flores número 101 puerta C');
INSERT INTO horariosRecintos VALUES ('2020-09-01 03:00:00', 'Calle de las flores número 101 puerta C');
INSERT INTO horariosRecintos VALUES ('2022-09-01 18:00:00', 'Calle de las flores número 102 puerta C');
INSERT INTO horariosRecintos VALUES ('2021-09-01 18:00:00', 'Calle de las flores número 102 puerta C');
INSERT INTO horariosRecintos VALUES ('2020-09-01 03:00:00', 'Calle de las flores número 102 puerta C');
INSERT INTO horariosRecintos VALUES ('2022-09-01 18:00:00', 'Calle de las flores número 103 puerta C');
INSERT INTO horariosRecintos VALUES ('2021-09-01 18:00:00', 'Calle de las flores número 103 puerta C');
INSERT INTO horariosRecintos VALUES ('2020-09-01 03:00:00', 'Calle de las flores número 103 puerta C');
INSERT INTO horariosRecintos VALUES ('2022-09-01 18:00:00', 'Calle de las flores número 104 puerta C');
INSERT INTO horariosRecintos VALUES ('2021-09-01 18:00:00', 'Calle de las flores número 104 puerta C');
INSERT INTO horariosRecintos VALUES ('2020-09-01 03:00:00', 'Calle de las flores número 104 puerta C');
INSERT INTO horariosRecintos VALUES ('2022-09-01 18:00:00', 'Calle de las flores número 105 puerta C');
INSERT INTO horariosRecintos VALUES ('2021-09-01 18:00:00', 'Calle de las flores número 105 puerta C');
INSERT INTO horariosRecintos VALUES ('2020-09-01 03:00:00', 'Calle de las flores número 105 puerta C');
INSERT INTO horariosRecintos VALUES ('2022-09-01 18:00:00', 'Calle de las flores número 106 puerta C');
INSERT INTO horariosRecintos VALUES ('2021-09-01 18:00:00', 'Calle de las flores número 106 puerta C');
INSERT INTO horariosRecintos VALUES ('2020-09-01 03:00:00', 'Calle de las flores número 106 puerta C');
INSERT INTO horariosRecintos VALUES ('2022-09-01 18:00:00', 'Calle de las flores número 107 puerta C');
INSERT INTO horariosRecintos VALUES ('2021-09-01 18:00:00', 'Calle de las flores número 107 puerta C');
INSERT INTO horariosRecintos VALUES ('2020-09-01 03:00:00', 'Calle de las flores número 107 puerta C');
INSERT INTO horariosRecintos VALUES ('2022-09-01 18:00:00', 'Calle de las flores número 108 puerta C');
INSERT INTO horariosRecintos VALUES ('2021-09-01 18:00:00', 'Calle de las flores número 108 puerta C');
INSERT INTO horariosRecintos VALUES ('2020-09-01 03:00:00', 'Calle de las flores número 108 puerta C');
INSERT INTO horariosRecintos VALUES ('2022-09-01 18:00:00', 'Calle de las flores número 109 puerta C');
INSERT INTO horariosRecintos VALUES ('2021-09-01 18:00:00', 'Calle de las flores número 109 puerta C');
INSERT INTO horariosRecintos VALUES ('2020-09-01 03:00:00', 'Calle de las flores número 109 puerta C');
INSERT INTO horariosRecintos VALUES ('2022-09-01 18:00:00', 'Calle de las flores número 110 puerta C');
INSERT INTO horariosRecintos VALUES ('2021-09-01 18:00:00', 'Calle de las flores número 110 puerta C');
INSERT INTO horariosRecintos VALUES ('2020-09-01 03:00:00', 'Calle de las flores número 110 puerta C');
INSERT INTO horariosRecintos VALUES ('2022-09-01 18:00:00', 'Calle de las flores número 111 puerta C');
INSERT INTO horariosRecintos VALUES ('2021-09-01 18:00:00', 'Calle de las flores número 111 puerta C');
INSERT INTO horariosRecintos VALUES ('2020-09-01 03:00:00', 'Calle de las flores número 111 puerta C');
INSERT INTO horariosRecintos VALUES ('2022-09-01 18:00:00', 'Calle de las flores número 112 puerta C');
INSERT INTO horariosRecintos VALUES ('2021-09-01 18:00:00', 'Calle de las flores número 112 puerta C');
INSERT INTO horariosRecintos VALUES ('2020-09-01 03:00:00', 'Calle de las flores número 112 puerta C');
INSERT INTO horariosRecintos VALUES ('2022-09-01 18:00:00', 'Calle de las flores número 113 puerta C');
INSERT INTO horariosRecintos VALUES ('2021-09-01 18:00:00', 'Calle de las flores número 113 puerta C');
INSERT INTO horariosRecintos VALUES ('2020-09-01 03:00:00', 'Calle de las flores número 113 puerta C');
INSERT INTO horariosRecintos VALUES ('2022-09-01 18:00:00', 'Calle de las flores número 114 puerta C');
INSERT INTO horariosRecintos VALUES ('2021-09-01 18:00:00', 'Calle de las flores número 114 puerta C');
INSERT INTO horariosRecintos VALUES ('2020-09-01 03:00:00', 'Calle de las flores número 114 puerta C');
INSERT INTO horariosRecintos VALUES ('2022-09-01 18:00:00', 'Calle de las flores número 115 puerta C');
INSERT INTO horariosRecintos VALUES ('2021-09-01 18:00:00', 'Calle de las flores número 115 puerta C');
INSERT INTO horariosRecintos VALUES ('2020-09-01 03:00:00', 'Calle de las flores número 115 puerta C');
INSERT INTO horariosRecintos VALUES ('2022-09-01 18:00:00', 'Calle de las flores número 116 puerta C');
INSERT INTO horariosRecintos VALUES ('2021-09-01 18:00:00', 'Calle de las flores número 116 puerta C');
INSERT INTO horariosRecintos VALUES ('2020-09-01 03:00:00', 'Calle de las flores número 116 puerta C');
INSERT INTO horariosRecintos VALUES ('2022-09-01 18:00:00', 'Calle de las flores número 117 puerta C');
INSERT INTO horariosRecintos VALUES ('2021-09-01 18:00:00', 'Calle de las flores número 117 puerta C');
INSERT INTO horariosRecintos VALUES ('2020-09-01 03:00:00', 'Calle de las flores número 117 puerta C');
INSERT INTO horariosRecintos VALUES ('2022-09-01 18:00:00', 'Calle de las flores número 118 puerta C');
INSERT INTO horariosRecintos VALUES ('2021-09-01 18:00:00', 'Calle de las flores número 118 puerta C');
INSERT INTO horariosRecintos VALUES ('2020-09-01 03:00:00', 'Calle de las flores número 118 puerta C');
INSERT INTO horariosRecintos VALUES ('2022-09-01 18:00:00', 'Calle de las flores número 119 puerta C');
INSERT INTO horariosRecintos VALUES ('2021-09-01 18:00:00', 'Calle de las flores número 119 puerta C');
INSERT INTO horariosRecintos VALUES ('2020-09-01 03:00:00', 'Calle de las flores número 119 puerta C');
INSERT INTO horariosRecintos VALUES ('2022-09-01 18:00:00', 'Calle de las flores número 120 puerta C');
INSERT INTO horariosRecintos VALUES ('2021-09-01 18:00:00', 'Calle de las flores número 120 puerta C');
INSERT INTO horariosRecintos VALUES ('2020-09-01 03:00:00', 'Calle de las flores número 120 puerta C');
INSERT INTO horariosRecintos VALUES ('2022-09-01 18:00:00', 'Calle de las flores número 121 puerta C');
INSERT INTO horariosRecintos VALUES ('2021-09-01 18:00:00', 'Calle de las flores número 121 puerta C');
INSERT INTO horariosRecintos VALUES ('2020-09-01 03:00:00', 'Calle de las flores número 121 puerta C');
INSERT INTO horariosRecintos VALUES ('2022-09-01 18:00:00', 'Calle de las flores número 122 puerta C');
INSERT INTO horariosRecintos VALUES ('2021-09-01 18:00:00', 'Calle de las flores número 122 puerta C');
INSERT INTO horariosRecintos VALUES ('2020-09-01 03:00:00', 'Calle de las flores número 122 puerta C');
INSERT INTO horariosRecintos VALUES ('2022-09-01 18:00:00', 'Calle de las flores número 123 puerta C');
INSERT INTO horariosRecintos VALUES ('2021-09-01 18:00:00', 'Calle de las flores número 123 puerta C');
INSERT INTO horariosRecintos VALUES ('2020-09-01 03:00:00', 'Calle de las flores número 123 puerta C');
INSERT INTO horariosRecintos VALUES ('2022-09-01 18:00:00', 'Calle de las flores número 124 puerta C');
INSERT INTO horariosRecintos VALUES ('2021-09-01 18:00:00', 'Calle de las flores número 124 puerta C');
INSERT INTO horariosRecintos VALUES ('2020-09-01 03:00:00', 'Calle de las flores número 124 puerta C');
INSERT INTO horariosRecintos VALUES ('2022-09-01 18:00:00', 'Calle de las flores número 125 puerta C');
INSERT INTO horariosRecintos VALUES ('2021-09-01 18:00:00', 'Calle de las flores número 125 puerta C');
INSERT INTO horariosRecintos VALUES ('2020-09-01 03:00:00', 'Calle de las flores número 125 puerta C');
INSERT INTO horariosRecintos VALUES ('2022-09-01 18:00:00', 'Calle de las flores número 126 puerta C');
INSERT INTO horariosRecintos VALUES ('2021-09-01 18:00:00', 'Calle de las flores número 126 puerta C');
INSERT INTO horariosRecintos VALUES ('2020-09-01 03:00:00', 'Calle de las flores número 126 puerta C');
INSERT INTO horariosRecintos VALUES ('2022-09-01 18:00:00', 'Calle de las flores número 127 puerta C');
INSERT INTO horariosRecintos VALUES ('2021-09-01 18:00:00', 'Calle de las flores número 127 puerta C');
INSERT INTO horariosRecintos VALUES ('2020-09-01 03:00:00', 'Calle de las flores número 127 puerta C');
INSERT INTO horariosRecintos VALUES ('2022-09-01 18:00:00', 'Calle de las flores número 128 puerta C');
INSERT INTO horariosRecintos VALUES ('2021-09-01 18:00:00', 'Calle de las flores número 128 puerta C');
INSERT INTO horariosRecintos VALUES ('2020-09-01 03:00:00', 'Calle de las flores número 128 puerta C');
INSERT INTO horariosRecintos VALUES ('2022-09-01 18:00:00', 'Calle de las flores número 129 puerta C');
INSERT INTO horariosRecintos VALUES ('2021-09-01 18:00:00', 'Calle de las flores número 129 puerta C');
INSERT INTO horariosRecintos VALUES ('2020-09-01 03:00:00', 'Calle de las flores número 129 puerta C');
INSERT INTO horariosRecintos VALUES ('2022-09-01 18:00:00', 'Calle de las flores número 130 puerta C');
INSERT INTO horariosRecintos VALUES ('2021-09-01 18:00:00', 'Calle de las flores número 130 puerta C');
INSERT INTO horariosRecintos VALUES ('2020-09-01 03:00:00', 'Calle de las flores número 130 puerta C');
INSERT INTO horariosRecintos VALUES ('2022-09-01 18:00:00', 'Calle de las flores número 131 puerta C');
INSERT INTO horariosRecintos VALUES ('2021-09-01 18:00:00', 'Calle de las flores número 131 puerta C');
INSERT INTO horariosRecintos VALUES ('2020-09-01 03:00:00', 'Calle de las flores número 131 puerta C');
INSERT INTO horariosRecintos VALUES ('2022-09-01 18:00:00', 'Calle de las flores número 132 puerta C');
INSERT INTO horariosRecintos VALUES ('2021-09-01 18:00:00', 'Calle de las flores número 132 puerta C');
INSERT INTO horariosRecintos VALUES ('2020-09-01 03:00:00', 'Calle de las flores número 132 puerta C');
INSERT INTO horariosRecintos VALUES ('2022-09-01 18:00:00', 'Calle de las flores número 133 puerta C');
INSERT INTO horariosRecintos VALUES ('2021-09-01 18:00:00', 'Calle de las flores número 133 puerta C');
INSERT INTO horariosRecintos VALUES ('2020-09-01 03:00:00', 'Calle de las flores número 133 puerta C');
INSERT INTO horariosRecintos VALUES ('2022-09-01 18:00:00', 'Calle de las flores número 134 puerta C');
INSERT INTO horariosRecintos VALUES ('2021-09-01 18:00:00', 'Calle de las flores número 134 puerta C');
INSERT INTO horariosRecintos VALUES ('2020-09-01 03:00:00', 'Calle de las flores número 134 puerta C');
INSERT INTO horariosRecintos VALUES ('2022-09-01 18:00:00', 'Calle de las flores número 135 puerta C');
INSERT INTO horariosRecintos VALUES ('2021-09-01 18:00:00', 'Calle de las flores número 135 puerta C');
INSERT INTO horariosRecintos VALUES ('2020-09-01 03:00:00', 'Calle de las flores número 135 puerta C');
INSERT INTO horariosRecintos VALUES ('2022-09-01 18:00:00', 'Calle de las flores número 136 puerta C');
INSERT INTO horariosRecintos VALUES ('2021-09-01 18:00:00', 'Calle de las flores número 136 puerta C');
INSERT INTO horariosRecintos VALUES ('2020-09-01 03:00:00', 'Calle de las flores número 136 puerta C');
INSERT INTO horariosRecintos VALUES ('2022-09-01 18:00:00', 'Calle de las flores número 137 puerta C');
INSERT INTO horariosRecintos VALUES ('2021-09-01 18:00:00', 'Calle de las flores número 137 puerta C');
INSERT INTO horariosRecintos VALUES ('2020-09-01 03:00:00', 'Calle de las flores número 137 puerta C');
INSERT INTO horariosRecintos VALUES ('2022-09-01 18:00:00', 'Calle de las flores número 138 puerta C');
INSERT INTO horariosRecintos VALUES ('2021-09-01 18:00:00', 'Calle de las flores número 138 puerta C');
INSERT INTO horariosRecintos VALUES ('2020-09-01 03:00:00', 'Calle de las flores número 138 puerta C');
INSERT INTO horariosRecintos VALUES ('2022-09-01 18:00:00', 'Calle de las flores número 139 puerta C');
INSERT INTO horariosRecintos VALUES ('2021-09-01 18:00:00', 'Calle de las flores número 139 puerta C');
INSERT INTO horariosRecintos VALUES ('2020-09-01 03:00:00', 'Calle de las flores número 139 puerta C');
INSERT INTO horariosRecintos VALUES ('2022-09-01 18:00:00', 'Calle de las flores número 140 puerta C');
INSERT INTO horariosRecintos VALUES ('2021-09-01 18:00:00', 'Calle de las flores número 140 puerta C');
INSERT INTO horariosRecintos VALUES ('2020-09-01 03:00:00', 'Calle de las flores número 140 puerta C');
INSERT INTO horariosRecintos VALUES ('2022-09-01 18:00:00', 'Calle de las flores número 141 puerta C');
INSERT INTO horariosRecintos VALUES ('2021-09-01 18:00:00', 'Calle de las flores número 141 puerta C');
INSERT INTO horariosRecintos VALUES ('2020-09-01 03:00:00', 'Calle de las flores número 141 puerta C');
INSERT INTO horariosRecintos VALUES ('2022-09-01 18:00:00', 'Calle de las flores número 142 puerta C');
INSERT INTO horariosRecintos VALUES ('2021-09-01 18:00:00', 'Calle de las flores número 142 puerta C');
INSERT INTO horariosRecintos VALUES ('2020-09-01 03:00:00', 'Calle de las flores número 142 puerta C');
INSERT INTO horariosRecintos VALUES ('2022-09-01 18:00:00', 'Calle de las flores número 143 puerta C');
INSERT INTO horariosRecintos VALUES ('2021-09-01 18:00:00', 'Calle de las flores número 143 puerta C');
INSERT INTO horariosRecintos VALUES ('2020-09-01 03:00:00', 'Calle de las flores número 143 puerta C');
INSERT INTO horariosRecintos VALUES ('2022-09-01 18:00:00', 'Calle de las flores número 144 puerta C');
INSERT INTO horariosRecintos VALUES ('2021-09-01 18:00:00', 'Calle de las flores número 144 puerta C');
INSERT INTO horariosRecintos VALUES ('2020-09-01 03:00:00', 'Calle de las flores número 144 puerta C');
INSERT INTO horariosRecintos VALUES ('2022-09-01 18:00:00', 'Calle de las flores número 145 puerta C');
INSERT INTO horariosRecintos VALUES ('2021-09-01 18:00:00', 'Calle de las flores número 145 puerta C');
INSERT INTO horariosRecintos VALUES ('2020-09-01 03:00:00', 'Calle de las flores número 145 puerta C');
INSERT INTO horariosRecintos VALUES ('2022-09-01 18:00:00', 'Calle de las flores número 146 puerta C');
INSERT INTO horariosRecintos VALUES ('2021-09-01 18:00:00', 'Calle de las flores número 146 puerta C');
INSERT INTO horariosRecintos VALUES ('2020-09-01 03:00:00', 'Calle de las flores número 146 puerta C');
INSERT INTO horariosRecintos VALUES ('2022-09-01 18:00:00', 'Calle de las flores número 147 puerta C');
INSERT INTO horariosRecintos VALUES ('2021-09-01 18:00:00', 'Calle de las flores número 147 puerta C');
INSERT INTO horariosRecintos VALUES ('2020-09-01 03:00:00', 'Calle de las flores número 147 puerta C');
INSERT INTO horariosRecintos VALUES ('2022-09-01 18:00:00', 'Calle de las flores número 148 puerta C');
INSERT INTO horariosRecintos VALUES ('2021-09-01 18:00:00', 'Calle de las flores número 148 puerta C');
INSERT INTO horariosRecintos VALUES ('2020-09-01 03:00:00', 'Calle de las flores número 148 puerta C');
INSERT INTO horariosRecintos VALUES ('2022-09-01 18:00:00', 'Calle de las flores número 149 puerta C');
INSERT INTO horariosRecintos VALUES ('2021-09-01 18:00:00', 'Calle de las flores número 149 puerta C');
INSERT INTO horariosRecintos VALUES ('2020-09-01 03:00:00', 'Calle de las flores número 149 puerta C');
INSERT INTO horariosRecintos VALUES ('2022-09-01 18:00:00', 'Calle de las flores número 150 puerta C');
INSERT INTO horariosRecintos VALUES ('2021-09-01 18:00:00', 'Calle de las flores número 150 puerta C');
INSERT INTO horariosRecintos VALUES ('2020-09-01 03:00:00', 'Calle de las flores número 150 puerta C');
INSERT INTO horariosRecintos VALUES ('2022-09-01 18:00:00', 'Calle de las flores número 151 puerta C');
INSERT INTO horariosRecintos VALUES ('2021-09-01 18:00:00', 'Calle de las flores número 151 puerta C');
INSERT INTO horariosRecintos VALUES ('2020-09-01 03:00:00', 'Calle de las flores número 151 puerta C');
INSERT INTO horariosRecintos VALUES ('2022-09-01 18:00:00', 'Calle de las flores número 152 puerta C');
INSERT INTO horariosRecintos VALUES ('2021-09-01 18:00:00', 'Calle de las flores número 152 puerta C');
INSERT INTO horariosRecintos VALUES ('2020-09-01 03:00:00', 'Calle de las flores número 152 puerta C');
INSERT INTO horariosRecintos VALUES ('2022-09-01 18:00:00', 'Calle de las flores número 153 puerta C');
INSERT INTO horariosRecintos VALUES ('2021-09-01 18:00:00', 'Calle de las flores número 153 puerta C');
INSERT INTO horariosRecintos VALUES ('2020-09-01 03:00:00', 'Calle de las flores número 153 puerta C');
INSERT INTO horariosRecintos VALUES ('2022-09-01 18:00:00', 'Calle de las flores número 154 puerta C');
INSERT INTO horariosRecintos VALUES ('2021-09-01 18:00:00', 'Calle de las flores número 154 puerta C');
INSERT INTO horariosRecintos VALUES ('2020-09-01 03:00:00', 'Calle de las flores número 154 puerta C');
INSERT INTO horariosRecintos VALUES ('2022-09-01 18:00:00', 'Calle de las flores número 155 puerta C');
INSERT INTO horariosRecintos VALUES ('2021-09-01 18:00:00', 'Calle de las flores número 155 puerta C');
INSERT INTO horariosRecintos VALUES ('2020-09-01 03:00:00', 'Calle de las flores número 155 puerta C');
INSERT INTO horariosRecintos VALUES ('2022-09-01 18:00:00', 'Calle de las flores número 156 puerta C');
INSERT INTO horariosRecintos VALUES ('2021-09-01 18:00:00', 'Calle de las flores número 156 puerta C');
INSERT INTO horariosRecintos VALUES ('2020-09-01 03:00:00', 'Calle de las flores número 156 puerta C');
INSERT INTO horariosRecintos VALUES ('2022-09-01 18:00:00', 'Calle de las flores número 157 puerta C');
INSERT INTO horariosRecintos VALUES ('2021-09-01 18:00:00', 'Calle de las flores número 157 puerta C');
INSERT INTO horariosRecintos VALUES ('2020-09-01 03:00:00', 'Calle de las flores número 157 puerta C');
INSERT INTO horariosRecintos VALUES ('2022-09-01 18:00:00', 'Calle de las flores número 158 puerta C');
INSERT INTO horariosRecintos VALUES ('2021-09-01 18:00:00', 'Calle de las flores número 158 puerta C');
INSERT INTO horariosRecintos VALUES ('2020-09-01 03:00:00', 'Calle de las flores número 158 puerta C');
INSERT INTO horariosRecintos VALUES ('2022-09-01 18:00:00', 'Calle de las flores número 159 puerta C');
INSERT INTO horariosRecintos VALUES ('2021-09-01 18:00:00', 'Calle de las flores número 159 puerta C');
INSERT INTO horariosRecintos VALUES ('2020-09-01 03:00:00', 'Calle de las flores número 159 puerta C');
INSERT INTO horariosRecintos VALUES ('2022-09-01 18:00:00', 'Calle de las flores número 160 puerta C');
INSERT INTO horariosRecintos VALUES ('2021-09-01 18:00:00', 'Calle de las flores número 160 puerta C');
INSERT INTO horariosRecintos VALUES ('2020-09-01 03:00:00', 'Calle de las flores número 160 puerta C');
INSERT INTO horariosRecintos VALUES ('2022-09-01 18:00:00', 'Calle de las flores número 161 puerta C');
INSERT INTO horariosRecintos VALUES ('2021-09-01 18:00:00', 'Calle de las flores número 161 puerta C');
INSERT INTO horariosRecintos VALUES ('2020-09-01 03:00:00', 'Calle de las flores número 161 puerta C');
INSERT INTO horariosRecintos VALUES ('2022-09-01 18:00:00', 'Calle de las flores número 162 puerta C');
INSERT INTO horariosRecintos VALUES ('2021-09-01 18:00:00', 'Calle de las flores número 162 puerta C');
INSERT INTO horariosRecintos VALUES ('2020-09-01 03:00:00', 'Calle de las flores número 162 puerta C');
INSERT INTO horariosRecintos VALUES ('2022-09-01 18:00:00', 'Calle de las flores número 163 puerta C');
INSERT INTO horariosRecintos VALUES ('2021-09-01 18:00:00', 'Calle de las flores número 163 puerta C');
INSERT INTO horariosRecintos VALUES ('2020-09-01 03:00:00', 'Calle de las flores número 163 puerta C');
INSERT INTO horariosRecintos VALUES ('2022-09-01 18:00:00', 'Calle de las flores número 164 puerta C');
INSERT INTO horariosRecintos VALUES ('2021-09-01 18:00:00', 'Calle de las flores número 164 puerta C');
INSERT INTO horariosRecintos VALUES ('2020-09-01 03:00:00', 'Calle de las flores número 164 puerta C');
INSERT INTO horariosRecintos VALUES ('2022-09-01 18:00:00', 'Calle de las flores número 165 puerta C');
INSERT INTO horariosRecintos VALUES ('2021-09-01 18:00:00', 'Calle de las flores número 165 puerta C');
INSERT INTO horariosRecintos VALUES ('2020-09-01 03:00:00', 'Calle de las flores número 165 puerta C');
INSERT INTO horariosRecintos VALUES ('2022-09-01 18:00:00', 'Calle de las flores número 166 puerta C');
INSERT INTO horariosRecintos VALUES ('2021-09-01 18:00:00', 'Calle de las flores número 166 puerta C');
INSERT INTO horariosRecintos VALUES ('2020-09-01 03:00:00', 'Calle de las flores número 166 puerta C');
INSERT INTO horariosRecintos VALUES ('2022-09-01 18:00:00', 'Calle de las flores número 167 puerta C');
INSERT INTO horariosRecintos VALUES ('2021-09-01 18:00:00', 'Calle de las flores número 167 puerta C');
INSERT INTO horariosRecintos VALUES ('2020-09-01 03:00:00', 'Calle de las flores número 167 puerta C');
INSERT INTO horariosRecintos VALUES ('2022-09-01 18:00:00', 'Calle de las flores número 168 puerta C');
INSERT INTO horariosRecintos VALUES ('2021-09-01 18:00:00', 'Calle de las flores número 168 puerta C');
INSERT INTO horariosRecintos VALUES ('2020-09-01 03:00:00', 'Calle de las flores número 168 puerta C');
INSERT INTO horariosRecintos VALUES ('2022-09-01 18:00:00', 'Calle de las flores número 169 puerta C');
INSERT INTO horariosRecintos VALUES ('2021-09-01 18:00:00', 'Calle de las flores número 169 puerta C');
INSERT INTO horariosRecintos VALUES ('2020-09-01 03:00:00', 'Calle de las flores número 169 puerta C');
INSERT INTO horariosRecintos VALUES ('2022-09-01 18:00:00', 'Calle de las flores número 170 puerta C');
INSERT INTO horariosRecintos VALUES ('2021-09-01 18:00:00', 'Calle de las flores número 170 puerta C');
INSERT INTO horariosRecintos VALUES ('2020-09-01 03:00:00', 'Calle de las flores número 170 puerta C');
INSERT INTO horariosRecintos VALUES ('2022-09-01 18:00:00', 'Calle de las flores número 171 puerta C');
INSERT INTO horariosRecintos VALUES ('2021-09-01 18:00:00', 'Calle de las flores número 171 puerta C');
INSERT INTO horariosRecintos VALUES ('2020-09-01 03:00:00', 'Calle de las flores número 171 puerta C');
INSERT INTO horariosRecintos VALUES ('2022-09-01 18:00:00', 'Calle de las flores número 172 puerta C');
INSERT INTO horariosRecintos VALUES ('2021-09-01 18:00:00', 'Calle de las flores número 172 puerta C');
INSERT INTO horariosRecintos VALUES ('2020-09-01 03:00:00', 'Calle de las flores número 172 puerta C');
INSERT INTO horariosRecintos VALUES ('2022-09-01 18:00:00', 'Calle de las flores número 173 puerta C');
INSERT INTO horariosRecintos VALUES ('2021-09-01 18:00:00', 'Calle de las flores número 173 puerta C');
INSERT INTO horariosRecintos VALUES ('2020-09-01 03:00:00', 'Calle de las flores número 173 puerta C');
INSERT INTO horariosRecintos VALUES ('2022-09-01 18:00:00', 'Calle de las flores número 174 puerta C');
INSERT INTO horariosRecintos VALUES ('2021-09-01 18:00:00', 'Calle de las flores número 174 puerta C');
INSERT INTO horariosRecintos VALUES ('2020-09-01 03:00:00', 'Calle de las flores número 174 puerta C');
INSERT INTO horariosRecintos VALUES ('2022-09-01 18:00:00', 'Calle de las flores número 175 puerta C');
INSERT INTO horariosRecintos VALUES ('2021-09-01 18:00:00', 'Calle de las flores número 175 puerta C');
INSERT INTO horariosRecintos VALUES ('2020-09-01 03:00:00', 'Calle de las flores número 175 puerta C');
INSERT INTO horariosRecintos VALUES ('2022-09-01 18:00:00', 'Calle de las flores número 176 puerta C');
INSERT INTO horariosRecintos VALUES ('2021-09-01 18:00:00', 'Calle de las flores número 176 puerta C');
INSERT INTO horariosRecintos VALUES ('2020-09-01 03:00:00', 'Calle de las flores número 176 puerta C');
INSERT INTO horariosRecintos VALUES ('2022-09-01 18:00:00', 'Calle de las flores número 177 puerta C');
INSERT INTO horariosRecintos VALUES ('2021-09-01 18:00:00', 'Calle de las flores número 177 puerta C');
INSERT INTO horariosRecintos VALUES ('2020-09-01 03:00:00', 'Calle de las flores número 177 puerta C');
INSERT INTO horariosRecintos VALUES ('2022-09-01 18:00:00', 'Calle de las flores número 178 puerta C');
INSERT INTO horariosRecintos VALUES ('2021-09-01 18:00:00', 'Calle de las flores número 178 puerta C');
INSERT INTO horariosRecintos VALUES ('2020-09-01 03:00:00', 'Calle de las flores número 178 puerta C');
INSERT INTO horariosRecintos VALUES ('2022-09-01 18:00:00', 'Calle de las flores número 179 puerta C');
INSERT INTO horariosRecintos VALUES ('2021-09-01 18:00:00', 'Calle de las flores número 179 puerta C');
INSERT INTO horariosRecintos VALUES ('2020-09-01 03:00:00', 'Calle de las flores número 179 puerta C');
INSERT INTO horariosRecintos VALUES ('2022-09-01 18:00:00', 'Calle de las flores número 180 puerta C');
INSERT INTO horariosRecintos VALUES ('2021-09-01 18:00:00', 'Calle de las flores número 180 puerta C');
INSERT INTO horariosRecintos VALUES ('2020-09-01 03:00:00', 'Calle de las flores número 180 puerta C');
INSERT INTO horariosRecintos VALUES ('2022-09-01 18:00:00', 'Calle de las flores número 181 puerta C');
INSERT INTO horariosRecintos VALUES ('2021-09-01 18:00:00', 'Calle de las flores número 181 puerta C');
INSERT INTO horariosRecintos VALUES ('2020-09-01 03:00:00', 'Calle de las flores número 181 puerta C');
INSERT INTO horariosRecintos VALUES ('2022-09-01 18:00:00', 'Calle de las flores número 182 puerta C');
INSERT INTO horariosRecintos VALUES ('2021-09-01 18:00:00', 'Calle de las flores número 182 puerta C');
INSERT INTO horariosRecintos VALUES ('2020-09-01 03:00:00', 'Calle de las flores número 182 puerta C');
INSERT INTO horariosRecintos VALUES ('2022-09-01 18:00:00', 'Calle de las flores número 183 puerta C');
INSERT INTO horariosRecintos VALUES ('2021-09-01 18:00:00', 'Calle de las flores número 183 puerta C');
INSERT INTO horariosRecintos VALUES ('2020-09-01 03:00:00', 'Calle de las flores número 183 puerta C');
INSERT INTO horariosRecintos VALUES ('2022-09-01 18:00:00', 'Calle de las flores número 184 puerta C');
INSERT INTO horariosRecintos VALUES ('2021-09-01 18:00:00', 'Calle de las flores número 184 puerta C');
INSERT INTO horariosRecintos VALUES ('2020-09-01 03:00:00', 'Calle de las flores número 184 puerta C');
INSERT INTO horariosRecintos VALUES ('2022-09-01 18:00:00', 'Calle de las flores número 185 puerta C');
INSERT INTO horariosRecintos VALUES ('2021-09-01 18:00:00', 'Calle de las flores número 185 puerta C');
INSERT INTO horariosRecintos VALUES ('2020-09-01 03:00:00', 'Calle de las flores número 185 puerta C');
INSERT INTO horariosRecintos VALUES ('2022-09-01 18:00:00', 'Calle de las flores número 186 puerta C');
INSERT INTO horariosRecintos VALUES ('2021-09-01 18:00:00', 'Calle de las flores número 186 puerta C');
INSERT INTO horariosRecintos VALUES ('2020-09-01 03:00:00', 'Calle de las flores número 186 puerta C');
INSERT INTO horariosRecintos VALUES ('2022-09-01 18:00:00', 'Calle de las flores número 187 puerta C');
INSERT INTO horariosRecintos VALUES ('2021-09-01 18:00:00', 'Calle de las flores número 187 puerta C');
INSERT INTO horariosRecintos VALUES ('2020-09-01 03:00:00', 'Calle de las flores número 187 puerta C');
INSERT INTO horariosRecintos VALUES ('2022-09-01 18:00:00', 'Calle de las flores número 188 puerta C');
INSERT INTO horariosRecintos VALUES ('2021-09-01 18:00:00', 'Calle de las flores número 188 puerta C');
INSERT INTO horariosRecintos VALUES ('2020-09-01 03:00:00', 'Calle de las flores número 188 puerta C');
INSERT INTO horariosRecintos VALUES ('2022-09-01 18:00:00', 'Calle de las flores número 189 puerta C');
INSERT INTO horariosRecintos VALUES ('2021-09-01 18:00:00', 'Calle de las flores número 189 puerta C');
INSERT INTO horariosRecintos VALUES ('2020-09-01 03:00:00', 'Calle de las flores número 189 puerta C');
INSERT INTO horariosRecintos VALUES ('2022-09-01 18:00:00', 'Calle de las flores número 190 puerta C');
INSERT INTO horariosRecintos VALUES ('2021-09-01 18:00:00', 'Calle de las flores número 190 puerta C');
INSERT INTO horariosRecintos VALUES ('2020-09-01 03:00:00', 'Calle de las flores número 190 puerta C');
INSERT INTO horariosRecintos VALUES ('2022-09-01 18:00:00', 'Calle de las flores número 191 puerta C');
INSERT INTO horariosRecintos VALUES ('2021-09-01 18:00:00', 'Calle de las flores número 191 puerta C');
INSERT INTO horariosRecintos VALUES ('2020-09-01 03:00:00', 'Calle de las flores número 191 puerta C');
INSERT INTO horariosRecintos VALUES ('2022-09-01 18:00:00', 'Calle de las flores número 192 puerta C');
INSERT INTO horariosRecintos VALUES ('2021-09-01 18:00:00', 'Calle de las flores número 192 puerta C');
INSERT INTO horariosRecintos VALUES ('2020-09-01 03:00:00', 'Calle de las flores número 192 puerta C');
INSERT INTO horariosRecintos VALUES ('2022-09-01 18:00:00', 'Calle de las flores número 193 puerta C');
INSERT INTO horariosRecintos VALUES ('2021-09-01 18:00:00', 'Calle de las flores número 193 puerta C');
INSERT INTO horariosRecintos VALUES ('2020-09-01 03:00:00', 'Calle de las flores número 193 puerta C');
INSERT INTO horariosRecintos VALUES ('2022-09-01 18:00:00', 'Calle de las flores número 194 puerta C');
INSERT INTO horariosRecintos VALUES ('2021-09-01 18:00:00', 'Calle de las flores número 194 puerta C');
INSERT INTO horariosRecintos VALUES ('2020-09-01 03:00:00', 'Calle de las flores número 194 puerta C');
INSERT INTO horariosRecintos VALUES ('2022-09-01 18:00:00', 'Calle de las flores número 195 puerta C');
INSERT INTO horariosRecintos VALUES ('2021-09-01 18:00:00', 'Calle de las flores número 195 puerta C');
INSERT INTO horariosRecintos VALUES ('2020-09-01 03:00:00', 'Calle de las flores número 195 puerta C');
INSERT INTO horariosRecintos VALUES ('2022-09-01 18:00:00', 'Calle de las flores número 196 puerta C');
INSERT INTO horariosRecintos VALUES ('2021-09-01 18:00:00', 'Calle de las flores número 196 puerta C');
INSERT INTO horariosRecintos VALUES ('2020-09-01 03:00:00', 'Calle de las flores número 196 puerta C');
INSERT INTO horariosRecintos VALUES ('2022-09-01 18:00:00', 'Calle de las flores número 197 puerta C');
INSERT INTO horariosRecintos VALUES ('2021-09-01 18:00:00', 'Calle de las flores número 197 puerta C');
INSERT INTO horariosRecintos VALUES ('2020-09-01 03:00:00', 'Calle de las flores número 197 puerta C');
INSERT INTO horariosRecintos VALUES ('2022-09-01 18:00:00', 'Calle de las flores número 198 puerta C');
INSERT INTO horariosRecintos VALUES ('2021-09-01 18:00:00', 'Calle de las flores número 198 puerta C');
INSERT INTO horariosRecintos VALUES ('2020-09-01 03:00:00', 'Calle de las flores número 198 puerta C');
INSERT INTO horariosRecintos VALUES ('2022-09-01 18:00:00', 'Calle de las flores número 199 puerta C');
INSERT INTO horariosRecintos VALUES ('2021-09-01 18:00:00', 'Calle de las flores número 199 puerta C');
INSERT INTO horariosRecintos VALUES ('2020-09-01 03:00:00', 'Calle de las flores número 199 puerta C');
INSERT INTO horariosRecintos VALUES ('2022-09-01 18:00:00', 'Calle de las flores número 200 puerta C');
INSERT INTO horariosRecintos VALUES ('2021-09-01 18:00:00', 'Calle de las flores número 200 puerta C');
INSERT INTO horariosRecintos VALUES ('2020-09-01 03:00:00', 'Calle de las flores número 200 puerta C');
INSERT INTO horariosRecintos VALUES ('2022-09-01 18:00:00', 'Calle de las flores número 201 puerta C');
INSERT INTO horariosRecintos VALUES ('2021-09-01 18:00:00', 'Calle de las flores número 201 puerta C');
INSERT INTO horariosRecintos VALUES ('2020-09-01 03:00:00', 'Calle de las flores número 201 puerta C');
INSERT INTO horariosRecintos VALUES ('2022-09-01 18:00:00', 'Calle de las flores número 202 puerta C');
INSERT INTO horariosRecintos VALUES ('2021-09-01 18:00:00', 'Calle de las flores número 202 puerta C');
INSERT INTO horariosRecintos VALUES ('2020-09-01 03:00:00', 'Calle de las flores número 202 puerta C');
INSERT INTO horariosRecintos VALUES ('2022-09-01 18:00:00', 'Calle de las flores número 203 puerta C');
INSERT INTO horariosRecintos VALUES ('2021-09-01 18:00:00', 'Calle de las flores número 203 puerta C');
INSERT INTO horariosRecintos VALUES ('2020-09-01 03:00:00', 'Calle de las flores número 203 puerta C');
INSERT INTO horariosRecintos VALUES ('2022-09-01 18:00:00', 'Calle de las flores número 204 puerta C');
INSERT INTO horariosRecintos VALUES ('2021-09-01 18:00:00', 'Calle de las flores número 204 puerta C');
INSERT INTO horariosRecintos VALUES ('2020-09-01 03:00:00', 'Calle de las flores número 204 puerta C');
INSERT INTO horariosRecintos VALUES ('2022-09-01 18:00:00', 'Calle de las flores número 205 puerta C');
INSERT INTO horariosRecintos VALUES ('2021-09-01 18:00:00', 'Calle de las flores número 205 puerta C');
INSERT INTO horariosRecintos VALUES ('2020-09-01 03:00:00', 'Calle de las flores número 205 puerta C');
INSERT INTO horariosRecintos VALUES ('2022-09-01 18:00:00', 'Calle de las flores número 206 puerta C');
INSERT INTO horariosRecintos VALUES ('2021-09-01 18:00:00', 'Calle de las flores número 206 puerta C');
INSERT INTO horariosRecintos VALUES ('2020-09-01 03:00:00', 'Calle de las flores número 206 puerta C');
INSERT INTO horariosRecintos VALUES ('2022-09-01 18:00:00', 'Calle de las flores número 207 puerta C');
INSERT INTO horariosRecintos VALUES ('2021-09-01 18:00:00', 'Calle de las flores número 207 puerta C');
INSERT INTO horariosRecintos VALUES ('2020-09-01 03:00:00', 'Calle de las flores número 207 puerta C');
INSERT INTO horariosRecintos VALUES ('2022-09-01 18:00:00', 'Calle de las flores número 208 puerta C');
INSERT INTO horariosRecintos VALUES ('2021-09-01 18:00:00', 'Calle de las flores número 208 puerta C');
INSERT INTO horariosRecintos VALUES ('2020-09-01 03:00:00', 'Calle de las flores número 208 puerta C');
INSERT INTO horariosRecintos VALUES ('2022-09-01 18:00:00', 'Calle de las flores número 209 puerta C');
INSERT INTO horariosRecintos VALUES ('2021-09-01 18:00:00', 'Calle de las flores número 209 puerta C');
INSERT INTO horariosRecintos VALUES ('2020-09-01 03:00:00', 'Calle de las flores número 209 puerta C');
INSERT INTO horariosRecintos VALUES ('2022-09-01 18:00:00', 'Calle de las flores número 210 puerta C');
INSERT INTO horariosRecintos VALUES ('2021-09-01 18:00:00', 'Calle de las flores número 210 puerta C');
INSERT INTO horariosRecintos VALUES ('2020-09-01 03:00:00', 'Calle de las flores número 210 puerta C');
INSERT INTO horariosRecintos VALUES ('2022-09-01 18:00:00', 'Calle de las flores número 211 puerta C');
INSERT INTO horariosRecintos VALUES ('2021-09-01 18:00:00', 'Calle de las flores número 211 puerta C');
INSERT INTO horariosRecintos VALUES ('2020-09-01 03:00:00', 'Calle de las flores número 211 puerta C');
INSERT INTO horariosRecintos VALUES ('2022-09-01 18:00:00', 'Calle de las flores número 212 puerta C');
INSERT INTO horariosRecintos VALUES ('2021-09-01 18:00:00', 'Calle de las flores número 212 puerta C');
INSERT INTO horariosRecintos VALUES ('2020-09-01 03:00:00', 'Calle de las flores número 212 puerta C');
INSERT INTO horariosRecintos VALUES ('2022-09-01 18:00:00', 'Calle de las flores número 213 puerta C');
INSERT INTO horariosRecintos VALUES ('2021-09-01 18:00:00', 'Calle de las flores número 213 puerta C');
INSERT INTO horariosRecintos VALUES ('2020-09-01 03:00:00', 'Calle de las flores número 213 puerta C');
INSERT INTO horariosRecintos VALUES ('2022-09-01 18:00:00', 'Calle de las flores número 214 puerta C');
INSERT INTO horariosRecintos VALUES ('2021-09-01 18:00:00', 'Calle de las flores número 214 puerta C');
INSERT INTO horariosRecintos VALUES ('2020-09-01 03:00:00', 'Calle de las flores número 214 puerta C');
INSERT INTO horariosRecintos VALUES ('2022-09-01 18:00:00', 'Calle de las flores número 215 puerta C');
INSERT INTO horariosRecintos VALUES ('2021-09-01 18:00:00', 'Calle de las flores número 215 puerta C');
INSERT INTO horariosRecintos VALUES ('2020-09-01 03:00:00', 'Calle de las flores número 215 puerta C');
INSERT INTO horariosRecintos VALUES ('2022-09-01 18:00:00', 'Calle de las flores número 216 puerta C');
INSERT INTO horariosRecintos VALUES ('2021-09-01 18:00:00', 'Calle de las flores número 216 puerta C');
INSERT INTO horariosRecintos VALUES ('2020-09-01 03:00:00', 'Calle de las flores número 216 puerta C');
INSERT INTO horariosRecintos VALUES ('2022-09-01 18:00:00', 'Calle de las flores número 217 puerta C');
INSERT INTO horariosRecintos VALUES ('2021-09-01 18:00:00', 'Calle de las flores número 217 puerta C');
INSERT INTO horariosRecintos VALUES ('2020-09-01 03:00:00', 'Calle de las flores número 217 puerta C');
INSERT INTO horariosRecintos VALUES ('2022-09-01 18:00:00', 'Calle de las flores número 218 puerta C');
INSERT INTO horariosRecintos VALUES ('2021-09-01 18:00:00', 'Calle de las flores número 218 puerta C');
INSERT INTO horariosRecintos VALUES ('2020-09-01 03:00:00', 'Calle de las flores número 218 puerta C');
INSERT INTO horariosRecintos VALUES ('2022-09-01 18:00:00', 'Calle de las flores número 219 puerta C');
INSERT INTO horariosRecintos VALUES ('2021-09-01 18:00:00', 'Calle de las flores número 219 puerta C');
INSERT INTO horariosRecintos VALUES ('2020-09-01 03:00:00', 'Calle de las flores número 219 puerta C');
INSERT INTO horariosRecintos VALUES ('2022-09-01 18:00:00', 'Calle de las flores número 220 puerta C');
INSERT INTO horariosRecintos VALUES ('2021-09-01 18:00:00', 'Calle de las flores número 220 puerta C');
INSERT INTO horariosRecintos VALUES ('2020-09-01 03:00:00', 'Calle de las flores número 220 puerta C');
INSERT INTO horariosRecintos VALUES ('2022-09-01 18:00:00', 'Calle de las flores número 221 puerta C');
INSERT INTO horariosRecintos VALUES ('2021-09-01 18:00:00', 'Calle de las flores número 221 puerta C');
INSERT INTO horariosRecintos VALUES ('2020-09-01 03:00:00', 'Calle de las flores número 221 puerta C');
INSERT INTO horariosRecintos VALUES ('2022-09-01 18:00:00', 'Calle de las flores número 222 puerta C');
INSERT INTO horariosRecintos VALUES ('2021-09-01 18:00:00', 'Calle de las flores número 222 puerta C');
INSERT INTO horariosRecintos VALUES ('2020-09-01 03:00:00', 'Calle de las flores número 222 puerta C');
INSERT INTO horariosRecintos VALUES ('2022-09-01 18:00:00', 'Calle de las flores número 223 puerta C');
INSERT INTO horariosRecintos VALUES ('2021-09-01 18:00:00', 'Calle de las flores número 223 puerta C');
INSERT INTO horariosRecintos VALUES ('2020-09-01 03:00:00', 'Calle de las flores número 223 puerta C');
INSERT INTO horariosRecintos VALUES ('2022-09-01 18:00:00', 'Calle de las flores número 224 puerta C');
INSERT INTO horariosRecintos VALUES ('2021-09-01 18:00:00', 'Calle de las flores número 224 puerta C');
INSERT INTO horariosRecintos VALUES ('2020-09-01 03:00:00', 'Calle de las flores número 224 puerta C');
INSERT INTO horariosRecintos VALUES ('2022-09-01 18:00:00', 'Calle de las flores número 225 puerta C');
INSERT INTO horariosRecintos VALUES ('2021-09-01 18:00:00', 'Calle de las flores número 225 puerta C');
INSERT INTO horariosRecintos VALUES ('2020-09-01 03:00:00', 'Calle de las flores número 225 puerta C');
INSERT INTO horariosRecintos VALUES ('2022-09-01 18:00:00', 'Calle de las flores número 226 puerta C');
INSERT INTO horariosRecintos VALUES ('2021-09-01 18:00:00', 'Calle de las flores número 226 puerta C');
INSERT INTO horariosRecintos VALUES ('2020-09-01 03:00:00', 'Calle de las flores número 226 puerta C');
INSERT INTO horariosRecintos VALUES ('2022-09-01 18:00:00', 'Calle de las flores número 227 puerta C');
INSERT INTO horariosRecintos VALUES ('2021-09-01 18:00:00', 'Calle de las flores número 227 puerta C');
INSERT INTO horariosRecintos VALUES ('2020-09-01 03:00:00', 'Calle de las flores número 227 puerta C');
INSERT INTO horariosRecintos VALUES ('2022-09-01 18:00:00', 'Calle de las flores número 228 puerta C');
INSERT INTO horariosRecintos VALUES ('2021-09-01 18:00:00', 'Calle de las flores número 228 puerta C');
INSERT INTO horariosRecintos VALUES ('2020-09-01 03:00:00', 'Calle de las flores número 228 puerta C');
INSERT INTO horariosRecintos VALUES ('2022-09-01 18:00:00', 'Calle de las flores número 229 puerta C');
INSERT INTO horariosRecintos VALUES ('2021-09-01 18:00:00', 'Calle de las flores número 229 puerta C');
INSERT INTO horariosRecintos VALUES ('2020-09-01 03:00:00', 'Calle de las flores número 229 puerta C');
INSERT INTO horariosRecintos VALUES ('2022-09-01 18:00:00', 'Calle de las flores número 230 puerta C');
INSERT INTO horariosRecintos VALUES ('2021-09-01 18:00:00', 'Calle de las flores número 230 puerta C');
INSERT INTO horariosRecintos VALUES ('2020-09-01 03:00:00', 'Calle de las flores número 230 puerta C');
INSERT INTO horariosRecintos VALUES ('2022-09-01 18:00:00', 'Calle de las flores número 231 puerta C');
INSERT INTO horariosRecintos VALUES ('2021-09-01 18:00:00', 'Calle de las flores número 231 puerta C');
INSERT INTO horariosRecintos VALUES ('2020-09-01 03:00:00', 'Calle de las flores número 231 puerta C');
INSERT INTO horariosRecintos VALUES ('2022-09-01 18:00:00', 'Calle de las flores número 232 puerta C');
INSERT INTO horariosRecintos VALUES ('2021-09-01 18:00:00', 'Calle de las flores número 232 puerta C');
INSERT INTO horariosRecintos VALUES ('2020-09-01 03:00:00', 'Calle de las flores número 232 puerta C');
INSERT INTO horariosRecintos VALUES ('2022-09-01 18:00:00', 'Calle de las flores número 233 puerta C');
INSERT INTO horariosRecintos VALUES ('2021-09-01 18:00:00', 'Calle de las flores número 233 puerta C');
INSERT INTO horariosRecintos VALUES ('2020-09-01 03:00:00', 'Calle de las flores número 233 puerta C');
INSERT INTO horariosRecintos VALUES ('2022-09-01 18:00:00', 'Calle de las flores número 234 puerta C');
INSERT INTO horariosRecintos VALUES ('2021-09-01 18:00:00', 'Calle de las flores número 234 puerta C');
INSERT INTO horariosRecintos VALUES ('2020-09-01 03:00:00', 'Calle de las flores número 234 puerta C');
INSERT INTO horariosRecintos VALUES ('2022-09-01 18:00:00', 'Calle de las flores número 235 puerta C');
INSERT INTO horariosRecintos VALUES ('2021-09-01 18:00:00', 'Calle de las flores número 235 puerta C');
INSERT INTO horariosRecintos VALUES ('2020-09-01 03:00:00', 'Calle de las flores número 235 puerta C');
INSERT INTO horariosRecintos VALUES ('2022-09-01 18:00:00', 'Calle de las flores número 236 puerta C');
INSERT INTO horariosRecintos VALUES ('2021-09-01 18:00:00', 'Calle de las flores número 236 puerta C');
INSERT INTO horariosRecintos VALUES ('2020-09-01 03:00:00', 'Calle de las flores número 236 puerta C');
INSERT INTO horariosRecintos VALUES ('2022-09-01 18:00:00', 'Calle de las flores número 237 puerta C');
INSERT INTO horariosRecintos VALUES ('2021-09-01 18:00:00', 'Calle de las flores número 237 puerta C');
INSERT INTO horariosRecintos VALUES ('2020-09-01 03:00:00', 'Calle de las flores número 237 puerta C');
INSERT INTO horariosRecintos VALUES ('2022-09-01 18:00:00', 'Calle de las flores número 238 puerta C');
INSERT INTO horariosRecintos VALUES ('2021-09-01 18:00:00', 'Calle de las flores número 238 puerta C');
INSERT INTO horariosRecintos VALUES ('2020-09-01 03:00:00', 'Calle de las flores número 238 puerta C');
INSERT INTO horariosRecintos VALUES ('2022-09-01 18:00:00', 'Calle de las flores número 239 puerta C');
INSERT INTO horariosRecintos VALUES ('2021-09-01 18:00:00', 'Calle de las flores número 239 puerta C');
INSERT INTO horariosRecintos VALUES ('2020-09-01 03:00:00', 'Calle de las flores número 239 puerta C');
INSERT INTO horariosRecintos VALUES ('2022-09-01 18:00:00', 'Calle de las flores número 240 puerta C');
INSERT INTO horariosRecintos VALUES ('2021-09-01 18:00:00', 'Calle de las flores número 240 puerta C');
INSERT INTO horariosRecintos VALUES ('2020-09-01 03:00:00', 'Calle de las flores número 240 puerta C');
INSERT INTO horariosRecintos VALUES ('2022-09-01 18:00:00', 'Calle de las flores número 241 puerta C');
INSERT INTO horariosRecintos VALUES ('2021-09-01 18:00:00', 'Calle de las flores número 241 puerta C');
INSERT INTO horariosRecintos VALUES ('2020-09-01 03:00:00', 'Calle de las flores número 241 puerta C');
INSERT INTO horariosRecintos VALUES ('2022-09-01 18:00:00', 'Calle de las flores número 242 puerta C');
INSERT INTO horariosRecintos VALUES ('2021-09-01 18:00:00', 'Calle de las flores número 242 puerta C');
INSERT INTO horariosRecintos VALUES ('2020-09-01 03:00:00', 'Calle de las flores número 242 puerta C');
INSERT INTO horariosRecintos VALUES ('2022-09-01 18:00:00', 'Calle de las flores número 243 puerta C');
INSERT INTO horariosRecintos VALUES ('2021-09-01 18:00:00', 'Calle de las flores número 243 puerta C');
INSERT INTO horariosRecintos VALUES ('2020-09-01 03:00:00', 'Calle de las flores número 243 puerta C');
INSERT INTO horariosRecintos VALUES ('2022-09-01 18:00:00', 'Calle de las flores número 244 puerta C');
INSERT INTO horariosRecintos VALUES ('2021-09-01 18:00:00', 'Calle de las flores número 244 puerta C');
INSERT INTO horariosRecintos VALUES ('2020-09-01 03:00:00', 'Calle de las flores número 244 puerta C');
INSERT INTO horariosRecintos VALUES ('2022-09-01 18:00:00', 'Calle de las flores número 245 puerta C');
INSERT INTO horariosRecintos VALUES ('2021-09-01 18:00:00', 'Calle de las flores número 245 puerta C');
INSERT INTO horariosRecintos VALUES ('2020-09-01 03:00:00', 'Calle de las flores número 245 puerta C');
INSERT INTO horariosRecintos VALUES ('2022-09-01 18:00:00', 'Calle de las flores número 246 puerta C');
INSERT INTO horariosRecintos VALUES ('2021-09-01 18:00:00', 'Calle de las flores número 246 puerta C');
INSERT INTO horariosRecintos VALUES ('2020-09-01 03:00:00', 'Calle de las flores número 246 puerta C');
INSERT INTO horariosRecintos VALUES ('2022-09-01 18:00:00', 'Calle de las flores número 247 puerta C');
INSERT INTO horariosRecintos VALUES ('2021-09-01 18:00:00', 'Calle de las flores número 247 puerta C');
INSERT INTO horariosRecintos VALUES ('2020-09-01 03:00:00', 'Calle de las flores número 247 puerta C');
INSERT INTO horariosRecintos VALUES ('2022-09-01 18:00:00', 'Calle de las flores número 248 puerta C');
INSERT INTO horariosRecintos VALUES ('2021-09-01 18:00:00', 'Calle de las flores número 248 puerta C');
INSERT INTO horariosRecintos VALUES ('2020-09-01 03:00:00', 'Calle de las flores número 248 puerta C');
INSERT INTO horariosRecintos VALUES ('2022-09-01 18:00:00', 'Calle de las flores número 249 puerta C');
INSERT INTO horariosRecintos VALUES ('2021-09-01 18:00:00', 'Calle de las flores número 249 puerta C');
INSERT INTO horariosRecintos VALUES ('2020-09-01 03:00:00', 'Calle de las flores número 249 puerta C');
INSERT INTO horariosRecintos VALUES ('2022-09-01 18:00:00', 'Calle de las flores número 250 puerta C');
INSERT INTO horariosRecintos VALUES ('2021-09-01 18:00:00', 'Calle de las flores número 250 puerta C');
INSERT INTO horariosRecintos VALUES ('2020-09-01 03:00:00', 'Calle de las flores número 250 puerta C');
INSERT INTO horariosRecintos VALUES ('2022-09-01 18:00:00', 'Calle de las flores número 251 puerta C');
INSERT INTO horariosRecintos VALUES ('2021-09-01 18:00:00', 'Calle de las flores número 251 puerta C');
INSERT INTO horariosRecintos VALUES ('2020-09-01 03:00:00', 'Calle de las flores número 251 puerta C');
INSERT INTO horariosRecintos VALUES ('2022-09-01 18:00:00', 'Calle de las flores número 252 puerta C');
INSERT INTO horariosRecintos VALUES ('2021-09-01 18:00:00', 'Calle de las flores número 252 puerta C');
INSERT INTO horariosRecintos VALUES ('2020-09-01 03:00:00', 'Calle de las flores número 252 puerta C');
INSERT INTO horariosRecintos VALUES ('2022-09-01 18:00:00', 'Calle de las flores número 253 puerta C');
INSERT INTO horariosRecintos VALUES ('2021-09-01 18:00:00', 'Calle de las flores número 253 puerta C');
INSERT INTO horariosRecintos VALUES ('2020-09-01 03:00:00', 'Calle de las flores número 253 puerta C');
INSERT INTO horariosRecintos VALUES ('2022-09-01 18:00:00', 'Calle de las flores número 254 puerta C');
INSERT INTO horariosRecintos VALUES ('2021-09-01 18:00:00', 'Calle de las flores número 254 puerta C');
INSERT INTO horariosRecintos VALUES ('2020-09-01 03:00:00', 'Calle de las flores número 254 puerta C');
INSERT INTO horariosRecintos VALUES ('2022-09-01 18:00:00', 'Calle de las flores número 255 puerta C');
INSERT INTO horariosRecintos VALUES ('2021-09-01 18:00:00', 'Calle de las flores número 255 puerta C');
INSERT INTO horariosRecintos VALUES ('2020-09-01 03:00:00', 'Calle de las flores número 255 puerta C');
INSERT INTO horariosRecintos VALUES ('2022-09-01 18:00:00', 'Calle de las flores número 256 puerta C');
INSERT INTO horariosRecintos VALUES ('2021-09-01 18:00:00', 'Calle de las flores número 256 puerta C');
INSERT INTO horariosRecintos VALUES ('2020-09-01 03:00:00', 'Calle de las flores número 256 puerta C');
INSERT INTO horariosRecintos VALUES ('2022-09-01 18:00:00', 'Calle de las flores número 257 puerta C');
INSERT INTO horariosRecintos VALUES ('2021-09-01 18:00:00', 'Calle de las flores número 257 puerta C');
INSERT INTO horariosRecintos VALUES ('2020-09-01 03:00:00', 'Calle de las flores número 257 puerta C');
INSERT INTO horariosRecintos VALUES ('2022-09-01 18:00:00', 'Calle de las flores número 258 puerta C');
INSERT INTO horariosRecintos VALUES ('2021-09-01 18:00:00', 'Calle de las flores número 258 puerta C');
INSERT INTO horariosRecintos VALUES ('2020-09-01 03:00:00', 'Calle de las flores número 258 puerta C');
INSERT INTO horariosRecintos VALUES ('2022-09-01 18:00:00', 'Calle de las flores número 259 puerta C');
INSERT INTO horariosRecintos VALUES ('2021-09-01 18:00:00', 'Calle de las flores número 259 puerta C');
INSERT INTO horariosRecintos VALUES ('2020-09-01 03:00:00', 'Calle de las flores número 259 puerta C');
INSERT INTO horariosRecintos VALUES ('2022-09-01 18:00:00', 'Calle de las flores número 260 puerta C');
INSERT INTO horariosRecintos VALUES ('2021-09-01 18:00:00', 'Calle de las flores número 260 puerta C');
INSERT INTO horariosRecintos VALUES ('2020-09-01 03:00:00', 'Calle de las flores número 260 puerta C');
INSERT INTO horariosRecintos VALUES ('2022-09-01 18:00:00', 'Calle de las flores número 261 puerta C');
INSERT INTO horariosRecintos VALUES ('2021-09-01 18:00:00', 'Calle de las flores número 261 puerta C');
INSERT INTO horariosRecintos VALUES ('2020-09-01 03:00:00', 'Calle de las flores número 261 puerta C');
INSERT INTO horariosRecintos VALUES ('2022-09-01 18:00:00', 'Calle de las flores número 262 puerta C');
INSERT INTO horariosRecintos VALUES ('2021-09-01 18:00:00', 'Calle de las flores número 262 puerta C');
INSERT INTO horariosRecintos VALUES ('2020-09-01 03:00:00', 'Calle de las flores número 262 puerta C');
INSERT INTO horariosRecintos VALUES ('2022-09-01 18:00:00', 'Calle de las flores número 263 puerta C');
INSERT INTO horariosRecintos VALUES ('2021-09-01 18:00:00', 'Calle de las flores número 263 puerta C');
INSERT INTO horariosRecintos VALUES ('2020-09-01 03:00:00', 'Calle de las flores número 263 puerta C');
INSERT INTO horariosRecintos VALUES ('2022-09-01 18:00:00', 'Calle de las flores número 264 puerta C');
INSERT INTO horariosRecintos VALUES ('2021-09-01 18:00:00', 'Calle de las flores número 264 puerta C');
INSERT INTO horariosRecintos VALUES ('2020-09-01 03:00:00', 'Calle de las flores número 264 puerta C');
INSERT INTO horariosRecintos VALUES ('2022-09-01 18:00:00', 'Calle de las flores número 265 puerta C');
INSERT INTO horariosRecintos VALUES ('2021-09-01 18:00:00', 'Calle de las flores número 265 puerta C');
INSERT INTO horariosRecintos VALUES ('2020-09-01 03:00:00', 'Calle de las flores número 265 puerta C');
INSERT INTO horariosRecintos VALUES ('2022-09-01 18:00:00', 'Calle de las flores número 266 puerta C');
INSERT INTO horariosRecintos VALUES ('2021-09-01 18:00:00', 'Calle de las flores número 266 puerta C');
INSERT INTO horariosRecintos VALUES ('2020-09-01 03:00:00', 'Calle de las flores número 266 puerta C');
INSERT INTO horariosRecintos VALUES ('2022-09-01 18:00:00', 'Calle de las flores número 267 puerta C');
INSERT INTO horariosRecintos VALUES ('2021-09-01 18:00:00', 'Calle de las flores número 267 puerta C');
INSERT INTO horariosRecintos VALUES ('2020-09-01 03:00:00', 'Calle de las flores número 267 puerta C');
INSERT INTO horariosRecintos VALUES ('2022-09-01 18:00:00', 'Calle de las flores número 268 puerta C');
INSERT INTO horariosRecintos VALUES ('2021-09-01 18:00:00', 'Calle de las flores número 268 puerta C');
INSERT INTO horariosRecintos VALUES ('2020-09-01 03:00:00', 'Calle de las flores número 268 puerta C');
INSERT INTO horariosRecintos VALUES ('2022-09-01 18:00:00', 'Calle de las flores número 269 puerta C');
INSERT INTO horariosRecintos VALUES ('2021-09-01 18:00:00', 'Calle de las flores número 269 puerta C');
INSERT INTO horariosRecintos VALUES ('2020-09-01 03:00:00', 'Calle de las flores número 269 puerta C');
INSERT INTO horariosRecintos VALUES ('2022-09-01 18:00:00', 'Calle de las flores número 270 puerta C');
INSERT INTO horariosRecintos VALUES ('2021-09-01 18:00:00', 'Calle de las flores número 270 puerta C');
INSERT INTO horariosRecintos VALUES ('2020-09-01 03:00:00', 'Calle de las flores número 270 puerta C');
INSERT INTO horariosRecintos VALUES ('2022-09-01 18:00:00', 'Calle de las flores número 271 puerta C');
INSERT INTO horariosRecintos VALUES ('2021-09-01 18:00:00', 'Calle de las flores número 271 puerta C');
INSERT INTO horariosRecintos VALUES ('2020-09-01 03:00:00', 'Calle de las flores número 271 puerta C');
INSERT INTO horariosRecintos VALUES ('2022-09-01 18:00:00', 'Calle de las flores número 272 puerta C');
INSERT INTO horariosRecintos VALUES ('2021-09-01 18:00:00', 'Calle de las flores número 272 puerta C');
INSERT INTO horariosRecintos VALUES ('2020-09-01 03:00:00', 'Calle de las flores número 272 puerta C');
INSERT INTO horariosRecintos VALUES ('2022-09-01 18:00:00', 'Calle de las flores número 273 puerta C');
INSERT INTO horariosRecintos VALUES ('2021-09-01 18:00:00', 'Calle de las flores número 273 puerta C');
INSERT INTO horariosRecintos VALUES ('2020-09-01 03:00:00', 'Calle de las flores número 273 puerta C');
INSERT INTO horariosRecintos VALUES ('2022-09-01 18:00:00', 'Calle de las flores número 274 puerta C');
INSERT INTO horariosRecintos VALUES ('2021-09-01 18:00:00', 'Calle de las flores número 274 puerta C');
INSERT INTO horariosRecintos VALUES ('2020-09-01 03:00:00', 'Calle de las flores número 274 puerta C');
INSERT INTO horariosRecintos VALUES ('2022-09-01 18:00:00', 'Calle de las flores número 275 puerta C');
INSERT INTO horariosRecintos VALUES ('2021-09-01 18:00:00', 'Calle de las flores número 275 puerta C');
INSERT INTO horariosRecintos VALUES ('2020-09-01 03:00:00', 'Calle de las flores número 275 puerta C');
INSERT INTO horariosRecintos VALUES ('2022-09-01 18:00:00', 'Calle de las flores número 276 puerta C');
INSERT INTO horariosRecintos VALUES ('2021-09-01 18:00:00', 'Calle de las flores número 276 puerta C');
INSERT INTO horariosRecintos VALUES ('2020-09-01 03:00:00', 'Calle de las flores número 276 puerta C');
INSERT INTO horariosRecintos VALUES ('2022-09-01 18:00:00', 'Calle de las flores número 277 puerta C');
INSERT INTO horariosRecintos VALUES ('2021-09-01 18:00:00', 'Calle de las flores número 277 puerta C');
INSERT INTO horariosRecintos VALUES ('2020-09-01 03:00:00', 'Calle de las flores número 277 puerta C');
INSERT INTO horariosRecintos VALUES ('2022-09-01 18:00:00', 'Calle de las flores número 278 puerta C');
INSERT INTO horariosRecintos VALUES ('2021-09-01 18:00:00', 'Calle de las flores número 278 puerta C');
INSERT INTO horariosRecintos VALUES ('2020-09-01 03:00:00', 'Calle de las flores número 278 puerta C');
INSERT INTO horariosRecintos VALUES ('2022-09-01 18:00:00', 'Calle de las flores número 279 puerta C');
INSERT INTO horariosRecintos VALUES ('2021-09-01 18:00:00', 'Calle de las flores número 279 puerta C');
INSERT INTO horariosRecintos VALUES ('2020-09-01 03:00:00', 'Calle de las flores número 279 puerta C');
INSERT INTO horariosRecintos VALUES ('2022-09-01 18:00:00', 'Calle de las flores número 280 puerta C');
INSERT INTO horariosRecintos VALUES ('2021-09-01 18:00:00', 'Calle de las flores número 280 puerta C');
INSERT INTO horariosRecintos VALUES ('2020-09-01 03:00:00', 'Calle de las flores número 280 puerta C');
INSERT INTO horariosRecintos VALUES ('2022-09-01 18:00:00', 'Calle de las flores número 281 puerta C');
INSERT INTO horariosRecintos VALUES ('2021-09-01 18:00:00', 'Calle de las flores número 281 puerta C');
INSERT INTO horariosRecintos VALUES ('2020-09-01 03:00:00', 'Calle de las flores número 281 puerta C');
INSERT INTO horariosRecintos VALUES ('2022-09-01 18:00:00', 'Calle de las flores número 282 puerta C');
INSERT INTO horariosRecintos VALUES ('2021-09-01 18:00:00', 'Calle de las flores número 282 puerta C');
INSERT INTO horariosRecintos VALUES ('2020-09-01 03:00:00', 'Calle de las flores número 282 puerta C');
INSERT INTO horariosRecintos VALUES ('2022-09-01 18:00:00', 'Calle de las flores número 283 puerta C');
INSERT INTO horariosRecintos VALUES ('2021-09-01 18:00:00', 'Calle de las flores número 283 puerta C');
INSERT INTO horariosRecintos VALUES ('2020-09-01 03:00:00', 'Calle de las flores número 283 puerta C');
INSERT INTO horariosRecintos VALUES ('2022-09-01 18:00:00', 'Calle de las flores número 284 puerta C');
INSERT INTO horariosRecintos VALUES ('2021-09-01 18:00:00', 'Calle de las flores número 284 puerta C');
INSERT INTO horariosRecintos VALUES ('2020-09-01 03:00:00', 'Calle de las flores número 284 puerta C');
INSERT INTO horariosRecintos VALUES ('2022-09-01 18:00:00', 'Calle de las flores número 285 puerta C');
INSERT INTO horariosRecintos VALUES ('2021-09-01 18:00:00', 'Calle de las flores número 285 puerta C');
INSERT INTO horariosRecintos VALUES ('2020-09-01 03:00:00', 'Calle de las flores número 285 puerta C');
INSERT INTO horariosRecintos VALUES ('2022-09-01 18:00:00', 'Calle de las flores número 286 puerta C');
INSERT INTO horariosRecintos VALUES ('2021-09-01 18:00:00', 'Calle de las flores número 286 puerta C');
INSERT INTO horariosRecintos VALUES ('2020-09-01 03:00:00', 'Calle de las flores número 286 puerta C');
INSERT INTO horariosRecintos VALUES ('2022-09-01 18:00:00', 'Calle de las flores número 287 puerta C');
INSERT INTO horariosRecintos VALUES ('2021-09-01 18:00:00', 'Calle de las flores número 287 puerta C');
INSERT INTO horariosRecintos VALUES ('2020-09-01 03:00:00', 'Calle de las flores número 287 puerta C');
INSERT INTO horariosRecintos VALUES ('2022-09-01 18:00:00', 'Calle de las flores número 288 puerta C');
INSERT INTO horariosRecintos VALUES ('2021-09-01 18:00:00', 'Calle de las flores número 288 puerta C');
INSERT INTO horariosRecintos VALUES ('2020-09-01 03:00:00', 'Calle de las flores número 288 puerta C');
INSERT INTO horariosRecintos VALUES ('2022-09-01 18:00:00', 'Calle de las flores número 289 puerta C');
INSERT INTO horariosRecintos VALUES ('2021-09-01 18:00:00', 'Calle de las flores número 289 puerta C');
INSERT INTO horariosRecintos VALUES ('2020-09-01 03:00:00', 'Calle de las flores número 289 puerta C');
INSERT INTO horariosRecintos VALUES ('2022-09-01 18:00:00', 'Calle de las flores número 290 puerta C');
INSERT INTO horariosRecintos VALUES ('2021-09-01 18:00:00', 'Calle de las flores número 290 puerta C');
INSERT INTO horariosRecintos VALUES ('2020-09-01 03:00:00', 'Calle de las flores número 290 puerta C');
INSERT INTO horariosRecintos VALUES ('2022-09-01 18:00:00', 'Calle de las flores número 291 puerta C');
INSERT INTO horariosRecintos VALUES ('2021-09-01 18:00:00', 'Calle de las flores número 291 puerta C');
INSERT INTO horariosRecintos VALUES ('2020-09-01 03:00:00', 'Calle de las flores número 291 puerta C');
INSERT INTO horariosRecintos VALUES ('2022-09-01 18:00:00', 'Calle de las flores número 292 puerta C');
INSERT INTO horariosRecintos VALUES ('2021-09-01 18:00:00', 'Calle de las flores número 292 puerta C');
INSERT INTO horariosRecintos VALUES ('2020-09-01 03:00:00', 'Calle de las flores número 292 puerta C');
INSERT INTO horariosRecintos VALUES ('2022-09-01 18:00:00', 'Calle de las flores número 293 puerta C');
INSERT INTO horariosRecintos VALUES ('2021-09-01 18:00:00', 'Calle de las flores número 293 puerta C');
INSERT INTO horariosRecintos VALUES ('2020-09-01 03:00:00', 'Calle de las flores número 293 puerta C');
INSERT INTO horariosRecintos VALUES ('2022-09-01 18:00:00', 'Calle de las flores número 294 puerta C');
INSERT INTO horariosRecintos VALUES ('2021-09-01 18:00:00', 'Calle de las flores número 294 puerta C');
INSERT INTO horariosRecintos VALUES ('2020-09-01 03:00:00', 'Calle de las flores número 294 puerta C');
INSERT INTO horariosRecintos VALUES ('2022-09-01 18:00:00', 'Calle de las flores número 295 puerta C');
INSERT INTO horariosRecintos VALUES ('2021-09-01 18:00:00', 'Calle de las flores número 295 puerta C');
INSERT INTO horariosRecintos VALUES ('2020-09-01 03:00:00', 'Calle de las flores número 295 puerta C');
INSERT INTO horariosRecintos VALUES ('2022-09-01 18:00:00', 'Calle de las flores número 296 puerta C');
INSERT INTO horariosRecintos VALUES ('2021-09-01 18:00:00', 'Calle de las flores número 296 puerta C');
INSERT INTO horariosRecintos VALUES ('2020-09-01 03:00:00', 'Calle de las flores número 296 puerta C');
INSERT INTO horariosRecintos VALUES ('2022-09-01 18:00:00', 'Calle de las flores número 297 puerta C');
INSERT INTO horariosRecintos VALUES ('2021-09-01 18:00:00', 'Calle de las flores número 297 puerta C');
INSERT INTO horariosRecintos VALUES ('2020-09-01 03:00:00', 'Calle de las flores número 297 puerta C');
INSERT INTO horariosRecintos VALUES ('2022-09-01 18:00:00', 'Calle de las flores número 298 puerta C');
INSERT INTO horariosRecintos VALUES ('2021-09-01 18:00:00', 'Calle de las flores número 298 puerta C');
INSERT INTO horariosRecintos VALUES ('2020-09-01 03:00:00', 'Calle de las flores número 298 puerta C');
INSERT INTO horariosRecintos VALUES ('2022-09-01 18:00:00', 'Calle de las flores número 299 puerta C');
INSERT INTO horariosRecintos VALUES ('2021-09-01 18:00:00', 'Calle de las flores número 299 puerta C');
INSERT INTO horariosRecintos VALUES ('2020-09-01 03:00:00', 'Calle de las flores número 299 puerta C');
INSERT INTO horariosRecintos VALUES ('2022-09-01 18:00:00', 'Calle de las flores número 300 puerta C');
INSERT INTO horariosRecintos VALUES ('2021-09-01 18:00:00', 'Calle de las flores número 300 puerta C');
INSERT INTO horariosRecintos VALUES ('2020-09-01 03:00:00', 'Calle de las flores número 300 puerta C');
INSERT INTO horariosRecintos VALUES ('2022-09-01 18:00:00', 'Calle de las flores número 301 puerta C');
INSERT INTO horariosRecintos VALUES ('2021-09-01 18:00:00', 'Calle de las flores número 301 puerta C');
INSERT INTO horariosRecintos VALUES ('2020-09-01 03:00:00', 'Calle de las flores número 301 puerta C');
INSERT INTO horariosRecintos VALUES ('2022-09-01 18:00:00', 'Calle de las flores número 302 puerta C');
INSERT INTO horariosRecintos VALUES ('2021-09-01 18:00:00', 'Calle de las flores número 302 puerta C');
INSERT INTO horariosRecintos VALUES ('2020-09-01 03:00:00', 'Calle de las flores número 302 puerta C');
INSERT INTO horariosRecintos VALUES ('2022-09-01 18:00:00', 'Calle de las flores número 303 puerta C');
INSERT INTO horariosRecintos VALUES ('2021-09-01 18:00:00', 'Calle de las flores número 303 puerta C');
INSERT INTO horariosRecintos VALUES ('2020-09-01 03:00:00', 'Calle de las flores número 303 puerta C');
INSERT INTO horariosRecintos VALUES ('2022-09-01 18:00:00', 'Calle de las flores número 304 puerta C');
INSERT INTO horariosRecintos VALUES ('2021-09-01 18:00:00', 'Calle de las flores número 304 puerta C');
INSERT INTO horariosRecintos VALUES ('2020-09-01 03:00:00', 'Calle de las flores número 304 puerta C');
INSERT INTO horariosRecintos VALUES ('2022-09-01 18:00:00', 'Calle de las flores número 305 puerta C');
INSERT INTO horariosRecintos VALUES ('2021-09-01 18:00:00', 'Calle de las flores número 305 puerta C');
INSERT INTO horariosRecintos VALUES ('2020-09-01 03:00:00', 'Calle de las flores número 305 puerta C');
INSERT INTO horariosRecintos VALUES ('2022-09-01 18:00:00', 'Calle de las flores número 306 puerta C');
INSERT INTO horariosRecintos VALUES ('2021-09-01 18:00:00', 'Calle de las flores número 306 puerta C');
INSERT INTO horariosRecintos VALUES ('2020-09-01 03:00:00', 'Calle de las flores número 306 puerta C');
INSERT INTO horariosRecintos VALUES ('2022-09-01 18:00:00', 'Calle de las flores número 307 puerta C');
INSERT INTO horariosRecintos VALUES ('2021-09-01 18:00:00', 'Calle de las flores número 307 puerta C');
INSERT INTO horariosRecintos VALUES ('2020-09-01 03:00:00', 'Calle de las flores número 307 puerta C');
INSERT INTO horariosRecintos VALUES ('2022-09-01 18:00:00', 'Calle de las flores número 308 puerta C');
INSERT INTO horariosRecintos VALUES ('2021-09-01 18:00:00', 'Calle de las flores número 308 puerta C');
INSERT INTO horariosRecintos VALUES ('2020-09-01 03:00:00', 'Calle de las flores número 308 puerta C');
INSERT INTO horariosRecintos VALUES ('2022-09-01 18:00:00', 'Calle de las flores número 309 puerta C');
INSERT INTO horariosRecintos VALUES ('2021-09-01 18:00:00', 'Calle de las flores número 309 puerta C');
INSERT INTO horariosRecintos VALUES ('2020-09-01 03:00:00', 'Calle de las flores número 309 puerta C');
INSERT INTO horariosRecintos VALUES ('2022-09-01 18:00:00', 'Calle de las flores número 310 puerta C');
INSERT INTO horariosRecintos VALUES ('2021-09-01 18:00:00', 'Calle de las flores número 310 puerta C');
INSERT INTO horariosRecintos VALUES ('2020-09-01 03:00:00', 'Calle de las flores número 310 puerta C');
INSERT INTO horariosRecintos VALUES ('2022-09-01 18:00:00', 'Calle de las flores número 311 puerta C');
INSERT INTO horariosRecintos VALUES ('2021-09-01 18:00:00', 'Calle de las flores número 311 puerta C');
INSERT INTO horariosRecintos VALUES ('2020-09-01 03:00:00', 'Calle de las flores número 311 puerta C');
INSERT INTO horariosRecintos VALUES ('2022-09-01 18:00:00', 'Calle de las flores número 312 puerta C');
INSERT INTO horariosRecintos VALUES ('2021-09-01 18:00:00', 'Calle de las flores número 312 puerta C');
INSERT INTO horariosRecintos VALUES ('2020-09-01 03:00:00', 'Calle de las flores número 312 puerta C');
INSERT INTO horariosRecintos VALUES ('2022-09-01 18:00:00', 'Calle de las flores número 313 puerta C');
INSERT INTO horariosRecintos VALUES ('2021-09-01 18:00:00', 'Calle de las flores número 313 puerta C');
INSERT INTO horariosRecintos VALUES ('2020-09-01 03:00:00', 'Calle de las flores número 313 puerta C');
INSERT INTO horariosRecintos VALUES ('2022-09-01 18:00:00', 'Calle de las flores número 314 puerta C');
INSERT INTO horariosRecintos VALUES ('2021-09-01 18:00:00', 'Calle de las flores número 314 puerta C');
INSERT INTO horariosRecintos VALUES ('2020-09-01 03:00:00', 'Calle de las flores número 314 puerta C');
INSERT INTO horariosRecintos VALUES ('2022-09-01 18:00:00', 'Calle de las flores número 315 puerta C');
INSERT INTO horariosRecintos VALUES ('2021-09-01 18:00:00', 'Calle de las flores número 315 puerta C');
INSERT INTO horariosRecintos VALUES ('2020-09-01 03:00:00', 'Calle de las flores número 315 puerta C');
INSERT INTO horariosRecintos VALUES ('2022-09-01 18:00:00', 'Calle de las flores número 316 puerta C');
INSERT INTO horariosRecintos VALUES ('2021-09-01 18:00:00', 'Calle de las flores número 316 puerta C');
INSERT INTO horariosRecintos VALUES ('2020-09-01 03:00:00', 'Calle de las flores número 316 puerta C');
INSERT INTO horariosRecintos VALUES ('2022-09-01 18:00:00', 'Calle de las flores número 317 puerta C');
INSERT INTO horariosRecintos VALUES ('2021-09-01 18:00:00', 'Calle de las flores número 317 puerta C');
INSERT INTO horariosRecintos VALUES ('2020-09-01 03:00:00', 'Calle de las flores número 317 puerta C');
INSERT INTO horariosRecintos VALUES ('2022-09-01 18:00:00', 'Calle de las flores número 318 puerta C');
INSERT INTO horariosRecintos VALUES ('2021-09-01 18:00:00', 'Calle de las flores número 318 puerta C');
INSERT INTO horariosRecintos VALUES ('2020-09-01 03:00:00', 'Calle de las flores número 318 puerta C');
INSERT INTO horariosRecintos VALUES ('2022-09-01 18:00:00', 'Calle de las flores número 319 puerta C');
INSERT INTO horariosRecintos VALUES ('2021-09-01 18:00:00', 'Calle de las flores número 319 puerta C');
INSERT INTO horariosRecintos VALUES ('2020-09-01 03:00:00', 'Calle de las flores número 319 puerta C');
INSERT INTO horariosRecintos VALUES ('2022-09-01 18:00:00', 'Calle de las flores número 320 puerta C');
INSERT INTO horariosRecintos VALUES ('2021-09-01 18:00:00', 'Calle de las flores número 320 puerta C');
INSERT INTO horariosRecintos VALUES ('2020-09-01 03:00:00', 'Calle de las flores número 320 puerta C');
INSERT INTO horariosRecintos VALUES ('2022-09-01 18:00:00', 'Calle de las flores número 321 puerta C');
INSERT INTO horariosRecintos VALUES ('2021-09-01 18:00:00', 'Calle de las flores número 321 puerta C');
INSERT INTO horariosRecintos VALUES ('2020-09-01 03:00:00', 'Calle de las flores número 321 puerta C');
INSERT INTO horariosRecintos VALUES ('2022-09-01 18:00:00', 'Calle de las flores número 322 puerta C');
INSERT INTO horariosRecintos VALUES ('2021-09-01 18:00:00', 'Calle de las flores número 322 puerta C');
INSERT INTO horariosRecintos VALUES ('2020-09-01 03:00:00', 'Calle de las flores número 322 puerta C');
INSERT INTO horariosRecintos VALUES ('2022-09-01 18:00:00', 'Calle de las flores número 323 puerta C');
INSERT INTO horariosRecintos VALUES ('2021-09-01 18:00:00', 'Calle de las flores número 323 puerta C');
INSERT INTO horariosRecintos VALUES ('2020-09-01 03:00:00', 'Calle de las flores número 323 puerta C');
INSERT INTO horariosRecintos VALUES ('2022-09-01 18:00:00', 'Calle de las flores número 324 puerta C');
INSERT INTO horariosRecintos VALUES ('2021-09-01 18:00:00', 'Calle de las flores número 324 puerta C');
INSERT INTO horariosRecintos VALUES ('2020-09-01 03:00:00', 'Calle de las flores número 324 puerta C');
INSERT INTO horariosRecintos VALUES ('2022-09-01 18:00:00', 'Calle de las flores número 325 puerta C');
INSERT INTO horariosRecintos VALUES ('2021-09-01 18:00:00', 'Calle de las flores número 325 puerta C');
INSERT INTO horariosRecintos VALUES ('2020-09-01 03:00:00', 'Calle de las flores número 325 puerta C');
INSERT INTO horariosRecintos VALUES ('2022-09-01 18:00:00', 'Calle de las flores número 326 puerta C');
INSERT INTO horariosRecintos VALUES ('2021-09-01 18:00:00', 'Calle de las flores número 326 puerta C');
INSERT INTO horariosRecintos VALUES ('2020-09-01 03:00:00', 'Calle de las flores número 326 puerta C');
INSERT INTO horariosRecintos VALUES ('2022-09-01 18:00:00', 'Calle de las flores número 327 puerta C');
INSERT INTO horariosRecintos VALUES ('2021-09-01 18:00:00', 'Calle de las flores número 327 puerta C');
INSERT INTO horariosRecintos VALUES ('2020-09-01 03:00:00', 'Calle de las flores número 327 puerta C');
INSERT INTO horariosRecintos VALUES ('2022-09-01 18:00:00', 'Calle de las flores número 328 puerta C');
INSERT INTO horariosRecintos VALUES ('2021-09-01 18:00:00', 'Calle de las flores número 328 puerta C');
INSERT INTO horariosRecintos VALUES ('2020-09-01 03:00:00', 'Calle de las flores número 328 puerta C');
INSERT INTO horariosRecintos VALUES ('2022-09-01 18:00:00', 'Calle de las flores número 329 puerta C');
INSERT INTO horariosRecintos VALUES ('2021-09-01 18:00:00', 'Calle de las flores número 329 puerta C');
INSERT INTO horariosRecintos VALUES ('2020-09-01 03:00:00', 'Calle de las flores número 329 puerta C');
INSERT INTO horariosRecintos VALUES ('2022-09-01 18:00:00', 'Calle de las flores número 330 puerta C');
INSERT INTO horariosRecintos VALUES ('2021-09-01 18:00:00', 'Calle de las flores número 330 puerta C');
INSERT INTO horariosRecintos VALUES ('2020-09-01 03:00:00', 'Calle de las flores número 330 puerta C');
INSERT INTO horariosRecintos VALUES ('2022-09-01 18:00:00', 'Calle de las flores número 331 puerta C');
INSERT INTO horariosRecintos VALUES ('2021-09-01 18:00:00', 'Calle de las flores número 331 puerta C');
INSERT INTO horariosRecintos VALUES ('2020-09-01 03:00:00', 'Calle de las flores número 331 puerta C');
INSERT INTO horariosRecintos VALUES ('2022-09-01 18:00:00', 'Calle de las flores número 332 puerta C');
INSERT INTO horariosRecintos VALUES ('2021-09-01 18:00:00', 'Calle de las flores número 332 puerta C');
INSERT INTO horariosRecintos VALUES ('2020-09-01 03:00:00', 'Calle de las flores número 332 puerta C');
INSERT INTO horariosRecintos VALUES ('2022-09-01 18:00:00', 'Calle de las flores número 333 puerta C');
INSERT INTO horariosRecintos VALUES ('2021-09-01 18:00:00', 'Calle de las flores número 333 puerta C');
INSERT INTO horariosRecintos VALUES ('2020-09-01 03:00:00', 'Calle de las flores número 333 puerta C');
INSERT INTO horariosRecintos VALUES ('2022-09-01 18:00:00', 'Calle de las flores número 334 puerta C');
INSERT INTO horariosRecintos VALUES ('2021-09-01 18:00:00', 'Calle de las flores número 334 puerta C');
INSERT INTO horariosRecintos VALUES ('2020-09-01 03:00:00', 'Calle de las flores número 334 puerta C');
INSERT INTO horariosRecintos VALUES ('2022-09-01 18:00:00', 'Calle de las flores número 335 puerta C');
INSERT INTO horariosRecintos VALUES ('2021-09-01 18:00:00', 'Calle de las flores número 335 puerta C');
INSERT INTO horariosRecintos VALUES ('2020-09-01 03:00:00', 'Calle de las flores número 335 puerta C');
INSERT INTO horariosRecintos VALUES ('2022-09-01 18:00:00', 'Calle de las flores número 336 puerta C');
INSERT INTO horariosRecintos VALUES ('2021-09-01 18:00:00', 'Calle de las flores número 336 puerta C');
INSERT INTO horariosRecintos VALUES ('2020-09-01 03:00:00', 'Calle de las flores número 336 puerta C');
INSERT INTO horariosRecintos VALUES ('2022-09-01 18:00:00', 'Calle de las flores número 337 puerta C');
INSERT INTO horariosRecintos VALUES ('2021-09-01 18:00:00', 'Calle de las flores número 337 puerta C');
INSERT INTO horariosRecintos VALUES ('2020-09-01 03:00:00', 'Calle de las flores número 337 puerta C');
INSERT INTO horariosRecintos VALUES ('2022-09-01 18:00:00', 'Calle de las flores número 338 puerta C');
INSERT INTO horariosRecintos VALUES ('2021-09-01 18:00:00', 'Calle de las flores número 338 puerta C');
INSERT INTO horariosRecintos VALUES ('2020-09-01 03:00:00', 'Calle de las flores número 338 puerta C');
INSERT INTO horariosRecintos VALUES ('2022-09-01 18:00:00', 'Calle de las flores número 339 puerta C');
INSERT INTO horariosRecintos VALUES ('2021-09-01 18:00:00', 'Calle de las flores número 339 puerta C');
INSERT INTO horariosRecintos VALUES ('2020-09-01 03:00:00', 'Calle de las flores número 339 puerta C');
INSERT INTO horariosRecintos VALUES ('2022-09-01 18:00:00', 'Calle de las flores número 340 puerta C');
INSERT INTO horariosRecintos VALUES ('2021-09-01 18:00:00', 'Calle de las flores número 340 puerta C');
INSERT INTO horariosRecintos VALUES ('2020-09-01 03:00:00', 'Calle de las flores número 340 puerta C');
INSERT INTO horariosRecintos VALUES ('2022-09-01 18:00:00', 'Calle de las flores número 341 puerta C');
INSERT INTO horariosRecintos VALUES ('2021-09-01 18:00:00', 'Calle de las flores número 341 puerta C');
INSERT INTO horariosRecintos VALUES ('2020-09-01 03:00:00', 'Calle de las flores número 341 puerta C');
INSERT INTO horariosRecintos VALUES ('2022-09-01 18:00:00', 'Calle de las flores número 342 puerta C');
INSERT INTO horariosRecintos VALUES ('2021-09-01 18:00:00', 'Calle de las flores número 342 puerta C');
INSERT INTO horariosRecintos VALUES ('2020-09-01 03:00:00', 'Calle de las flores número 342 puerta C');
INSERT INTO horariosRecintos VALUES ('2022-09-01 18:00:00', 'Calle de las flores número 343 puerta C');
INSERT INTO horariosRecintos VALUES ('2021-09-01 18:00:00', 'Calle de las flores número 343 puerta C');
INSERT INTO horariosRecintos VALUES ('2020-09-01 03:00:00', 'Calle de las flores número 343 puerta C');
INSERT INTO horariosRecintos VALUES ('2022-09-01 18:00:00', 'Calle de las flores número 344 puerta C');
INSERT INTO horariosRecintos VALUES ('2021-09-01 18:00:00', 'Calle de las flores número 344 puerta C');
INSERT INTO horariosRecintos VALUES ('2020-09-01 03:00:00', 'Calle de las flores número 344 puerta C');
INSERT INTO horariosRecintos VALUES ('2022-09-01 18:00:00', 'Calle de las flores número 345 puerta C');
INSERT INTO horariosRecintos VALUES ('2021-09-01 18:00:00', 'Calle de las flores número 345 puerta C');
INSERT INTO horariosRecintos VALUES ('2020-09-01 03:00:00', 'Calle de las flores número 345 puerta C');
INSERT INTO horariosRecintos VALUES ('2022-09-01 18:00:00', 'Calle de las flores número 346 puerta C');
INSERT INTO horariosRecintos VALUES ('2021-09-01 18:00:00', 'Calle de las flores número 346 puerta C');
INSERT INTO horariosRecintos VALUES ('2020-09-01 03:00:00', 'Calle de las flores número 346 puerta C');
INSERT INTO horariosRecintos VALUES ('2022-09-01 18:00:00', 'Calle de las flores número 347 puerta C');
INSERT INTO horariosRecintos VALUES ('2021-09-01 18:00:00', 'Calle de las flores número 347 puerta C');
INSERT INTO horariosRecintos VALUES ('2020-09-01 03:00:00', 'Calle de las flores número 347 puerta C');
INSERT INTO horariosRecintos VALUES ('2022-09-01 18:00:00', 'Calle de las flores número 348 puerta C');
INSERT INTO horariosRecintos VALUES ('2021-09-01 18:00:00', 'Calle de las flores número 348 puerta C');
INSERT INTO horariosRecintos VALUES ('2020-09-01 03:00:00', 'Calle de las flores número 348 puerta C');
INSERT INTO horariosRecintos VALUES ('2022-09-01 18:00:00', 'Calle de las flores número 349 puerta C');
INSERT INTO horariosRecintos VALUES ('2021-09-01 18:00:00', 'Calle de las flores número 349 puerta C');
INSERT INTO horariosRecintos VALUES ('2020-09-01 03:00:00', 'Calle de las flores número 349 puerta C');
INSERT INTO horariosRecintos VALUES ('2022-09-01 18:00:00', 'Calle de las flores número 350 puerta C');
INSERT INTO horariosRecintos VALUES ('2021-09-01 18:00:00', 'Calle de las flores número 350 puerta C');
INSERT INTO horariosRecintos VALUES ('2020-09-01 03:00:00', 'Calle de las flores número 350 puerta C');
INSERT INTO horariosRecintos VALUES ('2022-09-01 18:00:00', 'Calle de las flores número 351 puerta C');
INSERT INTO horariosRecintos VALUES ('2021-09-01 18:00:00', 'Calle de las flores número 351 puerta C');
INSERT INTO horariosRecintos VALUES ('2020-09-01 03:00:00', 'Calle de las flores número 351 puerta C');
INSERT INTO horariosRecintos VALUES ('2022-09-01 18:00:00', 'Calle de las flores número 352 puerta C');
INSERT INTO horariosRecintos VALUES ('2021-09-01 18:00:00', 'Calle de las flores número 352 puerta C');
INSERT INTO horariosRecintos VALUES ('2020-09-01 03:00:00', 'Calle de las flores número 352 puerta C');
INSERT INTO horariosRecintos VALUES ('2022-09-01 18:00:00', 'Calle de las flores número 353 puerta C');
INSERT INTO horariosRecintos VALUES ('2021-09-01 18:00:00', 'Calle de las flores número 353 puerta C');
INSERT INTO horariosRecintos VALUES ('2020-09-01 03:00:00', 'Calle de las flores número 353 puerta C');
INSERT INTO horariosRecintos VALUES ('2022-09-01 18:00:00', 'Calle de las flores número 354 puerta C');
INSERT INTO horariosRecintos VALUES ('2021-09-01 18:00:00', 'Calle de las flores número 354 puerta C');
INSERT INTO horariosRecintos VALUES ('2020-09-01 03:00:00', 'Calle de las flores número 354 puerta C');
INSERT INTO horariosRecintos VALUES ('2022-09-01 18:00:00', 'Calle de las flores número 355 puerta C');
INSERT INTO horariosRecintos VALUES ('2021-09-01 18:00:00', 'Calle de las flores número 355 puerta C');
INSERT INTO horariosRecintos VALUES ('2020-09-01 03:00:00', 'Calle de las flores número 355 puerta C');
INSERT INTO horariosRecintos VALUES ('2022-09-01 18:00:00', 'Calle de las flores número 356 puerta C');
INSERT INTO horariosRecintos VALUES ('2021-09-01 18:00:00', 'Calle de las flores número 356 puerta C');
INSERT INTO horariosRecintos VALUES ('2020-09-01 03:00:00', 'Calle de las flores número 356 puerta C');
INSERT INTO horariosRecintos VALUES ('2022-09-01 18:00:00', 'Calle de las flores número 357 puerta C');
INSERT INTO horariosRecintos VALUES ('2021-09-01 18:00:00', 'Calle de las flores número 357 puerta C');
INSERT INTO horariosRecintos VALUES ('2020-09-01 03:00:00', 'Calle de las flores número 357 puerta C');
INSERT INTO horariosRecintos VALUES ('2022-09-01 18:00:00', 'Calle de las flores número 358 puerta C');
INSERT INTO horariosRecintos VALUES ('2021-09-01 18:00:00', 'Calle de las flores número 358 puerta C');
INSERT INTO horariosRecintos VALUES ('2020-09-01 03:00:00', 'Calle de las flores número 358 puerta C');
INSERT INTO horariosRecintos VALUES ('2022-09-01 18:00:00', 'Calle de las flores número 359 puerta C');
INSERT INTO horariosRecintos VALUES ('2021-09-01 18:00:00', 'Calle de las flores número 359 puerta C');
INSERT INTO horariosRecintos VALUES ('2020-09-01 03:00:00', 'Calle de las flores número 359 puerta C');
INSERT INTO horariosRecintos VALUES ('2022-09-01 18:00:00', 'Calle de las flores número 360 puerta C');
INSERT INTO horariosRecintos VALUES ('2021-09-01 18:00:00', 'Calle de las flores número 360 puerta C');
INSERT INTO horariosRecintos VALUES ('2020-09-01 03:00:00', 'Calle de las flores número 360 puerta C');
INSERT INTO horariosRecintos VALUES ('2022-09-01 18:00:00', 'Calle de las flores número 361 puerta C');
INSERT INTO horariosRecintos VALUES ('2021-09-01 18:00:00', 'Calle de las flores número 361 puerta C');
INSERT INTO horariosRecintos VALUES ('2020-09-01 03:00:00', 'Calle de las flores número 361 puerta C');
INSERT INTO horariosRecintos VALUES ('2022-09-01 18:00:00', 'Calle de las flores número 362 puerta C');
INSERT INTO horariosRecintos VALUES ('2021-09-01 18:00:00', 'Calle de las flores número 362 puerta C');
INSERT INTO horariosRecintos VALUES ('2020-09-01 03:00:00', 'Calle de las flores número 362 puerta C');
INSERT INTO horariosRecintos VALUES ('2022-09-01 18:00:00', 'Calle de las flores número 363 puerta C');
INSERT INTO horariosRecintos VALUES ('2021-09-01 18:00:00', 'Calle de las flores número 363 puerta C');
INSERT INTO horariosRecintos VALUES ('2020-09-01 03:00:00', 'Calle de las flores número 363 puerta C');
INSERT INTO horariosRecintos VALUES ('2022-09-01 18:00:00', 'Calle de las flores número 364 puerta C');
INSERT INTO horariosRecintos VALUES ('2021-09-01 18:00:00', 'Calle de las flores número 364 puerta C');
INSERT INTO horariosRecintos VALUES ('2020-09-01 03:00:00', 'Calle de las flores número 364 puerta C');
INSERT INTO horariosRecintos VALUES ('2022-09-01 18:00:00', 'Calle de las flores número 365 puerta C');
INSERT INTO horariosRecintos VALUES ('2021-09-01 18:00:00', 'Calle de las flores número 365 puerta C');
INSERT INTO horariosRecintos VALUES ('2020-09-01 03:00:00', 'Calle de las flores número 365 puerta C');
INSERT INTO horariosRecintos VALUES ('2022-09-01 18:00:00', 'Calle de las flores número 366 puerta C');
INSERT INTO horariosRecintos VALUES ('2021-09-01 18:00:00', 'Calle de las flores número 366 puerta C');
INSERT INTO horariosRecintos VALUES ('2020-09-01 03:00:00', 'Calle de las flores número 366 puerta C');
INSERT INTO horariosRecintos VALUES ('2022-09-01 18:00:00', 'Calle de las flores número 367 puerta C');
INSERT INTO horariosRecintos VALUES ('2021-09-01 18:00:00', 'Calle de las flores número 367 puerta C');
INSERT INTO horariosRecintos VALUES ('2020-09-01 03:00:00', 'Calle de las flores número 367 puerta C');
INSERT INTO horariosRecintos VALUES ('2022-09-01 18:00:00', 'Calle de las flores número 368 puerta C');
INSERT INTO horariosRecintos VALUES ('2021-09-01 18:00:00', 'Calle de las flores número 368 puerta C');
INSERT INTO horariosRecintos VALUES ('2020-09-01 03:00:00', 'Calle de las flores número 368 puerta C');
INSERT INTO horariosRecintos VALUES ('2022-09-01 18:00:00', 'Calle de las flores número 369 puerta C');
INSERT INTO horariosRecintos VALUES ('2021-09-01 18:00:00', 'Calle de las flores número 369 puerta C');
INSERT INTO horariosRecintos VALUES ('2020-09-01 03:00:00', 'Calle de las flores número 369 puerta C');
INSERT INTO horariosRecintos VALUES ('2022-09-01 18:00:00', 'Calle de las flores número 370 puerta C');
INSERT INTO horariosRecintos VALUES ('2021-09-01 18:00:00', 'Calle de las flores número 370 puerta C');
INSERT INTO horariosRecintos VALUES ('2020-09-01 03:00:00', 'Calle de las flores número 370 puerta C');
INSERT INTO horariosRecintos VALUES ('2022-09-01 18:00:00', 'Calle de las flores número 371 puerta C');
INSERT INTO horariosRecintos VALUES ('2021-09-01 18:00:00', 'Calle de las flores número 371 puerta C');
INSERT INTO horariosRecintos VALUES ('2020-09-01 03:00:00', 'Calle de las flores número 371 puerta C');
INSERT INTO horariosRecintos VALUES ('2022-09-01 18:00:00', 'Calle de las flores número 372 puerta C');
INSERT INTO horariosRecintos VALUES ('2021-09-01 18:00:00', 'Calle de las flores número 372 puerta C');
INSERT INTO horariosRecintos VALUES ('2020-09-01 03:00:00', 'Calle de las flores número 372 puerta C');
INSERT INTO horariosRecintos VALUES ('2022-09-01 18:00:00', 'Calle de las flores número 373 puerta C');
INSERT INTO horariosRecintos VALUES ('2021-09-01 18:00:00', 'Calle de las flores número 373 puerta C');
INSERT INTO horariosRecintos VALUES ('2020-09-01 03:00:00', 'Calle de las flores número 373 puerta C');
INSERT INTO horariosRecintos VALUES ('2022-09-01 18:00:00', 'Calle de las flores número 374 puerta C');
INSERT INTO horariosRecintos VALUES ('2021-09-01 18:00:00', 'Calle de las flores número 374 puerta C');
INSERT INTO horariosRecintos VALUES ('2020-09-01 03:00:00', 'Calle de las flores número 374 puerta C');
INSERT INTO horariosRecintos VALUES ('2022-09-01 18:00:00', 'Calle de las flores número 375 puerta C');
INSERT INTO horariosRecintos VALUES ('2021-09-01 18:00:00', 'Calle de las flores número 375 puerta C');
INSERT INTO horariosRecintos VALUES ('2020-09-01 03:00:00', 'Calle de las flores número 375 puerta C');
INSERT INTO horariosRecintos VALUES ('2022-09-01 18:00:00', 'Calle de las flores número 376 puerta C');
INSERT INTO horariosRecintos VALUES ('2021-09-01 18:00:00', 'Calle de las flores número 376 puerta C');
INSERT INTO horariosRecintos VALUES ('2020-09-01 03:00:00', 'Calle de las flores número 376 puerta C');
INSERT INTO horariosRecintos VALUES ('2022-09-01 18:00:00', 'Calle de las flores número 377 puerta C');
INSERT INTO horariosRecintos VALUES ('2021-09-01 18:00:00', 'Calle de las flores número 377 puerta C');
INSERT INTO horariosRecintos VALUES ('2020-09-01 03:00:00', 'Calle de las flores número 377 puerta C');
INSERT INTO horariosRecintos VALUES ('2022-09-01 18:00:00', 'Calle de las flores número 378 puerta C');
INSERT INTO horariosRecintos VALUES ('2021-09-01 18:00:00', 'Calle de las flores número 378 puerta C');
INSERT INTO horariosRecintos VALUES ('2020-09-01 03:00:00', 'Calle de las flores número 378 puerta C');
INSERT INTO horariosRecintos VALUES ('2022-09-01 18:00:00', 'Calle de las flores número 379 puerta C');
INSERT INTO horariosRecintos VALUES ('2021-09-01 18:00:00', 'Calle de las flores número 379 puerta C');
INSERT INTO horariosRecintos VALUES ('2020-09-01 03:00:00', 'Calle de las flores número 379 puerta C');
INSERT INTO horariosRecintos VALUES ('2022-09-01 18:00:00', 'Calle de las flores número 380 puerta C');
INSERT INTO horariosRecintos VALUES ('2021-09-01 18:00:00', 'Calle de las flores número 380 puerta C');
INSERT INTO horariosRecintos VALUES ('2020-09-01 03:00:00', 'Calle de las flores número 380 puerta C');
INSERT INTO horariosRecintos VALUES ('2022-09-01 18:00:00', 'Calle de las flores número 381 puerta C');
INSERT INTO horariosRecintos VALUES ('2021-09-01 18:00:00', 'Calle de las flores número 381 puerta C');
INSERT INTO horariosRecintos VALUES ('2020-09-01 03:00:00', 'Calle de las flores número 381 puerta C');
INSERT INTO horariosRecintos VALUES ('2022-09-01 18:00:00', 'Calle de las flores número 382 puerta C');
INSERT INTO horariosRecintos VALUES ('2021-09-01 18:00:00', 'Calle de las flores número 382 puerta C');
INSERT INTO horariosRecintos VALUES ('2020-09-01 03:00:00', 'Calle de las flores número 382 puerta C');
INSERT INTO horariosRecintos VALUES ('2022-09-01 18:00:00', 'Calle de las flores número 383 puerta C');
INSERT INTO horariosRecintos VALUES ('2021-09-01 18:00:00', 'Calle de las flores número 383 puerta C');
INSERT INTO horariosRecintos VALUES ('2020-09-01 03:00:00', 'Calle de las flores número 383 puerta C');
INSERT INTO horariosRecintos VALUES ('2022-09-01 18:00:00', 'Calle de las flores número 384 puerta C');
INSERT INTO horariosRecintos VALUES ('2021-09-01 18:00:00', 'Calle de las flores número 384 puerta C');
INSERT INTO horariosRecintos VALUES ('2020-09-01 03:00:00', 'Calle de las flores número 384 puerta C');
INSERT INTO horariosRecintos VALUES ('2022-09-01 18:00:00', 'Calle de las flores número 385 puerta C');
INSERT INTO horariosRecintos VALUES ('2021-09-01 18:00:00', 'Calle de las flores número 385 puerta C');
INSERT INTO horariosRecintos VALUES ('2020-09-01 03:00:00', 'Calle de las flores número 385 puerta C');
INSERT INTO horariosRecintos VALUES ('2022-09-01 18:00:00', 'Calle de las flores número 386 puerta C');
INSERT INTO horariosRecintos VALUES ('2021-09-01 18:00:00', 'Calle de las flores número 386 puerta C');
INSERT INTO horariosRecintos VALUES ('2020-09-01 03:00:00', 'Calle de las flores número 386 puerta C');
INSERT INTO horariosRecintos VALUES ('2022-09-01 18:00:00', 'Calle de las flores número 387 puerta C');
INSERT INTO horariosRecintos VALUES ('2021-09-01 18:00:00', 'Calle de las flores número 387 puerta C');
INSERT INTO horariosRecintos VALUES ('2020-09-01 03:00:00', 'Calle de las flores número 387 puerta C');
INSERT INTO horariosRecintos VALUES ('2022-09-01 18:00:00', 'Calle de las flores número 388 puerta C');
INSERT INTO horariosRecintos VALUES ('2021-09-01 18:00:00', 'Calle de las flores número 388 puerta C');
INSERT INTO horariosRecintos VALUES ('2020-09-01 03:00:00', 'Calle de las flores número 388 puerta C');
INSERT INTO horariosRecintos VALUES ('2022-09-01 18:00:00', 'Calle de las flores número 389 puerta C');
INSERT INTO horariosRecintos VALUES ('2021-09-01 18:00:00', 'Calle de las flores número 389 puerta C');
INSERT INTO horariosRecintos VALUES ('2020-09-01 03:00:00', 'Calle de las flores número 389 puerta C');
INSERT INTO horariosRecintos VALUES ('2022-09-01 18:00:00', 'Calle de las flores número 390 puerta C');
INSERT INTO horariosRecintos VALUES ('2021-09-01 18:00:00', 'Calle de las flores número 390 puerta C');
INSERT INTO horariosRecintos VALUES ('2020-09-01 03:00:00', 'Calle de las flores número 390 puerta C');
INSERT INTO horariosRecintos VALUES ('2022-09-01 18:00:00', 'Calle de las flores número 391 puerta C');
INSERT INTO horariosRecintos VALUES ('2021-09-01 18:00:00', 'Calle de las flores número 391 puerta C');
INSERT INTO horariosRecintos VALUES ('2020-09-01 03:00:00', 'Calle de las flores número 391 puerta C');
INSERT INTO horariosRecintos VALUES ('2022-09-01 18:00:00', 'Calle de las flores número 392 puerta C');
INSERT INTO horariosRecintos VALUES ('2021-09-01 18:00:00', 'Calle de las flores número 392 puerta C');
INSERT INTO horariosRecintos VALUES ('2020-09-01 03:00:00', 'Calle de las flores número 392 puerta C');
INSERT INTO horariosRecintos VALUES ('2022-09-01 18:00:00', 'Calle de las flores número 393 puerta C');
INSERT INTO horariosRecintos VALUES ('2021-09-01 18:00:00', 'Calle de las flores número 393 puerta C');
INSERT INTO horariosRecintos VALUES ('2020-09-01 03:00:00', 'Calle de las flores número 393 puerta C');
INSERT INTO horariosRecintos VALUES ('2022-09-01 18:00:00', 'Calle de las flores número 394 puerta C');
INSERT INTO horariosRecintos VALUES ('2021-09-01 18:00:00', 'Calle de las flores número 394 puerta C');
INSERT INTO horariosRecintos VALUES ('2020-09-01 03:00:00', 'Calle de las flores número 394 puerta C');
INSERT INTO horariosRecintos VALUES ('2022-09-01 18:00:00', 'Calle de las flores número 395 puerta C');
INSERT INTO horariosRecintos VALUES ('2021-09-01 18:00:00', 'Calle de las flores número 395 puerta C');
INSERT INTO horariosRecintos VALUES ('2020-09-01 03:00:00', 'Calle de las flores número 395 puerta C');
INSERT INTO horariosRecintos VALUES ('2022-09-01 18:00:00', 'Calle de las flores número 396 puerta C');
INSERT INTO horariosRecintos VALUES ('2021-09-01 18:00:00', 'Calle de las flores número 396 puerta C');
INSERT INTO horariosRecintos VALUES ('2020-09-01 03:00:00', 'Calle de las flores número 396 puerta C');
INSERT INTO horariosRecintos VALUES ('2022-09-01 18:00:00', 'Calle de las flores número 397 puerta C');
INSERT INTO horariosRecintos VALUES ('2021-09-01 18:00:00', 'Calle de las flores número 397 puerta C');
INSERT INTO horariosRecintos VALUES ('2020-09-01 03:00:00', 'Calle de las flores número 397 puerta C');
INSERT INTO horariosRecintos VALUES ('2022-09-01 18:00:00', 'Calle de las flores número 398 puerta C');
INSERT INTO horariosRecintos VALUES ('2021-09-01 18:00:00', 'Calle de las flores número 398 puerta C');
INSERT INTO horariosRecintos VALUES ('2020-09-01 03:00:00', 'Calle de las flores número 398 puerta C');
INSERT INTO horariosRecintos VALUES ('2022-09-01 18:00:00', 'Calle de las flores número 399 puerta C');
INSERT INTO horariosRecintos VALUES ('2021-09-01 18:00:00', 'Calle de las flores número 399 puerta C');
INSERT INTO horariosRecintos VALUES ('2020-09-01 03:00:00', 'Calle de las flores número 399 puerta C');
INSERT INTO horariosRecintos VALUES ('2022-09-01 18:00:00', 'Calle de las flores número 400 puerta C');
INSERT INTO horariosRecintos VALUES ('2021-09-01 18:00:00', 'Calle de las flores número 400 puerta C');
INSERT INTO horariosRecintos VALUES ('2020-09-01 03:00:00', 'Calle de las flores número 400 puerta C');
INSERT INTO horariosRecintos VALUES ('2022-09-01 18:00:00', 'Calle de las flores número 401 puerta C');
INSERT INTO horariosRecintos VALUES ('2021-09-01 18:00:00', 'Calle de las flores número 401 puerta C');
INSERT INTO horariosRecintos VALUES ('2020-09-01 03:00:00', 'Calle de las flores número 401 puerta C');
INSERT INTO horariosRecintos VALUES ('2022-09-01 18:00:00', 'Calle de las flores número 402 puerta C');
INSERT INTO horariosRecintos VALUES ('2021-09-01 18:00:00', 'Calle de las flores número 402 puerta C');
INSERT INTO horariosRecintos VALUES ('2020-09-01 03:00:00', 'Calle de las flores número 402 puerta C');
INSERT INTO horariosRecintos VALUES ('2022-09-01 18:00:00', 'Calle de las flores número 403 puerta C');
INSERT INTO horariosRecintos VALUES ('2021-09-01 18:00:00', 'Calle de las flores número 403 puerta C');
INSERT INTO horariosRecintos VALUES ('2020-09-01 03:00:00', 'Calle de las flores número 403 puerta C');
INSERT INTO horariosRecintos VALUES ('2022-09-01 18:00:00', 'Calle de las flores número 404 puerta C');
INSERT INTO horariosRecintos VALUES ('2021-09-01 18:00:00', 'Calle de las flores número 404 puerta C');
INSERT INTO horariosRecintos VALUES ('2020-09-01 03:00:00', 'Calle de las flores número 404 puerta C');
INSERT INTO horariosRecintos VALUES ('2022-09-01 18:00:00', 'Calle de las flores número 405 puerta C');
INSERT INTO horariosRecintos VALUES ('2021-09-01 18:00:00', 'Calle de las flores número 405 puerta C');
INSERT INTO horariosRecintos VALUES ('2020-09-01 03:00:00', 'Calle de las flores número 405 puerta C');
INSERT INTO horariosRecintos VALUES ('2022-09-01 18:00:00', 'Calle de las flores número 406 puerta C');
INSERT INTO horariosRecintos VALUES ('2021-09-01 18:00:00', 'Calle de las flores número 406 puerta C');
INSERT INTO horariosRecintos VALUES ('2020-09-01 03:00:00', 'Calle de las flores número 406 puerta C');
INSERT INTO horariosRecintos VALUES ('2022-09-01 18:00:00', 'Calle de las flores número 407 puerta C');
INSERT INTO horariosRecintos VALUES ('2021-09-01 18:00:00', 'Calle de las flores número 407 puerta C');
INSERT INTO horariosRecintos VALUES ('2020-09-01 03:00:00', 'Calle de las flores número 407 puerta C');
INSERT INTO horariosRecintos VALUES ('2022-09-01 18:00:00', 'Calle de las flores número 408 puerta C');
INSERT INTO horariosRecintos VALUES ('2021-09-01 18:00:00', 'Calle de las flores número 408 puerta C');
INSERT INTO horariosRecintos VALUES ('2020-09-01 03:00:00', 'Calle de las flores número 408 puerta C');
INSERT INTO horariosRecintos VALUES ('2022-09-01 18:00:00', 'Calle de las flores número 409 puerta C');
INSERT INTO horariosRecintos VALUES ('2021-09-01 18:00:00', 'Calle de las flores número 409 puerta C');
INSERT INTO horariosRecintos VALUES ('2020-09-01 03:00:00', 'Calle de las flores número 409 puerta C');
INSERT INTO horariosRecintos VALUES ('2022-09-01 18:00:00', 'Calle de las flores número 410 puerta C');
INSERT INTO horariosRecintos VALUES ('2021-09-01 18:00:00', 'Calle de las flores número 410 puerta C');
INSERT INTO horariosRecintos VALUES ('2020-09-01 03:00:00', 'Calle de las flores número 410 puerta C');
INSERT INTO horariosRecintos VALUES ('2022-09-01 18:00:00', 'Calle de las flores número 411 puerta C');
INSERT INTO horariosRecintos VALUES ('2021-09-01 18:00:00', 'Calle de las flores número 411 puerta C');
INSERT INTO horariosRecintos VALUES ('2020-09-01 03:00:00', 'Calle de las flores número 411 puerta C');
INSERT INTO horariosRecintos VALUES ('2022-09-01 18:00:00', 'Calle de las flores número 412 puerta C');
INSERT INTO horariosRecintos VALUES ('2021-09-01 18:00:00', 'Calle de las flores número 412 puerta C');
INSERT INTO horariosRecintos VALUES ('2020-09-01 03:00:00', 'Calle de las flores número 412 puerta C');
INSERT INTO horariosRecintos VALUES ('2022-09-01 18:00:00', 'Calle de las flores número 413 puerta C');
INSERT INTO horariosRecintos VALUES ('2021-09-01 18:00:00', 'Calle de las flores número 413 puerta C');
INSERT INTO horariosRecintos VALUES ('2020-09-01 03:00:00', 'Calle de las flores número 413 puerta C');
INSERT INTO horariosRecintos VALUES ('2022-09-01 18:00:00', 'Calle de las flores número 414 puerta C');
INSERT INTO horariosRecintos VALUES ('2021-09-01 18:00:00', 'Calle de las flores número 414 puerta C');
INSERT INTO horariosRecintos VALUES ('2020-09-01 03:00:00', 'Calle de las flores número 414 puerta C');
INSERT INTO horariosRecintos VALUES ('2022-09-01 18:00:00', 'Calle de las flores número 415 puerta C');
INSERT INTO horariosRecintos VALUES ('2021-09-01 18:00:00', 'Calle de las flores número 415 puerta C');
INSERT INTO horariosRecintos VALUES ('2020-09-01 03:00:00', 'Calle de las flores número 415 puerta C');
INSERT INTO horariosRecintos VALUES ('2022-09-01 18:00:00', 'Calle de las flores número 416 puerta C');
INSERT INTO horariosRecintos VALUES ('2021-09-01 18:00:00', 'Calle de las flores número 416 puerta C');
INSERT INTO horariosRecintos VALUES ('2020-09-01 03:00:00', 'Calle de las flores número 416 puerta C');
INSERT INTO horariosRecintos VALUES ('2022-09-01 18:00:00', 'Calle de las flores número 417 puerta C');
INSERT INTO horariosRecintos VALUES ('2021-09-01 18:00:00', 'Calle de las flores número 417 puerta C');
INSERT INTO horariosRecintos VALUES ('2020-09-01 03:00:00', 'Calle de las flores número 417 puerta C');
INSERT INTO horariosRecintos VALUES ('2022-09-01 18:00:00', 'Calle de las flores número 418 puerta C');
INSERT INTO horariosRecintos VALUES ('2021-09-01 18:00:00', 'Calle de las flores número 418 puerta C');
INSERT INTO horariosRecintos VALUES ('2020-09-01 03:00:00', 'Calle de las flores número 418 puerta C');
INSERT INTO horariosRecintos VALUES ('2022-09-01 18:00:00', 'Calle de las flores número 419 puerta C');
INSERT INTO horariosRecintos VALUES ('2021-09-01 18:00:00', 'Calle de las flores número 419 puerta C');
INSERT INTO horariosRecintos VALUES ('2020-09-01 03:00:00', 'Calle de las flores número 419 puerta C');
INSERT INTO horariosRecintos VALUES ('2022-09-01 18:00:00', 'Calle de las flores número 420 puerta C');
INSERT INTO horariosRecintos VALUES ('2021-09-01 18:00:00', 'Calle de las flores número 420 puerta C');
INSERT INTO horariosRecintos VALUES ('2020-09-01 03:00:00', 'Calle de las flores número 420 puerta C');
INSERT INTO horariosRecintos VALUES ('2022-09-01 18:00:00', 'Calle de las flores número 421 puerta C');
INSERT INTO horariosRecintos VALUES ('2021-09-01 18:00:00', 'Calle de las flores número 421 puerta C');
INSERT INTO horariosRecintos VALUES ('2020-09-01 03:00:00', 'Calle de las flores número 421 puerta C');
INSERT INTO horariosRecintos VALUES ('2022-09-01 18:00:00', 'Calle de las flores número 422 puerta C');
INSERT INTO horariosRecintos VALUES ('2021-09-01 18:00:00', 'Calle de las flores número 422 puerta C');
INSERT INTO horariosRecintos VALUES ('2020-09-01 03:00:00', 'Calle de las flores número 422 puerta C');
INSERT INTO horariosRecintos VALUES ('2022-09-01 18:00:00', 'Calle de las flores número 423 puerta C');
INSERT INTO horariosRecintos VALUES ('2021-09-01 18:00:00', 'Calle de las flores número 423 puerta C');
INSERT INTO horariosRecintos VALUES ('2020-09-01 03:00:00', 'Calle de las flores número 423 puerta C');
INSERT INTO horariosRecintos VALUES ('2022-09-01 18:00:00', 'Calle de las flores número 424 puerta C');
INSERT INTO horariosRecintos VALUES ('2021-09-01 18:00:00', 'Calle de las flores número 424 puerta C');
INSERT INTO horariosRecintos VALUES ('2020-09-01 03:00:00', 'Calle de las flores número 424 puerta C');
INSERT INTO horariosRecintos VALUES ('2022-09-01 18:00:00', 'Calle de las flores número 425 puerta C');
INSERT INTO horariosRecintos VALUES ('2021-09-01 18:00:00', 'Calle de las flores número 425 puerta C');
INSERT INTO horariosRecintos VALUES ('2020-09-01 03:00:00', 'Calle de las flores número 425 puerta C');
INSERT INTO horariosRecintos VALUES ('2022-09-01 18:00:00', 'Calle de las flores número 426 puerta C');
INSERT INTO horariosRecintos VALUES ('2021-09-01 18:00:00', 'Calle de las flores número 426 puerta C');
INSERT INTO horariosRecintos VALUES ('2020-09-01 03:00:00', 'Calle de las flores número 426 puerta C');
INSERT INTO horariosRecintos VALUES ('2022-09-01 18:00:00', 'Calle de las flores número 427 puerta C');
INSERT INTO horariosRecintos VALUES ('2021-09-01 18:00:00', 'Calle de las flores número 427 puerta C');
INSERT INTO horariosRecintos VALUES ('2020-09-01 03:00:00', 'Calle de las flores número 427 puerta C');
INSERT INTO horariosRecintos VALUES ('2022-09-01 18:00:00', 'Calle de las flores número 428 puerta C');
INSERT INTO horariosRecintos VALUES ('2021-09-01 18:00:00', 'Calle de las flores número 428 puerta C');
INSERT INTO horariosRecintos VALUES ('2020-09-01 03:00:00', 'Calle de las flores número 428 puerta C');
INSERT INTO horariosRecintos VALUES ('2022-09-01 18:00:00', 'Calle de las flores número 429 puerta C');
INSERT INTO horariosRecintos VALUES ('2021-09-01 18:00:00', 'Calle de las flores número 429 puerta C');
INSERT INTO horariosRecintos VALUES ('2020-09-01 03:00:00', 'Calle de las flores número 429 puerta C');
INSERT INTO horariosRecintos VALUES ('2022-09-01 18:00:00', 'Calle de las flores número 430 puerta C');
INSERT INTO horariosRecintos VALUES ('2021-09-01 18:00:00', 'Calle de las flores número 430 puerta C');
INSERT INTO horariosRecintos VALUES ('2020-09-01 03:00:00', 'Calle de las flores número 430 puerta C');
INSERT INTO horariosRecintos VALUES ('2022-09-01 18:00:00', 'Calle de las flores número 431 puerta C');
INSERT INTO horariosRecintos VALUES ('2021-09-01 18:00:00', 'Calle de las flores número 431 puerta C');
INSERT INTO horariosRecintos VALUES ('2020-09-01 03:00:00', 'Calle de las flores número 431 puerta C');
INSERT INTO horariosRecintos VALUES ('2022-09-01 18:00:00', 'Calle de las flores número 432 puerta C');
INSERT INTO horariosRecintos VALUES ('2021-09-01 18:00:00', 'Calle de las flores número 432 puerta C');
INSERT INTO horariosRecintos VALUES ('2020-09-01 03:00:00', 'Calle de las flores número 432 puerta C');
INSERT INTO horariosRecintos VALUES ('2022-09-01 18:00:00', 'Calle de las flores número 433 puerta C');
INSERT INTO horariosRecintos VALUES ('2021-09-01 18:00:00', 'Calle de las flores número 433 puerta C');
INSERT INTO horariosRecintos VALUES ('2020-09-01 03:00:00', 'Calle de las flores número 433 puerta C');
INSERT INTO horariosRecintos VALUES ('2022-09-01 18:00:00', 'Calle de las flores número 434 puerta C');
INSERT INTO horariosRecintos VALUES ('2021-09-01 18:00:00', 'Calle de las flores número 434 puerta C');
INSERT INTO horariosRecintos VALUES ('2020-09-01 03:00:00', 'Calle de las flores número 434 puerta C');
INSERT INTO horariosRecintos VALUES ('2022-09-01 18:00:00', 'Calle de las flores número 435 puerta C');
INSERT INTO horariosRecintos VALUES ('2021-09-01 18:00:00', 'Calle de las flores número 435 puerta C');
INSERT INTO horariosRecintos VALUES ('2020-09-01 03:00:00', 'Calle de las flores número 435 puerta C');
INSERT INTO horariosRecintos VALUES ('2022-09-01 18:00:00', 'Calle de las flores número 436 puerta C');
INSERT INTO horariosRecintos VALUES ('2021-09-01 18:00:00', 'Calle de las flores número 436 puerta C');
INSERT INTO horariosRecintos VALUES ('2020-09-01 03:00:00', 'Calle de las flores número 436 puerta C');
INSERT INTO horariosRecintos VALUES ('2022-09-01 18:00:00', 'Calle de las flores número 437 puerta C');
INSERT INTO horariosRecintos VALUES ('2021-09-01 18:00:00', 'Calle de las flores número 437 puerta C');
INSERT INTO horariosRecintos VALUES ('2020-09-01 03:00:00', 'Calle de las flores número 437 puerta C');
INSERT INTO horariosRecintos VALUES ('2022-09-01 18:00:00', 'Calle de las flores número 438 puerta C');
INSERT INTO horariosRecintos VALUES ('2021-09-01 18:00:00', 'Calle de las flores número 438 puerta C');
INSERT INTO horariosRecintos VALUES ('2020-09-01 03:00:00', 'Calle de las flores número 438 puerta C');
INSERT INTO horariosRecintos VALUES ('2022-09-01 18:00:00', 'Calle de las flores número 439 puerta C');
INSERT INTO horariosRecintos VALUES ('2021-09-01 18:00:00', 'Calle de las flores número 439 puerta C');
INSERT INTO horariosRecintos VALUES ('2020-09-01 03:00:00', 'Calle de las flores número 439 puerta C');
INSERT INTO horariosRecintos VALUES ('2022-09-01 18:00:00', 'Calle de las flores número 440 puerta C');
INSERT INTO horariosRecintos VALUES ('2021-09-01 18:00:00', 'Calle de las flores número 440 puerta C');
INSERT INTO horariosRecintos VALUES ('2020-09-01 03:00:00', 'Calle de las flores número 440 puerta C');
INSERT INTO horariosRecintos VALUES ('2022-09-01 18:00:00', 'Calle de las flores número 441 puerta C');
INSERT INTO horariosRecintos VALUES ('2021-09-01 18:00:00', 'Calle de las flores número 441 puerta C');
INSERT INTO horariosRecintos VALUES ('2020-09-01 03:00:00', 'Calle de las flores número 441 puerta C');
INSERT INTO horariosRecintos VALUES ('2022-09-01 18:00:00', 'Calle de las flores número 442 puerta C');
INSERT INTO horariosRecintos VALUES ('2021-09-01 18:00:00', 'Calle de las flores número 442 puerta C');
INSERT INTO horariosRecintos VALUES ('2020-09-01 03:00:00', 'Calle de las flores número 442 puerta C');
INSERT INTO horariosRecintos VALUES ('2022-09-01 18:00:00', 'Calle de las flores número 443 puerta C');
INSERT INTO horariosRecintos VALUES ('2021-09-01 18:00:00', 'Calle de las flores número 443 puerta C');
INSERT INTO horariosRecintos VALUES ('2020-09-01 03:00:00', 'Calle de las flores número 443 puerta C');
INSERT INTO horariosRecintos VALUES ('2022-09-01 18:00:00', 'Calle de las flores número 444 puerta C');
INSERT INTO horariosRecintos VALUES ('2021-09-01 18:00:00', 'Calle de las flores número 444 puerta C');
INSERT INTO horariosRecintos VALUES ('2020-09-01 03:00:00', 'Calle de las flores número 444 puerta C');
INSERT INTO horariosRecintos VALUES ('2022-09-01 18:00:00', 'Calle de las flores número 445 puerta C');
INSERT INTO horariosRecintos VALUES ('2021-09-01 18:00:00', 'Calle de las flores número 445 puerta C');
INSERT INTO horariosRecintos VALUES ('2020-09-01 03:00:00', 'Calle de las flores número 445 puerta C');
INSERT INTO horariosRecintos VALUES ('2022-09-01 18:00:00', 'Calle de las flores número 446 puerta C');
INSERT INTO horariosRecintos VALUES ('2021-09-01 18:00:00', 'Calle de las flores número 446 puerta C');
INSERT INTO horariosRecintos VALUES ('2020-09-01 03:00:00', 'Calle de las flores número 446 puerta C');
INSERT INTO horariosRecintos VALUES ('2022-09-01 18:00:00', 'Calle de las flores número 447 puerta C');
INSERT INTO horariosRecintos VALUES ('2021-09-01 18:00:00', 'Calle de las flores número 447 puerta C');
INSERT INTO horariosRecintos VALUES ('2020-09-01 03:00:00', 'Calle de las flores número 447 puerta C');
INSERT INTO horariosRecintos VALUES ('2022-09-01 18:00:00', 'Calle de las flores número 448 puerta C');
INSERT INTO horariosRecintos VALUES ('2021-09-01 18:00:00', 'Calle de las flores número 448 puerta C');
INSERT INTO horariosRecintos VALUES ('2020-09-01 03:00:00', 'Calle de las flores número 448 puerta C');
INSERT INTO horariosRecintos VALUES ('2022-09-01 18:00:00', 'Calle de las flores número 449 puerta C');
INSERT INTO horariosRecintos VALUES ('2021-09-01 18:00:00', 'Calle de las flores número 449 puerta C');
INSERT INTO horariosRecintos VALUES ('2020-09-01 03:00:00', 'Calle de las flores número 449 puerta C');
INSERT INTO horariosRecintos VALUES ('2022-09-01 18:00:00', 'Calle de las flores número 450 puerta C');
INSERT INTO horariosRecintos VALUES ('2021-09-01 18:00:00', 'Calle de las flores número 450 puerta C');
INSERT INTO horariosRecintos VALUES ('2020-09-01 03:00:00', 'Calle de las flores número 450 puerta C');
INSERT INTO horariosRecintos VALUES ('2022-09-01 18:00:00', 'Calle de las flores número 451 puerta C');
INSERT INTO horariosRecintos VALUES ('2021-09-01 18:00:00', 'Calle de las flores número 451 puerta C');
INSERT INTO horariosRecintos VALUES ('2020-09-01 03:00:00', 'Calle de las flores número 451 puerta C');
INSERT INTO horariosRecintos VALUES ('2022-09-01 18:00:00', 'Calle de las flores número 452 puerta C');
INSERT INTO horariosRecintos VALUES ('2021-09-01 18:00:00', 'Calle de las flores número 452 puerta C');
INSERT INTO horariosRecintos VALUES ('2020-09-01 03:00:00', 'Calle de las flores número 452 puerta C');
INSERT INTO horariosRecintos VALUES ('2022-09-01 18:00:00', 'Calle de las flores número 453 puerta C');
INSERT INTO horariosRecintos VALUES ('2021-09-01 18:00:00', 'Calle de las flores número 453 puerta C');
INSERT INTO horariosRecintos VALUES ('2020-09-01 03:00:00', 'Calle de las flores número 453 puerta C');
INSERT INTO horariosRecintos VALUES ('2022-09-01 18:00:00', 'Calle de las flores número 454 puerta C');
INSERT INTO horariosRecintos VALUES ('2021-09-01 18:00:00', 'Calle de las flores número 454 puerta C');
INSERT INTO horariosRecintos VALUES ('2020-09-01 03:00:00', 'Calle de las flores número 454 puerta C');
INSERT INTO horariosRecintos VALUES ('2022-09-01 18:00:00', 'Calle de las flores número 455 puerta C');
INSERT INTO horariosRecintos VALUES ('2021-09-01 18:00:00', 'Calle de las flores número 455 puerta C');
INSERT INTO horariosRecintos VALUES ('2020-09-01 03:00:00', 'Calle de las flores número 455 puerta C');
INSERT INTO horariosRecintos VALUES ('2022-09-01 18:00:00', 'Calle de las flores número 456 puerta C');
INSERT INTO horariosRecintos VALUES ('2021-09-01 18:00:00', 'Calle de las flores número 456 puerta C');
INSERT INTO horariosRecintos VALUES ('2020-09-01 03:00:00', 'Calle de las flores número 456 puerta C');
INSERT INTO horariosRecintos VALUES ('2022-09-01 18:00:00', 'Calle de las flores número 457 puerta C');
INSERT INTO horariosRecintos VALUES ('2021-09-01 18:00:00', 'Calle de las flores número 457 puerta C');
INSERT INTO horariosRecintos VALUES ('2020-09-01 03:00:00', 'Calle de las flores número 457 puerta C');
INSERT INTO horariosRecintos VALUES ('2022-09-01 18:00:00', 'Calle de las flores número 458 puerta C');
INSERT INTO horariosRecintos VALUES ('2021-09-01 18:00:00', 'Calle de las flores número 458 puerta C');
INSERT INTO horariosRecintos VALUES ('2020-09-01 03:00:00', 'Calle de las flores número 458 puerta C');
INSERT INTO horariosRecintos VALUES ('2022-09-01 18:00:00', 'Calle de las flores número 459 puerta C');
INSERT INTO horariosRecintos VALUES ('2021-09-01 18:00:00', 'Calle de las flores número 459 puerta C');
INSERT INTO horariosRecintos VALUES ('2020-09-01 03:00:00', 'Calle de las flores número 459 puerta C');
INSERT INTO horariosRecintos VALUES ('2022-09-01 18:00:00', 'Calle de las flores número 460 puerta C');
INSERT INTO horariosRecintos VALUES ('2021-09-01 18:00:00', 'Calle de las flores número 460 puerta C');
INSERT INTO horariosRecintos VALUES ('2020-09-01 03:00:00', 'Calle de las flores número 460 puerta C');
INSERT INTO horariosRecintos VALUES ('2022-09-01 18:00:00', 'Calle de las flores número 461 puerta C');
INSERT INTO horariosRecintos VALUES ('2021-09-01 18:00:00', 'Calle de las flores número 461 puerta C');
INSERT INTO horariosRecintos VALUES ('2020-09-01 03:00:00', 'Calle de las flores número 461 puerta C');
INSERT INTO horariosRecintos VALUES ('2022-09-01 18:00:00', 'Calle de las flores número 462 puerta C');
INSERT INTO horariosRecintos VALUES ('2021-09-01 18:00:00', 'Calle de las flores número 462 puerta C');
INSERT INTO horariosRecintos VALUES ('2020-09-01 03:00:00', 'Calle de las flores número 462 puerta C');
INSERT INTO horariosRecintos VALUES ('2022-09-01 18:00:00', 'Calle de las flores número 463 puerta C');
INSERT INTO horariosRecintos VALUES ('2021-09-01 18:00:00', 'Calle de las flores número 463 puerta C');
INSERT INTO horariosRecintos VALUES ('2020-09-01 03:00:00', 'Calle de las flores número 463 puerta C');
INSERT INTO horariosRecintos VALUES ('2022-09-01 18:00:00', 'Calle de las flores número 464 puerta C');
INSERT INTO horariosRecintos VALUES ('2021-09-01 18:00:00', 'Calle de las flores número 464 puerta C');
INSERT INTO horariosRecintos VALUES ('2020-09-01 03:00:00', 'Calle de las flores número 464 puerta C');
INSERT INTO horariosRecintos VALUES ('2022-09-01 18:00:00', 'Calle de las flores número 465 puerta C');
INSERT INTO horariosRecintos VALUES ('2021-09-01 18:00:00', 'Calle de las flores número 465 puerta C');
INSERT INTO horariosRecintos VALUES ('2020-09-01 03:00:00', 'Calle de las flores número 465 puerta C');
INSERT INTO horariosRecintos VALUES ('2022-09-01 18:00:00', 'Calle de las flores número 466 puerta C');
INSERT INTO horariosRecintos VALUES ('2021-09-01 18:00:00', 'Calle de las flores número 466 puerta C');
INSERT INTO horariosRecintos VALUES ('2020-09-01 03:00:00', 'Calle de las flores número 466 puerta C');
INSERT INTO horariosRecintos VALUES ('2022-09-01 18:00:00', 'Calle de las flores número 467 puerta C');
INSERT INTO horariosRecintos VALUES ('2021-09-01 18:00:00', 'Calle de las flores número 467 puerta C');
INSERT INTO horariosRecintos VALUES ('2020-09-01 03:00:00', 'Calle de las flores número 467 puerta C');
INSERT INTO horariosRecintos VALUES ('2022-09-01 18:00:00', 'Calle de las flores número 468 puerta C');
INSERT INTO horariosRecintos VALUES ('2021-09-01 18:00:00', 'Calle de las flores número 468 puerta C');
INSERT INTO horariosRecintos VALUES ('2020-09-01 03:00:00', 'Calle de las flores número 468 puerta C');
INSERT INTO horariosRecintos VALUES ('2022-09-01 18:00:00', 'Calle de las flores número 469 puerta C');
INSERT INTO horariosRecintos VALUES ('2021-09-01 18:00:00', 'Calle de las flores número 469 puerta C');
INSERT INTO horariosRecintos VALUES ('2020-09-01 03:00:00', 'Calle de las flores número 469 puerta C');
INSERT INTO horariosRecintos VALUES ('2022-09-01 18:00:00', 'Calle de las flores número 470 puerta C');
INSERT INTO horariosRecintos VALUES ('2021-09-01 18:00:00', 'Calle de las flores número 470 puerta C');
INSERT INTO horariosRecintos VALUES ('2020-09-01 03:00:00', 'Calle de las flores número 470 puerta C');
INSERT INTO horariosRecintos VALUES ('2022-09-01 18:00:00', 'Calle de las flores número 471 puerta C');
INSERT INTO horariosRecintos VALUES ('2021-09-01 18:00:00', 'Calle de las flores número 471 puerta C');
INSERT INTO horariosRecintos VALUES ('2020-09-01 03:00:00', 'Calle de las flores número 471 puerta C');
INSERT INTO horariosRecintos VALUES ('2022-09-01 18:00:00', 'Calle de las flores número 472 puerta C');
INSERT INTO horariosRecintos VALUES ('2021-09-01 18:00:00', 'Calle de las flores número 472 puerta C');
INSERT INTO horariosRecintos VALUES ('2020-09-01 03:00:00', 'Calle de las flores número 472 puerta C');
INSERT INTO horariosRecintos VALUES ('2022-09-01 18:00:00', 'Calle de las flores número 473 puerta C');
INSERT INTO horariosRecintos VALUES ('2021-09-01 18:00:00', 'Calle de las flores número 473 puerta C');
INSERT INTO horariosRecintos VALUES ('2020-09-01 03:00:00', 'Calle de las flores número 473 puerta C');
INSERT INTO horariosRecintos VALUES ('2022-09-01 18:00:00', 'Calle de las flores número 474 puerta C');
INSERT INTO horariosRecintos VALUES ('2021-09-01 18:00:00', 'Calle de las flores número 474 puerta C');
INSERT INTO horariosRecintos VALUES ('2020-09-01 03:00:00', 'Calle de las flores número 474 puerta C');
INSERT INTO horariosRecintos VALUES ('2022-09-01 18:00:00', 'Calle de las flores número 475 puerta C');
INSERT INTO horariosRecintos VALUES ('2021-09-01 18:00:00', 'Calle de las flores número 475 puerta C');
INSERT INTO horariosRecintos VALUES ('2020-09-01 03:00:00', 'Calle de las flores número 475 puerta C');
INSERT INTO horariosRecintos VALUES ('2022-09-01 18:00:00', 'Calle de las flores número 476 puerta C');
INSERT INTO horariosRecintos VALUES ('2021-09-01 18:00:00', 'Calle de las flores número 476 puerta C');
INSERT INTO horariosRecintos VALUES ('2020-09-01 03:00:00', 'Calle de las flores número 476 puerta C');
INSERT INTO horariosRecintos VALUES ('2022-09-01 18:00:00', 'Calle de las flores número 477 puerta C');
INSERT INTO horariosRecintos VALUES ('2021-09-01 18:00:00', 'Calle de las flores número 477 puerta C');
INSERT INTO horariosRecintos VALUES ('2020-09-01 03:00:00', 'Calle de las flores número 477 puerta C');
INSERT INTO horariosRecintos VALUES ('2022-09-01 18:00:00', 'Calle de las flores número 478 puerta C');
INSERT INTO horariosRecintos VALUES ('2021-09-01 18:00:00', 'Calle de las flores número 478 puerta C');
INSERT INTO horariosRecintos VALUES ('2020-09-01 03:00:00', 'Calle de las flores número 478 puerta C');
INSERT INTO horariosRecintos VALUES ('2022-09-01 18:00:00', 'Calle de las flores número 479 puerta C');
INSERT INTO horariosRecintos VALUES ('2021-09-01 18:00:00', 'Calle de las flores número 479 puerta C');
INSERT INTO horariosRecintos VALUES ('2020-09-01 03:00:00', 'Calle de las flores número 479 puerta C');
INSERT INTO horariosRecintos VALUES ('2022-09-01 18:00:00', 'Calle de las flores número 480 puerta C');
INSERT INTO horariosRecintos VALUES ('2021-09-01 18:00:00', 'Calle de las flores número 480 puerta C');
INSERT INTO horariosRecintos VALUES ('2020-09-01 03:00:00', 'Calle de las flores número 480 puerta C');
INSERT INTO horariosRecintos VALUES ('2022-09-01 18:00:00', 'Calle de las flores número 481 puerta C');
INSERT INTO horariosRecintos VALUES ('2021-09-01 18:00:00', 'Calle de las flores número 481 puerta C');
INSERT INTO horariosRecintos VALUES ('2020-09-01 03:00:00', 'Calle de las flores número 481 puerta C');
INSERT INTO horariosRecintos VALUES ('2022-09-01 18:00:00', 'Calle de las flores número 482 puerta C');
INSERT INTO horariosRecintos VALUES ('2021-09-01 18:00:00', 'Calle de las flores número 482 puerta C');
INSERT INTO horariosRecintos VALUES ('2020-09-01 03:00:00', 'Calle de las flores número 482 puerta C');
INSERT INTO horariosRecintos VALUES ('2022-09-01 18:00:00', 'Calle de las flores número 483 puerta C');
INSERT INTO horariosRecintos VALUES ('2021-09-01 18:00:00', 'Calle de las flores número 483 puerta C');
INSERT INTO horariosRecintos VALUES ('2020-09-01 03:00:00', 'Calle de las flores número 483 puerta C');
INSERT INTO horariosRecintos VALUES ('2022-09-01 18:00:00', 'Calle de las flores número 484 puerta C');
INSERT INTO horariosRecintos VALUES ('2021-09-01 18:00:00', 'Calle de las flores número 484 puerta C');
INSERT INTO horariosRecintos VALUES ('2020-09-01 03:00:00', 'Calle de las flores número 484 puerta C');
INSERT INTO horariosRecintos VALUES ('2022-09-01 18:00:00', 'Calle de las flores número 485 puerta C');
INSERT INTO horariosRecintos VALUES ('2021-09-01 18:00:00', 'Calle de las flores número 485 puerta C');
INSERT INTO horariosRecintos VALUES ('2020-09-01 03:00:00', 'Calle de las flores número 485 puerta C');
INSERT INTO horariosRecintos VALUES ('2022-09-01 18:00:00', 'Calle de las flores número 486 puerta C');
INSERT INTO horariosRecintos VALUES ('2021-09-01 18:00:00', 'Calle de las flores número 486 puerta C');
INSERT INTO horariosRecintos VALUES ('2020-09-01 03:00:00', 'Calle de las flores número 486 puerta C');
INSERT INTO horariosRecintos VALUES ('2022-09-01 18:00:00', 'Calle de las flores número 487 puerta C');
INSERT INTO horariosRecintos VALUES ('2021-09-01 18:00:00', 'Calle de las flores número 487 puerta C');
INSERT INTO horariosRecintos VALUES ('2020-09-01 03:00:00', 'Calle de las flores número 487 puerta C');
INSERT INTO horariosRecintos VALUES ('2022-09-01 18:00:00', 'Calle de las flores número 488 puerta C');
INSERT INTO horariosRecintos VALUES ('2021-09-01 18:00:00', 'Calle de las flores número 488 puerta C');
INSERT INTO horariosRecintos VALUES ('2020-09-01 03:00:00', 'Calle de las flores número 488 puerta C');
INSERT INTO horariosRecintos VALUES ('2022-09-01 18:00:00', 'Calle de las flores número 489 puerta C');
INSERT INTO horariosRecintos VALUES ('2021-09-01 18:00:00', 'Calle de las flores número 489 puerta C');
INSERT INTO horariosRecintos VALUES ('2020-09-01 03:00:00', 'Calle de las flores número 489 puerta C');
INSERT INTO horariosRecintos VALUES ('2022-09-01 18:00:00', 'Calle de las flores número 490 puerta C');
INSERT INTO horariosRecintos VALUES ('2021-09-01 18:00:00', 'Calle de las flores número 490 puerta C');
INSERT INTO horariosRecintos VALUES ('2020-09-01 03:00:00', 'Calle de las flores número 490 puerta C');
INSERT INTO horariosRecintos VALUES ('2022-09-01 18:00:00', 'Calle de las flores número 491 puerta C');
INSERT INTO horariosRecintos VALUES ('2021-09-01 18:00:00', 'Calle de las flores número 491 puerta C');
INSERT INTO horariosRecintos VALUES ('2020-09-01 03:00:00', 'Calle de las flores número 491 puerta C');
INSERT INTO horariosRecintos VALUES ('2022-09-01 18:00:00', 'Calle de las flores número 492 puerta C');
INSERT INTO horariosRecintos VALUES ('2021-09-01 18:00:00', 'Calle de las flores número 492 puerta C');
INSERT INTO horariosRecintos VALUES ('2020-09-01 03:00:00', 'Calle de las flores número 492 puerta C');
INSERT INTO horariosRecintos VALUES ('2022-09-01 18:00:00', 'Calle de las flores número 493 puerta C');
INSERT INTO horariosRecintos VALUES ('2021-09-01 18:00:00', 'Calle de las flores número 493 puerta C');
INSERT INTO horariosRecintos VALUES ('2020-09-01 03:00:00', 'Calle de las flores número 493 puerta C');
INSERT INTO horariosRecintos VALUES ('2022-09-01 18:00:00', 'Calle de las flores número 494 puerta C');
INSERT INTO horariosRecintos VALUES ('2021-09-01 18:00:00', 'Calle de las flores número 494 puerta C');
INSERT INTO horariosRecintos VALUES ('2020-09-01 03:00:00', 'Calle de las flores número 494 puerta C');
INSERT INTO horariosRecintos VALUES ('2022-09-01 18:00:00', 'Calle de las flores número 495 puerta C');
INSERT INTO horariosRecintos VALUES ('2021-09-01 18:00:00', 'Calle de las flores número 495 puerta C');
INSERT INTO horariosRecintos VALUES ('2020-09-01 03:00:00', 'Calle de las flores número 495 puerta C');
INSERT INTO horariosRecintos VALUES ('2022-09-01 18:00:00', 'Calle de las flores número 496 puerta C');
INSERT INTO horariosRecintos VALUES ('2021-09-01 18:00:00', 'Calle de las flores número 496 puerta C');
INSERT INTO horariosRecintos VALUES ('2020-09-01 03:00:00', 'Calle de las flores número 496 puerta C');
INSERT INTO horariosRecintos VALUES ('2022-09-01 18:00:00', 'Calle de las flores número 497 puerta C');
INSERT INTO horariosRecintos VALUES ('2021-09-01 18:00:00', 'Calle de las flores número 497 puerta C');
INSERT INTO horariosRecintos VALUES ('2020-09-01 03:00:00', 'Calle de las flores número 497 puerta C');
INSERT INTO horariosRecintos VALUES ('2022-09-01 18:00:00', 'Calle de las flores número 498 puerta C');
INSERT INTO horariosRecintos VALUES ('2021-09-01 18:00:00', 'Calle de las flores número 498 puerta C');
INSERT INTO horariosRecintos VALUES ('2020-09-01 03:00:00', 'Calle de las flores número 498 puerta C');
INSERT INTO horariosRecintos VALUES ('2022-09-01 18:00:00', 'Calle de las flores número 499 puerta C');
INSERT INTO horariosRecintos VALUES ('2021-09-01 18:00:00', 'Calle de las flores número 499 puerta C');
INSERT INTO horariosRecintos VALUES ('2020-09-01 03:00:00', 'Calle de las flores número 499 puerta C');
INSERT INTO horariosRecintos VALUES ('2022-09-01 18:00:00', 'Calle de las flores número 500 puerta C');
INSERT INTO horariosRecintos VALUES ('2021-09-01 18:00:00', 'Calle de las flores número 500 puerta C');
INSERT INTO horariosRecintos VALUES ('2020-09-01 03:00:00', 'Calle de las flores número 500 puerta C');
INSERT INTO horariosRecintos VALUES ('2022-09-01 18:00:00', 'Calle de las flores número 501 puerta C');
INSERT INTO horariosRecintos VALUES ('2021-09-01 18:00:00', 'Calle de las flores número 501 puerta C');
INSERT INTO horariosRecintos VALUES ('2020-09-01 03:00:00', 'Calle de las flores número 501 puerta C');
INSERT INTO horariosRecintos VALUES ('2022-09-01 18:00:00', 'Calle de las flores número 502 puerta C');
INSERT INTO horariosRecintos VALUES ('2021-09-01 18:00:00', 'Calle de las flores número 502 puerta C');
INSERT INTO horariosRecintos VALUES ('2020-09-01 03:00:00', 'Calle de las flores número 502 puerta C');
INSERT INTO horariosRecintos VALUES ('2022-09-01 18:00:00', 'Calle de las flores número 503 puerta C');
INSERT INTO horariosRecintos VALUES ('2021-09-01 18:00:00', 'Calle de las flores número 503 puerta C');
INSERT INTO horariosRecintos VALUES ('2020-09-01 03:00:00', 'Calle de las flores número 503 puerta C');
INSERT INTO horariosRecintos VALUES ('2022-09-01 18:00:00', 'Calle de las flores número 504 puerta C');
INSERT INTO horariosRecintos VALUES ('2021-09-01 18:00:00', 'Calle de las flores número 504 puerta C');
INSERT INTO horariosRecintos VALUES ('2020-09-01 03:00:00', 'Calle de las flores número 504 puerta C');
INSERT INTO horariosRecintos VALUES ('2022-09-01 18:00:00', 'Calle de las flores número 505 puerta C');
INSERT INTO horariosRecintos VALUES ('2021-09-01 18:00:00', 'Calle de las flores número 505 puerta C');
INSERT INTO horariosRecintos VALUES ('2020-09-01 03:00:00', 'Calle de las flores número 505 puerta C');
INSERT INTO horariosRecintos VALUES ('2022-09-01 18:00:00', 'Calle de las flores número 506 puerta C');
INSERT INTO horariosRecintos VALUES ('2021-09-01 18:00:00', 'Calle de las flores número 506 puerta C');
INSERT INTO horariosRecintos VALUES ('2020-09-01 03:00:00', 'Calle de las flores número 506 puerta C');
INSERT INTO horariosRecintos VALUES ('2022-09-01 18:00:00', 'Calle de las flores número 507 puerta C');
INSERT INTO horariosRecintos VALUES ('2021-09-01 18:00:00', 'Calle de las flores número 507 puerta C');
INSERT INTO horariosRecintos VALUES ('2020-09-01 03:00:00', 'Calle de las flores número 507 puerta C');
INSERT INTO horariosRecintos VALUES ('2022-09-01 18:00:00', 'Calle de las flores número 508 puerta C');
INSERT INTO horariosRecintos VALUES ('2021-09-01 18:00:00', 'Calle de las flores número 508 puerta C');
INSERT INTO horariosRecintos VALUES ('2020-09-01 03:00:00', 'Calle de las flores número 508 puerta C');
INSERT INTO horariosRecintos VALUES ('2022-09-01 18:00:00', 'Calle de las flores número 509 puerta C');
INSERT INTO horariosRecintos VALUES ('2021-09-01 18:00:00', 'Calle de las flores número 509 puerta C');
INSERT INTO horariosRecintos VALUES ('2020-09-01 03:00:00', 'Calle de las flores número 509 puerta C');
INSERT INTO horariosRecintos VALUES ('2022-09-01 18:00:00', 'Calle de las flores número 510 puerta C');
INSERT INTO horariosRecintos VALUES ('2021-09-01 18:00:00', 'Calle de las flores número 510 puerta C');
INSERT INTO horariosRecintos VALUES ('2020-09-01 03:00:00', 'Calle de las flores número 510 puerta C');
INSERT INTO horariosRecintos VALUES ('2022-09-01 18:00:00', 'Calle de las flores número 511 puerta C');
INSERT INTO horariosRecintos VALUES ('2021-09-01 18:00:00', 'Calle de las flores número 511 puerta C');
INSERT INTO horariosRecintos VALUES ('2020-09-01 03:00:00', 'Calle de las flores número 511 puerta C');
INSERT INTO horariosRecintos VALUES ('2022-09-01 18:00:00', 'Calle de las flores número 512 puerta C');
INSERT INTO horariosRecintos VALUES ('2021-09-01 18:00:00', 'Calle de las flores número 512 puerta C');
INSERT INTO horariosRecintos VALUES ('2020-09-01 03:00:00', 'Calle de las flores número 512 puerta C');
INSERT INTO horariosRecintos VALUES ('2022-09-01 18:00:00', 'Calle de las flores número 513 puerta C');
INSERT INTO horariosRecintos VALUES ('2021-09-01 18:00:00', 'Calle de las flores número 513 puerta C');
INSERT INTO horariosRecintos VALUES ('2020-09-01 03:00:00', 'Calle de las flores número 513 puerta C');
INSERT INTO horariosRecintos VALUES ('2022-09-01 18:00:00', 'Calle de las flores número 514 puerta C');
INSERT INTO horariosRecintos VALUES ('2021-09-01 18:00:00', 'Calle de las flores número 514 puerta C');
INSERT INTO horariosRecintos VALUES ('2020-09-01 03:00:00', 'Calle de las flores número 514 puerta C');
INSERT INTO horariosRecintos VALUES ('2022-09-01 18:00:00', 'Calle de las flores número 515 puerta C');
INSERT INTO horariosRecintos VALUES ('2021-09-01 18:00:00', 'Calle de las flores número 515 puerta C');
INSERT INTO horariosRecintos VALUES ('2020-09-01 03:00:00', 'Calle de las flores número 515 puerta C');
INSERT INTO horariosRecintos VALUES ('2022-09-01 18:00:00', 'Calle de las flores número 516 puerta C');
INSERT INTO horariosRecintos VALUES ('2021-09-01 18:00:00', 'Calle de las flores número 516 puerta C');
INSERT INTO horariosRecintos VALUES ('2020-09-01 03:00:00', 'Calle de las flores número 516 puerta C');
INSERT INTO horariosRecintos VALUES ('2022-09-01 18:00:00', 'Calle de las flores número 517 puerta C');
INSERT INTO horariosRecintos VALUES ('2021-09-01 18:00:00', 'Calle de las flores número 517 puerta C');
INSERT INTO horariosRecintos VALUES ('2020-09-01 03:00:00', 'Calle de las flores número 517 puerta C');
INSERT INTO horariosRecintos VALUES ('2022-09-01 18:00:00', 'Calle de las flores número 518 puerta C');
INSERT INTO horariosRecintos VALUES ('2021-09-01 18:00:00', 'Calle de las flores número 518 puerta C');
INSERT INTO horariosRecintos VALUES ('2020-09-01 03:00:00', 'Calle de las flores número 518 puerta C');
INSERT INTO horariosRecintos VALUES ('2022-09-01 18:00:00', 'Calle de las flores número 519 puerta C');
INSERT INTO horariosRecintos VALUES ('2021-09-01 18:00:00', 'Calle de las flores número 519 puerta C');
INSERT INTO horariosRecintos VALUES ('2020-09-01 03:00:00', 'Calle de las flores número 519 puerta C');
INSERT INTO horariosRecintos VALUES ('2022-09-01 18:00:00', 'Calle de las flores número 520 puerta C');
INSERT INTO horariosRecintos VALUES ('2021-09-01 18:00:00', 'Calle de las flores número 520 puerta C');
INSERT INTO horariosRecintos VALUES ('2020-09-01 03:00:00', 'Calle de las flores número 520 puerta C');
INSERT INTO horariosRecintos VALUES ('2022-09-01 18:00:00', 'Calle de las flores número 521 puerta C');
INSERT INTO horariosRecintos VALUES ('2021-09-01 18:00:00', 'Calle de las flores número 521 puerta C');
INSERT INTO horariosRecintos VALUES ('2020-09-01 03:00:00', 'Calle de las flores número 521 puerta C');
INSERT INTO horariosRecintos VALUES ('2022-09-01 18:00:00', 'Calle de las flores número 522 puerta C');
INSERT INTO horariosRecintos VALUES ('2021-09-01 18:00:00', 'Calle de las flores número 522 puerta C');
INSERT INTO horariosRecintos VALUES ('2020-09-01 03:00:00', 'Calle de las flores número 522 puerta C');
INSERT INTO horariosRecintos VALUES ('2022-09-01 18:00:00', 'Calle de las flores número 523 puerta C');
INSERT INTO horariosRecintos VALUES ('2021-09-01 18:00:00', 'Calle de las flores número 523 puerta C');
INSERT INTO horariosRecintos VALUES ('2020-09-01 03:00:00', 'Calle de las flores número 523 puerta C');
INSERT INTO horariosRecintos VALUES ('2022-09-01 18:00:00', 'Calle de las flores número 524 puerta C');
INSERT INTO horariosRecintos VALUES ('2021-09-01 18:00:00', 'Calle de las flores número 524 puerta C');
INSERT INTO horariosRecintos VALUES ('2020-09-01 03:00:00', 'Calle de las flores número 524 puerta C');
INSERT INTO horariosRecintos VALUES ('2022-09-01 18:00:00', 'Calle de las flores número 525 puerta C');
INSERT INTO horariosRecintos VALUES ('2021-09-01 18:00:00', 'Calle de las flores número 525 puerta C');
INSERT INTO horariosRecintos VALUES ('2020-09-01 03:00:00', 'Calle de las flores número 525 puerta C');
INSERT INTO horariosRecintos VALUES ('2022-09-01 18:00:00', 'Calle de las flores número 526 puerta C');
INSERT INTO horariosRecintos VALUES ('2021-09-01 18:00:00', 'Calle de las flores número 526 puerta C');
INSERT INTO horariosRecintos VALUES ('2020-09-01 03:00:00', 'Calle de las flores número 526 puerta C');
INSERT INTO horariosRecintos VALUES ('2022-09-01 18:00:00', 'Calle de las flores número 527 puerta C');
INSERT INTO horariosRecintos VALUES ('2021-09-01 18:00:00', 'Calle de las flores número 527 puerta C');
INSERT INTO horariosRecintos VALUES ('2020-09-01 03:00:00', 'Calle de las flores número 527 puerta C');
INSERT INTO horariosRecintos VALUES ('2022-09-01 18:00:00', 'Calle de las flores número 528 puerta C');
INSERT INTO horariosRecintos VALUES ('2021-09-01 18:00:00', 'Calle de las flores número 528 puerta C');
INSERT INTO horariosRecintos VALUES ('2020-09-01 03:00:00', 'Calle de las flores número 528 puerta C');
INSERT INTO horariosRecintos VALUES ('2022-09-01 18:00:00', 'Calle de las flores número 529 puerta C');
INSERT INTO horariosRecintos VALUES ('2021-09-01 18:00:00', 'Calle de las flores número 529 puerta C');
INSERT INTO horariosRecintos VALUES ('2020-09-01 03:00:00', 'Calle de las flores número 529 puerta C');
INSERT INTO horariosRecintos VALUES ('2022-09-01 18:00:00', 'Calle de las flores número 530 puerta C');
INSERT INTO horariosRecintos VALUES ('2021-09-01 18:00:00', 'Calle de las flores número 530 puerta C');
INSERT INTO horariosRecintos VALUES ('2020-09-01 03:00:00', 'Calle de las flores número 530 puerta C');
INSERT INTO horariosRecintos VALUES ('2022-09-01 18:00:00', 'Calle de las flores número 531 puerta C');
INSERT INTO horariosRecintos VALUES ('2021-09-01 18:00:00', 'Calle de las flores número 531 puerta C');
INSERT INTO horariosRecintos VALUES ('2020-09-01 03:00:00', 'Calle de las flores número 531 puerta C');
INSERT INTO horariosRecintos VALUES ('2022-09-01 18:00:00', 'Calle de las flores número 532 puerta C');
INSERT INTO horariosRecintos VALUES ('2021-09-01 18:00:00', 'Calle de las flores número 532 puerta C');
INSERT INTO horariosRecintos VALUES ('2020-09-01 03:00:00', 'Calle de las flores número 532 puerta C');
INSERT INTO horariosRecintos VALUES ('2022-09-01 18:00:00', 'Calle de las flores número 533 puerta C');
INSERT INTO horariosRecintos VALUES ('2021-09-01 18:00:00', 'Calle de las flores número 533 puerta C');
INSERT INTO horariosRecintos VALUES ('2020-09-01 03:00:00', 'Calle de las flores número 533 puerta C');
INSERT INTO horariosRecintos VALUES ('2022-09-01 18:00:00', 'Calle de las flores número 534 puerta C');
INSERT INTO horariosRecintos VALUES ('2021-09-01 18:00:00', 'Calle de las flores número 534 puerta C');
INSERT INTO horariosRecintos VALUES ('2020-09-01 03:00:00', 'Calle de las flores número 534 puerta C');
INSERT INTO horariosRecintos VALUES ('2022-09-01 18:00:00', 'Calle de las flores número 535 puerta C');
INSERT INTO horariosRecintos VALUES ('2021-09-01 18:00:00', 'Calle de las flores número 535 puerta C');
INSERT INTO horariosRecintos VALUES ('2020-09-01 03:00:00', 'Calle de las flores número 535 puerta C');
INSERT INTO horariosRecintos VALUES ('2022-09-01 18:00:00', 'Calle de las flores número 536 puerta C');
INSERT INTO horariosRecintos VALUES ('2021-09-01 18:00:00', 'Calle de las flores número 536 puerta C');
INSERT INTO horariosRecintos VALUES ('2020-09-01 03:00:00', 'Calle de las flores número 536 puerta C');
INSERT INTO horariosRecintos VALUES ('2022-09-01 18:00:00', 'Calle de las flores número 537 puerta C');
INSERT INTO horariosRecintos VALUES ('2021-09-01 18:00:00', 'Calle de las flores número 537 puerta C');
INSERT INTO horariosRecintos VALUES ('2020-09-01 03:00:00', 'Calle de las flores número 537 puerta C');
INSERT INTO horariosRecintos VALUES ('2022-09-01 18:00:00', 'Calle de las flores número 538 puerta C');
INSERT INTO horariosRecintos VALUES ('2021-09-01 18:00:00', 'Calle de las flores número 538 puerta C');
INSERT INTO horariosRecintos VALUES ('2020-09-01 03:00:00', 'Calle de las flores número 538 puerta C');
INSERT INTO horariosRecintos VALUES ('2022-09-01 18:00:00', 'Calle de las flores número 539 puerta C');
INSERT INTO horariosRecintos VALUES ('2021-09-01 18:00:00', 'Calle de las flores número 539 puerta C');
INSERT INTO horariosRecintos VALUES ('2020-09-01 03:00:00', 'Calle de las flores número 539 puerta C');
INSERT INTO horariosRecintos VALUES ('2022-09-01 18:00:00', 'Calle de las flores número 540 puerta C');
INSERT INTO horariosRecintos VALUES ('2021-09-01 18:00:00', 'Calle de las flores número 540 puerta C');
INSERT INTO horariosRecintos VALUES ('2020-09-01 03:00:00', 'Calle de las flores número 540 puerta C');
INSERT INTO horariosRecintos VALUES ('2022-09-01 18:00:00', 'Calle de las flores número 541 puerta C');
INSERT INTO horariosRecintos VALUES ('2021-09-01 18:00:00', 'Calle de las flores número 541 puerta C');
INSERT INTO horariosRecintos VALUES ('2020-09-01 03:00:00', 'Calle de las flores número 541 puerta C');
INSERT INTO horariosRecintos VALUES ('2022-09-01 18:00:00', 'Calle de las flores número 542 puerta C');
INSERT INTO horariosRecintos VALUES ('2021-09-01 18:00:00', 'Calle de las flores número 542 puerta C');
INSERT INTO horariosRecintos VALUES ('2020-09-01 03:00:00', 'Calle de las flores número 542 puerta C');
INSERT INTO horariosRecintos VALUES ('2022-09-01 18:00:00', 'Calle de las flores número 543 puerta C');
INSERT INTO horariosRecintos VALUES ('2021-09-01 18:00:00', 'Calle de las flores número 543 puerta C');
INSERT INTO horariosRecintos VALUES ('2020-09-01 03:00:00', 'Calle de las flores número 543 puerta C');
INSERT INTO horariosRecintos VALUES ('2022-09-01 18:00:00', 'Calle de las flores número 544 puerta C');
INSERT INTO horariosRecintos VALUES ('2021-09-01 18:00:00', 'Calle de las flores número 544 puerta C');
INSERT INTO horariosRecintos VALUES ('2020-09-01 03:00:00', 'Calle de las flores número 544 puerta C');
INSERT INTO horariosRecintos VALUES ('2022-09-01 18:00:00', 'Calle de las flores número 545 puerta C');
INSERT INTO horariosRecintos VALUES ('2021-09-01 18:00:00', 'Calle de las flores número 545 puerta C');
INSERT INTO horariosRecintos VALUES ('2020-09-01 03:00:00', 'Calle de las flores número 545 puerta C');
INSERT INTO horariosRecintos VALUES ('2022-09-01 18:00:00', 'Calle de las flores número 546 puerta C');
INSERT INTO horariosRecintos VALUES ('2021-09-01 18:00:00', 'Calle de las flores número 546 puerta C');
INSERT INTO horariosRecintos VALUES ('2020-09-01 03:00:00', 'Calle de las flores número 546 puerta C');
INSERT INTO horariosRecintos VALUES ('2022-09-01 18:00:00', 'Calle de las flores número 547 puerta C');
INSERT INTO horariosRecintos VALUES ('2021-09-01 18:00:00', 'Calle de las flores número 547 puerta C');
INSERT INTO horariosRecintos VALUES ('2020-09-01 03:00:00', 'Calle de las flores número 547 puerta C');
INSERT INTO horariosRecintos VALUES ('2022-09-01 18:00:00', 'Calle de las flores número 548 puerta C');
INSERT INTO horariosRecintos VALUES ('2021-09-01 18:00:00', 'Calle de las flores número 548 puerta C');
INSERT INTO horariosRecintos VALUES ('2020-09-01 03:00:00', 'Calle de las flores número 548 puerta C');
INSERT INTO horariosRecintos VALUES ('2022-09-01 18:00:00', 'Calle de las flores número 549 puerta C');
INSERT INTO horariosRecintos VALUES ('2021-09-01 18:00:00', 'Calle de las flores número 549 puerta C');
INSERT INTO horariosRecintos VALUES ('2020-09-01 03:00:00', 'Calle de las flores número 549 puerta C');
INSERT INTO horariosRecintos VALUES ('2022-09-01 18:00:00', 'Calle de las flores número 550 puerta C');
INSERT INTO horariosRecintos VALUES ('2021-09-01 18:00:00', 'Calle de las flores número 550 puerta C');
INSERT INTO horariosRecintos VALUES ('2020-09-01 03:00:00', 'Calle de las flores número 550 puerta C');
INSERT INTO horariosRecintos VALUES ('2022-09-01 18:00:00', 'Calle de las flores número 551 puerta C');
INSERT INTO horariosRecintos VALUES ('2021-09-01 18:00:00', 'Calle de las flores número 551 puerta C');
INSERT INTO horariosRecintos VALUES ('2020-09-01 03:00:00', 'Calle de las flores número 551 puerta C');
INSERT INTO horariosRecintos VALUES ('2022-09-01 18:00:00', 'Calle de las flores número 552 puerta C');
INSERT INTO horariosRecintos VALUES ('2021-09-01 18:00:00', 'Calle de las flores número 552 puerta C');
INSERT INTO horariosRecintos VALUES ('2020-09-01 03:00:00', 'Calle de las flores número 552 puerta C');
INSERT INTO horariosRecintos VALUES ('2022-09-01 18:00:00', 'Calle de las flores número 553 puerta C');
INSERT INTO horariosRecintos VALUES ('2021-09-01 18:00:00', 'Calle de las flores número 553 puerta C');
INSERT INTO horariosRecintos VALUES ('2020-09-01 03:00:00', 'Calle de las flores número 553 puerta C');
INSERT INTO horariosRecintos VALUES ('2022-09-01 18:00:00', 'Calle de las flores número 554 puerta C');
INSERT INTO horariosRecintos VALUES ('2021-09-01 18:00:00', 'Calle de las flores número 554 puerta C');
INSERT INTO horariosRecintos VALUES ('2020-09-01 03:00:00', 'Calle de las flores número 554 puerta C');
INSERT INTO horariosRecintos VALUES ('2022-09-01 18:00:00', 'Calle de las flores número 555 puerta C');
INSERT INTO horariosRecintos VALUES ('2021-09-01 18:00:00', 'Calle de las flores número 555 puerta C');
INSERT INTO horariosRecintos VALUES ('2020-09-01 03:00:00', 'Calle de las flores número 555 puerta C');
INSERT INTO horariosRecintos VALUES ('2022-09-01 18:00:00', 'Calle de las flores número 556 puerta C');
INSERT INTO horariosRecintos VALUES ('2021-09-01 18:00:00', 'Calle de las flores número 556 puerta C');
INSERT INTO horariosRecintos VALUES ('2020-09-01 03:00:00', 'Calle de las flores número 556 puerta C');
INSERT INTO horariosRecintos VALUES ('2022-09-01 18:00:00', 'Calle de las flores número 557 puerta C');
INSERT INTO horariosRecintos VALUES ('2021-09-01 18:00:00', 'Calle de las flores número 557 puerta C');
INSERT INTO horariosRecintos VALUES ('2020-09-01 03:00:00', 'Calle de las flores número 557 puerta C');
INSERT INTO horariosRecintos VALUES ('2022-09-01 18:00:00', 'Calle de las flores número 558 puerta C');
INSERT INTO horariosRecintos VALUES ('2021-09-01 18:00:00', 'Calle de las flores número 558 puerta C');
INSERT INTO horariosRecintos VALUES ('2020-09-01 03:00:00', 'Calle de las flores número 558 puerta C');
INSERT INTO horariosRecintos VALUES ('2022-09-01 18:00:00', 'Calle de las flores número 559 puerta C');
INSERT INTO horariosRecintos VALUES ('2021-09-01 18:00:00', 'Calle de las flores número 559 puerta C');
INSERT INTO horariosRecintos VALUES ('2020-09-01 03:00:00', 'Calle de las flores número 559 puerta C');
INSERT INTO horariosRecintos VALUES ('2022-09-01 18:00:00', 'Calle de las flores número 560 puerta C');
INSERT INTO horariosRecintos VALUES ('2021-09-01 18:00:00', 'Calle de las flores número 560 puerta C');
INSERT INTO horariosRecintos VALUES ('2020-09-01 03:00:00', 'Calle de las flores número 560 puerta C');
INSERT INTO horariosRecintos VALUES ('2022-09-01 18:00:00', 'Calle de las flores número 561 puerta C');
INSERT INTO horariosRecintos VALUES ('2021-09-01 18:00:00', 'Calle de las flores número 561 puerta C');
INSERT INTO horariosRecintos VALUES ('2020-09-01 03:00:00', 'Calle de las flores número 561 puerta C');
INSERT INTO horariosRecintos VALUES ('2022-09-01 18:00:00', 'Calle de las flores número 562 puerta C');
INSERT INTO horariosRecintos VALUES ('2021-09-01 18:00:00', 'Calle de las flores número 562 puerta C');
INSERT INTO horariosRecintos VALUES ('2020-09-01 03:00:00', 'Calle de las flores número 562 puerta C');
INSERT INTO horariosRecintos VALUES ('2022-09-01 18:00:00', 'Calle de las flores número 563 puerta C');
INSERT INTO horariosRecintos VALUES ('2021-09-01 18:00:00', 'Calle de las flores número 563 puerta C');
INSERT INTO horariosRecintos VALUES ('2020-09-01 03:00:00', 'Calle de las flores número 563 puerta C');
INSERT INTO horariosRecintos VALUES ('2022-09-01 18:00:00', 'Calle de las flores número 564 puerta C');
INSERT INTO horariosRecintos VALUES ('2021-09-01 18:00:00', 'Calle de las flores número 564 puerta C');
INSERT INTO horariosRecintos VALUES ('2020-09-01 03:00:00', 'Calle de las flores número 564 puerta C');
INSERT INTO horariosRecintos VALUES ('2022-09-01 18:00:00', 'Calle de las flores número 565 puerta C');
INSERT INTO horariosRecintos VALUES ('2021-09-01 18:00:00', 'Calle de las flores número 565 puerta C');
INSERT INTO horariosRecintos VALUES ('2020-09-01 03:00:00', 'Calle de las flores número 565 puerta C');
INSERT INTO horariosRecintos VALUES ('2022-09-01 18:00:00', 'Calle de las flores número 566 puerta C');
INSERT INTO horariosRecintos VALUES ('2021-09-01 18:00:00', 'Calle de las flores número 566 puerta C');
INSERT INTO horariosRecintos VALUES ('2020-09-01 03:00:00', 'Calle de las flores número 566 puerta C');
INSERT INTO horariosRecintos VALUES ('2022-09-01 18:00:00', 'Calle de las flores número 567 puerta C');
INSERT INTO horariosRecintos VALUES ('2021-09-01 18:00:00', 'Calle de las flores número 567 puerta C');
INSERT INTO horariosRecintos VALUES ('2020-09-01 03:00:00', 'Calle de las flores número 567 puerta C');
INSERT INTO horariosRecintos VALUES ('2022-09-01 18:00:00', 'Calle de las flores número 568 puerta C');
INSERT INTO horariosRecintos VALUES ('2021-09-01 18:00:00', 'Calle de las flores número 568 puerta C');
INSERT INTO horariosRecintos VALUES ('2020-09-01 03:00:00', 'Calle de las flores número 568 puerta C');
INSERT INTO horariosRecintos VALUES ('2022-09-01 18:00:00', 'Calle de las flores número 569 puerta C');
INSERT INTO horariosRecintos VALUES ('2021-09-01 18:00:00', 'Calle de las flores número 569 puerta C');
INSERT INTO horariosRecintos VALUES ('2020-09-01 03:00:00', 'Calle de las flores número 569 puerta C');
INSERT INTO horariosRecintos VALUES ('2022-09-01 18:00:00', 'Calle de las flores número 570 puerta C');
INSERT INTO horariosRecintos VALUES ('2021-09-01 18:00:00', 'Calle de las flores número 570 puerta C');
INSERT INTO horariosRecintos VALUES ('2020-09-01 03:00:00', 'Calle de las flores número 570 puerta C');
INSERT INTO horariosRecintos VALUES ('2022-09-01 18:00:00', 'Calle de las flores número 571 puerta C');
INSERT INTO horariosRecintos VALUES ('2021-09-01 18:00:00', 'Calle de las flores número 571 puerta C');
INSERT INTO horariosRecintos VALUES ('2020-09-01 03:00:00', 'Calle de las flores número 571 puerta C');
INSERT INTO horariosRecintos VALUES ('2022-09-01 18:00:00', 'Calle de las flores número 572 puerta C');
INSERT INTO horariosRecintos VALUES ('2021-09-01 18:00:00', 'Calle de las flores número 572 puerta C');
INSERT INTO horariosRecintos VALUES ('2020-09-01 03:00:00', 'Calle de las flores número 572 puerta C');
INSERT INTO horariosRecintos VALUES ('2022-09-01 18:00:00', 'Calle de las flores número 573 puerta C');
INSERT INTO horariosRecintos VALUES ('2021-09-01 18:00:00', 'Calle de las flores número 573 puerta C');
INSERT INTO horariosRecintos VALUES ('2020-09-01 03:00:00', 'Calle de las flores número 573 puerta C');
INSERT INTO horariosRecintos VALUES ('2022-09-01 18:00:00', 'Calle de las flores número 574 puerta C');
INSERT INTO horariosRecintos VALUES ('2021-09-01 18:00:00', 'Calle de las flores número 574 puerta C');
INSERT INTO horariosRecintos VALUES ('2020-09-01 03:00:00', 'Calle de las flores número 574 puerta C');
INSERT INTO horariosRecintos VALUES ('2022-09-01 18:00:00', 'Calle de las flores número 575 puerta C');
INSERT INTO horariosRecintos VALUES ('2021-09-01 18:00:00', 'Calle de las flores número 575 puerta C');
INSERT INTO horariosRecintos VALUES ('2020-09-01 03:00:00', 'Calle de las flores número 575 puerta C');
INSERT INTO horariosRecintos VALUES ('2022-09-01 18:00:00', 'Calle de las flores número 576 puerta C');
INSERT INTO horariosRecintos VALUES ('2021-09-01 18:00:00', 'Calle de las flores número 576 puerta C');
INSERT INTO horariosRecintos VALUES ('2020-09-01 03:00:00', 'Calle de las flores número 576 puerta C');
INSERT INTO horariosRecintos VALUES ('2022-09-01 18:00:00', 'Calle de las flores número 577 puerta C');
INSERT INTO horariosRecintos VALUES ('2021-09-01 18:00:00', 'Calle de las flores número 577 puerta C');
INSERT INTO horariosRecintos VALUES ('2020-09-01 03:00:00', 'Calle de las flores número 577 puerta C');
INSERT INTO horariosRecintos VALUES ('2022-09-01 18:00:00', 'Calle de las flores número 578 puerta C');
INSERT INTO horariosRecintos VALUES ('2021-09-01 18:00:00', 'Calle de las flores número 578 puerta C');
INSERT INTO horariosRecintos VALUES ('2020-09-01 03:00:00', 'Calle de las flores número 578 puerta C');
INSERT INTO horariosRecintos VALUES ('2022-09-01 18:00:00', 'Calle de las flores número 579 puerta C');
INSERT INTO horariosRecintos VALUES ('2021-09-01 18:00:00', 'Calle de las flores número 579 puerta C');
INSERT INTO horariosRecintos VALUES ('2020-09-01 03:00:00', 'Calle de las flores número 579 puerta C');
INSERT INTO horariosRecintos VALUES ('2022-09-01 18:00:00', 'Calle de las flores número 580 puerta C');
INSERT INTO horariosRecintos VALUES ('2021-09-01 18:00:00', 'Calle de las flores número 580 puerta C');
INSERT INTO horariosRecintos VALUES ('2020-09-01 03:00:00', 'Calle de las flores número 580 puerta C');
INSERT INTO horariosRecintos VALUES ('2022-09-01 18:00:00', 'Calle de las flores número 581 puerta C');
INSERT INTO horariosRecintos VALUES ('2021-09-01 18:00:00', 'Calle de las flores número 581 puerta C');
INSERT INTO horariosRecintos VALUES ('2020-09-01 03:00:00', 'Calle de las flores número 581 puerta C');
INSERT INTO horariosRecintos VALUES ('2022-09-01 18:00:00', 'Calle de las flores número 582 puerta C');
INSERT INTO horariosRecintos VALUES ('2021-09-01 18:00:00', 'Calle de las flores número 582 puerta C');
INSERT INTO horariosRecintos VALUES ('2020-09-01 03:00:00', 'Calle de las flores número 582 puerta C');
INSERT INTO horariosRecintos VALUES ('2022-09-01 18:00:00', 'Calle de las flores número 583 puerta C');
INSERT INTO horariosRecintos VALUES ('2021-09-01 18:00:00', 'Calle de las flores número 583 puerta C');
INSERT INTO horariosRecintos VALUES ('2020-09-01 03:00:00', 'Calle de las flores número 583 puerta C');
INSERT INTO horariosRecintos VALUES ('2022-09-01 18:00:00', 'Calle de las flores número 584 puerta C');
INSERT INTO horariosRecintos VALUES ('2021-09-01 18:00:00', 'Calle de las flores número 584 puerta C');
INSERT INTO horariosRecintos VALUES ('2020-09-01 03:00:00', 'Calle de las flores número 584 puerta C');
INSERT INTO horariosRecintos VALUES ('2022-09-01 18:00:00', 'Calle de las flores número 585 puerta C');
INSERT INTO horariosRecintos VALUES ('2021-09-01 18:00:00', 'Calle de las flores número 585 puerta C');
INSERT INTO horariosRecintos VALUES ('2020-09-01 03:00:00', 'Calle de las flores número 585 puerta C');
INSERT INTO horariosRecintos VALUES ('2022-09-01 18:00:00', 'Calle de las flores número 586 puerta C');
INSERT INTO horariosRecintos VALUES ('2021-09-01 18:00:00', 'Calle de las flores número 586 puerta C');
INSERT INTO horariosRecintos VALUES ('2020-09-01 03:00:00', 'Calle de las flores número 586 puerta C');
INSERT INTO horariosRecintos VALUES ('2022-09-01 18:00:00', 'Calle de las flores número 587 puerta C');
INSERT INTO horariosRecintos VALUES ('2021-09-01 18:00:00', 'Calle de las flores número 587 puerta C');
INSERT INTO horariosRecintos VALUES ('2020-09-01 03:00:00', 'Calle de las flores número 587 puerta C');
INSERT INTO horariosRecintos VALUES ('2022-09-01 18:00:00', 'Calle de las flores número 588 puerta C');
INSERT INTO horariosRecintos VALUES ('2021-09-01 18:00:00', 'Calle de las flores número 588 puerta C');
INSERT INTO horariosRecintos VALUES ('2020-09-01 03:00:00', 'Calle de las flores número 588 puerta C');
INSERT INTO horariosRecintos VALUES ('2022-09-01 18:00:00', 'Calle de las flores número 589 puerta C');
INSERT INTO horariosRecintos VALUES ('2021-09-01 18:00:00', 'Calle de las flores número 589 puerta C');
INSERT INTO horariosRecintos VALUES ('2020-09-01 03:00:00', 'Calle de las flores número 589 puerta C');
INSERT INTO horariosRecintos VALUES ('2022-09-01 18:00:00', 'Calle de las flores número 590 puerta C');
INSERT INTO horariosRecintos VALUES ('2021-09-01 18:00:00', 'Calle de las flores número 590 puerta C');
INSERT INTO horariosRecintos VALUES ('2020-09-01 03:00:00', 'Calle de las flores número 590 puerta C');
INSERT INTO horariosRecintos VALUES ('2022-09-01 18:00:00', 'Calle de las flores número 591 puerta C');
INSERT INTO horariosRecintos VALUES ('2021-09-01 18:00:00', 'Calle de las flores número 591 puerta C');
INSERT INTO horariosRecintos VALUES ('2020-09-01 03:00:00', 'Calle de las flores número 591 puerta C');
INSERT INTO horariosRecintos VALUES ('2022-09-01 18:00:00', 'Calle de las flores número 592 puerta C');
INSERT INTO horariosRecintos VALUES ('2021-09-01 18:00:00', 'Calle de las flores número 592 puerta C');
INSERT INTO horariosRecintos VALUES ('2020-09-01 03:00:00', 'Calle de las flores número 592 puerta C');
INSERT INTO horariosRecintos VALUES ('2022-09-01 18:00:00', 'Calle de las flores número 593 puerta C');
INSERT INTO horariosRecintos VALUES ('2021-09-01 18:00:00', 'Calle de las flores número 593 puerta C');
INSERT INTO horariosRecintos VALUES ('2020-09-01 03:00:00', 'Calle de las flores número 593 puerta C');
INSERT INTO horariosRecintos VALUES ('2022-09-01 18:00:00', 'Calle de las flores número 594 puerta C');
INSERT INTO horariosRecintos VALUES ('2021-09-01 18:00:00', 'Calle de las flores número 594 puerta C');
INSERT INTO horariosRecintos VALUES ('2020-09-01 03:00:00', 'Calle de las flores número 594 puerta C');
INSERT INTO horariosRecintos VALUES ('2022-09-01 18:00:00', 'Calle de las flores número 595 puerta C');
INSERT INTO horariosRecintos VALUES ('2021-09-01 18:00:00', 'Calle de las flores número 595 puerta C');
INSERT INTO horariosRecintos VALUES ('2020-09-01 03:00:00', 'Calle de las flores número 595 puerta C');
INSERT INTO horariosRecintos VALUES ('2022-09-01 18:00:00', 'Calle de las flores número 596 puerta C');
INSERT INTO horariosRecintos VALUES ('2021-09-01 18:00:00', 'Calle de las flores número 596 puerta C');
INSERT INTO horariosRecintos VALUES ('2020-09-01 03:00:00', 'Calle de las flores número 596 puerta C');
INSERT INTO horariosRecintos VALUES ('2022-09-01 18:00:00', 'Calle de las flores número 597 puerta C');
INSERT INTO horariosRecintos VALUES ('2021-09-01 18:00:00', 'Calle de las flores número 597 puerta C');
INSERT INTO horariosRecintos VALUES ('2020-09-01 03:00:00', 'Calle de las flores número 597 puerta C');
INSERT INTO horariosRecintos VALUES ('2022-09-01 18:00:00', 'Calle de las flores número 598 puerta C');
INSERT INTO horariosRecintos VALUES ('2021-09-01 18:00:00', 'Calle de las flores número 598 puerta C');
INSERT INTO horariosRecintos VALUES ('2020-09-01 03:00:00', 'Calle de las flores número 598 puerta C');
INSERT INTO horariosRecintos VALUES ('2022-09-01 18:00:00', 'Calle de las flores número 599 puerta C');
INSERT INTO horariosRecintos VALUES ('2021-09-01 18:00:00', 'Calle de las flores número 599 puerta C');
INSERT INTO horariosRecintos VALUES ('2020-09-01 03:00:00', 'Calle de las flores número 599 puerta C');
INSERT INTO horariosRecintos VALUES ('2022-09-01 18:00:00', 'Calle de las flores número 600 puerta C');
INSERT INTO horariosRecintos VALUES ('2021-09-01 18:00:00', 'Calle de las flores número 600 puerta C');
INSERT INTO horariosRecintos VALUES ('2020-09-01 03:00:00', 'Calle de las flores número 600 puerta C');
INSERT INTO horariosRecintos VALUES ('2022-09-01 18:00:00', 'Calle de las flores número 601 puerta C');
INSERT INTO horariosRecintos VALUES ('2021-09-01 18:00:00', 'Calle de las flores número 601 puerta C');
INSERT INTO horariosRecintos VALUES ('2020-09-01 03:00:00', 'Calle de las flores número 601 puerta C');
INSERT INTO horariosRecintos VALUES ('2022-09-01 18:00:00', 'Calle de las flores número 602 puerta C');
INSERT INTO horariosRecintos VALUES ('2021-09-01 18:00:00', 'Calle de las flores número 602 puerta C');
INSERT INTO horariosRecintos VALUES ('2020-09-01 03:00:00', 'Calle de las flores número 602 puerta C');
INSERT INTO horariosRecintos VALUES ('2022-09-01 18:00:00', 'Calle de las flores número 603 puerta C');
INSERT INTO horariosRecintos VALUES ('2021-09-01 18:00:00', 'Calle de las flores número 603 puerta C');
INSERT INTO horariosRecintos VALUES ('2020-09-01 03:00:00', 'Calle de las flores número 603 puerta C');
INSERT INTO horariosRecintos VALUES ('2022-09-01 18:00:00', 'Calle de las flores número 604 puerta C');
INSERT INTO horariosRecintos VALUES ('2021-09-01 18:00:00', 'Calle de las flores número 604 puerta C');
INSERT INTO horariosRecintos VALUES ('2020-09-01 03:00:00', 'Calle de las flores número 604 puerta C');
INSERT INTO horariosRecintos VALUES ('2022-09-01 18:00:00', 'Calle de las flores número 605 puerta C');
INSERT INTO horariosRecintos VALUES ('2021-09-01 18:00:00', 'Calle de las flores número 605 puerta C');
INSERT INTO horariosRecintos VALUES ('2020-09-01 03:00:00', 'Calle de las flores número 605 puerta C');
INSERT INTO horariosRecintos VALUES ('2022-09-01 18:00:00', 'Calle de las flores número 606 puerta C');
INSERT INTO horariosRecintos VALUES ('2021-09-01 18:00:00', 'Calle de las flores número 606 puerta C');
INSERT INTO horariosRecintos VALUES ('2020-09-01 03:00:00', 'Calle de las flores número 606 puerta C');
INSERT INTO horariosRecintos VALUES ('2022-09-01 18:00:00', 'Calle de las flores número 607 puerta C');
INSERT INTO horariosRecintos VALUES ('2021-09-01 18:00:00', 'Calle de las flores número 607 puerta C');
INSERT INTO horariosRecintos VALUES ('2020-09-01 03:00:00', 'Calle de las flores número 607 puerta C');
INSERT INTO horariosRecintos VALUES ('2022-09-01 18:00:00', 'Calle de las flores número 608 puerta C');
INSERT INTO horariosRecintos VALUES ('2021-09-01 18:00:00', 'Calle de las flores número 608 puerta C');
INSERT INTO horariosRecintos VALUES ('2020-09-01 03:00:00', 'Calle de las flores número 608 puerta C');
INSERT INTO horariosRecintos VALUES ('2022-09-01 18:00:00', 'Calle de las flores número 609 puerta C');
INSERT INTO horariosRecintos VALUES ('2021-09-01 18:00:00', 'Calle de las flores número 609 puerta C');
INSERT INTO horariosRecintos VALUES ('2020-09-01 03:00:00', 'Calle de las flores número 609 puerta C');
INSERT INTO horariosRecintos VALUES ('2022-09-01 18:00:00', 'Calle de las flores número 610 puerta C');
INSERT INTO horariosRecintos VALUES ('2021-09-01 18:00:00', 'Calle de las flores número 610 puerta C');
INSERT INTO horariosRecintos VALUES ('2020-09-01 03:00:00', 'Calle de las flores número 610 puerta C');
INSERT INTO horariosRecintos VALUES ('2022-09-01 18:00:00', 'Calle de las flores número 611 puerta C');
INSERT INTO horariosRecintos VALUES ('2021-09-01 18:00:00', 'Calle de las flores número 611 puerta C');
INSERT INTO horariosRecintos VALUES ('2020-09-01 03:00:00', 'Calle de las flores número 611 puerta C');
INSERT INTO horariosRecintos VALUES ('2022-09-01 18:00:00', 'Calle de las flores número 612 puerta C');
INSERT INTO horariosRecintos VALUES ('2021-09-01 18:00:00', 'Calle de las flores número 612 puerta C');
INSERT INTO horariosRecintos VALUES ('2020-09-01 03:00:00', 'Calle de las flores número 612 puerta C');
INSERT INTO horariosRecintos VALUES ('2022-09-01 18:00:00', 'Calle de las flores número 613 puerta C');
INSERT INTO horariosRecintos VALUES ('2021-09-01 18:00:00', 'Calle de las flores número 613 puerta C');
INSERT INTO horariosRecintos VALUES ('2020-09-01 03:00:00', 'Calle de las flores número 613 puerta C');
INSERT INTO horariosRecintos VALUES ('2022-09-01 18:00:00', 'Calle de las flores número 614 puerta C');
INSERT INTO horariosRecintos VALUES ('2021-09-01 18:00:00', 'Calle de las flores número 614 puerta C');
INSERT INTO horariosRecintos VALUES ('2020-09-01 03:00:00', 'Calle de las flores número 614 puerta C');
INSERT INTO horariosRecintos VALUES ('2022-09-01 18:00:00', 'Calle de las flores número 615 puerta C');
INSERT INTO horariosRecintos VALUES ('2021-09-01 18:00:00', 'Calle de las flores número 615 puerta C');
INSERT INTO horariosRecintos VALUES ('2020-09-01 03:00:00', 'Calle de las flores número 615 puerta C');
INSERT INTO horariosRecintos VALUES ('2022-09-01 18:00:00', 'Calle de las flores número 616 puerta C');
INSERT INTO horariosRecintos VALUES ('2021-09-01 18:00:00', 'Calle de las flores número 616 puerta C');
INSERT INTO horariosRecintos VALUES ('2020-09-01 03:00:00', 'Calle de las flores número 616 puerta C');
INSERT INTO horariosRecintos VALUES ('2022-09-01 18:00:00', 'Calle de las flores número 617 puerta C');
INSERT INTO horariosRecintos VALUES ('2021-09-01 18:00:00', 'Calle de las flores número 617 puerta C');
INSERT INTO horariosRecintos VALUES ('2020-09-01 03:00:00', 'Calle de las flores número 617 puerta C');
INSERT INTO horariosRecintos VALUES ('2022-09-01 18:00:00', 'Calle de las flores número 618 puerta C');
INSERT INTO horariosRecintos VALUES ('2021-09-01 18:00:00', 'Calle de las flores número 618 puerta C');
INSERT INTO horariosRecintos VALUES ('2020-09-01 03:00:00', 'Calle de las flores número 618 puerta C');
INSERT INTO horariosRecintos VALUES ('2022-09-01 18:00:00', 'Calle de las flores número 619 puerta C');
INSERT INTO horariosRecintos VALUES ('2021-09-01 18:00:00', 'Calle de las flores número 619 puerta C');
INSERT INTO horariosRecintos VALUES ('2020-09-01 03:00:00', 'Calle de las flores número 619 puerta C');
INSERT INTO horariosRecintos VALUES ('2022-09-01 18:00:00', 'Calle de las flores número 620 puerta C');
INSERT INTO horariosRecintos VALUES ('2021-09-01 18:00:00', 'Calle de las flores número 620 puerta C');
INSERT INTO horariosRecintos VALUES ('2020-09-01 03:00:00', 'Calle de las flores número 620 puerta C');
INSERT INTO horariosRecintos VALUES ('2022-09-01 18:00:00', 'Calle de las flores número 621 puerta C');
INSERT INTO horariosRecintos VALUES ('2021-09-01 18:00:00', 'Calle de las flores número 621 puerta C');
INSERT INTO horariosRecintos VALUES ('2020-09-01 03:00:00', 'Calle de las flores número 621 puerta C');
INSERT INTO horariosRecintos VALUES ('2022-09-01 18:00:00', 'Calle de las flores número 622 puerta C');
INSERT INTO horariosRecintos VALUES ('2021-09-01 18:00:00', 'Calle de las flores número 622 puerta C');
INSERT INTO horariosRecintos VALUES ('2020-09-01 03:00:00', 'Calle de las flores número 622 puerta C');
INSERT INTO horariosRecintos VALUES ('2022-09-01 18:00:00', 'Calle de las flores número 623 puerta C');
INSERT INTO horariosRecintos VALUES ('2021-09-01 18:00:00', 'Calle de las flores número 623 puerta C');
INSERT INTO horariosRecintos VALUES ('2020-09-01 03:00:00', 'Calle de las flores número 623 puerta C');
INSERT INTO horariosRecintos VALUES ('2022-09-01 18:00:00', 'Calle de las flores número 624 puerta C');
INSERT INTO horariosRecintos VALUES ('2021-09-01 18:00:00', 'Calle de las flores número 624 puerta C');
INSERT INTO horariosRecintos VALUES ('2020-09-01 03:00:00', 'Calle de las flores número 624 puerta C');
INSERT INTO horariosRecintos VALUES ('2022-09-01 18:00:00', 'Calle de las flores número 625 puerta C');
INSERT INTO horariosRecintos VALUES ('2021-09-01 18:00:00', 'Calle de las flores número 625 puerta C');
INSERT INTO horariosRecintos VALUES ('2020-09-01 03:00:00', 'Calle de las flores número 625 puerta C');
INSERT INTO horariosRecintos VALUES ('2022-09-01 18:00:00', 'Calle de las flores número 626 puerta C');
INSERT INTO horariosRecintos VALUES ('2021-09-01 18:00:00', 'Calle de las flores número 626 puerta C');
INSERT INTO horariosRecintos VALUES ('2020-09-01 03:00:00', 'Calle de las flores número 626 puerta C');
INSERT INTO horariosRecintos VALUES ('2022-09-01 18:00:00', 'Calle de las flores número 627 puerta C');
INSERT INTO horariosRecintos VALUES ('2021-09-01 18:00:00', 'Calle de las flores número 627 puerta C');
INSERT INTO horariosRecintos VALUES ('2020-09-01 03:00:00', 'Calle de las flores número 627 puerta C');
INSERT INTO horariosRecintos VALUES ('2022-09-01 18:00:00', 'Calle de las flores número 628 puerta C');
INSERT INTO horariosRecintos VALUES ('2021-09-01 18:00:00', 'Calle de las flores número 628 puerta C');
INSERT INTO horariosRecintos VALUES ('2020-09-01 03:00:00', 'Calle de las flores número 628 puerta C');
INSERT INTO horariosRecintos VALUES ('2022-09-01 18:00:00', 'Calle de las flores número 629 puerta C');
INSERT INTO horariosRecintos VALUES ('2021-09-01 18:00:00', 'Calle de las flores número 629 puerta C');
INSERT INTO horariosRecintos VALUES ('2020-09-01 03:00:00', 'Calle de las flores número 629 puerta C');
INSERT INTO horariosRecintos VALUES ('2022-09-01 18:00:00', 'Calle de las flores número 630 puerta C');
INSERT INTO horariosRecintos VALUES ('2021-09-01 18:00:00', 'Calle de las flores número 630 puerta C');
INSERT INTO horariosRecintos VALUES ('2020-09-01 03:00:00', 'Calle de las flores número 630 puerta C');
INSERT INTO horariosRecintos VALUES ('2022-09-01 18:00:00', 'Calle de las flores número 631 puerta C');
INSERT INTO horariosRecintos VALUES ('2021-09-01 18:00:00', 'Calle de las flores número 631 puerta C');
INSERT INTO horariosRecintos VALUES ('2020-09-01 03:00:00', 'Calle de las flores número 631 puerta C');
INSERT INTO horariosRecintos VALUES ('2022-09-01 18:00:00', 'Calle de las flores número 632 puerta C');
INSERT INTO horariosRecintos VALUES ('2021-09-01 18:00:00', 'Calle de las flores número 632 puerta C');
INSERT INTO horariosRecintos VALUES ('2020-09-01 03:00:00', 'Calle de las flores número 632 puerta C');
INSERT INTO horariosRecintos VALUES ('2022-09-01 18:00:00', 'Calle de las flores número 633 puerta C');
INSERT INTO horariosRecintos VALUES ('2021-09-01 18:00:00', 'Calle de las flores número 633 puerta C');
INSERT INTO horariosRecintos VALUES ('2020-09-01 03:00:00', 'Calle de las flores número 633 puerta C');
INSERT INTO horariosRecintos VALUES ('2022-09-01 18:00:00', 'Calle de las flores número 634 puerta C');
INSERT INTO horariosRecintos VALUES ('2021-09-01 18:00:00', 'Calle de las flores número 634 puerta C');
INSERT INTO horariosRecintos VALUES ('2020-09-01 03:00:00', 'Calle de las flores número 634 puerta C');
INSERT INTO horariosRecintos VALUES ('2022-09-01 18:00:00', 'Calle de las flores número 635 puerta C');
INSERT INTO horariosRecintos VALUES ('2021-09-01 18:00:00', 'Calle de las flores número 635 puerta C');
INSERT INTO horariosRecintos VALUES ('2020-09-01 03:00:00', 'Calle de las flores número 635 puerta C');
INSERT INTO horariosRecintos VALUES ('2022-09-01 18:00:00', 'Calle de las flores número 636 puerta C');
INSERT INTO horariosRecintos VALUES ('2021-09-01 18:00:00', 'Calle de las flores número 636 puerta C');
INSERT INTO horariosRecintos VALUES ('2020-09-01 03:00:00', 'Calle de las flores número 636 puerta C');
INSERT INTO horariosRecintos VALUES ('2022-09-01 18:00:00', 'Calle de las flores número 637 puerta C');
INSERT INTO horariosRecintos VALUES ('2021-09-01 18:00:00', 'Calle de las flores número 637 puerta C');
INSERT INTO horariosRecintos VALUES ('2020-09-01 03:00:00', 'Calle de las flores número 637 puerta C');
INSERT INTO horariosRecintos VALUES ('2022-09-01 18:00:00', 'Calle de las flores número 638 puerta C');
INSERT INTO horariosRecintos VALUES ('2021-09-01 18:00:00', 'Calle de las flores número 638 puerta C');
INSERT INTO horariosRecintos VALUES ('2020-09-01 03:00:00', 'Calle de las flores número 638 puerta C');
INSERT INTO horariosRecintos VALUES ('2022-09-01 18:00:00', 'Calle de las flores número 639 puerta C');
INSERT INTO horariosRecintos VALUES ('2021-09-01 18:00:00', 'Calle de las flores número 639 puerta C');
INSERT INTO horariosRecintos VALUES ('2020-09-01 03:00:00', 'Calle de las flores número 639 puerta C');
INSERT INTO horariosRecintos VALUES ('2022-09-01 18:00:00', 'Calle de las flores número 640 puerta C');
INSERT INTO horariosRecintos VALUES ('2021-09-01 18:00:00', 'Calle de las flores número 640 puerta C');
INSERT INTO horariosRecintos VALUES ('2020-09-01 03:00:00', 'Calle de las flores número 640 puerta C');
INSERT INTO horariosRecintos VALUES ('2022-09-01 18:00:00', 'Calle de las flores número 641 puerta C');
INSERT INTO horariosRecintos VALUES ('2021-09-01 18:00:00', 'Calle de las flores número 641 puerta C');
INSERT INTO horariosRecintos VALUES ('2020-09-01 03:00:00', 'Calle de las flores número 641 puerta C');
INSERT INTO horariosRecintos VALUES ('2022-09-01 18:00:00', 'Calle de las flores número 642 puerta C');
INSERT INTO horariosRecintos VALUES ('2021-09-01 18:00:00', 'Calle de las flores número 642 puerta C');
INSERT INTO horariosRecintos VALUES ('2020-09-01 03:00:00', 'Calle de las flores número 642 puerta C');
INSERT INTO horariosRecintos VALUES ('2022-09-01 18:00:00', 'Calle de las flores número 643 puerta C');
INSERT INTO horariosRecintos VALUES ('2021-09-01 18:00:00', 'Calle de las flores número 643 puerta C');
INSERT INTO horariosRecintos VALUES ('2020-09-01 03:00:00', 'Calle de las flores número 643 puerta C');
INSERT INTO horariosRecintos VALUES ('2022-09-01 18:00:00', 'Calle de las flores número 644 puerta C');
INSERT INTO horariosRecintos VALUES ('2021-09-01 18:00:00', 'Calle de las flores número 644 puerta C');
INSERT INTO horariosRecintos VALUES ('2020-09-01 03:00:00', 'Calle de las flores número 644 puerta C');
INSERT INTO horariosRecintos VALUES ('2022-09-01 18:00:00', 'Calle de las flores número 645 puerta C');
INSERT INTO horariosRecintos VALUES ('2021-09-01 18:00:00', 'Calle de las flores número 645 puerta C');
INSERT INTO horariosRecintos VALUES ('2020-09-01 03:00:00', 'Calle de las flores número 645 puerta C');
INSERT INTO horariosRecintos VALUES ('2022-09-01 18:00:00', 'Calle de las flores número 646 puerta C');
INSERT INTO horariosRecintos VALUES ('2021-09-01 18:00:00', 'Calle de las flores número 646 puerta C');
INSERT INTO horariosRecintos VALUES ('2020-09-01 03:00:00', 'Calle de las flores número 646 puerta C');
INSERT INTO horariosRecintos VALUES ('2022-09-01 18:00:00', 'Calle de las flores número 647 puerta C');
INSERT INTO horariosRecintos VALUES ('2021-09-01 18:00:00', 'Calle de las flores número 647 puerta C');
INSERT INTO horariosRecintos VALUES ('2020-09-01 03:00:00', 'Calle de las flores número 647 puerta C');
INSERT INTO horariosRecintos VALUES ('2022-09-01 18:00:00', 'Calle de las flores número 648 puerta C');
INSERT INTO horariosRecintos VALUES ('2021-09-01 18:00:00', 'Calle de las flores número 648 puerta C');
INSERT INTO horariosRecintos VALUES ('2020-09-01 03:00:00', 'Calle de las flores número 648 puerta C');
INSERT INTO horariosRecintos VALUES ('2022-09-01 18:00:00', 'Calle de las flores número 649 puerta C');
INSERT INTO horariosRecintos VALUES ('2021-09-01 18:00:00', 'Calle de las flores número 649 puerta C');
INSERT INTO horariosRecintos VALUES ('2020-09-01 03:00:00', 'Calle de las flores número 649 puerta C');
INSERT INTO horariosRecintos VALUES ('2022-09-01 18:00:00', 'Calle de las flores número 650 puerta C');
INSERT INTO horariosRecintos VALUES ('2021-09-01 18:00:00', 'Calle de las flores número 650 puerta C');
INSERT INTO horariosRecintos VALUES ('2020-09-01 03:00:00', 'Calle de las flores número 650 puerta C');
INSERT INTO horariosRecintos VALUES ('2022-09-01 18:00:00', 'Calle de las flores número 651 puerta C');
INSERT INTO horariosRecintos VALUES ('2021-09-01 18:00:00', 'Calle de las flores número 651 puerta C');
INSERT INTO horariosRecintos VALUES ('2020-09-01 03:00:00', 'Calle de las flores número 651 puerta C');
INSERT INTO horariosRecintos VALUES ('2022-09-01 18:00:00', 'Calle de las flores número 652 puerta C');
INSERT INTO horariosRecintos VALUES ('2021-09-01 18:00:00', 'Calle de las flores número 652 puerta C');
INSERT INTO horariosRecintos VALUES ('2020-09-01 03:00:00', 'Calle de las flores número 652 puerta C');
INSERT INTO horariosRecintos VALUES ('2022-09-01 18:00:00', 'Calle de las flores número 653 puerta C');
INSERT INTO horariosRecintos VALUES ('2021-09-01 18:00:00', 'Calle de las flores número 653 puerta C');
INSERT INTO horariosRecintos VALUES ('2020-09-01 03:00:00', 'Calle de las flores número 653 puerta C');
INSERT INTO horariosRecintos VALUES ('2022-09-01 18:00:00', 'Calle de las flores número 654 puerta C');
INSERT INTO horariosRecintos VALUES ('2021-09-01 18:00:00', 'Calle de las flores número 654 puerta C');
INSERT INTO horariosRecintos VALUES ('2020-09-01 03:00:00', 'Calle de las flores número 654 puerta C');
INSERT INTO horariosRecintos VALUES ('2022-09-01 18:00:00', 'Calle de las flores número 655 puerta C');
INSERT INTO horariosRecintos VALUES ('2021-09-01 18:00:00', 'Calle de las flores número 655 puerta C');
INSERT INTO horariosRecintos VALUES ('2020-09-01 03:00:00', 'Calle de las flores número 655 puerta C');
INSERT INTO horariosRecintos VALUES ('2022-09-01 18:00:00', 'Calle de las flores número 656 puerta C');
INSERT INTO horariosRecintos VALUES ('2021-09-01 18:00:00', 'Calle de las flores número 656 puerta C');
INSERT INTO horariosRecintos VALUES ('2020-09-01 03:00:00', 'Calle de las flores número 656 puerta C');
INSERT INTO horariosRecintos VALUES ('2022-09-01 18:00:00', 'Calle de las flores número 657 puerta C');
INSERT INTO horariosRecintos VALUES ('2021-09-01 18:00:00', 'Calle de las flores número 657 puerta C');
INSERT INTO horariosRecintos VALUES ('2020-09-01 03:00:00', 'Calle de las flores número 657 puerta C');
INSERT INTO horariosRecintos VALUES ('2022-09-01 18:00:00', 'Calle de las flores número 658 puerta C');
INSERT INTO horariosRecintos VALUES ('2021-09-01 18:00:00', 'Calle de las flores número 658 puerta C');
INSERT INTO horariosRecintos VALUES ('2020-09-01 03:00:00', 'Calle de las flores número 658 puerta C');
INSERT INTO horariosRecintos VALUES ('2022-09-01 18:00:00', 'Calle de las flores número 659 puerta C');
INSERT INTO horariosRecintos VALUES ('2021-09-01 18:00:00', 'Calle de las flores número 659 puerta C');
INSERT INTO horariosRecintos VALUES ('2020-09-01 03:00:00', 'Calle de las flores número 659 puerta C');
INSERT INTO horariosRecintos VALUES ('2022-09-01 18:00:00', 'Calle de las flores número 660 puerta C');
INSERT INTO horariosRecintos VALUES ('2021-09-01 18:00:00', 'Calle de las flores número 660 puerta C');
INSERT INTO horariosRecintos VALUES ('2020-09-01 03:00:00', 'Calle de las flores número 660 puerta C');
INSERT INTO horariosRecintos VALUES ('2022-09-01 18:00:00', 'Calle de las flores número 661 puerta C');
INSERT INTO horariosRecintos VALUES ('2021-09-01 18:00:00', 'Calle de las flores número 661 puerta C');
INSERT INTO horariosRecintos VALUES ('2020-09-01 03:00:00', 'Calle de las flores número 661 puerta C');
INSERT INTO horariosRecintos VALUES ('2022-09-01 18:00:00', 'Calle de las flores número 662 puerta C');
INSERT INTO horariosRecintos VALUES ('2021-09-01 18:00:00', 'Calle de las flores número 662 puerta C');
INSERT INTO horariosRecintos VALUES ('2020-09-01 03:00:00', 'Calle de las flores número 662 puerta C');
INSERT INTO horariosRecintos VALUES ('2022-09-01 18:00:00', 'Calle de las flores número 663 puerta C');
INSERT INTO horariosRecintos VALUES ('2021-09-01 18:00:00', 'Calle de las flores número 663 puerta C');
INSERT INTO horariosRecintos VALUES ('2020-09-01 03:00:00', 'Calle de las flores número 663 puerta C');
INSERT INTO horariosRecintos VALUES ('2022-09-01 18:00:00', 'Calle de las flores número 664 puerta C');
INSERT INTO horariosRecintos VALUES ('2021-09-01 18:00:00', 'Calle de las flores número 664 puerta C');
INSERT INTO horariosRecintos VALUES ('2020-09-01 03:00:00', 'Calle de las flores número 664 puerta C');
INSERT INTO horariosRecintos VALUES ('2022-09-01 18:00:00', 'Calle de las flores número 665 puerta C');
INSERT INTO horariosRecintos VALUES ('2021-09-01 18:00:00', 'Calle de las flores número 665 puerta C');
INSERT INTO horariosRecintos VALUES ('2020-09-01 03:00:00', 'Calle de las flores número 665 puerta C');
INSERT INTO horariosRecintos VALUES ('2022-09-01 18:00:00', 'Calle de las flores número 666 puerta C');
INSERT INTO horariosRecintos VALUES ('2021-09-01 18:00:00', 'Calle de las flores número 666 puerta C');
INSERT INTO horariosRecintos VALUES ('2020-09-01 03:00:00', 'Calle de las flores número 666 puerta C');
INSERT INTO horariosRecintos VALUES ('2022-09-01 18:00:00', 'Calle de las flores número 667 puerta C');
INSERT INTO horariosRecintos VALUES ('2021-09-01 18:00:00', 'Calle de las flores número 667 puerta C');
INSERT INTO horariosRecintos VALUES ('2020-09-01 03:00:00', 'Calle de las flores número 667 puerta C');
INSERT INTO horariosRecintos VALUES ('2022-09-01 18:00:00', 'Calle de las flores número 668 puerta C');
INSERT INTO horariosRecintos VALUES ('2021-09-01 18:00:00', 'Calle de las flores número 668 puerta C');
INSERT INTO horariosRecintos VALUES ('2020-09-01 03:00:00', 'Calle de las flores número 668 puerta C');
INSERT INTO horariosRecintos VALUES ('2022-09-01 18:00:00', 'Calle de las flores número 669 puerta C');
INSERT INTO horariosRecintos VALUES ('2021-09-01 18:00:00', 'Calle de las flores número 669 puerta C');
INSERT INTO horariosRecintos VALUES ('2020-09-01 03:00:00', 'Calle de las flores número 669 puerta C');
INSERT INTO horariosRecintos VALUES ('2022-09-01 18:00:00', 'Calle de las flores número 670 puerta C');
INSERT INTO horariosRecintos VALUES ('2021-09-01 18:00:00', 'Calle de las flores número 670 puerta C');
INSERT INTO horariosRecintos VALUES ('2020-09-01 03:00:00', 'Calle de las flores número 670 puerta C');
INSERT INTO horariosRecintos VALUES ('2022-09-01 18:00:00', 'Calle de las flores número 671 puerta C');
INSERT INTO horariosRecintos VALUES ('2021-09-01 18:00:00', 'Calle de las flores número 671 puerta C');
INSERT INTO horariosRecintos VALUES ('2020-09-01 03:00:00', 'Calle de las flores número 671 puerta C');
INSERT INTO horariosRecintos VALUES ('2022-09-01 18:00:00', 'Calle de las flores número 672 puerta C');
INSERT INTO horariosRecintos VALUES ('2021-09-01 18:00:00', 'Calle de las flores número 672 puerta C');
INSERT INTO horariosRecintos VALUES ('2020-09-01 03:00:00', 'Calle de las flores número 672 puerta C');
INSERT INTO horariosRecintos VALUES ('2022-09-01 18:00:00', 'Calle de las flores número 673 puerta C');
INSERT INTO horariosRecintos VALUES ('2021-09-01 18:00:00', 'Calle de las flores número 673 puerta C');
INSERT INTO horariosRecintos VALUES ('2020-09-01 03:00:00', 'Calle de las flores número 673 puerta C');
INSERT INTO horariosRecintos VALUES ('2022-09-01 18:00:00', 'Calle de las flores número 674 puerta C');
INSERT INTO horariosRecintos VALUES ('2021-09-01 18:00:00', 'Calle de las flores número 674 puerta C');
INSERT INTO horariosRecintos VALUES ('2020-09-01 03:00:00', 'Calle de las flores número 674 puerta C');
INSERT INTO horariosRecintos VALUES ('2022-09-01 18:00:00', 'Calle de las flores número 675 puerta C');
INSERT INTO horariosRecintos VALUES ('2021-09-01 18:00:00', 'Calle de las flores número 675 puerta C');
INSERT INTO horariosRecintos VALUES ('2020-09-01 03:00:00', 'Calle de las flores número 675 puerta C');
INSERT INTO horariosRecintos VALUES ('2022-09-01 18:00:00', 'Calle de las flores número 676 puerta C');
INSERT INTO horariosRecintos VALUES ('2021-09-01 18:00:00', 'Calle de las flores número 676 puerta C');
INSERT INTO horariosRecintos VALUES ('2020-09-01 03:00:00', 'Calle de las flores número 676 puerta C');
INSERT INTO horariosRecintos VALUES ('2022-09-01 18:00:00', 'Calle de las flores número 677 puerta C');
INSERT INTO horariosRecintos VALUES ('2021-09-01 18:00:00', 'Calle de las flores número 677 puerta C');
INSERT INTO horariosRecintos VALUES ('2020-09-01 03:00:00', 'Calle de las flores número 677 puerta C');
INSERT INTO horariosRecintos VALUES ('2022-09-01 18:00:00', 'Calle de las flores número 678 puerta C');
INSERT INTO horariosRecintos VALUES ('2021-09-01 18:00:00', 'Calle de las flores número 678 puerta C');
INSERT INTO horariosRecintos VALUES ('2020-09-01 03:00:00', 'Calle de las flores número 678 puerta C');
INSERT INTO horariosRecintos VALUES ('2022-09-01 18:00:00', 'Calle de las flores número 679 puerta C');
INSERT INTO horariosRecintos VALUES ('2021-09-01 18:00:00', 'Calle de las flores número 679 puerta C');
INSERT INTO horariosRecintos VALUES ('2020-09-01 03:00:00', 'Calle de las flores número 679 puerta C');
INSERT INTO horariosRecintos VALUES ('2022-09-01 18:00:00', 'Calle de las flores número 680 puerta C');
INSERT INTO horariosRecintos VALUES ('2021-09-01 18:00:00', 'Calle de las flores número 680 puerta C');
INSERT INTO horariosRecintos VALUES ('2020-09-01 03:00:00', 'Calle de las flores número 680 puerta C');
INSERT INTO horariosRecintos VALUES ('2022-09-01 18:00:00', 'Calle de las flores número 681 puerta C');
INSERT INTO horariosRecintos VALUES ('2021-09-01 18:00:00', 'Calle de las flores número 681 puerta C');
INSERT INTO horariosRecintos VALUES ('2020-09-01 03:00:00', 'Calle de las flores número 681 puerta C');
INSERT INTO horariosRecintos VALUES ('2022-09-01 18:00:00', 'Calle de las flores número 682 puerta C');
INSERT INTO horariosRecintos VALUES ('2021-09-01 18:00:00', 'Calle de las flores número 682 puerta C');
INSERT INTO horariosRecintos VALUES ('2020-09-01 03:00:00', 'Calle de las flores número 682 puerta C');
INSERT INTO horariosRecintos VALUES ('2022-09-01 18:00:00', 'Calle de las flores número 683 puerta C');
INSERT INTO horariosRecintos VALUES ('2021-09-01 18:00:00', 'Calle de las flores número 683 puerta C');
INSERT INTO horariosRecintos VALUES ('2020-09-01 03:00:00', 'Calle de las flores número 683 puerta C');
INSERT INTO horariosRecintos VALUES ('2022-09-01 18:00:00', 'Calle de las flores número 684 puerta C');
INSERT INTO horariosRecintos VALUES ('2021-09-01 18:00:00', 'Calle de las flores número 684 puerta C');
INSERT INTO horariosRecintos VALUES ('2020-09-01 03:00:00', 'Calle de las flores número 684 puerta C');
INSERT INTO horariosRecintos VALUES ('2022-09-01 18:00:00', 'Calle de las flores número 685 puerta C');
INSERT INTO horariosRecintos VALUES ('2021-09-01 18:00:00', 'Calle de las flores número 685 puerta C');
INSERT INTO horariosRecintos VALUES ('2020-09-01 03:00:00', 'Calle de las flores número 685 puerta C');
INSERT INTO horariosRecintos VALUES ('2022-09-01 18:00:00', 'Calle de las flores número 686 puerta C');
INSERT INTO horariosRecintos VALUES ('2021-09-01 18:00:00', 'Calle de las flores número 686 puerta C');
INSERT INTO horariosRecintos VALUES ('2020-09-01 03:00:00', 'Calle de las flores número 686 puerta C');
INSERT INTO horariosRecintos VALUES ('2022-09-01 18:00:00', 'Calle de las flores número 687 puerta C');
INSERT INTO horariosRecintos VALUES ('2021-09-01 18:00:00', 'Calle de las flores número 687 puerta C');
INSERT INTO horariosRecintos VALUES ('2020-09-01 03:00:00', 'Calle de las flores número 687 puerta C');
INSERT INTO horariosRecintos VALUES ('2022-09-01 18:00:00', 'Calle de las flores número 688 puerta C');
INSERT INTO horariosRecintos VALUES ('2021-09-01 18:00:00', 'Calle de las flores número 688 puerta C');
INSERT INTO horariosRecintos VALUES ('2020-09-01 03:00:00', 'Calle de las flores número 688 puerta C');
INSERT INTO horariosRecintos VALUES ('2022-09-01 18:00:00', 'Calle de las flores número 689 puerta C');
INSERT INTO horariosRecintos VALUES ('2021-09-01 18:00:00', 'Calle de las flores número 689 puerta C');
INSERT INTO horariosRecintos VALUES ('2020-09-01 03:00:00', 'Calle de las flores número 689 puerta C');
INSERT INTO horariosRecintos VALUES ('2022-09-01 18:00:00', 'Calle de las flores número 690 puerta C');
INSERT INTO horariosRecintos VALUES ('2021-09-01 18:00:00', 'Calle de las flores número 690 puerta C');
INSERT INTO horariosRecintos VALUES ('2020-09-01 03:00:00', 'Calle de las flores número 690 puerta C');
INSERT INTO horariosRecintos VALUES ('2022-09-01 18:00:00', 'Calle de las flores número 691 puerta C');
INSERT INTO horariosRecintos VALUES ('2021-09-01 18:00:00', 'Calle de las flores número 691 puerta C');
INSERT INTO horariosRecintos VALUES ('2020-09-01 03:00:00', 'Calle de las flores número 691 puerta C');
INSERT INTO horariosRecintos VALUES ('2022-09-01 18:00:00', 'Calle de las flores número 692 puerta C');
INSERT INTO horariosRecintos VALUES ('2021-09-01 18:00:00', 'Calle de las flores número 692 puerta C');
INSERT INTO horariosRecintos VALUES ('2020-09-01 03:00:00', 'Calle de las flores número 692 puerta C');
INSERT INTO horariosRecintos VALUES ('2022-09-01 18:00:00', 'Calle de las flores número 693 puerta C');
INSERT INTO horariosRecintos VALUES ('2021-09-01 18:00:00', 'Calle de las flores número 693 puerta C');
INSERT INTO horariosRecintos VALUES ('2020-09-01 03:00:00', 'Calle de las flores número 693 puerta C');
INSERT INTO horariosRecintos VALUES ('2022-09-01 18:00:00', 'Calle de las flores número 694 puerta C');
INSERT INTO horariosRecintos VALUES ('2021-09-01 18:00:00', 'Calle de las flores número 694 puerta C');
INSERT INTO horariosRecintos VALUES ('2020-09-01 03:00:00', 'Calle de las flores número 694 puerta C');
INSERT INTO horariosRecintos VALUES ('2022-09-01 18:00:00', 'Calle de las flores número 695 puerta C');
INSERT INTO horariosRecintos VALUES ('2021-09-01 18:00:00', 'Calle de las flores número 695 puerta C');
INSERT INTO horariosRecintos VALUES ('2020-09-01 03:00:00', 'Calle de las flores número 695 puerta C');
INSERT INTO horariosRecintos VALUES ('2022-09-01 18:00:00', 'Calle de las flores número 696 puerta C');
INSERT INTO horariosRecintos VALUES ('2021-09-01 18:00:00', 'Calle de las flores número 696 puerta C');
INSERT INTO horariosRecintos VALUES ('2020-09-01 03:00:00', 'Calle de las flores número 696 puerta C');
INSERT INTO horariosRecintos VALUES ('2022-09-01 18:00:00', 'Calle de las flores número 697 puerta C');
INSERT INTO horariosRecintos VALUES ('2021-09-01 18:00:00', 'Calle de las flores número 697 puerta C');
INSERT INTO horariosRecintos VALUES ('2020-09-01 03:00:00', 'Calle de las flores número 697 puerta C');
INSERT INTO horariosRecintos VALUES ('2022-09-01 18:00:00', 'Calle de las flores número 698 puerta C');
INSERT INTO horariosRecintos VALUES ('2021-09-01 18:00:00', 'Calle de las flores número 698 puerta C');
INSERT INTO horariosRecintos VALUES ('2020-09-01 03:00:00', 'Calle de las flores número 698 puerta C');
INSERT INTO horariosRecintos VALUES ('2022-09-01 18:00:00', 'Calle de las flores número 699 puerta C');
INSERT INTO horariosRecintos VALUES ('2021-09-01 18:00:00', 'Calle de las flores número 699 puerta C');
INSERT INTO horariosRecintos VALUES ('2020-09-01 03:00:00', 'Calle de las flores número 699 puerta C');
INSERT INTO horariosRecintos VALUES ('2022-09-01 18:00:00', 'Calle de las flores número 700 puerta C');
INSERT INTO horariosRecintos VALUES ('2021-09-01 18:00:00', 'Calle de las flores número 700 puerta C');
INSERT INTO horariosRecintos VALUES ('2020-09-01 03:00:00', 'Calle de las flores número 700 puerta C');
INSERT INTO horariosRecintos VALUES ('2022-09-01 18:00:00', 'Calle de las flores número 701 puerta C');
INSERT INTO horariosRecintos VALUES ('2021-09-01 18:00:00', 'Calle de las flores número 701 puerta C');
INSERT INTO horariosRecintos VALUES ('2020-09-01 03:00:00', 'Calle de las flores número 701 puerta C');
INSERT INTO horariosRecintos VALUES ('2022-09-01 18:00:00', 'Calle de las flores número 702 puerta C');
INSERT INTO horariosRecintos VALUES ('2021-09-01 18:00:00', 'Calle de las flores número 702 puerta C');
INSERT INTO horariosRecintos VALUES ('2020-09-01 03:00:00', 'Calle de las flores número 702 puerta C');
INSERT INTO horariosRecintos VALUES ('2022-09-01 18:00:00', 'Calle de las flores número 703 puerta C');
INSERT INTO horariosRecintos VALUES ('2021-09-01 18:00:00', 'Calle de las flores número 703 puerta C');
INSERT INTO horariosRecintos VALUES ('2020-09-01 03:00:00', 'Calle de las flores número 703 puerta C');
INSERT INTO horariosRecintos VALUES ('2022-09-01 18:00:00', 'Calle de las flores número 704 puerta C');
INSERT INTO horariosRecintos VALUES ('2021-09-01 18:00:00', 'Calle de las flores número 704 puerta C');
INSERT INTO horariosRecintos VALUES ('2020-09-01 03:00:00', 'Calle de las flores número 704 puerta C');
INSERT INTO horariosRecintos VALUES ('2022-09-01 18:00:00', 'Calle de las flores número 705 puerta C');
INSERT INTO horariosRecintos VALUES ('2021-09-01 18:00:00', 'Calle de las flores número 705 puerta C');
INSERT INTO horariosRecintos VALUES ('2020-09-01 03:00:00', 'Calle de las flores número 705 puerta C');
INSERT INTO horariosRecintos VALUES ('2022-09-01 18:00:00', 'Calle de las flores número 706 puerta C');
INSERT INTO horariosRecintos VALUES ('2021-09-01 18:00:00', 'Calle de las flores número 706 puerta C');
INSERT INTO horariosRecintos VALUES ('2020-09-01 03:00:00', 'Calle de las flores número 706 puerta C');
INSERT INTO horariosRecintos VALUES ('2022-09-01 18:00:00', 'Calle de las flores número 707 puerta C');
INSERT INTO horariosRecintos VALUES ('2021-09-01 18:00:00', 'Calle de las flores número 707 puerta C');
INSERT INTO horariosRecintos VALUES ('2020-09-01 03:00:00', 'Calle de las flores número 707 puerta C');
INSERT INTO horariosRecintos VALUES ('2022-09-01 18:00:00', 'Calle de las flores número 708 puerta C');
INSERT INTO horariosRecintos VALUES ('2021-09-01 18:00:00', 'Calle de las flores número 708 puerta C');
INSERT INTO horariosRecintos VALUES ('2020-09-01 03:00:00', 'Calle de las flores número 708 puerta C');
INSERT INTO horariosRecintos VALUES ('2022-09-01 18:00:00', 'Calle de las flores número 709 puerta C');
INSERT INTO horariosRecintos VALUES ('2021-09-01 18:00:00', 'Calle de las flores número 709 puerta C');
INSERT INTO horariosRecintos VALUES ('2020-09-01 03:00:00', 'Calle de las flores número 709 puerta C');
INSERT INTO horariosRecintos VALUES ('2022-09-01 18:00:00', 'Calle de las flores número 710 puerta C');
INSERT INTO horariosRecintos VALUES ('2021-09-01 18:00:00', 'Calle de las flores número 710 puerta C');
INSERT INTO horariosRecintos VALUES ('2020-09-01 03:00:00', 'Calle de las flores número 710 puerta C');
INSERT INTO horariosRecintos VALUES ('2022-09-01 18:00:00', 'Calle de las flores número 711 puerta C');
INSERT INTO horariosRecintos VALUES ('2021-09-01 18:00:00', 'Calle de las flores número 711 puerta C');
INSERT INTO horariosRecintos VALUES ('2020-09-01 03:00:00', 'Calle de las flores número 711 puerta C');
INSERT INTO horariosRecintos VALUES ('2022-09-01 18:00:00', 'Calle de las flores número 712 puerta C');
INSERT INTO horariosRecintos VALUES ('2021-09-01 18:00:00', 'Calle de las flores número 712 puerta C');
INSERT INTO horariosRecintos VALUES ('2020-09-01 03:00:00', 'Calle de las flores número 712 puerta C');
INSERT INTO horariosRecintos VALUES ('2022-09-01 18:00:00', 'Calle de las flores número 713 puerta C');
INSERT INTO horariosRecintos VALUES ('2021-09-01 18:00:00', 'Calle de las flores número 713 puerta C');
INSERT INTO horariosRecintos VALUES ('2020-09-01 03:00:00', 'Calle de las flores número 713 puerta C');
INSERT INTO horariosRecintos VALUES ('2022-09-01 18:00:00', 'Calle de las flores número 714 puerta C');
INSERT INTO horariosRecintos VALUES ('2021-09-01 18:00:00', 'Calle de las flores número 714 puerta C');
INSERT INTO horariosRecintos VALUES ('2020-09-01 03:00:00', 'Calle de las flores número 714 puerta C');
INSERT INTO horariosRecintos VALUES ('2022-09-01 18:00:00', 'Calle de las flores número 715 puerta C');
INSERT INTO horariosRecintos VALUES ('2021-09-01 18:00:00', 'Calle de las flores número 715 puerta C');
INSERT INTO horariosRecintos VALUES ('2020-09-01 03:00:00', 'Calle de las flores número 715 puerta C');
INSERT INTO horariosRecintos VALUES ('2022-09-01 18:00:00', 'Calle de las flores número 716 puerta C');
INSERT INTO horariosRecintos VALUES ('2021-09-01 18:00:00', 'Calle de las flores número 716 puerta C');
INSERT INTO horariosRecintos VALUES ('2020-09-01 03:00:00', 'Calle de las flores número 716 puerta C');
INSERT INTO horariosRecintos VALUES ('2022-09-01 18:00:00', 'Calle de las flores número 717 puerta C');
INSERT INTO horariosRecintos VALUES ('2021-09-01 18:00:00', 'Calle de las flores número 717 puerta C');
INSERT INTO horariosRecintos VALUES ('2020-09-01 03:00:00', 'Calle de las flores número 717 puerta C');
INSERT INTO horariosRecintos VALUES ('2022-09-01 18:00:00', 'Calle de las flores número 718 puerta C');
INSERT INTO horariosRecintos VALUES ('2021-09-01 18:00:00', 'Calle de las flores número 718 puerta C');
INSERT INTO horariosRecintos VALUES ('2020-09-01 03:00:00', 'Calle de las flores número 718 puerta C');
INSERT INTO horariosRecintos VALUES ('2022-09-01 18:00:00', 'Calle de las flores número 719 puerta C');
INSERT INTO horariosRecintos VALUES ('2021-09-01 18:00:00', 'Calle de las flores número 719 puerta C');
INSERT INTO horariosRecintos VALUES ('2020-09-01 03:00:00', 'Calle de las flores número 719 puerta C');
INSERT INTO horariosRecintos VALUES ('2022-09-01 18:00:00', 'Calle de las flores número 720 puerta C');
INSERT INTO horariosRecintos VALUES ('2021-09-01 18:00:00', 'Calle de las flores número 720 puerta C');
INSERT INTO horariosRecintos VALUES ('2020-09-01 03:00:00', 'Calle de las flores número 720 puerta C');
INSERT INTO horariosRecintos VALUES ('2022-09-01 18:00:00', 'Calle de las flores número 721 puerta C');
INSERT INTO horariosRecintos VALUES ('2021-09-01 18:00:00', 'Calle de las flores número 721 puerta C');
INSERT INTO horariosRecintos VALUES ('2020-09-01 03:00:00', 'Calle de las flores número 721 puerta C');
INSERT INTO horariosRecintos VALUES ('2022-09-01 18:00:00', 'Calle de las flores número 722 puerta C');
INSERT INTO horariosRecintos VALUES ('2021-09-01 18:00:00', 'Calle de las flores número 722 puerta C');
INSERT INTO horariosRecintos VALUES ('2020-09-01 03:00:00', 'Calle de las flores número 722 puerta C');
INSERT INTO horariosRecintos VALUES ('2022-09-01 18:00:00', 'Calle de las flores número 723 puerta C');
INSERT INTO horariosRecintos VALUES ('2021-09-01 18:00:00', 'Calle de las flores número 723 puerta C');
INSERT INTO horariosRecintos VALUES ('2020-09-01 03:00:00', 'Calle de las flores número 723 puerta C');
INSERT INTO horariosRecintos VALUES ('2022-09-01 18:00:00', 'Calle de las flores número 724 puerta C');
INSERT INTO horariosRecintos VALUES ('2021-09-01 18:00:00', 'Calle de las flores número 724 puerta C');
INSERT INTO horariosRecintos VALUES ('2020-09-01 03:00:00', 'Calle de las flores número 724 puerta C');
INSERT INTO horariosRecintos VALUES ('2022-09-01 18:00:00', 'Calle de las flores número 725 puerta C');
INSERT INTO horariosRecintos VALUES ('2021-09-01 18:00:00', 'Calle de las flores número 725 puerta C');
INSERT INTO horariosRecintos VALUES ('2020-09-01 03:00:00', 'Calle de las flores número 725 puerta C');
INSERT INTO horariosRecintos VALUES ('2022-09-01 18:00:00', 'Calle de las flores número 726 puerta C');
INSERT INTO horariosRecintos VALUES ('2021-09-01 18:00:00', 'Calle de las flores número 726 puerta C');
INSERT INTO horariosRecintos VALUES ('2020-09-01 03:00:00', 'Calle de las flores número 726 puerta C');
INSERT INTO horariosRecintos VALUES ('2022-09-01 18:00:00', 'Calle de las flores número 727 puerta C');
INSERT INTO horariosRecintos VALUES ('2021-09-01 18:00:00', 'Calle de las flores número 727 puerta C');
INSERT INTO horariosRecintos VALUES ('2020-09-01 03:00:00', 'Calle de las flores número 727 puerta C');
INSERT INTO horariosRecintos VALUES ('2022-09-01 18:00:00', 'Calle de las flores número 728 puerta C');
INSERT INTO horariosRecintos VALUES ('2021-09-01 18:00:00', 'Calle de las flores número 728 puerta C');
INSERT INTO horariosRecintos VALUES ('2020-09-01 03:00:00', 'Calle de las flores número 728 puerta C');
INSERT INTO horariosRecintos VALUES ('2022-09-01 18:00:00', 'Calle de las flores número 729 puerta C');
INSERT INTO horariosRecintos VALUES ('2021-09-01 18:00:00', 'Calle de las flores número 729 puerta C');
INSERT INTO horariosRecintos VALUES ('2020-09-01 03:00:00', 'Calle de las flores número 729 puerta C');
INSERT INTO horariosRecintos VALUES ('2022-09-01 18:00:00', 'Calle de las flores número 730 puerta C');
INSERT INTO horariosRecintos VALUES ('2021-09-01 18:00:00', 'Calle de las flores número 730 puerta C');
INSERT INTO horariosRecintos VALUES ('2020-09-01 03:00:00', 'Calle de las flores número 730 puerta C');
INSERT INTO horariosRecintos VALUES ('2022-09-01 18:00:00', 'Calle de las flores número 731 puerta C');
INSERT INTO horariosRecintos VALUES ('2021-09-01 18:00:00', 'Calle de las flores número 731 puerta C');
INSERT INTO horariosRecintos VALUES ('2020-09-01 03:00:00', 'Calle de las flores número 731 puerta C');
INSERT INTO horariosRecintos VALUES ('2022-09-01 18:00:00', 'Calle de las flores número 732 puerta C');
INSERT INTO horariosRecintos VALUES ('2021-09-01 18:00:00', 'Calle de las flores número 732 puerta C');
INSERT INTO horariosRecintos VALUES ('2020-09-01 03:00:00', 'Calle de las flores número 732 puerta C');
INSERT INTO horariosRecintos VALUES ('2022-09-01 18:00:00', 'Calle de las flores número 733 puerta C');
INSERT INTO horariosRecintos VALUES ('2021-09-01 18:00:00', 'Calle de las flores número 733 puerta C');
INSERT INTO horariosRecintos VALUES ('2020-09-01 03:00:00', 'Calle de las flores número 733 puerta C');
INSERT INTO horariosRecintos VALUES ('2022-09-01 18:00:00', 'Calle de las flores número 734 puerta C');
INSERT INTO horariosRecintos VALUES ('2021-09-01 18:00:00', 'Calle de las flores número 734 puerta C');
INSERT INTO horariosRecintos VALUES ('2020-09-01 03:00:00', 'Calle de las flores número 734 puerta C');
INSERT INTO horariosRecintos VALUES ('2022-09-01 18:00:00', 'Calle de las flores número 735 puerta C');
INSERT INTO horariosRecintos VALUES ('2021-09-01 18:00:00', 'Calle de las flores número 735 puerta C');
INSERT INTO horariosRecintos VALUES ('2020-09-01 03:00:00', 'Calle de las flores número 735 puerta C');
INSERT INTO horariosRecintos VALUES ('2022-09-01 18:00:00', 'Calle de las flores número 736 puerta C');
INSERT INTO horariosRecintos VALUES ('2021-09-01 18:00:00', 'Calle de las flores número 736 puerta C');
INSERT INTO horariosRecintos VALUES ('2020-09-01 03:00:00', 'Calle de las flores número 736 puerta C');
INSERT INTO horariosRecintos VALUES ('2022-09-01 18:00:00', 'Calle de las flores número 737 puerta C');
INSERT INTO horariosRecintos VALUES ('2021-09-01 18:00:00', 'Calle de las flores número 737 puerta C');
INSERT INTO horariosRecintos VALUES ('2020-09-01 03:00:00', 'Calle de las flores número 737 puerta C');
INSERT INTO horariosRecintos VALUES ('2022-09-01 18:00:00', 'Calle de las flores número 738 puerta C');
INSERT INTO horariosRecintos VALUES ('2021-09-01 18:00:00', 'Calle de las flores número 738 puerta C');
INSERT INTO horariosRecintos VALUES ('2020-09-01 03:00:00', 'Calle de las flores número 738 puerta C');
INSERT INTO horariosRecintos VALUES ('2022-09-01 18:00:00', 'Calle de las flores número 739 puerta C');
INSERT INTO horariosRecintos VALUES ('2021-09-01 18:00:00', 'Calle de las flores número 739 puerta C');
INSERT INTO horariosRecintos VALUES ('2020-09-01 03:00:00', 'Calle de las flores número 739 puerta C');
INSERT INTO horariosRecintos VALUES ('2022-09-01 18:00:00', 'Calle de las flores número 740 puerta C');
INSERT INTO horariosRecintos VALUES ('2021-09-01 18:00:00', 'Calle de las flores número 740 puerta C');
INSERT INTO horariosRecintos VALUES ('2020-09-01 03:00:00', 'Calle de las flores número 740 puerta C');
INSERT INTO horariosRecintos VALUES ('2022-09-01 18:00:00', 'Calle de las flores número 741 puerta C');
INSERT INTO horariosRecintos VALUES ('2021-09-01 18:00:00', 'Calle de las flores número 741 puerta C');
INSERT INTO horariosRecintos VALUES ('2020-09-01 03:00:00', 'Calle de las flores número 741 puerta C');
INSERT INTO horariosRecintos VALUES ('2022-09-01 18:00:00', 'Calle de las flores número 742 puerta C');
INSERT INTO horariosRecintos VALUES ('2021-09-01 18:00:00', 'Calle de las flores número 742 puerta C');
INSERT INTO horariosRecintos VALUES ('2020-09-01 03:00:00', 'Calle de las flores número 742 puerta C');
INSERT INTO horariosRecintos VALUES ('2022-09-01 18:00:00', 'Calle de las flores número 743 puerta C');
INSERT INTO horariosRecintos VALUES ('2021-09-01 18:00:00', 'Calle de las flores número 743 puerta C');
INSERT INTO horariosRecintos VALUES ('2020-09-01 03:00:00', 'Calle de las flores número 743 puerta C');
INSERT INTO horariosRecintos VALUES ('2022-09-01 18:00:00', 'Calle de las flores número 744 puerta C');
INSERT INTO horariosRecintos VALUES ('2021-09-01 18:00:00', 'Calle de las flores número 744 puerta C');
INSERT INTO horariosRecintos VALUES ('2020-09-01 03:00:00', 'Calle de las flores número 744 puerta C');
INSERT INTO horariosRecintos VALUES ('2022-09-01 18:00:00', 'Calle de las flores número 745 puerta C');
INSERT INTO horariosRecintos VALUES ('2021-09-01 18:00:00', 'Calle de las flores número 745 puerta C');
INSERT INTO horariosRecintos VALUES ('2020-09-01 03:00:00', 'Calle de las flores número 745 puerta C');
INSERT INTO horariosRecintos VALUES ('2022-09-01 18:00:00', 'Calle de las flores número 746 puerta C');
INSERT INTO horariosRecintos VALUES ('2021-09-01 18:00:00', 'Calle de las flores número 746 puerta C');
INSERT INTO horariosRecintos VALUES ('2020-09-01 03:00:00', 'Calle de las flores número 746 puerta C');
INSERT INTO horariosRecintos VALUES ('2022-09-01 18:00:00', 'Calle de las flores número 747 puerta C');
INSERT INTO horariosRecintos VALUES ('2021-09-01 18:00:00', 'Calle de las flores número 747 puerta C');
INSERT INTO horariosRecintos VALUES ('2020-09-01 03:00:00', 'Calle de las flores número 747 puerta C');
INSERT INTO horariosRecintos VALUES ('2022-09-01 18:00:00', 'Calle de las flores número 748 puerta C');
INSERT INTO horariosRecintos VALUES ('2021-09-01 18:00:00', 'Calle de las flores número 748 puerta C');
INSERT INTO horariosRecintos VALUES ('2020-09-01 03:00:00', 'Calle de las flores número 748 puerta C');
INSERT INTO horariosRecintos VALUES ('2022-09-01 18:00:00', 'Calle de las flores número 749 puerta C');
INSERT INTO horariosRecintos VALUES ('2021-09-01 18:00:00', 'Calle de las flores número 749 puerta C');
INSERT INTO horariosRecintos VALUES ('2020-09-01 03:00:00', 'Calle de las flores número 749 puerta C');
INSERT INTO horariosRecintos VALUES ('2022-09-01 18:00:00', 'Calle de las flores número 750 puerta C');
INSERT INTO horariosRecintos VALUES ('2021-09-01 18:00:00', 'Calle de las flores número 750 puerta C');
INSERT INTO horariosRecintos VALUES ('2020-09-01 03:00:00', 'Calle de las flores número 750 puerta C');
INSERT INTO horariosRecintos VALUES ('2022-09-01 18:00:00', 'Calle de las flores número 751 puerta C');
INSERT INTO horariosRecintos VALUES ('2021-09-01 18:00:00', 'Calle de las flores número 751 puerta C');
INSERT INTO horariosRecintos VALUES ('2020-09-01 03:00:00', 'Calle de las flores número 751 puerta C');
INSERT INTO horariosRecintos VALUES ('2022-09-01 18:00:00', 'Calle de las flores número 752 puerta C');
INSERT INTO horariosRecintos VALUES ('2021-09-01 18:00:00', 'Calle de las flores número 752 puerta C');
INSERT INTO horariosRecintos VALUES ('2020-09-01 03:00:00', 'Calle de las flores número 752 puerta C');
INSERT INTO horariosRecintos VALUES ('2022-09-01 18:00:00', 'Calle de las flores número 753 puerta C');
INSERT INTO horariosRecintos VALUES ('2021-09-01 18:00:00', 'Calle de las flores número 753 puerta C');
INSERT INTO horariosRecintos VALUES ('2020-09-01 03:00:00', 'Calle de las flores número 753 puerta C');
INSERT INTO horariosRecintos VALUES ('2022-09-01 18:00:00', 'Calle de las flores número 754 puerta C');
INSERT INTO horariosRecintos VALUES ('2021-09-01 18:00:00', 'Calle de las flores número 754 puerta C');
INSERT INTO horariosRecintos VALUES ('2020-09-01 03:00:00', 'Calle de las flores número 754 puerta C');
INSERT INTO horariosRecintos VALUES ('2022-09-01 18:00:00', 'Calle de las flores número 755 puerta C');
INSERT INTO horariosRecintos VALUES ('2021-09-01 18:00:00', 'Calle de las flores número 755 puerta C');
INSERT INTO horariosRecintos VALUES ('2020-09-01 03:00:00', 'Calle de las flores número 755 puerta C');
INSERT INTO horariosRecintos VALUES ('2022-09-01 18:00:00', 'Calle de las flores número 756 puerta C');
INSERT INTO horariosRecintos VALUES ('2021-09-01 18:00:00', 'Calle de las flores número 756 puerta C');
INSERT INTO horariosRecintos VALUES ('2020-09-01 03:00:00', 'Calle de las flores número 756 puerta C');
INSERT INTO horariosRecintos VALUES ('2022-09-01 18:00:00', 'Calle de las flores número 757 puerta C');
INSERT INTO horariosRecintos VALUES ('2021-09-01 18:00:00', 'Calle de las flores número 757 puerta C');
INSERT INTO horariosRecintos VALUES ('2020-09-01 03:00:00', 'Calle de las flores número 757 puerta C');
INSERT INTO horariosRecintos VALUES ('2022-09-01 18:00:00', 'Calle de las flores número 758 puerta C');
INSERT INTO horariosRecintos VALUES ('2021-09-01 18:00:00', 'Calle de las flores número 758 puerta C');
INSERT INTO horariosRecintos VALUES ('2020-09-01 03:00:00', 'Calle de las flores número 758 puerta C');
INSERT INTO horariosRecintos VALUES ('2022-09-01 18:00:00', 'Calle de las flores número 759 puerta C');
INSERT INTO horariosRecintos VALUES ('2021-09-01 18:00:00', 'Calle de las flores número 759 puerta C');
INSERT INTO horariosRecintos VALUES ('2020-09-01 03:00:00', 'Calle de las flores número 759 puerta C');
INSERT INTO horariosRecintos VALUES ('2022-09-01 18:00:00', 'Calle de las flores número 760 puerta C');
INSERT INTO horariosRecintos VALUES ('2021-09-01 18:00:00', 'Calle de las flores número 760 puerta C');
INSERT INTO horariosRecintos VALUES ('2020-09-01 03:00:00', 'Calle de las flores número 760 puerta C');
INSERT INTO horariosRecintos VALUES ('2022-09-01 18:00:00', 'Calle de las flores número 761 puerta C');
INSERT INTO horariosRecintos VALUES ('2021-09-01 18:00:00', 'Calle de las flores número 761 puerta C');
INSERT INTO horariosRecintos VALUES ('2020-09-01 03:00:00', 'Calle de las flores número 761 puerta C');
INSERT INTO horariosRecintos VALUES ('2022-09-01 18:00:00', 'Calle de las flores número 762 puerta C');
INSERT INTO horariosRecintos VALUES ('2021-09-01 18:00:00', 'Calle de las flores número 762 puerta C');
INSERT INTO horariosRecintos VALUES ('2020-09-01 03:00:00', 'Calle de las flores número 762 puerta C');
INSERT INTO horariosRecintos VALUES ('2022-09-01 18:00:00', 'Calle de las flores número 763 puerta C');
INSERT INTO horariosRecintos VALUES ('2021-09-01 18:00:00', 'Calle de las flores número 763 puerta C');
INSERT INTO horariosRecintos VALUES ('2020-09-01 03:00:00', 'Calle de las flores número 763 puerta C');
INSERT INTO horariosRecintos VALUES ('2022-09-01 18:00:00', 'Calle de las flores número 764 puerta C');
INSERT INTO horariosRecintos VALUES ('2021-09-01 18:00:00', 'Calle de las flores número 764 puerta C');
INSERT INTO horariosRecintos VALUES ('2020-09-01 03:00:00', 'Calle de las flores número 764 puerta C');
INSERT INTO horariosRecintos VALUES ('2022-09-01 18:00:00', 'Calle de las flores número 765 puerta C');
INSERT INTO horariosRecintos VALUES ('2021-09-01 18:00:00', 'Calle de las flores número 765 puerta C');
INSERT INTO horariosRecintos VALUES ('2020-09-01 03:00:00', 'Calle de las flores número 765 puerta C');
INSERT INTO horariosRecintos VALUES ('2022-09-01 18:00:00', 'Calle de las flores número 766 puerta C');
INSERT INTO horariosRecintos VALUES ('2021-09-01 18:00:00', 'Calle de las flores número 766 puerta C');
INSERT INTO horariosRecintos VALUES ('2020-09-01 03:00:00', 'Calle de las flores número 766 puerta C');
INSERT INTO horariosRecintos VALUES ('2022-09-01 18:00:00', 'Calle de las flores número 767 puerta C');
INSERT INTO horariosRecintos VALUES ('2021-09-01 18:00:00', 'Calle de las flores número 767 puerta C');
INSERT INTO horariosRecintos VALUES ('2020-09-01 03:00:00', 'Calle de las flores número 767 puerta C');
INSERT INTO horariosRecintos VALUES ('2022-09-01 18:00:00', 'Calle de las flores número 768 puerta C');
INSERT INTO horariosRecintos VALUES ('2021-09-01 18:00:00', 'Calle de las flores número 768 puerta C');
INSERT INTO horariosRecintos VALUES ('2020-09-01 03:00:00', 'Calle de las flores número 768 puerta C');
INSERT INTO horariosRecintos VALUES ('2022-09-01 18:00:00', 'Calle de las flores número 769 puerta C');
INSERT INTO horariosRecintos VALUES ('2021-09-01 18:00:00', 'Calle de las flores número 769 puerta C');
INSERT INTO horariosRecintos VALUES ('2020-09-01 03:00:00', 'Calle de las flores número 769 puerta C');
INSERT INTO horariosRecintos VALUES ('2022-09-01 18:00:00', 'Calle de las flores número 770 puerta C');
INSERT INTO horariosRecintos VALUES ('2021-09-01 18:00:00', 'Calle de las flores número 770 puerta C');
INSERT INTO horariosRecintos VALUES ('2020-09-01 03:00:00', 'Calle de las flores número 770 puerta C');
INSERT INTO horariosRecintos VALUES ('2022-09-01 18:00:00', 'Calle de las flores número 771 puerta C');
INSERT INTO horariosRecintos VALUES ('2021-09-01 18:00:00', 'Calle de las flores número 771 puerta C');
INSERT INTO horariosRecintos VALUES ('2020-09-01 03:00:00', 'Calle de las flores número 771 puerta C');
INSERT INTO horariosRecintos VALUES ('2022-09-01 18:00:00', 'Calle de las flores número 772 puerta C');
INSERT INTO horariosRecintos VALUES ('2021-09-01 18:00:00', 'Calle de las flores número 772 puerta C');
INSERT INTO horariosRecintos VALUES ('2020-09-01 03:00:00', 'Calle de las flores número 772 puerta C');
INSERT INTO horariosRecintos VALUES ('2022-09-01 18:00:00', 'Calle de las flores número 773 puerta C');
INSERT INTO horariosRecintos VALUES ('2021-09-01 18:00:00', 'Calle de las flores número 773 puerta C');
INSERT INTO horariosRecintos VALUES ('2020-09-01 03:00:00', 'Calle de las flores número 773 puerta C');
INSERT INTO horariosRecintos VALUES ('2022-09-01 18:00:00', 'Calle de las flores número 774 puerta C');
INSERT INTO horariosRecintos VALUES ('2021-09-01 18:00:00', 'Calle de las flores número 774 puerta C');
INSERT INTO horariosRecintos VALUES ('2020-09-01 03:00:00', 'Calle de las flores número 774 puerta C');
INSERT INTO horariosRecintos VALUES ('2022-09-01 18:00:00', 'Calle de las flores número 775 puerta C');
INSERT INTO horariosRecintos VALUES ('2021-09-01 18:00:00', 'Calle de las flores número 775 puerta C');
INSERT INTO horariosRecintos VALUES ('2020-09-01 03:00:00', 'Calle de las flores número 775 puerta C');
INSERT INTO horariosRecintos VALUES ('2022-09-01 18:00:00', 'Calle de las flores número 776 puerta C');
INSERT INTO horariosRecintos VALUES ('2021-09-01 18:00:00', 'Calle de las flores número 776 puerta C');
INSERT INTO horariosRecintos VALUES ('2020-09-01 03:00:00', 'Calle de las flores número 776 puerta C');
INSERT INTO horariosRecintos VALUES ('2022-09-01 18:00:00', 'Calle de las flores número 777 puerta C');
INSERT INTO horariosRecintos VALUES ('2021-09-01 18:00:00', 'Calle de las flores número 777 puerta C');
INSERT INTO horariosRecintos VALUES ('2020-09-01 03:00:00', 'Calle de las flores número 777 puerta C');
INSERT INTO horariosRecintos VALUES ('2022-09-01 18:00:00', 'Calle de las flores número 778 puerta C');
INSERT INTO horariosRecintos VALUES ('2021-09-01 18:00:00', 'Calle de las flores número 778 puerta C');
INSERT INTO horariosRecintos VALUES ('2020-09-01 03:00:00', 'Calle de las flores número 778 puerta C');
INSERT INTO horariosRecintos VALUES ('2022-09-01 18:00:00', 'Calle de las flores número 779 puerta C');
INSERT INTO horariosRecintos VALUES ('2021-09-01 18:00:00', 'Calle de las flores número 779 puerta C');
INSERT INTO horariosRecintos VALUES ('2020-09-01 03:00:00', 'Calle de las flores número 779 puerta C');
INSERT INTO horariosRecintos VALUES ('2022-09-01 18:00:00', 'Calle de las flores número 780 puerta C');
INSERT INTO horariosRecintos VALUES ('2021-09-01 18:00:00', 'Calle de las flores número 780 puerta C');
INSERT INTO horariosRecintos VALUES ('2020-09-01 03:00:00', 'Calle de las flores número 780 puerta C');
INSERT INTO horariosRecintos VALUES ('2022-09-01 18:00:00', 'Calle de las flores número 781 puerta C');
INSERT INTO horariosRecintos VALUES ('2021-09-01 18:00:00', 'Calle de las flores número 781 puerta C');
INSERT INTO horariosRecintos VALUES ('2020-09-01 03:00:00', 'Calle de las flores número 781 puerta C');
INSERT INTO horariosRecintos VALUES ('2022-09-01 18:00:00', 'Calle de las flores número 782 puerta C');
INSERT INTO horariosRecintos VALUES ('2021-09-01 18:00:00', 'Calle de las flores número 782 puerta C');
INSERT INTO horariosRecintos VALUES ('2020-09-01 03:00:00', 'Calle de las flores número 782 puerta C');
INSERT INTO horariosRecintos VALUES ('2022-09-01 18:00:00', 'Calle de las flores número 783 puerta C');
INSERT INTO horariosRecintos VALUES ('2021-09-01 18:00:00', 'Calle de las flores número 783 puerta C');
INSERT INTO horariosRecintos VALUES ('2020-09-01 03:00:00', 'Calle de las flores número 783 puerta C');
INSERT INTO horariosRecintos VALUES ('2022-09-01 18:00:00', 'Calle de las flores número 784 puerta C');
INSERT INTO horariosRecintos VALUES ('2021-09-01 18:00:00', 'Calle de las flores número 784 puerta C');
INSERT INTO horariosRecintos VALUES ('2020-09-01 03:00:00', 'Calle de las flores número 784 puerta C');
INSERT INTO horariosRecintos VALUES ('2022-09-01 18:00:00', 'Calle de las flores número 785 puerta C');
INSERT INTO horariosRecintos VALUES ('2021-09-01 18:00:00', 'Calle de las flores número 785 puerta C');
INSERT INTO horariosRecintos VALUES ('2020-09-01 03:00:00', 'Calle de las flores número 785 puerta C');
INSERT INTO horariosRecintos VALUES ('2022-09-01 18:00:00', 'Calle de las flores número 786 puerta C');
INSERT INTO horariosRecintos VALUES ('2021-09-01 18:00:00', 'Calle de las flores número 786 puerta C');
INSERT INTO horariosRecintos VALUES ('2020-09-01 03:00:00', 'Calle de las flores número 786 puerta C');
INSERT INTO horariosRecintos VALUES ('2022-09-01 18:00:00', 'Calle de las flores número 787 puerta C');
INSERT INTO horariosRecintos VALUES ('2021-09-01 18:00:00', 'Calle de las flores número 787 puerta C');
INSERT INTO horariosRecintos VALUES ('2020-09-01 03:00:00', 'Calle de las flores número 787 puerta C');
INSERT INTO horariosRecintos VALUES ('2022-09-01 18:00:00', 'Calle de las flores número 788 puerta C');
INSERT INTO horariosRecintos VALUES ('2021-09-01 18:00:00', 'Calle de las flores número 788 puerta C');
INSERT INTO horariosRecintos VALUES ('2020-09-01 03:00:00', 'Calle de las flores número 788 puerta C');
INSERT INTO horariosRecintos VALUES ('2022-09-01 18:00:00', 'Calle de las flores número 789 puerta C');
INSERT INTO horariosRecintos VALUES ('2021-09-01 18:00:00', 'Calle de las flores número 789 puerta C');
INSERT INTO horariosRecintos VALUES ('2020-09-01 03:00:00', 'Calle de las flores número 789 puerta C');
INSERT INTO horariosRecintos VALUES ('2022-09-01 18:00:00', 'Calle de las flores número 790 puerta C');
INSERT INTO horariosRecintos VALUES ('2021-09-01 18:00:00', 'Calle de las flores número 790 puerta C');
INSERT INTO horariosRecintos VALUES ('2020-09-01 03:00:00', 'Calle de las flores número 790 puerta C');
INSERT INTO horariosRecintos VALUES ('2022-09-01 18:00:00', 'Calle de las flores número 791 puerta C');
INSERT INTO horariosRecintos VALUES ('2021-09-01 18:00:00', 'Calle de las flores número 791 puerta C');
INSERT INTO horariosRecintos VALUES ('2020-09-01 03:00:00', 'Calle de las flores número 791 puerta C');
INSERT INTO horariosRecintos VALUES ('2022-09-01 18:00:00', 'Calle de las flores número 792 puerta C');
INSERT INTO horariosRecintos VALUES ('2021-09-01 18:00:00', 'Calle de las flores número 792 puerta C');
INSERT INTO horariosRecintos VALUES ('2020-09-01 03:00:00', 'Calle de las flores número 792 puerta C');
INSERT INTO horariosRecintos VALUES ('2022-09-01 18:00:00', 'Calle de las flores número 793 puerta C');
INSERT INTO horariosRecintos VALUES ('2021-09-01 18:00:00', 'Calle de las flores número 793 puerta C');
INSERT INTO horariosRecintos VALUES ('2020-09-01 03:00:00', 'Calle de las flores número 793 puerta C');
INSERT INTO horariosRecintos VALUES ('2022-09-01 18:00:00', 'Calle de las flores número 794 puerta C');
INSERT INTO horariosRecintos VALUES ('2021-09-01 18:00:00', 'Calle de las flores número 794 puerta C');
INSERT INTO horariosRecintos VALUES ('2020-09-01 03:00:00', 'Calle de las flores número 794 puerta C');
INSERT INTO horariosRecintos VALUES ('2022-09-01 18:00:00', 'Calle de las flores número 795 puerta C');
INSERT INTO horariosRecintos VALUES ('2021-09-01 18:00:00', 'Calle de las flores número 795 puerta C');
INSERT INTO horariosRecintos VALUES ('2020-09-01 03:00:00', 'Calle de las flores número 795 puerta C');
INSERT INTO horariosRecintos VALUES ('2022-09-01 18:00:00', 'Calle de las flores número 796 puerta C');
INSERT INTO horariosRecintos VALUES ('2021-09-01 18:00:00', 'Calle de las flores número 796 puerta C');
INSERT INTO horariosRecintos VALUES ('2020-09-01 03:00:00', 'Calle de las flores número 796 puerta C');
INSERT INTO horariosRecintos VALUES ('2022-09-01 18:00:00', 'Calle de las flores número 797 puerta C');
INSERT INTO horariosRecintos VALUES ('2021-09-01 18:00:00', 'Calle de las flores número 797 puerta C');
INSERT INTO horariosRecintos VALUES ('2020-09-01 03:00:00', 'Calle de las flores número 797 puerta C');
INSERT INTO horariosRecintos VALUES ('2022-09-01 18:00:00', 'Calle de las flores número 798 puerta C');
INSERT INTO horariosRecintos VALUES ('2021-09-01 18:00:00', 'Calle de las flores número 798 puerta C');
INSERT INTO horariosRecintos VALUES ('2020-09-01 03:00:00', 'Calle de las flores número 798 puerta C');
INSERT INTO horariosRecintos VALUES ('2022-09-01 18:00:00', 'Calle de las flores número 799 puerta C');
INSERT INTO horariosRecintos VALUES ('2021-09-01 18:00:00', 'Calle de las flores número 799 puerta C');
INSERT INTO horariosRecintos VALUES ('2020-09-01 03:00:00', 'Calle de las flores número 799 puerta C');
INSERT INTO horariosRecintos VALUES ('2022-09-01 18:00:00', 'Calle de las flores número 800 puerta C');
INSERT INTO horariosRecintos VALUES ('2021-09-01 18:00:00', 'Calle de las flores número 800 puerta C');
INSERT INTO horariosRecintos VALUES ('2020-09-01 03:00:00', 'Calle de las flores número 800 puerta C');
INSERT INTO horariosRecintos VALUES ('2022-09-01 18:00:00', 'Calle de las flores número 801 puerta C');
INSERT INTO horariosRecintos VALUES ('2021-09-01 18:00:00', 'Calle de las flores número 801 puerta C');
INSERT INTO horariosRecintos VALUES ('2020-09-01 03:00:00', 'Calle de las flores número 801 puerta C');
INSERT INTO horariosRecintos VALUES ('2022-09-01 18:00:00', 'Calle de las flores número 802 puerta C');
INSERT INTO horariosRecintos VALUES ('2021-09-01 18:00:00', 'Calle de las flores número 802 puerta C');
INSERT INTO horariosRecintos VALUES ('2020-09-01 03:00:00', 'Calle de las flores número 802 puerta C');
INSERT INTO horariosRecintos VALUES ('2022-09-01 18:00:00', 'Calle de las flores número 803 puerta C');
INSERT INTO horariosRecintos VALUES ('2021-09-01 18:00:00', 'Calle de las flores número 803 puerta C');
INSERT INTO horariosRecintos VALUES ('2020-09-01 03:00:00', 'Calle de las flores número 803 puerta C');
INSERT INTO horariosRecintos VALUES ('2022-09-01 18:00:00', 'Calle de las flores número 804 puerta C');
INSERT INTO horariosRecintos VALUES ('2021-09-01 18:00:00', 'Calle de las flores número 804 puerta C');
INSERT INTO horariosRecintos VALUES ('2020-09-01 03:00:00', 'Calle de las flores número 804 puerta C');
INSERT INTO horariosRecintos VALUES ('2022-09-01 18:00:00', 'Calle de las flores número 805 puerta C');
INSERT INTO horariosRecintos VALUES ('2021-09-01 18:00:00', 'Calle de las flores número 805 puerta C');
INSERT INTO horariosRecintos VALUES ('2020-09-01 03:00:00', 'Calle de las flores número 805 puerta C');
INSERT INTO horariosRecintos VALUES ('2022-09-01 18:00:00', 'Calle de las flores número 806 puerta C');
INSERT INTO horariosRecintos VALUES ('2021-09-01 18:00:00', 'Calle de las flores número 806 puerta C');
INSERT INTO horariosRecintos VALUES ('2020-09-01 03:00:00', 'Calle de las flores número 806 puerta C');
INSERT INTO horariosRecintos VALUES ('2022-09-01 18:00:00', 'Calle de las flores número 807 puerta C');
INSERT INTO horariosRecintos VALUES ('2021-09-01 18:00:00', 'Calle de las flores número 807 puerta C');
INSERT INTO horariosRecintos VALUES ('2020-09-01 03:00:00', 'Calle de las flores número 807 puerta C');
INSERT INTO horariosRecintos VALUES ('2022-09-01 18:00:00', 'Calle de las flores número 808 puerta C');
INSERT INTO horariosRecintos VALUES ('2021-09-01 18:00:00', 'Calle de las flores número 808 puerta C');
INSERT INTO horariosRecintos VALUES ('2020-09-01 03:00:00', 'Calle de las flores número 808 puerta C');
INSERT INTO horariosRecintos VALUES ('2022-09-01 18:00:00', 'Calle de las flores número 809 puerta C');
INSERT INTO horariosRecintos VALUES ('2021-09-01 18:00:00', 'Calle de las flores número 809 puerta C');
INSERT INTO horariosRecintos VALUES ('2020-09-01 03:00:00', 'Calle de las flores número 809 puerta C');
INSERT INTO horariosRecintos VALUES ('2022-09-01 18:00:00', 'Calle de las flores número 810 puerta C');
INSERT INTO horariosRecintos VALUES ('2021-09-01 18:00:00', 'Calle de las flores número 810 puerta C');
INSERT INTO horariosRecintos VALUES ('2020-09-01 03:00:00', 'Calle de las flores número 810 puerta C');
INSERT INTO horariosRecintos VALUES ('2022-09-01 18:00:00', 'Calle de las flores número 811 puerta C');
INSERT INTO horariosRecintos VALUES ('2021-09-01 18:00:00', 'Calle de las flores número 811 puerta C');
INSERT INTO horariosRecintos VALUES ('2020-09-01 03:00:00', 'Calle de las flores número 811 puerta C');
INSERT INTO horariosRecintos VALUES ('2022-09-01 18:00:00', 'Calle de las flores número 812 puerta C');
INSERT INTO horariosRecintos VALUES ('2021-09-01 18:00:00', 'Calle de las flores número 812 puerta C');
INSERT INTO horariosRecintos VALUES ('2020-09-01 03:00:00', 'Calle de las flores número 812 puerta C');
INSERT INTO horariosRecintos VALUES ('2022-09-01 18:00:00', 'Calle de las flores número 813 puerta C');
INSERT INTO horariosRecintos VALUES ('2021-09-01 18:00:00', 'Calle de las flores número 813 puerta C');
INSERT INTO horariosRecintos VALUES ('2020-09-01 03:00:00', 'Calle de las flores número 813 puerta C');
INSERT INTO horariosRecintos VALUES ('2022-09-01 18:00:00', 'Calle de las flores número 814 puerta C');
INSERT INTO horariosRecintos VALUES ('2021-09-01 18:00:00', 'Calle de las flores número 814 puerta C');
INSERT INTO horariosRecintos VALUES ('2020-09-01 03:00:00', 'Calle de las flores número 814 puerta C');
INSERT INTO horariosRecintos VALUES ('2022-09-01 18:00:00', 'Calle de las flores número 815 puerta C');
INSERT INTO horariosRecintos VALUES ('2021-09-01 18:00:00', 'Calle de las flores número 815 puerta C');
INSERT INTO horariosRecintos VALUES ('2020-09-01 03:00:00', 'Calle de las flores número 815 puerta C');
INSERT INTO horariosRecintos VALUES ('2022-09-01 18:00:00', 'Calle de las flores número 816 puerta C');
INSERT INTO horariosRecintos VALUES ('2021-09-01 18:00:00', 'Calle de las flores número 816 puerta C');
INSERT INTO horariosRecintos VALUES ('2020-09-01 03:00:00', 'Calle de las flores número 816 puerta C');
INSERT INTO horariosRecintos VALUES ('2022-09-01 18:00:00', 'Calle de las flores número 817 puerta C');
INSERT INTO horariosRecintos VALUES ('2021-09-01 18:00:00', 'Calle de las flores número 817 puerta C');
INSERT INTO horariosRecintos VALUES ('2020-09-01 03:00:00', 'Calle de las flores número 817 puerta C');
INSERT INTO horariosRecintos VALUES ('2022-09-01 18:00:00', 'Calle de las flores número 818 puerta C');
INSERT INTO horariosRecintos VALUES ('2021-09-01 18:00:00', 'Calle de las flores número 818 puerta C');
INSERT INTO horariosRecintos VALUES ('2020-09-01 03:00:00', 'Calle de las flores número 818 puerta C');
INSERT INTO horariosRecintos VALUES ('2022-09-01 18:00:00', 'Calle de las flores número 819 puerta C');
INSERT INTO horariosRecintos VALUES ('2021-09-01 18:00:00', 'Calle de las flores número 819 puerta C');
INSERT INTO horariosRecintos VALUES ('2020-09-01 03:00:00', 'Calle de las flores número 819 puerta C');
INSERT INTO horariosRecintos VALUES ('2022-09-01 18:00:00', 'Calle de las flores número 820 puerta C');
INSERT INTO horariosRecintos VALUES ('2021-09-01 18:00:00', 'Calle de las flores número 820 puerta C');
INSERT INTO horariosRecintos VALUES ('2020-09-01 03:00:00', 'Calle de las flores número 820 puerta C');
INSERT INTO horariosRecintos VALUES ('2022-09-01 18:00:00', 'Calle de las flores número 821 puerta C');
INSERT INTO horariosRecintos VALUES ('2021-09-01 18:00:00', 'Calle de las flores número 821 puerta C');
INSERT INTO horariosRecintos VALUES ('2020-09-01 03:00:00', 'Calle de las flores número 821 puerta C');
INSERT INTO horariosRecintos VALUES ('2022-09-01 18:00:00', 'Calle de las flores número 822 puerta C');
INSERT INTO horariosRecintos VALUES ('2021-09-01 18:00:00', 'Calle de las flores número 822 puerta C');
INSERT INTO horariosRecintos VALUES ('2020-09-01 03:00:00', 'Calle de las flores número 822 puerta C');
INSERT INTO horariosRecintos VALUES ('2022-09-01 18:00:00', 'Calle de las flores número 823 puerta C');
INSERT INTO horariosRecintos VALUES ('2021-09-01 18:00:00', 'Calle de las flores número 823 puerta C');
INSERT INTO horariosRecintos VALUES ('2020-09-01 03:00:00', 'Calle de las flores número 823 puerta C');
INSERT INTO horariosRecintos VALUES ('2022-09-01 18:00:00', 'Calle de las flores número 824 puerta C');
INSERT INTO horariosRecintos VALUES ('2021-09-01 18:00:00', 'Calle de las flores número 824 puerta C');
INSERT INTO horariosRecintos VALUES ('2020-09-01 03:00:00', 'Calle de las flores número 824 puerta C');
INSERT INTO horariosRecintos VALUES ('2022-09-01 18:00:00', 'Calle de las flores número 825 puerta C');
INSERT INTO horariosRecintos VALUES ('2021-09-01 18:00:00', 'Calle de las flores número 825 puerta C');
INSERT INTO horariosRecintos VALUES ('2020-09-01 03:00:00', 'Calle de las flores número 825 puerta C');
INSERT INTO horariosRecintos VALUES ('2022-09-01 18:00:00', 'Calle de las flores número 826 puerta C');
INSERT INTO horariosRecintos VALUES ('2021-09-01 18:00:00', 'Calle de las flores número 826 puerta C');
INSERT INTO horariosRecintos VALUES ('2020-09-01 03:00:00', 'Calle de las flores número 826 puerta C');
INSERT INTO horariosRecintos VALUES ('2022-09-01 18:00:00', 'Calle de las flores número 827 puerta C');
INSERT INTO horariosRecintos VALUES ('2021-09-01 18:00:00', 'Calle de las flores número 827 puerta C');
INSERT INTO horariosRecintos VALUES ('2020-09-01 03:00:00', 'Calle de las flores número 827 puerta C');
INSERT INTO horariosRecintos VALUES ('2022-09-01 18:00:00', 'Calle de las flores número 828 puerta C');
INSERT INTO horariosRecintos VALUES ('2021-09-01 18:00:00', 'Calle de las flores número 828 puerta C');
INSERT INTO horariosRecintos VALUES ('2020-09-01 03:00:00', 'Calle de las flores número 828 puerta C');
INSERT INTO horariosRecintos VALUES ('2022-09-01 18:00:00', 'Calle de las flores número 829 puerta C');
INSERT INTO horariosRecintos VALUES ('2021-09-01 18:00:00', 'Calle de las flores número 829 puerta C');
INSERT INTO horariosRecintos VALUES ('2020-09-01 03:00:00', 'Calle de las flores número 829 puerta C');
INSERT INTO horariosRecintos VALUES ('2022-09-01 18:00:00', 'Calle de las flores número 830 puerta C');
INSERT INTO horariosRecintos VALUES ('2021-09-01 18:00:00', 'Calle de las flores número 830 puerta C');
INSERT INTO horariosRecintos VALUES ('2020-09-01 03:00:00', 'Calle de las flores número 830 puerta C');
INSERT INTO horariosRecintos VALUES ('2022-09-01 18:00:00', 'Calle de las flores número 831 puerta C');
INSERT INTO horariosRecintos VALUES ('2021-09-01 18:00:00', 'Calle de las flores número 831 puerta C');
INSERT INTO horariosRecintos VALUES ('2020-09-01 03:00:00', 'Calle de las flores número 831 puerta C');
INSERT INTO horariosRecintos VALUES ('2022-09-01 18:00:00', 'Calle de las flores número 832 puerta C');
INSERT INTO horariosRecintos VALUES ('2021-09-01 18:00:00', 'Calle de las flores número 832 puerta C');
INSERT INTO horariosRecintos VALUES ('2020-09-01 03:00:00', 'Calle de las flores número 832 puerta C');
INSERT INTO horariosRecintos VALUES ('2022-09-01 18:00:00', 'Calle de las flores número 833 puerta C');
INSERT INTO horariosRecintos VALUES ('2021-09-01 18:00:00', 'Calle de las flores número 833 puerta C');
INSERT INTO horariosRecintos VALUES ('2020-09-01 03:00:00', 'Calle de las flores número 833 puerta C');
INSERT INTO horariosRecintos VALUES ('2022-09-01 18:00:00', 'Calle de las flores número 834 puerta C');
INSERT INTO horariosRecintos VALUES ('2021-09-01 18:00:00', 'Calle de las flores número 834 puerta C');
INSERT INTO horariosRecintos VALUES ('2020-09-01 03:00:00', 'Calle de las flores número 834 puerta C');
INSERT INTO horariosRecintos VALUES ('2022-09-01 18:00:00', 'Calle de las flores número 835 puerta C');
INSERT INTO horariosRecintos VALUES ('2021-09-01 18:00:00', 'Calle de las flores número 835 puerta C');
INSERT INTO horariosRecintos VALUES ('2020-09-01 03:00:00', 'Calle de las flores número 835 puerta C');
INSERT INTO horariosRecintos VALUES ('2022-09-01 18:00:00', 'Calle de las flores número 836 puerta C');
INSERT INTO horariosRecintos VALUES ('2021-09-01 18:00:00', 'Calle de las flores número 836 puerta C');
INSERT INTO horariosRecintos VALUES ('2020-09-01 03:00:00', 'Calle de las flores número 836 puerta C');
INSERT INTO horariosRecintos VALUES ('2022-09-01 18:00:00', 'Calle de las flores número 837 puerta C');
INSERT INTO horariosRecintos VALUES ('2021-09-01 18:00:00', 'Calle de las flores número 837 puerta C');
INSERT INTO horariosRecintos VALUES ('2020-09-01 03:00:00', 'Calle de las flores número 837 puerta C');
INSERT INTO horariosRecintos VALUES ('2022-09-01 18:00:00', 'Calle de las flores número 838 puerta C');
INSERT INTO horariosRecintos VALUES ('2021-09-01 18:00:00', 'Calle de las flores número 838 puerta C');
INSERT INTO horariosRecintos VALUES ('2020-09-01 03:00:00', 'Calle de las flores número 838 puerta C');
INSERT INTO horariosRecintos VALUES ('2022-09-01 18:00:00', 'Calle de las flores número 839 puerta C');
INSERT INTO horariosRecintos VALUES ('2021-09-01 18:00:00', 'Calle de las flores número 839 puerta C');
INSERT INTO horariosRecintos VALUES ('2020-09-01 03:00:00', 'Calle de las flores número 839 puerta C');
INSERT INTO horariosRecintos VALUES ('2022-09-01 18:00:00', 'Calle de las flores número 840 puerta C');
INSERT INTO horariosRecintos VALUES ('2021-09-01 18:00:00', 'Calle de las flores número 840 puerta C');
INSERT INTO horariosRecintos VALUES ('2020-09-01 03:00:00', 'Calle de las flores número 840 puerta C');
INSERT INTO horariosRecintos VALUES ('2022-09-01 18:00:00', 'Calle de las flores número 841 puerta C');
INSERT INTO horariosRecintos VALUES ('2021-09-01 18:00:00', 'Calle de las flores número 841 puerta C');
INSERT INTO horariosRecintos VALUES ('2020-09-01 03:00:00', 'Calle de las flores número 841 puerta C');
INSERT INTO horariosRecintos VALUES ('2022-09-01 18:00:00', 'Calle de las flores número 842 puerta C');
INSERT INTO horariosRecintos VALUES ('2021-09-01 18:00:00', 'Calle de las flores número 842 puerta C');
INSERT INTO horariosRecintos VALUES ('2020-09-01 03:00:00', 'Calle de las flores número 842 puerta C');
INSERT INTO horariosRecintos VALUES ('2022-09-01 18:00:00', 'Calle de las flores número 843 puerta C');
INSERT INTO horariosRecintos VALUES ('2021-09-01 18:00:00', 'Calle de las flores número 843 puerta C');
INSERT INTO horariosRecintos VALUES ('2020-09-01 03:00:00', 'Calle de las flores número 843 puerta C');
INSERT INTO horariosRecintos VALUES ('2022-09-01 18:00:00', 'Calle de las flores número 844 puerta C');
INSERT INTO horariosRecintos VALUES ('2021-09-01 18:00:00', 'Calle de las flores número 844 puerta C');
INSERT INTO horariosRecintos VALUES ('2020-09-01 03:00:00', 'Calle de las flores número 844 puerta C');
INSERT INTO horariosRecintos VALUES ('2022-09-01 18:00:00', 'Calle de las flores número 845 puerta C');
INSERT INTO horariosRecintos VALUES ('2021-09-01 18:00:00', 'Calle de las flores número 845 puerta C');
INSERT INTO horariosRecintos VALUES ('2020-09-01 03:00:00', 'Calle de las flores número 845 puerta C');
INSERT INTO horariosRecintos VALUES ('2022-09-01 18:00:00', 'Calle de las flores número 846 puerta C');
INSERT INTO horariosRecintos VALUES ('2021-09-01 18:00:00', 'Calle de las flores número 846 puerta C');
INSERT INTO horariosRecintos VALUES ('2020-09-01 03:00:00', 'Calle de las flores número 846 puerta C');
INSERT INTO horariosRecintos VALUES ('2022-09-01 18:00:00', 'Calle de las flores número 847 puerta C');
INSERT INTO horariosRecintos VALUES ('2021-09-01 18:00:00', 'Calle de las flores número 847 puerta C');
INSERT INTO horariosRecintos VALUES ('2020-09-01 03:00:00', 'Calle de las flores número 847 puerta C');
INSERT INTO horariosRecintos VALUES ('2022-09-01 18:00:00', 'Calle de las flores número 848 puerta C');
INSERT INTO horariosRecintos VALUES ('2021-09-01 18:00:00', 'Calle de las flores número 848 puerta C');
INSERT INTO horariosRecintos VALUES ('2020-09-01 03:00:00', 'Calle de las flores número 848 puerta C');
INSERT INTO horariosRecintos VALUES ('2022-09-01 18:00:00', 'Calle de las flores número 849 puerta C');
INSERT INTO horariosRecintos VALUES ('2021-09-01 18:00:00', 'Calle de las flores número 849 puerta C');
INSERT INTO horariosRecintos VALUES ('2020-09-01 03:00:00', 'Calle de las flores número 849 puerta C');
INSERT INTO horariosRecintos VALUES ('2022-09-01 18:00:00', 'Calle de las flores número 850 puerta C');
INSERT INTO horariosRecintos VALUES ('2021-09-01 18:00:00', 'Calle de las flores número 850 puerta C');
INSERT INTO horariosRecintos VALUES ('2020-09-01 03:00:00', 'Calle de las flores número 850 puerta C');
INSERT INTO horariosRecintos VALUES ('2022-09-01 18:00:00', 'Calle de las flores número 851 puerta C');
INSERT INTO horariosRecintos VALUES ('2021-09-01 18:00:00', 'Calle de las flores número 851 puerta C');
INSERT INTO horariosRecintos VALUES ('2020-09-01 03:00:00', 'Calle de las flores número 851 puerta C');
INSERT INTO horariosRecintos VALUES ('2022-09-01 18:00:00', 'Calle de las flores número 852 puerta C');
INSERT INTO horariosRecintos VALUES ('2021-09-01 18:00:00', 'Calle de las flores número 852 puerta C');
INSERT INTO horariosRecintos VALUES ('2020-09-01 03:00:00', 'Calle de las flores número 852 puerta C');
INSERT INTO horariosRecintos VALUES ('2022-09-01 18:00:00', 'Calle de las flores número 853 puerta C');
INSERT INTO horariosRecintos VALUES ('2021-09-01 18:00:00', 'Calle de las flores número 853 puerta C');
INSERT INTO horariosRecintos VALUES ('2020-09-01 03:00:00', 'Calle de las flores número 853 puerta C');
INSERT INTO horariosRecintos VALUES ('2022-09-01 18:00:00', 'Calle de las flores número 854 puerta C');
INSERT INTO horariosRecintos VALUES ('2021-09-01 18:00:00', 'Calle de las flores número 854 puerta C');
INSERT INTO horariosRecintos VALUES ('2020-09-01 03:00:00', 'Calle de las flores número 854 puerta C');
INSERT INTO horariosRecintos VALUES ('2022-09-01 18:00:00', 'Calle de las flores número 855 puerta C');
INSERT INTO horariosRecintos VALUES ('2021-09-01 18:00:00', 'Calle de las flores número 855 puerta C');
INSERT INTO horariosRecintos VALUES ('2020-09-01 03:00:00', 'Calle de las flores número 855 puerta C');
INSERT INTO horariosRecintos VALUES ('2022-09-01 18:00:00', 'Calle de las flores número 856 puerta C');
INSERT INTO horariosRecintos VALUES ('2021-09-01 18:00:00', 'Calle de las flores número 856 puerta C');
INSERT INTO horariosRecintos VALUES ('2020-09-01 03:00:00', 'Calle de las flores número 856 puerta C');
INSERT INTO horariosRecintos VALUES ('2022-09-01 18:00:00', 'Calle de las flores número 857 puerta C');
INSERT INTO horariosRecintos VALUES ('2021-09-01 18:00:00', 'Calle de las flores número 857 puerta C');
INSERT INTO horariosRecintos VALUES ('2020-09-01 03:00:00', 'Calle de las flores número 857 puerta C');
INSERT INTO horariosRecintos VALUES ('2022-09-01 18:00:00', 'Calle de las flores número 858 puerta C');
INSERT INTO horariosRecintos VALUES ('2021-09-01 18:00:00', 'Calle de las flores número 858 puerta C');
INSERT INTO horariosRecintos VALUES ('2020-09-01 03:00:00', 'Calle de las flores número 858 puerta C');
INSERT INTO horariosRecintos VALUES ('2022-09-01 18:00:00', 'Calle de las flores número 859 puerta C');
INSERT INTO horariosRecintos VALUES ('2021-09-01 18:00:00', 'Calle de las flores número 859 puerta C');
INSERT INTO horariosRecintos VALUES ('2020-09-01 03:00:00', 'Calle de las flores número 859 puerta C');
INSERT INTO horariosRecintos VALUES ('2022-09-01 18:00:00', 'Calle de las flores número 860 puerta C');
INSERT INTO horariosRecintos VALUES ('2021-09-01 18:00:00', 'Calle de las flores número 860 puerta C');
INSERT INTO horariosRecintos VALUES ('2020-09-01 03:00:00', 'Calle de las flores número 860 puerta C');
INSERT INTO horariosRecintos VALUES ('2022-09-01 18:00:00', 'Calle de las flores número 861 puerta C');
INSERT INTO horariosRecintos VALUES ('2021-09-01 18:00:00', 'Calle de las flores número 861 puerta C');
INSERT INTO horariosRecintos VALUES ('2020-09-01 03:00:00', 'Calle de las flores número 861 puerta C');
INSERT INTO horariosRecintos VALUES ('2022-09-01 18:00:00', 'Calle de las flores número 862 puerta C');
INSERT INTO horariosRecintos VALUES ('2021-09-01 18:00:00', 'Calle de las flores número 862 puerta C');
INSERT INTO horariosRecintos VALUES ('2020-09-01 03:00:00', 'Calle de las flores número 862 puerta C');
INSERT INTO horariosRecintos VALUES ('2022-09-01 18:00:00', 'Calle de las flores número 863 puerta C');
INSERT INTO horariosRecintos VALUES ('2021-09-01 18:00:00', 'Calle de las flores número 863 puerta C');
INSERT INTO horariosRecintos VALUES ('2020-09-01 03:00:00', 'Calle de las flores número 863 puerta C');
INSERT INTO horariosRecintos VALUES ('2022-09-01 18:00:00', 'Calle de las flores número 864 puerta C');
INSERT INTO horariosRecintos VALUES ('2021-09-01 18:00:00', 'Calle de las flores número 864 puerta C');
INSERT INTO horariosRecintos VALUES ('2020-09-01 03:00:00', 'Calle de las flores número 864 puerta C');
INSERT INTO horariosRecintos VALUES ('2022-09-01 18:00:00', 'Calle de las flores número 865 puerta C');
INSERT INTO horariosRecintos VALUES ('2021-09-01 18:00:00', 'Calle de las flores número 865 puerta C');
INSERT INTO horariosRecintos VALUES ('2020-09-01 03:00:00', 'Calle de las flores número 865 puerta C');
INSERT INTO horariosRecintos VALUES ('2022-09-01 18:00:00', 'Calle de las flores número 866 puerta C');
INSERT INTO horariosRecintos VALUES ('2021-09-01 18:00:00', 'Calle de las flores número 866 puerta C');
INSERT INTO horariosRecintos VALUES ('2020-09-01 03:00:00', 'Calle de las flores número 866 puerta C');
INSERT INTO horariosRecintos VALUES ('2022-09-01 18:00:00', 'Calle de las flores número 867 puerta C');
INSERT INTO horariosRecintos VALUES ('2021-09-01 18:00:00', 'Calle de las flores número 867 puerta C');
INSERT INTO horariosRecintos VALUES ('2020-09-01 03:00:00', 'Calle de las flores número 867 puerta C');
INSERT INTO horariosRecintos VALUES ('2022-09-01 18:00:00', 'Calle de las flores número 868 puerta C');
INSERT INTO horariosRecintos VALUES ('2021-09-01 18:00:00', 'Calle de las flores número 868 puerta C');
INSERT INTO horariosRecintos VALUES ('2020-09-01 03:00:00', 'Calle de las flores número 868 puerta C');
INSERT INTO horariosRecintos VALUES ('2022-09-01 18:00:00', 'Calle de las flores número 869 puerta C');
INSERT INTO horariosRecintos VALUES ('2021-09-01 18:00:00', 'Calle de las flores número 869 puerta C');
INSERT INTO horariosRecintos VALUES ('2020-09-01 03:00:00', 'Calle de las flores número 869 puerta C');
INSERT INTO horariosRecintos VALUES ('2022-09-01 18:00:00', 'Calle de las flores número 870 puerta C');
INSERT INTO horariosRecintos VALUES ('2021-09-01 18:00:00', 'Calle de las flores número 870 puerta C');
INSERT INTO horariosRecintos VALUES ('2020-09-01 03:00:00', 'Calle de las flores número 870 puerta C');
INSERT INTO horariosRecintos VALUES ('2022-09-01 18:00:00', 'Calle de las flores número 871 puerta C');
INSERT INTO horariosRecintos VALUES ('2021-09-01 18:00:00', 'Calle de las flores número 871 puerta C');
INSERT INTO horariosRecintos VALUES ('2020-09-01 03:00:00', 'Calle de las flores número 871 puerta C');
INSERT INTO horariosRecintos VALUES ('2022-09-01 18:00:00', 'Calle de las flores número 872 puerta C');
INSERT INTO horariosRecintos VALUES ('2021-09-01 18:00:00', 'Calle de las flores número 872 puerta C');
INSERT INTO horariosRecintos VALUES ('2020-09-01 03:00:00', 'Calle de las flores número 872 puerta C');
INSERT INTO horariosRecintos VALUES ('2022-09-01 18:00:00', 'Calle de las flores número 873 puerta C');
INSERT INTO horariosRecintos VALUES ('2021-09-01 18:00:00', 'Calle de las flores número 873 puerta C');
INSERT INTO horariosRecintos VALUES ('2020-09-01 03:00:00', 'Calle de las flores número 873 puerta C');
INSERT INTO horariosRecintos VALUES ('2022-09-01 18:00:00', 'Calle de las flores número 874 puerta C');
INSERT INTO horariosRecintos VALUES ('2021-09-01 18:00:00', 'Calle de las flores número 874 puerta C');
INSERT INTO horariosRecintos VALUES ('2020-09-01 03:00:00', 'Calle de las flores número 874 puerta C');
INSERT INTO horariosRecintos VALUES ('2022-09-01 18:00:00', 'Calle de las flores número 875 puerta C');
INSERT INTO horariosRecintos VALUES ('2021-09-01 18:00:00', 'Calle de las flores número 875 puerta C');
INSERT INTO horariosRecintos VALUES ('2020-09-01 03:00:00', 'Calle de las flores número 875 puerta C');
INSERT INTO horariosRecintos VALUES ('2022-09-01 18:00:00', 'Calle de las flores número 876 puerta C');
INSERT INTO horariosRecintos VALUES ('2021-09-01 18:00:00', 'Calle de las flores número 876 puerta C');
INSERT INTO horariosRecintos VALUES ('2020-09-01 03:00:00', 'Calle de las flores número 876 puerta C');
INSERT INTO horariosRecintos VALUES ('2022-09-01 18:00:00', 'Calle de las flores número 877 puerta C');
INSERT INTO horariosRecintos VALUES ('2021-09-01 18:00:00', 'Calle de las flores número 877 puerta C');
INSERT INTO horariosRecintos VALUES ('2020-09-01 03:00:00', 'Calle de las flores número 877 puerta C');
INSERT INTO horariosRecintos VALUES ('2022-09-01 18:00:00', 'Calle de las flores número 878 puerta C');
INSERT INTO horariosRecintos VALUES ('2021-09-01 18:00:00', 'Calle de las flores número 878 puerta C');
INSERT INTO horariosRecintos VALUES ('2020-09-01 03:00:00', 'Calle de las flores número 878 puerta C');
INSERT INTO horariosRecintos VALUES ('2022-09-01 18:00:00', 'Calle de las flores número 879 puerta C');
INSERT INTO horariosRecintos VALUES ('2021-09-01 18:00:00', 'Calle de las flores número 879 puerta C');
INSERT INTO horariosRecintos VALUES ('2020-09-01 03:00:00', 'Calle de las flores número 879 puerta C');
INSERT INTO horariosRecintos VALUES ('2022-09-01 18:00:00', 'Calle de las flores número 880 puerta C');
INSERT INTO horariosRecintos VALUES ('2021-09-01 18:00:00', 'Calle de las flores número 880 puerta C');
INSERT INTO horariosRecintos VALUES ('2020-09-01 03:00:00', 'Calle de las flores número 880 puerta C');
INSERT INTO horariosRecintos VALUES ('2022-09-01 18:00:00', 'Calle de las flores número 881 puerta C');
INSERT INTO horariosRecintos VALUES ('2021-09-01 18:00:00', 'Calle de las flores número 881 puerta C');
INSERT INTO horariosRecintos VALUES ('2020-09-01 03:00:00', 'Calle de las flores número 881 puerta C');
INSERT INTO horariosRecintos VALUES ('2022-09-01 18:00:00', 'Calle de las flores número 882 puerta C');
INSERT INTO horariosRecintos VALUES ('2021-09-01 18:00:00', 'Calle de las flores número 882 puerta C');
INSERT INTO horariosRecintos VALUES ('2020-09-01 03:00:00', 'Calle de las flores número 882 puerta C');
INSERT INTO horariosRecintos VALUES ('2022-09-01 18:00:00', 'Calle de las flores número 883 puerta C');
INSERT INTO horariosRecintos VALUES ('2021-09-01 18:00:00', 'Calle de las flores número 883 puerta C');
INSERT INTO horariosRecintos VALUES ('2020-09-01 03:00:00', 'Calle de las flores número 883 puerta C');
INSERT INTO horariosRecintos VALUES ('2022-09-01 18:00:00', 'Calle de las flores número 884 puerta C');
INSERT INTO horariosRecintos VALUES ('2021-09-01 18:00:00', 'Calle de las flores número 884 puerta C');
INSERT INTO horariosRecintos VALUES ('2020-09-01 03:00:00', 'Calle de las flores número 884 puerta C');
INSERT INTO horariosRecintos VALUES ('2022-09-01 18:00:00', 'Calle de las flores número 885 puerta C');
INSERT INTO horariosRecintos VALUES ('2021-09-01 18:00:00', 'Calle de las flores número 885 puerta C');
INSERT INTO horariosRecintos VALUES ('2020-09-01 03:00:00', 'Calle de las flores número 885 puerta C');
INSERT INTO horariosRecintos VALUES ('2022-09-01 18:00:00', 'Calle de las flores número 886 puerta C');
INSERT INTO horariosRecintos VALUES ('2021-09-01 18:00:00', 'Calle de las flores número 886 puerta C');
INSERT INTO horariosRecintos VALUES ('2020-09-01 03:00:00', 'Calle de las flores número 886 puerta C');
INSERT INTO horariosRecintos VALUES ('2022-09-01 18:00:00', 'Calle de las flores número 887 puerta C');
INSERT INTO horariosRecintos VALUES ('2021-09-01 18:00:00', 'Calle de las flores número 887 puerta C');
INSERT INTO horariosRecintos VALUES ('2020-09-01 03:00:00', 'Calle de las flores número 887 puerta C');
INSERT INTO horariosRecintos VALUES ('2022-09-01 18:00:00', 'Calle de las flores número 888 puerta C');
INSERT INTO horariosRecintos VALUES ('2021-09-01 18:00:00', 'Calle de las flores número 888 puerta C');
INSERT INTO horariosRecintos VALUES ('2020-09-01 03:00:00', 'Calle de las flores número 888 puerta C');
INSERT INTO horariosRecintos VALUES ('2022-09-01 18:00:00', 'Calle de las flores número 889 puerta C');
INSERT INTO horariosRecintos VALUES ('2021-09-01 18:00:00', 'Calle de las flores número 889 puerta C');
INSERT INTO horariosRecintos VALUES ('2020-09-01 03:00:00', 'Calle de las flores número 889 puerta C');
INSERT INTO horariosRecintos VALUES ('2022-09-01 18:00:00', 'Calle de las flores número 890 puerta C');
INSERT INTO horariosRecintos VALUES ('2021-09-01 18:00:00', 'Calle de las flores número 890 puerta C');
INSERT INTO horariosRecintos VALUES ('2020-09-01 03:00:00', 'Calle de las flores número 890 puerta C');
INSERT INTO horariosRecintos VALUES ('2022-09-01 18:00:00', 'Calle de las flores número 891 puerta C');
INSERT INTO horariosRecintos VALUES ('2021-09-01 18:00:00', 'Calle de las flores número 891 puerta C');
INSERT INTO horariosRecintos VALUES ('2020-09-01 03:00:00', 'Calle de las flores número 891 puerta C');
INSERT INTO horariosRecintos VALUES ('2022-09-01 18:00:00', 'Calle de las flores número 892 puerta C');
INSERT INTO horariosRecintos VALUES ('2021-09-01 18:00:00', 'Calle de las flores número 892 puerta C');
INSERT INTO horariosRecintos VALUES ('2020-09-01 03:00:00', 'Calle de las flores número 892 puerta C');
INSERT INTO horariosRecintos VALUES ('2022-09-01 18:00:00', 'Calle de las flores número 893 puerta C');
INSERT INTO horariosRecintos VALUES ('2021-09-01 18:00:00', 'Calle de las flores número 893 puerta C');
INSERT INTO horariosRecintos VALUES ('2020-09-01 03:00:00', 'Calle de las flores número 893 puerta C');
INSERT INTO horariosRecintos VALUES ('2022-09-01 18:00:00', 'Calle de las flores número 894 puerta C');
INSERT INTO horariosRecintos VALUES ('2021-09-01 18:00:00', 'Calle de las flores número 894 puerta C');
INSERT INTO horariosRecintos VALUES ('2020-09-01 03:00:00', 'Calle de las flores número 894 puerta C');
INSERT INTO horariosRecintos VALUES ('2022-09-01 18:00:00', 'Calle de las flores número 895 puerta C');
INSERT INTO horariosRecintos VALUES ('2021-09-01 18:00:00', 'Calle de las flores número 895 puerta C');
INSERT INTO horariosRecintos VALUES ('2020-09-01 03:00:00', 'Calle de las flores número 895 puerta C');
INSERT INTO horariosRecintos VALUES ('2022-09-01 18:00:00', 'Calle de las flores número 896 puerta C');
INSERT INTO horariosRecintos VALUES ('2021-09-01 18:00:00', 'Calle de las flores número 896 puerta C');
INSERT INTO horariosRecintos VALUES ('2020-09-01 03:00:00', 'Calle de las flores número 896 puerta C');
INSERT INTO horariosRecintos VALUES ('2022-09-01 18:00:00', 'Calle de las flores número 897 puerta C');
INSERT INTO horariosRecintos VALUES ('2021-09-01 18:00:00', 'Calle de las flores número 897 puerta C');
INSERT INTO horariosRecintos VALUES ('2020-09-01 03:00:00', 'Calle de las flores número 897 puerta C');
INSERT INTO horariosRecintos VALUES ('2022-09-01 18:00:00', 'Calle de las flores número 898 puerta C');
INSERT INTO horariosRecintos VALUES ('2021-09-01 18:00:00', 'Calle de las flores número 898 puerta C');
INSERT INTO horariosRecintos VALUES ('2020-09-01 03:00:00', 'Calle de las flores número 898 puerta C');
INSERT INTO horariosRecintos VALUES ('2022-09-01 18:00:00', 'Calle de las flores número 899 puerta C');
INSERT INTO horariosRecintos VALUES ('2021-09-01 18:00:00', 'Calle de las flores número 899 puerta C');
INSERT INTO horariosRecintos VALUES ('2020-09-01 03:00:00', 'Calle de las flores número 899 puerta C');
INSERT INTO horariosRecintos VALUES ('2022-09-01 18:00:00', 'Calle de las flores número 900 puerta C');
INSERT INTO horariosRecintos VALUES ('2021-09-01 18:00:00', 'Calle de las flores número 900 puerta C');
INSERT INTO horariosRecintos VALUES ('2020-09-01 03:00:00', 'Calle de las flores número 900 puerta C');
INSERT INTO horariosRecintos VALUES ('2022-09-01 18:00:00', 'Calle de las flores número 901 puerta C');
INSERT INTO horariosRecintos VALUES ('2021-09-01 18:00:00', 'Calle de las flores número 901 puerta C');
INSERT INTO horariosRecintos VALUES ('2020-09-01 03:00:00', 'Calle de las flores número 901 puerta C');
INSERT INTO horariosRecintos VALUES ('2022-09-01 18:00:00', 'Calle de las flores número 902 puerta C');
INSERT INTO horariosRecintos VALUES ('2021-09-01 18:00:00', 'Calle de las flores número 902 puerta C');
INSERT INTO horariosRecintos VALUES ('2020-09-01 03:00:00', 'Calle de las flores número 902 puerta C');
INSERT INTO horariosRecintos VALUES ('2022-09-01 18:00:00', 'Calle de las flores número 903 puerta C');
INSERT INTO horariosRecintos VALUES ('2021-09-01 18:00:00', 'Calle de las flores número 903 puerta C');
INSERT INTO horariosRecintos VALUES ('2020-09-01 03:00:00', 'Calle de las flores número 903 puerta C');
INSERT INTO horariosRecintos VALUES ('2022-09-01 18:00:00', 'Calle de las flores número 904 puerta C');
INSERT INTO horariosRecintos VALUES ('2021-09-01 18:00:00', 'Calle de las flores número 904 puerta C');
INSERT INTO horariosRecintos VALUES ('2020-09-01 03:00:00', 'Calle de las flores número 904 puerta C');
INSERT INTO horariosRecintos VALUES ('2022-09-01 18:00:00', 'Calle de las flores número 905 puerta C');
INSERT INTO horariosRecintos VALUES ('2021-09-01 18:00:00', 'Calle de las flores número 905 puerta C');
INSERT INTO horariosRecintos VALUES ('2020-09-01 03:00:00', 'Calle de las flores número 905 puerta C');
INSERT INTO horariosRecintos VALUES ('2022-09-01 18:00:00', 'Calle de las flores número 906 puerta C');
INSERT INTO horariosRecintos VALUES ('2021-09-01 18:00:00', 'Calle de las flores número 906 puerta C');
INSERT INTO horariosRecintos VALUES ('2020-09-01 03:00:00', 'Calle de las flores número 906 puerta C');
INSERT INTO horariosRecintos VALUES ('2022-09-01 18:00:00', 'Calle de las flores número 907 puerta C');
INSERT INTO horariosRecintos VALUES ('2021-09-01 18:00:00', 'Calle de las flores número 907 puerta C');
INSERT INTO horariosRecintos VALUES ('2020-09-01 03:00:00', 'Calle de las flores número 907 puerta C');
INSERT INTO horariosRecintos VALUES ('2022-09-01 18:00:00', 'Calle de las flores número 908 puerta C');
INSERT INTO horariosRecintos VALUES ('2021-09-01 18:00:00', 'Calle de las flores número 908 puerta C');
INSERT INTO horariosRecintos VALUES ('2020-09-01 03:00:00', 'Calle de las flores número 908 puerta C');
INSERT INTO horariosRecintos VALUES ('2022-09-01 18:00:00', 'Calle de las flores número 909 puerta C');
INSERT INTO horariosRecintos VALUES ('2021-09-01 18:00:00', 'Calle de las flores número 909 puerta C');
INSERT INTO horariosRecintos VALUES ('2020-09-01 03:00:00', 'Calle de las flores número 909 puerta C');
INSERT INTO horariosRecintos VALUES ('2022-09-01 18:00:00', 'Calle de las flores número 910 puerta C');
INSERT INTO horariosRecintos VALUES ('2021-09-01 18:00:00', 'Calle de las flores número 910 puerta C');
INSERT INTO horariosRecintos VALUES ('2020-09-01 03:00:00', 'Calle de las flores número 910 puerta C');
INSERT INTO horariosRecintos VALUES ('2022-09-01 18:00:00', 'Calle de las flores número 911 puerta C');
INSERT INTO horariosRecintos VALUES ('2021-09-01 18:00:00', 'Calle de las flores número 911 puerta C');
INSERT INTO horariosRecintos VALUES ('2020-09-01 03:00:00', 'Calle de las flores número 911 puerta C');
INSERT INTO horariosRecintos VALUES ('2022-09-01 18:00:00', 'Calle de las flores número 912 puerta C');
INSERT INTO horariosRecintos VALUES ('2021-09-01 18:00:00', 'Calle de las flores número 912 puerta C');
INSERT INTO horariosRecintos VALUES ('2020-09-01 03:00:00', 'Calle de las flores número 912 puerta C');
INSERT INTO horariosRecintos VALUES ('2022-09-01 18:00:00', 'Calle de las flores número 913 puerta C');
INSERT INTO horariosRecintos VALUES ('2021-09-01 18:00:00', 'Calle de las flores número 913 puerta C');
INSERT INTO horariosRecintos VALUES ('2020-09-01 03:00:00', 'Calle de las flores número 913 puerta C');
INSERT INTO horariosRecintos VALUES ('2022-09-01 18:00:00', 'Calle de las flores número 914 puerta C');
INSERT INTO horariosRecintos VALUES ('2021-09-01 18:00:00', 'Calle de las flores número 914 puerta C');
INSERT INTO horariosRecintos VALUES ('2020-09-01 03:00:00', 'Calle de las flores número 914 puerta C');
INSERT INTO horariosRecintos VALUES ('2022-09-01 18:00:00', 'Calle de las flores número 915 puerta C');
INSERT INTO horariosRecintos VALUES ('2021-09-01 18:00:00', 'Calle de las flores número 915 puerta C');
INSERT INTO horariosRecintos VALUES ('2020-09-01 03:00:00', 'Calle de las flores número 915 puerta C');
INSERT INTO horariosRecintos VALUES ('2022-09-01 18:00:00', 'Calle de las flores número 916 puerta C');
INSERT INTO horariosRecintos VALUES ('2021-09-01 18:00:00', 'Calle de las flores número 916 puerta C');
INSERT INTO horariosRecintos VALUES ('2020-09-01 03:00:00', 'Calle de las flores número 916 puerta C');
INSERT INTO horariosRecintos VALUES ('2022-09-01 18:00:00', 'Calle de las flores número 917 puerta C');
INSERT INTO horariosRecintos VALUES ('2021-09-01 18:00:00', 'Calle de las flores número 917 puerta C');
INSERT INTO horariosRecintos VALUES ('2020-09-01 03:00:00', 'Calle de las flores número 917 puerta C');
INSERT INTO horariosRecintos VALUES ('2022-09-01 18:00:00', 'Calle de las flores número 918 puerta C');
INSERT INTO horariosRecintos VALUES ('2021-09-01 18:00:00', 'Calle de las flores número 918 puerta C');
INSERT INTO horariosRecintos VALUES ('2020-09-01 03:00:00', 'Calle de las flores número 918 puerta C');
INSERT INTO horariosRecintos VALUES ('2022-09-01 18:00:00', 'Calle de las flores número 919 puerta C');
INSERT INTO horariosRecintos VALUES ('2021-09-01 18:00:00', 'Calle de las flores número 919 puerta C');
INSERT INTO horariosRecintos VALUES ('2020-09-01 03:00:00', 'Calle de las flores número 919 puerta C');
INSERT INTO horariosRecintos VALUES ('2022-09-01 18:00:00', 'Calle de las flores número 920 puerta C');
INSERT INTO horariosRecintos VALUES ('2021-09-01 18:00:00', 'Calle de las flores número 920 puerta C');
INSERT INTO horariosRecintos VALUES ('2020-09-01 03:00:00', 'Calle de las flores número 920 puerta C');
INSERT INTO horariosRecintos VALUES ('2022-09-01 18:00:00', 'Calle de las flores número 921 puerta C');
INSERT INTO horariosRecintos VALUES ('2021-09-01 18:00:00', 'Calle de las flores número 921 puerta C');
INSERT INTO horariosRecintos VALUES ('2020-09-01 03:00:00', 'Calle de las flores número 921 puerta C');
INSERT INTO horariosRecintos VALUES ('2022-09-01 18:00:00', 'Calle de las flores número 922 puerta C');
INSERT INTO horariosRecintos VALUES ('2021-09-01 18:00:00', 'Calle de las flores número 922 puerta C');
INSERT INTO horariosRecintos VALUES ('2020-09-01 03:00:00', 'Calle de las flores número 922 puerta C');
INSERT INTO horariosRecintos VALUES ('2022-09-01 18:00:00', 'Calle de las flores número 923 puerta C');
INSERT INTO horariosRecintos VALUES ('2021-09-01 18:00:00', 'Calle de las flores número 923 puerta C');
INSERT INTO horariosRecintos VALUES ('2020-09-01 03:00:00', 'Calle de las flores número 923 puerta C');
INSERT INTO horariosRecintos VALUES ('2022-09-01 18:00:00', 'Calle de las flores número 924 puerta C');
INSERT INTO horariosRecintos VALUES ('2021-09-01 18:00:00', 'Calle de las flores número 924 puerta C');
INSERT INTO horariosRecintos VALUES ('2020-09-01 03:00:00', 'Calle de las flores número 924 puerta C');
INSERT INTO horariosRecintos VALUES ('2022-09-01 18:00:00', 'Calle de las flores número 925 puerta C');
INSERT INTO horariosRecintos VALUES ('2021-09-01 18:00:00', 'Calle de las flores número 925 puerta C');
INSERT INTO horariosRecintos VALUES ('2020-09-01 03:00:00', 'Calle de las flores número 925 puerta C');
INSERT INTO horariosRecintos VALUES ('2022-09-01 18:00:00', 'Calle de las flores número 926 puerta C');
INSERT INTO horariosRecintos VALUES ('2021-09-01 18:00:00', 'Calle de las flores número 926 puerta C');
INSERT INTO horariosRecintos VALUES ('2020-09-01 03:00:00', 'Calle de las flores número 926 puerta C');
INSERT INTO horariosRecintos VALUES ('2022-09-01 18:00:00', 'Calle de las flores número 927 puerta C');
INSERT INTO horariosRecintos VALUES ('2021-09-01 18:00:00', 'Calle de las flores número 927 puerta C');
INSERT INTO horariosRecintos VALUES ('2020-09-01 03:00:00', 'Calle de las flores número 927 puerta C');
INSERT INTO horariosRecintos VALUES ('2022-09-01 18:00:00', 'Calle de las flores número 928 puerta C');
INSERT INTO horariosRecintos VALUES ('2021-09-01 18:00:00', 'Calle de las flores número 928 puerta C');
INSERT INTO horariosRecintos VALUES ('2020-09-01 03:00:00', 'Calle de las flores número 928 puerta C');
INSERT INTO horariosRecintos VALUES ('2022-09-01 18:00:00', 'Calle de las flores número 929 puerta C');
INSERT INTO horariosRecintos VALUES ('2021-09-01 18:00:00', 'Calle de las flores número 929 puerta C');
INSERT INTO horariosRecintos VALUES ('2020-09-01 03:00:00', 'Calle de las flores número 929 puerta C');
INSERT INTO horariosRecintos VALUES ('2022-09-01 18:00:00', 'Calle de las flores número 930 puerta C');
INSERT INTO horariosRecintos VALUES ('2021-09-01 18:00:00', 'Calle de las flores número 930 puerta C');
INSERT INTO horariosRecintos VALUES ('2020-09-01 03:00:00', 'Calle de las flores número 930 puerta C');
INSERT INTO horariosRecintos VALUES ('2022-09-01 18:00:00', 'Calle de las flores número 931 puerta C');
INSERT INTO horariosRecintos VALUES ('2021-09-01 18:00:00', 'Calle de las flores número 931 puerta C');
INSERT INTO horariosRecintos VALUES ('2020-09-01 03:00:00', 'Calle de las flores número 931 puerta C');
INSERT INTO horariosRecintos VALUES ('2022-09-01 18:00:00', 'Calle de las flores número 932 puerta C');
INSERT INTO horariosRecintos VALUES ('2021-09-01 18:00:00', 'Calle de las flores número 932 puerta C');
INSERT INTO horariosRecintos VALUES ('2020-09-01 03:00:00', 'Calle de las flores número 932 puerta C');
INSERT INTO horariosRecintos VALUES ('2022-09-01 18:00:00', 'Calle de las flores número 933 puerta C');
INSERT INTO horariosRecintos VALUES ('2021-09-01 18:00:00', 'Calle de las flores número 933 puerta C');
INSERT INTO horariosRecintos VALUES ('2020-09-01 03:00:00', 'Calle de las flores número 933 puerta C');
INSERT INTO horariosRecintos VALUES ('2022-09-01 18:00:00', 'Calle de las flores número 934 puerta C');
INSERT INTO horariosRecintos VALUES ('2021-09-01 18:00:00', 'Calle de las flores número 934 puerta C');
INSERT INTO horariosRecintos VALUES ('2020-09-01 03:00:00', 'Calle de las flores número 934 puerta C');
INSERT INTO horariosRecintos VALUES ('2022-09-01 18:00:00', 'Calle de las flores número 935 puerta C');
INSERT INTO horariosRecintos VALUES ('2021-09-01 18:00:00', 'Calle de las flores número 935 puerta C');
INSERT INTO horariosRecintos VALUES ('2020-09-01 03:00:00', 'Calle de las flores número 935 puerta C');
INSERT INTO horariosRecintos VALUES ('2022-09-01 18:00:00', 'Calle de las flores número 936 puerta C');
INSERT INTO horariosRecintos VALUES ('2021-09-01 18:00:00', 'Calle de las flores número 936 puerta C');
INSERT INTO horariosRecintos VALUES ('2020-09-01 03:00:00', 'Calle de las flores número 936 puerta C');
INSERT INTO horariosRecintos VALUES ('2022-09-01 18:00:00', 'Calle de las flores número 937 puerta C');
INSERT INTO horariosRecintos VALUES ('2021-09-01 18:00:00', 'Calle de las flores número 937 puerta C');
INSERT INTO horariosRecintos VALUES ('2020-09-01 03:00:00', 'Calle de las flores número 937 puerta C');
INSERT INTO horariosRecintos VALUES ('2022-09-01 18:00:00', 'Calle de las flores número 938 puerta C');
INSERT INTO horariosRecintos VALUES ('2021-09-01 18:00:00', 'Calle de las flores número 938 puerta C');
INSERT INTO horariosRecintos VALUES ('2020-09-01 03:00:00', 'Calle de las flores número 938 puerta C');
INSERT INTO horariosRecintos VALUES ('2022-09-01 18:00:00', 'Calle de las flores número 939 puerta C');
INSERT INTO horariosRecintos VALUES ('2021-09-01 18:00:00', 'Calle de las flores número 939 puerta C');
INSERT INTO horariosRecintos VALUES ('2020-09-01 03:00:00', 'Calle de las flores número 939 puerta C');
INSERT INTO horariosRecintos VALUES ('2022-09-01 18:00:00', 'Calle de las flores número 940 puerta C');
INSERT INTO horariosRecintos VALUES ('2021-09-01 18:00:00', 'Calle de las flores número 940 puerta C');
INSERT INTO horariosRecintos VALUES ('2020-09-01 03:00:00', 'Calle de las flores número 940 puerta C');
INSERT INTO horariosRecintos VALUES ('2022-09-01 18:00:00', 'Calle de las flores número 941 puerta C');
INSERT INTO horariosRecintos VALUES ('2021-09-01 18:00:00', 'Calle de las flores número 941 puerta C');
INSERT INTO horariosRecintos VALUES ('2020-09-01 03:00:00', 'Calle de las flores número 941 puerta C');
INSERT INTO horariosRecintos VALUES ('2022-09-01 18:00:00', 'Calle de las flores número 942 puerta C');
INSERT INTO horariosRecintos VALUES ('2021-09-01 18:00:00', 'Calle de las flores número 942 puerta C');
INSERT INTO horariosRecintos VALUES ('2020-09-01 03:00:00', 'Calle de las flores número 942 puerta C');
INSERT INTO horariosRecintos VALUES ('2022-09-01 18:00:00', 'Calle de las flores número 943 puerta C');
INSERT INTO horariosRecintos VALUES ('2021-09-01 18:00:00', 'Calle de las flores número 943 puerta C');
INSERT INTO horariosRecintos VALUES ('2020-09-01 03:00:00', 'Calle de las flores número 943 puerta C');
INSERT INTO horariosRecintos VALUES ('2022-09-01 18:00:00', 'Calle de las flores número 944 puerta C');
INSERT INTO horariosRecintos VALUES ('2021-09-01 18:00:00', 'Calle de las flores número 944 puerta C');
INSERT INTO horariosRecintos VALUES ('2020-09-01 03:00:00', 'Calle de las flores número 944 puerta C');
INSERT INTO horariosRecintos VALUES ('2022-09-01 18:00:00', 'Calle de las flores número 945 puerta C');
INSERT INTO horariosRecintos VALUES ('2021-09-01 18:00:00', 'Calle de las flores número 945 puerta C');
INSERT INTO horariosRecintos VALUES ('2020-09-01 03:00:00', 'Calle de las flores número 945 puerta C');
INSERT INTO horariosRecintos VALUES ('2022-09-01 18:00:00', 'Calle de las flores número 946 puerta C');
INSERT INTO horariosRecintos VALUES ('2021-09-01 18:00:00', 'Calle de las flores número 946 puerta C');
INSERT INTO horariosRecintos VALUES ('2020-09-01 03:00:00', 'Calle de las flores número 946 puerta C');
INSERT INTO horariosRecintos VALUES ('2022-09-01 18:00:00', 'Calle de las flores número 947 puerta C');
INSERT INTO horariosRecintos VALUES ('2021-09-01 18:00:00', 'Calle de las flores número 947 puerta C');
INSERT INTO horariosRecintos VALUES ('2020-09-01 03:00:00', 'Calle de las flores número 947 puerta C');
INSERT INTO horariosRecintos VALUES ('2022-09-01 18:00:00', 'Calle de las flores número 948 puerta C');
INSERT INTO horariosRecintos VALUES ('2021-09-01 18:00:00', 'Calle de las flores número 948 puerta C');
INSERT INTO horariosRecintos VALUES ('2020-09-01 03:00:00', 'Calle de las flores número 948 puerta C');
INSERT INTO horariosRecintos VALUES ('2022-09-01 18:00:00', 'Calle de las flores número 949 puerta C');
INSERT INTO horariosRecintos VALUES ('2021-09-01 18:00:00', 'Calle de las flores número 949 puerta C');
INSERT INTO horariosRecintos VALUES ('2020-09-01 03:00:00', 'Calle de las flores número 949 puerta C');
INSERT INTO horariosRecintos VALUES ('2022-09-01 18:00:00', 'Calle de las flores número 950 puerta C');
INSERT INTO horariosRecintos VALUES ('2021-09-01 18:00:00', 'Calle de las flores número 950 puerta C');
INSERT INTO horariosRecintos VALUES ('2020-09-01 03:00:00', 'Calle de las flores número 950 puerta C');
INSERT INTO horariosRecintos VALUES ('2022-09-01 18:00:00', 'Calle de las flores número 951 puerta C');
INSERT INTO horariosRecintos VALUES ('2021-09-01 18:00:00', 'Calle de las flores número 951 puerta C');
INSERT INTO horariosRecintos VALUES ('2020-09-01 03:00:00', 'Calle de las flores número 951 puerta C');
INSERT INTO horariosRecintos VALUES ('2022-09-01 18:00:00', 'Calle de las flores número 952 puerta C');
INSERT INTO horariosRecintos VALUES ('2021-09-01 18:00:00', 'Calle de las flores número 952 puerta C');
INSERT INTO horariosRecintos VALUES ('2020-09-01 03:00:00', 'Calle de las flores número 952 puerta C');
INSERT INTO horariosRecintos VALUES ('2022-09-01 18:00:00', 'Calle de las flores número 953 puerta C');
INSERT INTO horariosRecintos VALUES ('2021-09-01 18:00:00', 'Calle de las flores número 953 puerta C');
INSERT INTO horariosRecintos VALUES ('2020-09-01 03:00:00', 'Calle de las flores número 953 puerta C');
INSERT INTO horariosRecintos VALUES ('2022-09-01 18:00:00', 'Calle de las flores número 954 puerta C');
INSERT INTO horariosRecintos VALUES ('2021-09-01 18:00:00', 'Calle de las flores número 954 puerta C');
INSERT INTO horariosRecintos VALUES ('2020-09-01 03:00:00', 'Calle de las flores número 954 puerta C');
INSERT INTO horariosRecintos VALUES ('2022-09-01 18:00:00', 'Calle de las flores número 955 puerta C');
INSERT INTO horariosRecintos VALUES ('2021-09-01 18:00:00', 'Calle de las flores número 955 puerta C');
INSERT INTO horariosRecintos VALUES ('2020-09-01 03:00:00', 'Calle de las flores número 955 puerta C');
INSERT INTO horariosRecintos VALUES ('2022-09-01 18:00:00', 'Calle de las flores número 956 puerta C');
INSERT INTO horariosRecintos VALUES ('2021-09-01 18:00:00', 'Calle de las flores número 956 puerta C');
INSERT INTO horariosRecintos VALUES ('2020-09-01 03:00:00', 'Calle de las flores número 956 puerta C');
INSERT INTO horariosRecintos VALUES ('2022-09-01 18:00:00', 'Calle de las flores número 957 puerta C');
INSERT INTO horariosRecintos VALUES ('2021-09-01 18:00:00', 'Calle de las flores número 957 puerta C');
INSERT INTO horariosRecintos VALUES ('2020-09-01 03:00:00', 'Calle de las flores número 957 puerta C');
INSERT INTO horariosRecintos VALUES ('2022-09-01 18:00:00', 'Calle de las flores número 958 puerta C');
INSERT INTO horariosRecintos VALUES ('2021-09-01 18:00:00', 'Calle de las flores número 958 puerta C');
INSERT INTO horariosRecintos VALUES ('2020-09-01 03:00:00', 'Calle de las flores número 958 puerta C');
INSERT INTO horariosRecintos VALUES ('2022-09-01 18:00:00', 'Calle de las flores número 959 puerta C');
INSERT INTO horariosRecintos VALUES ('2021-09-01 18:00:00', 'Calle de las flores número 959 puerta C');
INSERT INTO horariosRecintos VALUES ('2020-09-01 03:00:00', 'Calle de las flores número 959 puerta C');
INSERT INTO horariosRecintos VALUES ('2022-09-01 18:00:00', 'Calle de las flores número 960 puerta C');
INSERT INTO horariosRecintos VALUES ('2021-09-01 18:00:00', 'Calle de las flores número 960 puerta C');
INSERT INTO horariosRecintos VALUES ('2020-09-01 03:00:00', 'Calle de las flores número 960 puerta C');
INSERT INTO horariosRecintos VALUES ('2022-09-01 18:00:00', 'Calle de las flores número 961 puerta C');
INSERT INTO horariosRecintos VALUES ('2021-09-01 18:00:00', 'Calle de las flores número 961 puerta C');
INSERT INTO horariosRecintos VALUES ('2020-09-01 03:00:00', 'Calle de las flores número 961 puerta C');
INSERT INTO horariosRecintos VALUES ('2022-09-01 18:00:00', 'Calle de las flores número 962 puerta C');
INSERT INTO horariosRecintos VALUES ('2021-09-01 18:00:00', 'Calle de las flores número 962 puerta C');
INSERT INTO horariosRecintos VALUES ('2020-09-01 03:00:00', 'Calle de las flores número 962 puerta C');
INSERT INTO horariosRecintos VALUES ('2022-09-01 18:00:00', 'Calle de las flores número 963 puerta C');
INSERT INTO horariosRecintos VALUES ('2021-09-01 18:00:00', 'Calle de las flores número 963 puerta C');
INSERT INTO horariosRecintos VALUES ('2020-09-01 03:00:00', 'Calle de las flores número 963 puerta C');
INSERT INTO horariosRecintos VALUES ('2022-09-01 18:00:00', 'Calle de las flores número 964 puerta C');
INSERT INTO horariosRecintos VALUES ('2021-09-01 18:00:00', 'Calle de las flores número 964 puerta C');
INSERT INTO horariosRecintos VALUES ('2020-09-01 03:00:00', 'Calle de las flores número 964 puerta C');
INSERT INTO horariosRecintos VALUES ('2022-09-01 18:00:00', 'Calle de las flores número 965 puerta C');
INSERT INTO horariosRecintos VALUES ('2021-09-01 18:00:00', 'Calle de las flores número 965 puerta C');
INSERT INTO horariosRecintos VALUES ('2020-09-01 03:00:00', 'Calle de las flores número 965 puerta C');
INSERT INTO horariosRecintos VALUES ('2022-09-01 18:00:00', 'Calle de las flores número 966 puerta C');
INSERT INTO horariosRecintos VALUES ('2021-09-01 18:00:00', 'Calle de las flores número 966 puerta C');
INSERT INTO horariosRecintos VALUES ('2020-09-01 03:00:00', 'Calle de las flores número 966 puerta C');
INSERT INTO horariosRecintos VALUES ('2022-09-01 18:00:00', 'Calle de las flores número 967 puerta C');
INSERT INTO horariosRecintos VALUES ('2021-09-01 18:00:00', 'Calle de las flores número 967 puerta C');
INSERT INTO horariosRecintos VALUES ('2020-09-01 03:00:00', 'Calle de las flores número 967 puerta C');
INSERT INTO horariosRecintos VALUES ('2022-09-01 18:00:00', 'Calle de las flores número 968 puerta C');
INSERT INTO horariosRecintos VALUES ('2021-09-01 18:00:00', 'Calle de las flores número 968 puerta C');
INSERT INTO horariosRecintos VALUES ('2020-09-01 03:00:00', 'Calle de las flores número 968 puerta C');
INSERT INTO horariosRecintos VALUES ('2022-09-01 18:00:00', 'Calle de las flores número 969 puerta C');
INSERT INTO horariosRecintos VALUES ('2021-09-01 18:00:00', 'Calle de las flores número 969 puerta C');
INSERT INTO horariosRecintos VALUES ('2020-09-01 03:00:00', 'Calle de las flores número 969 puerta C');
INSERT INTO horariosRecintos VALUES ('2022-09-01 18:00:00', 'Calle de las flores número 970 puerta C');
INSERT INTO horariosRecintos VALUES ('2021-09-01 18:00:00', 'Calle de las flores número 970 puerta C');
INSERT INTO horariosRecintos VALUES ('2020-09-01 03:00:00', 'Calle de las flores número 970 puerta C');
INSERT INTO horariosRecintos VALUES ('2022-09-01 18:00:00', 'Calle de las flores número 971 puerta C');
INSERT INTO horariosRecintos VALUES ('2021-09-01 18:00:00', 'Calle de las flores número 971 puerta C');
INSERT INTO horariosRecintos VALUES ('2020-09-01 03:00:00', 'Calle de las flores número 971 puerta C');
INSERT INTO horariosRecintos VALUES ('2022-09-01 18:00:00', 'Calle de las flores número 972 puerta C');
INSERT INTO horariosRecintos VALUES ('2021-09-01 18:00:00', 'Calle de las flores número 972 puerta C');
INSERT INTO horariosRecintos VALUES ('2020-09-01 03:00:00', 'Calle de las flores número 972 puerta C');
INSERT INTO horariosRecintos VALUES ('2022-09-01 18:00:00', 'Calle de las flores número 973 puerta C');
INSERT INTO horariosRecintos VALUES ('2021-09-01 18:00:00', 'Calle de las flores número 973 puerta C');
INSERT INTO horariosRecintos VALUES ('2020-09-01 03:00:00', 'Calle de las flores número 973 puerta C');
INSERT INTO horariosRecintos VALUES ('2022-09-01 18:00:00', 'Calle de las flores número 974 puerta C');
INSERT INTO horariosRecintos VALUES ('2021-09-01 18:00:00', 'Calle de las flores número 974 puerta C');
INSERT INTO horariosRecintos VALUES ('2020-09-01 03:00:00', 'Calle de las flores número 974 puerta C');
INSERT INTO horariosRecintos VALUES ('2022-09-01 18:00:00', 'Calle de las flores número 975 puerta C');
INSERT INTO horariosRecintos VALUES ('2021-09-01 18:00:00', 'Calle de las flores número 975 puerta C');
INSERT INTO horariosRecintos VALUES ('2020-09-01 03:00:00', 'Calle de las flores número 975 puerta C');
INSERT INTO horariosRecintos VALUES ('2022-09-01 18:00:00', 'Calle de las flores número 976 puerta C');
INSERT INTO horariosRecintos VALUES ('2021-09-01 18:00:00', 'Calle de las flores número 976 puerta C');
INSERT INTO horariosRecintos VALUES ('2020-09-01 03:00:00', 'Calle de las flores número 976 puerta C');
INSERT INTO horariosRecintos VALUES ('2022-09-01 18:00:00', 'Calle de las flores número 977 puerta C');
INSERT INTO horariosRecintos VALUES ('2021-09-01 18:00:00', 'Calle de las flores número 977 puerta C');
INSERT INTO horariosRecintos VALUES ('2020-09-01 03:00:00', 'Calle de las flores número 977 puerta C');
INSERT INTO horariosRecintos VALUES ('2022-09-01 18:00:00', 'Calle de las flores número 978 puerta C');
INSERT INTO horariosRecintos VALUES ('2021-09-01 18:00:00', 'Calle de las flores número 978 puerta C');
INSERT INTO horariosRecintos VALUES ('2020-09-01 03:00:00', 'Calle de las flores número 978 puerta C');
INSERT INTO horariosRecintos VALUES ('2022-09-01 18:00:00', 'Calle de las flores número 979 puerta C');
INSERT INTO horariosRecintos VALUES ('2021-09-01 18:00:00', 'Calle de las flores número 979 puerta C');
INSERT INTO horariosRecintos VALUES ('2020-09-01 03:00:00', 'Calle de las flores número 979 puerta C');
INSERT INTO horariosRecintos VALUES ('2022-09-01 18:00:00', 'Calle de las flores número 980 puerta C');
INSERT INTO horariosRecintos VALUES ('2021-09-01 18:00:00', 'Calle de las flores número 980 puerta C');
INSERT INTO horariosRecintos VALUES ('2020-09-01 03:00:00', 'Calle de las flores número 980 puerta C');
INSERT INTO horariosRecintos VALUES ('2022-09-01 18:00:00', 'Calle de las flores número 981 puerta C');
INSERT INTO horariosRecintos VALUES ('2021-09-01 18:00:00', 'Calle de las flores número 981 puerta C');
INSERT INTO horariosRecintos VALUES ('2020-09-01 03:00:00', 'Calle de las flores número 981 puerta C');
INSERT INTO horariosRecintos VALUES ('2022-09-01 18:00:00', 'Calle de las flores número 982 puerta C');
INSERT INTO horariosRecintos VALUES ('2021-09-01 18:00:00', 'Calle de las flores número 982 puerta C');
INSERT INTO horariosRecintos VALUES ('2020-09-01 03:00:00', 'Calle de las flores número 982 puerta C');
INSERT INTO horariosRecintos VALUES ('2022-09-01 18:00:00', 'Calle de las flores número 983 puerta C');
INSERT INTO horariosRecintos VALUES ('2021-09-01 18:00:00', 'Calle de las flores número 983 puerta C');
INSERT INTO horariosRecintos VALUES ('2020-09-01 03:00:00', 'Calle de las flores número 983 puerta C');
INSERT INTO horariosRecintos VALUES ('2022-09-01 18:00:00', 'Calle de las flores número 984 puerta C');
INSERT INTO horariosRecintos VALUES ('2021-09-01 18:00:00', 'Calle de las flores número 984 puerta C');
INSERT INTO horariosRecintos VALUES ('2020-09-01 03:00:00', 'Calle de las flores número 984 puerta C');
INSERT INTO horariosRecintos VALUES ('2022-09-01 18:00:00', 'Calle de las flores número 985 puerta C');
INSERT INTO horariosRecintos VALUES ('2021-09-01 18:00:00', 'Calle de las flores número 985 puerta C');
INSERT INTO horariosRecintos VALUES ('2020-09-01 03:00:00', 'Calle de las flores número 985 puerta C');
INSERT INTO horariosRecintos VALUES ('2022-09-01 18:00:00', 'Calle de las flores número 986 puerta C');
INSERT INTO horariosRecintos VALUES ('2021-09-01 18:00:00', 'Calle de las flores número 986 puerta C');
INSERT INTO horariosRecintos VALUES ('2020-09-01 03:00:00', 'Calle de las flores número 986 puerta C');
INSERT INTO horariosRecintos VALUES ('2022-09-01 18:00:00', 'Calle de las flores número 987 puerta C');
INSERT INTO horariosRecintos VALUES ('2021-09-01 18:00:00', 'Calle de las flores número 987 puerta C');
INSERT INTO horariosRecintos VALUES ('2020-09-01 03:00:00', 'Calle de las flores número 987 puerta C');
INSERT INTO horariosRecintos VALUES ('2022-09-01 18:00:00', 'Calle de las flores número 988 puerta C');
INSERT INTO horariosRecintos VALUES ('2021-09-01 18:00:00', 'Calle de las flores número 988 puerta C');
INSERT INTO horariosRecintos VALUES ('2020-09-01 03:00:00', 'Calle de las flores número 988 puerta C');
INSERT INTO horariosRecintos VALUES ('2022-09-01 18:00:00', 'Calle de las flores número 989 puerta C');
INSERT INTO horariosRecintos VALUES ('2021-09-01 18:00:00', 'Calle de las flores número 989 puerta C');
INSERT INTO horariosRecintos VALUES ('2020-09-01 03:00:00', 'Calle de las flores número 989 puerta C');
INSERT INTO horariosRecintos VALUES ('2022-09-01 18:00:00', 'Calle de las flores número 990 puerta C');
INSERT INTO horariosRecintos VALUES ('2021-09-01 18:00:00', 'Calle de las flores número 990 puerta C');
INSERT INTO horariosRecintos VALUES ('2020-09-01 03:00:00', 'Calle de las flores número 990 puerta C');
INSERT INTO horariosRecintos VALUES ('2022-09-01 18:00:00', 'Calle de las flores número 991 puerta C');
INSERT INTO horariosRecintos VALUES ('2021-09-01 18:00:00', 'Calle de las flores número 991 puerta C');
INSERT INTO horariosRecintos VALUES ('2020-09-01 03:00:00', 'Calle de las flores número 991 puerta C');
INSERT INTO horariosRecintos VALUES ('2022-09-01 18:00:00', 'Calle de las flores número 992 puerta C');
INSERT INTO horariosRecintos VALUES ('2021-09-01 18:00:00', 'Calle de las flores número 992 puerta C');
INSERT INTO horariosRecintos VALUES ('2020-09-01 03:00:00', 'Calle de las flores número 992 puerta C');
INSERT INTO horariosRecintos VALUES ('2022-09-01 18:00:00', 'Calle de las flores número 993 puerta C');
INSERT INTO horariosRecintos VALUES ('2021-09-01 18:00:00', 'Calle de las flores número 993 puerta C');
INSERT INTO horariosRecintos VALUES ('2020-09-01 03:00:00', 'Calle de las flores número 993 puerta C');
INSERT INTO horariosRecintos VALUES ('2022-09-01 18:00:00', 'Calle de las flores número 994 puerta C');
INSERT INTO horariosRecintos VALUES ('2021-09-01 18:00:00', 'Calle de las flores número 994 puerta C');
INSERT INTO horariosRecintos VALUES ('2020-09-01 03:00:00', 'Calle de las flores número 994 puerta C');
INSERT INTO horariosRecintos VALUES ('2022-09-01 18:00:00', 'Calle de las flores número 995 puerta C');
INSERT INTO horariosRecintos VALUES ('2021-09-01 18:00:00', 'Calle de las flores número 995 puerta C');
INSERT INTO horariosRecintos VALUES ('2020-09-01 03:00:00', 'Calle de las flores número 995 puerta C');
INSERT INTO horariosRecintos VALUES ('2022-09-01 18:00:00', 'Calle de las flores número 996 puerta C');
INSERT INTO horariosRecintos VALUES ('2021-09-01 18:00:00', 'Calle de las flores número 996 puerta C');
INSERT INTO horariosRecintos VALUES ('2020-09-01 03:00:00', 'Calle de las flores número 996 puerta C');
INSERT INTO horariosRecintos VALUES ('2022-09-01 18:00:00', 'Calle de las flores número 997 puerta C');
INSERT INTO horariosRecintos VALUES ('2021-09-01 18:00:00', 'Calle de las flores número 997 puerta C');
INSERT INTO horariosRecintos VALUES ('2020-09-01 03:00:00', 'Calle de las flores número 997 puerta C');
INSERT INTO horariosRecintos VALUES ('2022-09-01 18:00:00', 'Calle de las flores número 998 puerta C');
INSERT INTO horariosRecintos VALUES ('2021-09-01 18:00:00', 'Calle de las flores número 998 puerta C');
INSERT INTO horariosRecintos VALUES ('2020-09-01 03:00:00', 'Calle de las flores número 998 puerta C');
INSERT INTO horariosRecintos VALUES ('2022-09-01 18:00:00', 'Calle de las flores número 999 puerta C');
INSERT INTO horariosRecintos VALUES ('2021-09-01 18:00:00', 'Calle de las flores número 999 puerta C');
INSERT INTO horariosRecintos VALUES ('2020-09-01 03:00:00', 'Calle de las flores número 999 puerta C');
=======
INSERT INTO horariosRecintos VALUES ('2022-09-01 18:00:00', 'Calle de las flores número 0 puerta C');
INSERT INTO horariosRecintos VALUES ('2021-09-01 18:00:00', 'Calle de las flores número 0 puerta C');
INSERT INTO horariosRecintos VALUES ('2022-09-01 18:00:00', 'Calle de las flores número 1 puerta C');
INSERT INTO horariosRecintos VALUES ('2021-09-01 18:00:00', 'Calle de las flores número 1 puerta C');
INSERT INTO horariosRecintos VALUES ('2022-09-01 18:00:00', 'Calle de las flores número 2 puerta C');
INSERT INTO horariosRecintos VALUES ('2021-09-01 18:00:00', 'Calle de las flores número 2 puerta C');
INSERT INTO horariosRecintos VALUES ('2022-09-01 18:00:00', 'Calle de las flores número 3 puerta C');
INSERT INTO horariosRecintos VALUES ('2021-09-01 18:00:00', 'Calle de las flores número 3 puerta C');
INSERT INTO horariosRecintos VALUES ('2022-09-01 18:00:00', 'Calle de las flores número 4 puerta C');
INSERT INTO horariosRecintos VALUES ('2021-09-01 18:00:00', 'Calle de las flores número 4 puerta C');
INSERT INTO horariosRecintos VALUES ('2022-09-01 18:00:00', 'Calle de las flores número 5 puerta C');
INSERT INTO horariosRecintos VALUES ('2021-09-01 18:00:00', 'Calle de las flores número 5 puerta C');
INSERT INTO horariosRecintos VALUES ('2022-09-01 18:00:00', 'Calle de las flores número 6 puerta C');
INSERT INTO horariosRecintos VALUES ('2021-09-01 18:00:00', 'Calle de las flores número 6 puerta C');
INSERT INTO horariosRecintos VALUES ('2022-09-01 18:00:00', 'Calle de las flores número 7 puerta C');
INSERT INTO horariosRecintos VALUES ('2021-09-01 18:00:00', 'Calle de las flores número 7 puerta C');
INSERT INTO horariosRecintos VALUES ('2022-09-01 18:00:00', 'Calle de las flores número 8 puerta C');
INSERT INTO horariosRecintos VALUES ('2021-09-01 18:00:00', 'Calle de las flores número 8 puerta C');
INSERT INTO horariosRecintos VALUES ('2022-09-01 18:00:00', 'Calle de las flores número 9 puerta C');
INSERT INTO horariosRecintos VALUES ('2021-09-01 18:00:00', 'Calle de las flores número 9 puerta C');
INSERT INTO horariosRecintos VALUES ('2022-09-01 18:00:00', 'Calle de las flores número 10 puerta C');
INSERT INTO horariosRecintos VALUES ('2021-09-01 18:00:00', 'Calle de las flores número 10 puerta C');
INSERT INTO horariosRecintos VALUES ('2022-09-01 18:00:00', 'Calle de las flores número 11 puerta C');
INSERT INTO horariosRecintos VALUES ('2021-09-01 18:00:00', 'Calle de las flores número 11 puerta C');
INSERT INTO horariosRecintos VALUES ('2022-09-01 18:00:00', 'Calle de las flores número 12 puerta C');
INSERT INTO horariosRecintos VALUES ('2021-09-01 18:00:00', 'Calle de las flores número 12 puerta C');
INSERT INTO horariosRecintos VALUES ('2022-09-01 18:00:00', 'Calle de las flores número 13 puerta C');
INSERT INTO horariosRecintos VALUES ('2021-09-01 18:00:00', 'Calle de las flores número 13 puerta C');
INSERT INTO horariosRecintos VALUES ('2022-09-01 18:00:00', 'Calle de las flores número 14 puerta C');
INSERT INTO horariosRecintos VALUES ('2021-09-01 18:00:00', 'Calle de las flores número 14 puerta C');
INSERT INTO horariosRecintos VALUES ('2022-09-01 18:00:00', 'Calle de las flores número 15 puerta C');
INSERT INTO horariosRecintos VALUES ('2021-09-01 18:00:00', 'Calle de las flores número 15 puerta C');
INSERT INTO horariosRecintos VALUES ('2022-09-01 18:00:00', 'Calle de las flores número 16 puerta C');
INSERT INTO horariosRecintos VALUES ('2021-09-01 18:00:00', 'Calle de las flores número 16 puerta C');
INSERT INTO horariosRecintos VALUES ('2022-09-01 18:00:00', 'Calle de las flores número 17 puerta C');
INSERT INTO horariosRecintos VALUES ('2021-09-01 18:00:00', 'Calle de las flores número 17 puerta C');
INSERT INTO horariosRecintos VALUES ('2022-09-01 18:00:00', 'Calle de las flores número 18 puerta C');
INSERT INTO horariosRecintos VALUES ('2021-09-01 18:00:00', 'Calle de las flores número 18 puerta C');
INSERT INTO horariosRecintos VALUES ('2022-09-01 18:00:00', 'Calle de las flores número 19 puerta C');
INSERT INTO horariosRecintos VALUES ('2021-09-01 18:00:00', 'Calle de las flores número 19 puerta C');
>>>>>>> 25fb681e9ccf96865971498074582fd408caf094
INSERT INTO espectaculos VALUES ('Rey Leon', 'pelicula', '1994-01-01', 'Disney', 'dibujos animados', 3, '00:01:00', '00:02:00', '00:04:00');
INSERT INTO recintos VALUES ('Cines Gran Via Vigo sala 1', 'Cine Gran Via');
INSERT INTO recintos VALUES ('Cines Gran Via Vigo sala 2', 'Cine Gran Via');
INSERT INTO recintos VALUES ('Auditorio Mar de Vigo', 'Auditorio Mar de Vigo');
INSERT INTO horarios VALUES ('2022-07-01 19:00:00');
INSERT INTO horarios VALUES ('2022-07-10 20:30:00');
INSERT INTO horariosRecintos VALUES ('2022-07-01 19:00:00', 'Cines Gran Via Vigo sala 1');
INSERT INTO horariosRecintos VALUES ('2022-07-01 19:00:00', 'Cines Gran Via Vigo sala 2');
INSERT INTO horariosRecintos VALUES ('2022-07-10 20:30:00', 'Auditorio Mar de Vigo');
INSERT INTO eventos VALUES ('Rey Leon', 'pelicula', '1994-01-01', 'Disney', '2022-07-01 19:00:00', 'Cines Gran Via Vigo sala 1','Abierto');
INSERT INTO gradas VALUES ('grada 1', 'Rey Leon', 'pelicula', '1994-01-01', 'Disney', '2022-07-01 19:00:00', 'Cines Gran Via Vigo sala 1');
INSERT INTO localidades VALUES (0,'grada 1', 'Rey Leon', 'pelicula', '1994-01-01', 'Disney', '2022-07-01 19:00:00', 'Cines Gran Via Vigo sala 1', 'Libre');
INSERT INTO localidades VALUES (1,'grada 1', 'Rey Leon', 'pelicula', '1994-01-01', 'Disney', '2022-07-01 19:00:00', 'Cines Gran Via Vigo sala 1', 'Libre');
INSERT INTO localidades VALUES (2,'grada 1', 'Rey Leon', 'pelicula', '1994-01-01', 'Disney', '2022-07-01 19:00:00', 'Cines Gran Via Vigo sala 1', 'Libre');
INSERT INTO localidades VALUES (3,'grada 1', 'Rey Leon', 'pelicula', '1994-01-01', 'Disney', '2022-07-01 19:00:00', 'Cines Gran Via Vigo sala 1', 'Libre');
INSERT INTO localidades VALUES (4,'grada 1', 'Rey Leon', 'pelicula', '1994-01-01', 'Disney', '2022-07-01 19:00:00', 'Cines Gran Via Vigo sala 1', 'Libre');
INSERT INTO localidades VALUES (5,'grada 1', 'Rey Leon', 'pelicula', '1994-01-01', 'Disney', '2022-07-01 19:00:00', 'Cines Gran Via Vigo sala 1', 'Libre');
INSERT INTO localidades VALUES (6,'grada 1', 'Rey Leon', 'pelicula', '1994-01-01', 'Disney', '2022-07-01 19:00:00', 'Cines Gran Via Vigo sala 1', 'Libre');
INSERT INTO localidades VALUES (7,'grada 1', 'Rey Leon', 'pelicula', '1994-01-01', 'Disney', '2022-07-01 19:00:00', 'Cines Gran Via Vigo sala 1', 'Libre');
INSERT INTO localidades VALUES (8,'grada 1', 'Rey Leon', 'pelicula', '1994-01-01', 'Disney', '2022-07-01 19:00:00', 'Cines Gran Via Vigo sala 1', 'Libre');
INSERT INTO localidades VALUES (9,'grada 1', 'Rey Leon', 'pelicula', '1994-01-01', 'Disney', '2022-07-01 19:00:00', 'Cines Gran Via Vigo sala 1', 'Libre');
INSERT INTO localidades VALUES (10,'grada 1', 'Rey Leon', 'pelicula', '1994-01-01', 'Disney', '2022-07-01 19:00:00', 'Cines Gran Via Vigo sala 1', 'Libre');
INSERT INTO localidades VALUES (11,'grada 1', 'Rey Leon', 'pelicula', '1994-01-01', 'Disney', '2022-07-01 19:00:00', 'Cines Gran Via Vigo sala 1', 'Libre');
INSERT INTO localidades VALUES (12,'grada 1', 'Rey Leon', 'pelicula', '1994-01-01', 'Disney', '2022-07-01 19:00:00', 'Cines Gran Via Vigo sala 1', 'Libre');
INSERT INTO localidades VALUES (13,'grada 1', 'Rey Leon', 'pelicula', '1994-01-01', 'Disney', '2022-07-01 19:00:00', 'Cines Gran Via Vigo sala 1', 'Libre');
INSERT INTO localidades VALUES (14,'grada 1', 'Rey Leon', 'pelicula', '1994-01-01', 'Disney', '2022-07-01 19:00:00', 'Cines Gran Via Vigo sala 1', 'Libre');
INSERT INTO localidades VALUES (15,'grada 1', 'Rey Leon', 'pelicula', '1994-01-01', 'Disney', '2022-07-01 19:00:00', 'Cines Gran Via Vigo sala 1', 'Libre');
INSERT INTO localidades VALUES (16,'grada 1', 'Rey Leon', 'pelicula', '1994-01-01', 'Disney', '2022-07-01 19:00:00', 'Cines Gran Via Vigo sala 1', 'Libre');
INSERT INTO localidades VALUES (17,'grada 1', 'Rey Leon', 'pelicula', '1994-01-01', 'Disney', '2022-07-01 19:00:00', 'Cines Gran Via Vigo sala 1', 'Libre');
INSERT INTO localidades VALUES (18,'grada 1', 'Rey Leon', 'pelicula', '1994-01-01', 'Disney', '2022-07-01 19:00:00', 'Cines Gran Via Vigo sala 1', 'Libre');
INSERT INTO localidades VALUES (19,'grada 1', 'Rey Leon', 'pelicula', '1994-01-01', 'Disney', '2022-07-01 19:00:00', 'Cines Gran Via Vigo sala 1', 'Libre');
INSERT INTO localidades VALUES (20,'grada 1', 'Rey Leon', 'pelicula', '1994-01-01', 'Disney', '2022-07-01 19:00:00', 'Cines Gran Via Vigo sala 1', 'Libre');
INSERT INTO localidades VALUES (21,'grada 1', 'Rey Leon', 'pelicula', '1994-01-01', 'Disney', '2022-07-01 19:00:00', 'Cines Gran Via Vigo sala 1', 'Libre');
INSERT INTO localidades VALUES (22,'grada 1', 'Rey Leon', 'pelicula', '1994-01-01', 'Disney', '2022-07-01 19:00:00', 'Cines Gran Via Vigo sala 1', 'Libre');
INSERT INTO localidades VALUES (23,'grada 1', 'Rey Leon', 'pelicula', '1994-01-01', 'Disney', '2022-07-01 19:00:00', 'Cines Gran Via Vigo sala 1', 'Libre');
INSERT INTO localidades VALUES (24,'grada 1', 'Rey Leon', 'pelicula', '1994-01-01', 'Disney', '2022-07-01 19:00:00', 'Cines Gran Via Vigo sala 1', 'Libre');
INSERT INTO localidades VALUES (25,'grada 1', 'Rey Leon', 'pelicula', '1994-01-01', 'Disney', '2022-07-01 19:00:00', 'Cines Gran Via Vigo sala 1', 'Libre');
INSERT INTO localidades VALUES (26,'grada 1', 'Rey Leon', 'pelicula', '1994-01-01', 'Disney', '2022-07-01 19:00:00', 'Cines Gran Via Vigo sala 1', 'Libre');
INSERT INTO localidades VALUES (27,'grada 1', 'Rey Leon', 'pelicula', '1994-01-01', 'Disney', '2022-07-01 19:00:00', 'Cines Gran Via Vigo sala 1', 'Libre');
INSERT INTO localidades VALUES (28,'grada 1', 'Rey Leon', 'pelicula', '1994-01-01', 'Disney', '2022-07-01 19:00:00', 'Cines Gran Via Vigo sala 1', 'Libre');
INSERT INTO localidades VALUES (29,'grada 1', 'Rey Leon', 'pelicula', '1994-01-01', 'Disney', '2022-07-01 19:00:00', 'Cines Gran Via Vigo sala 1', 'Libre');
INSERT INTO tarifas VALUES ('bebe', 0, 5, 'grada 1', 'Rey Leon', 'pelicula', '1994-01-01', 'Disney', '2022-07-01 19:00:00', 'Cines Gran Via Vigo sala 1');
INSERT INTO tarifas VALUES ('infantil', 5, 5, 'grada 1', 'Rey Leon', 'pelicula', '1994-01-01', 'Disney', '2022-07-01 19:00:00', 'Cines Gran Via Vigo sala 1');
INSERT INTO tarifas VALUES ('juvenil', 8, 5, 'grada 1', 'Rey Leon', 'pelicula', '1994-01-01', 'Disney', '2022-07-01 19:00:00', 'Cines Gran Via Vigo sala 1');
INSERT INTO tarifas VALUES ('adulto', 10, 5, 'grada 1', 'Rey Leon', 'pelicula', '1994-01-01', 'Disney', '2022-07-01 19:00:00', 'Cines Gran Via Vigo sala 1');
INSERT INTO tarifas VALUES ('jubilado', 5, 5, 'grada 1', 'Rey Leon', 'pelicula', '1994-01-01', 'Disney', '2022-07-01 19:00:00', 'Cines Gran Via Vigo sala 1');
INSERT INTO eventos VALUES ('Rey Leon', 'pelicula', '1994-01-01', 'Disney', '2022-07-01 19:00:00', 'Cines Gran Via Vigo sala 2','Abierto');
INSERT INTO gradas VALUES ('grada 1', 'Rey Leon', 'pelicula', '1994-01-01', 'Disney', '2022-07-01 19:00:00', 'Cines Gran Via Vigo sala 2');
INSERT INTO localidades VALUES (0,'grada 1', 'Rey Leon', 'pelicula', '1994-01-01', 'Disney', '2022-07-01 19:00:00', 'Cines Gran Via Vigo sala 2', 'Libre');
INSERT INTO localidades VALUES (1,'grada 1', 'Rey Leon', 'pelicula', '1994-01-01', 'Disney', '2022-07-01 19:00:00', 'Cines Gran Via Vigo sala 2', 'Libre');
INSERT INTO localidades VALUES (2,'grada 1', 'Rey Leon', 'pelicula', '1994-01-01', 'Disney', '2022-07-01 19:00:00', 'Cines Gran Via Vigo sala 2', 'Libre');
INSERT INTO localidades VALUES (3,'grada 1', 'Rey Leon', 'pelicula', '1994-01-01', 'Disney', '2022-07-01 19:00:00', 'Cines Gran Via Vigo sala 2', 'Libre');
INSERT INTO localidades VALUES (4,'grada 1', 'Rey Leon', 'pelicula', '1994-01-01', 'Disney', '2022-07-01 19:00:00', 'Cines Gran Via Vigo sala 2', 'Libre');
INSERT INTO localidades VALUES (5,'grada 1', 'Rey Leon', 'pelicula', '1994-01-01', 'Disney', '2022-07-01 19:00:00', 'Cines Gran Via Vigo sala 2', 'Libre');
INSERT INTO localidades VALUES (6,'grada 1', 'Rey Leon', 'pelicula', '1994-01-01', 'Disney', '2022-07-01 19:00:00', 'Cines Gran Via Vigo sala 2', 'Libre');
INSERT INTO localidades VALUES (7,'grada 1', 'Rey Leon', 'pelicula', '1994-01-01', 'Disney', '2022-07-01 19:00:00', 'Cines Gran Via Vigo sala 2', 'Libre');
INSERT INTO localidades VALUES (8,'grada 1', 'Rey Leon', 'pelicula', '1994-01-01', 'Disney', '2022-07-01 19:00:00', 'Cines Gran Via Vigo sala 2', 'Libre');
INSERT INTO localidades VALUES (9,'grada 1', 'Rey Leon', 'pelicula', '1994-01-01', 'Disney', '2022-07-01 19:00:00', 'Cines Gran Via Vigo sala 2', 'Libre');
INSERT INTO localidades VALUES (10,'grada 1', 'Rey Leon', 'pelicula', '1994-01-01', 'Disney', '2022-07-01 19:00:00', 'Cines Gran Via Vigo sala 2', 'Libre');
INSERT INTO localidades VALUES (11,'grada 1', 'Rey Leon', 'pelicula', '1994-01-01', 'Disney', '2022-07-01 19:00:00', 'Cines Gran Via Vigo sala 2', 'Libre');
INSERT INTO localidades VALUES (12,'grada 1', 'Rey Leon', 'pelicula', '1994-01-01', 'Disney', '2022-07-01 19:00:00', 'Cines Gran Via Vigo sala 2', 'Libre');
INSERT INTO localidades VALUES (13,'grada 1', 'Rey Leon', 'pelicula', '1994-01-01', 'Disney', '2022-07-01 19:00:00', 'Cines Gran Via Vigo sala 2', 'Libre');
INSERT INTO localidades VALUES (14,'grada 1', 'Rey Leon', 'pelicula', '1994-01-01', 'Disney', '2022-07-01 19:00:00', 'Cines Gran Via Vigo sala 2', 'Libre');
INSERT INTO localidades VALUES (15,'grada 1', 'Rey Leon', 'pelicula', '1994-01-01', 'Disney', '2022-07-01 19:00:00', 'Cines Gran Via Vigo sala 2', 'Libre');
INSERT INTO localidades VALUES (16,'grada 1', 'Rey Leon', 'pelicula', '1994-01-01', 'Disney', '2022-07-01 19:00:00', 'Cines Gran Via Vigo sala 2', 'Libre');
INSERT INTO localidades VALUES (17,'grada 1', 'Rey Leon', 'pelicula', '1994-01-01', 'Disney', '2022-07-01 19:00:00', 'Cines Gran Via Vigo sala 2', 'Libre');
INSERT INTO localidades VALUES (18,'grada 1', 'Rey Leon', 'pelicula', '1994-01-01', 'Disney', '2022-07-01 19:00:00', 'Cines Gran Via Vigo sala 2', 'Libre');
INSERT INTO localidades VALUES (19,'grada 1', 'Rey Leon', 'pelicula', '1994-01-01', 'Disney', '2022-07-01 19:00:00', 'Cines Gran Via Vigo sala 2', 'Libre');
INSERT INTO localidades VALUES (20,'grada 1', 'Rey Leon', 'pelicula', '1994-01-01', 'Disney', '2022-07-01 19:00:00', 'Cines Gran Via Vigo sala 2', 'Libre');
INSERT INTO localidades VALUES (21,'grada 1', 'Rey Leon', 'pelicula', '1994-01-01', 'Disney', '2022-07-01 19:00:00', 'Cines Gran Via Vigo sala 2', 'Libre');
INSERT INTO localidades VALUES (22,'grada 1', 'Rey Leon', 'pelicula', '1994-01-01', 'Disney', '2022-07-01 19:00:00', 'Cines Gran Via Vigo sala 2', 'Libre');
INSERT INTO localidades VALUES (23,'grada 1', 'Rey Leon', 'pelicula', '1994-01-01', 'Disney', '2022-07-01 19:00:00', 'Cines Gran Via Vigo sala 2', 'Libre');
INSERT INTO localidades VALUES (24,'grada 1', 'Rey Leon', 'pelicula', '1994-01-01', 'Disney', '2022-07-01 19:00:00', 'Cines Gran Via Vigo sala 2', 'Libre');
INSERT INTO localidades VALUES (25,'grada 1', 'Rey Leon', 'pelicula', '1994-01-01', 'Disney', '2022-07-01 19:00:00', 'Cines Gran Via Vigo sala 2', 'Libre');
INSERT INTO localidades VALUES (26,'grada 1', 'Rey Leon', 'pelicula', '1994-01-01', 'Disney', '2022-07-01 19:00:00', 'Cines Gran Via Vigo sala 2', 'Libre');
INSERT INTO localidades VALUES (27,'grada 1', 'Rey Leon', 'pelicula', '1994-01-01', 'Disney', '2022-07-01 19:00:00', 'Cines Gran Via Vigo sala 2', 'Libre');
INSERT INTO localidades VALUES (28,'grada 1', 'Rey Leon', 'pelicula', '1994-01-01', 'Disney', '2022-07-01 19:00:00', 'Cines Gran Via Vigo sala 2', 'Libre');
INSERT INTO localidades VALUES (29,'grada 1', 'Rey Leon', 'pelicula', '1994-01-01', 'Disney', '2022-07-01 19:00:00', 'Cines Gran Via Vigo sala 2', 'Libre');
INSERT INTO tarifas VALUES ('bebe', 0, 5, 'grada 1', 'Rey Leon', 'pelicula', '1994-01-01', 'Disney', '2022-07-01 19:00:00', 'Cines Gran Via Vigo sala 2');
INSERT INTO tarifas VALUES ('infantil', 5, 5, 'grada 1', 'Rey Leon', 'pelicula', '1994-01-01', 'Disney', '2022-07-01 19:00:00', 'Cines Gran Via Vigo sala 2');
INSERT INTO tarifas VALUES ('juvenil', 8, 5, 'grada 1', 'Rey Leon', 'pelicula', '1994-01-01', 'Disney', '2022-07-01 19:00:00', 'Cines Gran Via Vigo sala 2');
INSERT INTO tarifas VALUES ('adulto', 10, 5, 'grada 1', 'Rey Leon', 'pelicula', '1994-01-01', 'Disney', '2022-07-01 19:00:00', 'Cines Gran Via Vigo sala 2');
INSERT INTO tarifas VALUES ('jubilado', 5, 5, 'grada 1', 'Rey Leon', 'pelicula', '1994-01-01', 'Disney', '2022-07-01 19:00:00', 'Cines Gran Via Vigo sala 2');
INSERT INTO espectaculos VALUES ('Romeo y Julieta', 'teatro', '2010-01-01', 'Teatro andante', 'Pedro Gomez - Laura Perez', 5, '00:01:00', '00:02:00', '00:04:00');
INSERT INTO eventos VALUES ('Romeo y Julieta', 'teatro', '2010-01-01', 'Teatro andante', '2022-07-10 20:30:00', 'Auditorio Mar de Vigo','Abierto');
INSERT INTO gradas VALUES ('grada centro', 'Romeo y Julieta', 'teatro', '2010-01-01', 'Teatro andante', '2022-07-10 20:30:00', 'Auditorio Mar de Vigo');
INSERT INTO localidades VALUES (0,'grada centro', 'Romeo y Julieta', 'teatro', '2010-01-01', 'Teatro andante', '2022-07-10 20:30:00', 'Auditorio Mar de Vigo', 'Libre');
INSERT INTO localidades VALUES (1,'grada centro', 'Romeo y Julieta', 'teatro', '2010-01-01', 'Teatro andante', '2022-07-10 20:30:00', 'Auditorio Mar de Vigo', 'Libre');
INSERT INTO localidades VALUES (2,'grada centro', 'Romeo y Julieta', 'teatro', '2010-01-01', 'Teatro andante', '2022-07-10 20:30:00', 'Auditorio Mar de Vigo', 'Libre');
INSERT INTO localidades VALUES (3,'grada centro', 'Romeo y Julieta', 'teatro', '2010-01-01', 'Teatro andante', '2022-07-10 20:30:00', 'Auditorio Mar de Vigo', 'Libre');
INSERT INTO localidades VALUES (4,'grada centro', 'Romeo y Julieta', 'teatro', '2010-01-01', 'Teatro andante', '2022-07-10 20:30:00', 'Auditorio Mar de Vigo', 'Libre');
INSERT INTO localidades VALUES (5,'grada centro', 'Romeo y Julieta', 'teatro', '2010-01-01', 'Teatro andante', '2022-07-10 20:30:00', 'Auditorio Mar de Vigo', 'Libre');
INSERT INTO localidades VALUES (6,'grada centro', 'Romeo y Julieta', 'teatro', '2010-01-01', 'Teatro andante', '2022-07-10 20:30:00', 'Auditorio Mar de Vigo', 'Libre');
INSERT INTO localidades VALUES (7,'grada centro', 'Romeo y Julieta', 'teatro', '2010-01-01', 'Teatro andante', '2022-07-10 20:30:00', 'Auditorio Mar de Vigo', 'Libre');
INSERT INTO localidades VALUES (8,'grada centro', 'Romeo y Julieta', 'teatro', '2010-01-01', 'Teatro andante', '2022-07-10 20:30:00', 'Auditorio Mar de Vigo', 'Libre');
INSERT INTO localidades VALUES (9,'grada centro', 'Romeo y Julieta', 'teatro', '2010-01-01', 'Teatro andante', '2022-07-10 20:30:00', 'Auditorio Mar de Vigo', 'Libre');
INSERT INTO localidades VALUES (10,'grada centro', 'Romeo y Julieta', 'teatro', '2010-01-01', 'Teatro andante', '2022-07-10 20:30:00', 'Auditorio Mar de Vigo', 'Libre');
INSERT INTO localidades VALUES (11,'grada centro', 'Romeo y Julieta', 'teatro', '2010-01-01', 'Teatro andante', '2022-07-10 20:30:00', 'Auditorio Mar de Vigo', 'Libre');
INSERT INTO localidades VALUES (12,'grada centro', 'Romeo y Julieta', 'teatro', '2010-01-01', 'Teatro andante', '2022-07-10 20:30:00', 'Auditorio Mar de Vigo', 'Libre');
INSERT INTO localidades VALUES (13,'grada centro', 'Romeo y Julieta', 'teatro', '2010-01-01', 'Teatro andante', '2022-07-10 20:30:00', 'Auditorio Mar de Vigo', 'Libre');
INSERT INTO localidades VALUES (14,'grada centro', 'Romeo y Julieta', 'teatro', '2010-01-01', 'Teatro andante', '2022-07-10 20:30:00', 'Auditorio Mar de Vigo', 'Libre');
INSERT INTO localidades VALUES (15,'grada centro', 'Romeo y Julieta', 'teatro', '2010-01-01', 'Teatro andante', '2022-07-10 20:30:00', 'Auditorio Mar de Vigo', 'Libre');
INSERT INTO localidades VALUES (16,'grada centro', 'Romeo y Julieta', 'teatro', '2010-01-01', 'Teatro andante', '2022-07-10 20:30:00', 'Auditorio Mar de Vigo', 'Libre');
INSERT INTO localidades VALUES (17,'grada centro', 'Romeo y Julieta', 'teatro', '2010-01-01', 'Teatro andante', '2022-07-10 20:30:00', 'Auditorio Mar de Vigo', 'Libre');
INSERT INTO localidades VALUES (18,'grada centro', 'Romeo y Julieta', 'teatro', '2010-01-01', 'Teatro andante', '2022-07-10 20:30:00', 'Auditorio Mar de Vigo', 'Libre');
INSERT INTO localidades VALUES (19,'grada centro', 'Romeo y Julieta', 'teatro', '2010-01-01', 'Teatro andante', '2022-07-10 20:30:00', 'Auditorio Mar de Vigo', 'Libre');
INSERT INTO localidades VALUES (20,'grada centro', 'Romeo y Julieta', 'teatro', '2010-01-01', 'Teatro andante', '2022-07-10 20:30:00', 'Auditorio Mar de Vigo', 'Libre');
INSERT INTO localidades VALUES (21,'grada centro', 'Romeo y Julieta', 'teatro', '2010-01-01', 'Teatro andante', '2022-07-10 20:30:00', 'Auditorio Mar de Vigo', 'Libre');
INSERT INTO localidades VALUES (22,'grada centro', 'Romeo y Julieta', 'teatro', '2010-01-01', 'Teatro andante', '2022-07-10 20:30:00', 'Auditorio Mar de Vigo', 'Libre');
INSERT INTO localidades VALUES (23,'grada centro', 'Romeo y Julieta', 'teatro', '2010-01-01', 'Teatro andante', '2022-07-10 20:30:00', 'Auditorio Mar de Vigo', 'Libre');
INSERT INTO localidades VALUES (24,'grada centro', 'Romeo y Julieta', 'teatro', '2010-01-01', 'Teatro andante', '2022-07-10 20:30:00', 'Auditorio Mar de Vigo', 'Libre');
INSERT INTO localidades VALUES (25,'grada centro', 'Romeo y Julieta', 'teatro', '2010-01-01', 'Teatro andante', '2022-07-10 20:30:00', 'Auditorio Mar de Vigo', 'Libre');
INSERT INTO localidades VALUES (26,'grada centro', 'Romeo y Julieta', 'teatro', '2010-01-01', 'Teatro andante', '2022-07-10 20:30:00', 'Auditorio Mar de Vigo', 'Libre');
INSERT INTO localidades VALUES (27,'grada centro', 'Romeo y Julieta', 'teatro', '2010-01-01', 'Teatro andante', '2022-07-10 20:30:00', 'Auditorio Mar de Vigo', 'Libre');
INSERT INTO localidades VALUES (28,'grada centro', 'Romeo y Julieta', 'teatro', '2010-01-01', 'Teatro andante', '2022-07-10 20:30:00', 'Auditorio Mar de Vigo', 'Libre');
INSERT INTO localidades VALUES (29,'grada centro', 'Romeo y Julieta', 'teatro', '2010-01-01', 'Teatro andante', '2022-07-10 20:30:00', 'Auditorio Mar de Vigo', 'Libre');
INSERT INTO localidades VALUES (30,'grada centro', 'Romeo y Julieta', 'teatro', '2010-01-01', 'Teatro andante', '2022-07-10 20:30:00', 'Auditorio Mar de Vigo', 'Libre');
INSERT INTO localidades VALUES (31,'grada centro', 'Romeo y Julieta', 'teatro', '2010-01-01', 'Teatro andante', '2022-07-10 20:30:00', 'Auditorio Mar de Vigo', 'Libre');
INSERT INTO localidades VALUES (32,'grada centro', 'Romeo y Julieta', 'teatro', '2010-01-01', 'Teatro andante', '2022-07-10 20:30:00', 'Auditorio Mar de Vigo', 'Libre');
INSERT INTO localidades VALUES (33,'grada centro', 'Romeo y Julieta', 'teatro', '2010-01-01', 'Teatro andante', '2022-07-10 20:30:00', 'Auditorio Mar de Vigo', 'Libre');
INSERT INTO localidades VALUES (34,'grada centro', 'Romeo y Julieta', 'teatro', '2010-01-01', 'Teatro andante', '2022-07-10 20:30:00', 'Auditorio Mar de Vigo', 'Libre');
INSERT INTO localidades VALUES (35,'grada centro', 'Romeo y Julieta', 'teatro', '2010-01-01', 'Teatro andante', '2022-07-10 20:30:00', 'Auditorio Mar de Vigo', 'Libre');
INSERT INTO localidades VALUES (36,'grada centro', 'Romeo y Julieta', 'teatro', '2010-01-01', 'Teatro andante', '2022-07-10 20:30:00', 'Auditorio Mar de Vigo', 'Libre');
INSERT INTO localidades VALUES (37,'grada centro', 'Romeo y Julieta', 'teatro', '2010-01-01', 'Teatro andante', '2022-07-10 20:30:00', 'Auditorio Mar de Vigo', 'Libre');
INSERT INTO localidades VALUES (38,'grada centro', 'Romeo y Julieta', 'teatro', '2010-01-01', 'Teatro andante', '2022-07-10 20:30:00', 'Auditorio Mar de Vigo', 'Libre');
INSERT INTO localidades VALUES (39,'grada centro', 'Romeo y Julieta', 'teatro', '2010-01-01', 'Teatro andante', '2022-07-10 20:30:00', 'Auditorio Mar de Vigo', 'Libre');
INSERT INTO localidades VALUES (40,'grada centro', 'Romeo y Julieta', 'teatro', '2010-01-01', 'Teatro andante', '2022-07-10 20:30:00', 'Auditorio Mar de Vigo', 'Libre');
INSERT INTO localidades VALUES (41,'grada centro', 'Romeo y Julieta', 'teatro', '2010-01-01', 'Teatro andante', '2022-07-10 20:30:00', 'Auditorio Mar de Vigo', 'Libre');
INSERT INTO localidades VALUES (42,'grada centro', 'Romeo y Julieta', 'teatro', '2010-01-01', 'Teatro andante', '2022-07-10 20:30:00', 'Auditorio Mar de Vigo', 'Libre');
INSERT INTO localidades VALUES (43,'grada centro', 'Romeo y Julieta', 'teatro', '2010-01-01', 'Teatro andante', '2022-07-10 20:30:00', 'Auditorio Mar de Vigo', 'Libre');
INSERT INTO localidades VALUES (44,'grada centro', 'Romeo y Julieta', 'teatro', '2010-01-01', 'Teatro andante', '2022-07-10 20:30:00', 'Auditorio Mar de Vigo', 'Libre');
INSERT INTO localidades VALUES (45,'grada centro', 'Romeo y Julieta', 'teatro', '2010-01-01', 'Teatro andante', '2022-07-10 20:30:00', 'Auditorio Mar de Vigo', 'Libre');
INSERT INTO localidades VALUES (46,'grada centro', 'Romeo y Julieta', 'teatro', '2010-01-01', 'Teatro andante', '2022-07-10 20:30:00', 'Auditorio Mar de Vigo', 'Libre');
INSERT INTO localidades VALUES (47,'grada centro', 'Romeo y Julieta', 'teatro', '2010-01-01', 'Teatro andante', '2022-07-10 20:30:00', 'Auditorio Mar de Vigo', 'Libre');
INSERT INTO localidades VALUES (48,'grada centro', 'Romeo y Julieta', 'teatro', '2010-01-01', 'Teatro andante', '2022-07-10 20:30:00', 'Auditorio Mar de Vigo', 'Libre');
INSERT INTO localidades VALUES (49,'grada centro', 'Romeo y Julieta', 'teatro', '2010-01-01', 'Teatro andante', '2022-07-10 20:30:00', 'Auditorio Mar de Vigo', 'Libre');
INSERT INTO tarifas VALUES ('adulto', 20, 5, 'grada centro', 'Romeo y Julieta', 'teatro', '2010-01-01', 'Teatro andante', '2022-07-10 20:30:00', 'Auditorio Mar de Vigo');
INSERT INTO tarifas VALUES ('jubilado', 12, 5, 'grada centro', 'Romeo y Julieta', 'teatro', '2010-01-01', 'Teatro andante', '2022-07-10 20:30:00', 'Auditorio Mar de Vigo');
INSERT INTO gradas VALUES ('grada superior', 'Romeo y Julieta', 'teatro', '2010-01-01', 'Teatro andante', '2022-07-10 20:30:00', 'Auditorio Mar de Vigo');
INSERT INTO localidades VALUES (0,'grada superior', 'Romeo y Julieta', 'teatro', '2010-01-01', 'Teatro andante', '2022-07-10 20:30:00', 'Auditorio Mar de Vigo', 'Libre');
INSERT INTO localidades VALUES (1,'grada superior', 'Romeo y Julieta', 'teatro', '2010-01-01', 'Teatro andante', '2022-07-10 20:30:00', 'Auditorio Mar de Vigo', 'Libre');
INSERT INTO localidades VALUES (2,'grada superior', 'Romeo y Julieta', 'teatro', '2010-01-01', 'Teatro andante', '2022-07-10 20:30:00', 'Auditorio Mar de Vigo', 'Libre');
INSERT INTO localidades VALUES (3,'grada superior', 'Romeo y Julieta', 'teatro', '2010-01-01', 'Teatro andante', '2022-07-10 20:30:00', 'Auditorio Mar de Vigo', 'Libre');
INSERT INTO localidades VALUES (4,'grada superior', 'Romeo y Julieta', 'teatro', '2010-01-01', 'Teatro andante', '2022-07-10 20:30:00', 'Auditorio Mar de Vigo', 'Libre');
INSERT INTO localidades VALUES (5,'grada superior', 'Romeo y Julieta', 'teatro', '2010-01-01', 'Teatro andante', '2022-07-10 20:30:00', 'Auditorio Mar de Vigo', 'Libre');
INSERT INTO localidades VALUES (6,'grada superior', 'Romeo y Julieta', 'teatro', '2010-01-01', 'Teatro andante', '2022-07-10 20:30:00', 'Auditorio Mar de Vigo', 'Libre');
INSERT INTO localidades VALUES (7,'grada superior', 'Romeo y Julieta', 'teatro', '2010-01-01', 'Teatro andante', '2022-07-10 20:30:00', 'Auditorio Mar de Vigo', 'Libre');
INSERT INTO localidades VALUES (8,'grada superior', 'Romeo y Julieta', 'teatro', '2010-01-01', 'Teatro andante', '2022-07-10 20:30:00', 'Auditorio Mar de Vigo', 'Libre');
INSERT INTO localidades VALUES (9,'grada superior', 'Romeo y Julieta', 'teatro', '2010-01-01', 'Teatro andante', '2022-07-10 20:30:00', 'Auditorio Mar de Vigo', 'Libre');
INSERT INTO localidades VALUES (10,'grada superior', 'Romeo y Julieta', 'teatro', '2010-01-01', 'Teatro andante', '2022-07-10 20:30:00', 'Auditorio Mar de Vigo', 'Libre');
INSERT INTO localidades VALUES (11,'grada superior', 'Romeo y Julieta', 'teatro', '2010-01-01', 'Teatro andante', '2022-07-10 20:30:00', 'Auditorio Mar de Vigo', 'Libre');
INSERT INTO localidades VALUES (12,'grada superior', 'Romeo y Julieta', 'teatro', '2010-01-01', 'Teatro andante', '2022-07-10 20:30:00', 'Auditorio Mar de Vigo', 'Libre');
INSERT INTO localidades VALUES (13,'grada superior', 'Romeo y Julieta', 'teatro', '2010-01-01', 'Teatro andante', '2022-07-10 20:30:00', 'Auditorio Mar de Vigo', 'Libre');
INSERT INTO localidades VALUES (14,'grada superior', 'Romeo y Julieta', 'teatro', '2010-01-01', 'Teatro andante', '2022-07-10 20:30:00', 'Auditorio Mar de Vigo', 'Libre');
INSERT INTO localidades VALUES (15,'grada superior', 'Romeo y Julieta', 'teatro', '2010-01-01', 'Teatro andante', '2022-07-10 20:30:00', 'Auditorio Mar de Vigo', 'Libre');
INSERT INTO localidades VALUES (16,'grada superior', 'Romeo y Julieta', 'teatro', '2010-01-01', 'Teatro andante', '2022-07-10 20:30:00', 'Auditorio Mar de Vigo', 'Libre');
INSERT INTO localidades VALUES (17,'grada superior', 'Romeo y Julieta', 'teatro', '2010-01-01', 'Teatro andante', '2022-07-10 20:30:00', 'Auditorio Mar de Vigo', 'Libre');
INSERT INTO localidades VALUES (18,'grada superior', 'Romeo y Julieta', 'teatro', '2010-01-01', 'Teatro andante', '2022-07-10 20:30:00', 'Auditorio Mar de Vigo', 'Libre');
INSERT INTO localidades VALUES (19,'grada superior', 'Romeo y Julieta', 'teatro', '2010-01-01', 'Teatro andante', '2022-07-10 20:30:00', 'Auditorio Mar de Vigo', 'Libre');
INSERT INTO localidades VALUES (20,'grada superior', 'Romeo y Julieta', 'teatro', '2010-01-01', 'Teatro andante', '2022-07-10 20:30:00', 'Auditorio Mar de Vigo', 'Libre');
INSERT INTO localidades VALUES (21,'grada superior', 'Romeo y Julieta', 'teatro', '2010-01-01', 'Teatro andante', '2022-07-10 20:30:00', 'Auditorio Mar de Vigo', 'Libre');
INSERT INTO localidades VALUES (22,'grada superior', 'Romeo y Julieta', 'teatro', '2010-01-01', 'Teatro andante', '2022-07-10 20:30:00', 'Auditorio Mar de Vigo', 'Libre');
INSERT INTO localidades VALUES (23,'grada superior', 'Romeo y Julieta', 'teatro', '2010-01-01', 'Teatro andante', '2022-07-10 20:30:00', 'Auditorio Mar de Vigo', 'Libre');
INSERT INTO localidades VALUES (24,'grada superior', 'Romeo y Julieta', 'teatro', '2010-01-01', 'Teatro andante', '2022-07-10 20:30:00', 'Auditorio Mar de Vigo', 'Libre');
INSERT INTO localidades VALUES (25,'grada superior', 'Romeo y Julieta', 'teatro', '2010-01-01', 'Teatro andante', '2022-07-10 20:30:00', 'Auditorio Mar de Vigo', 'Libre');
INSERT INTO localidades VALUES (26,'grada superior', 'Romeo y Julieta', 'teatro', '2010-01-01', 'Teatro andante', '2022-07-10 20:30:00', 'Auditorio Mar de Vigo', 'Libre');
INSERT INTO localidades VALUES (27,'grada superior', 'Romeo y Julieta', 'teatro', '2010-01-01', 'Teatro andante', '2022-07-10 20:30:00', 'Auditorio Mar de Vigo', 'Libre');
INSERT INTO localidades VALUES (28,'grada superior', 'Romeo y Julieta', 'teatro', '2010-01-01', 'Teatro andante', '2022-07-10 20:30:00', 'Auditorio Mar de Vigo', 'Libre');
INSERT INTO localidades VALUES (29,'grada superior', 'Romeo y Julieta', 'teatro', '2010-01-01', 'Teatro andante', '2022-07-10 20:30:00', 'Auditorio Mar de Vigo', 'Libre');
INSERT INTO localidades VALUES (30,'grada superior', 'Romeo y Julieta', 'teatro', '2010-01-01', 'Teatro andante', '2022-07-10 20:30:00', 'Auditorio Mar de Vigo', 'Libre');
INSERT INTO localidades VALUES (31,'grada superior', 'Romeo y Julieta', 'teatro', '2010-01-01', 'Teatro andante', '2022-07-10 20:30:00', 'Auditorio Mar de Vigo', 'Libre');
INSERT INTO localidades VALUES (32,'grada superior', 'Romeo y Julieta', 'teatro', '2010-01-01', 'Teatro andante', '2022-07-10 20:30:00', 'Auditorio Mar de Vigo', 'Libre');
INSERT INTO localidades VALUES (33,'grada superior', 'Romeo y Julieta', 'teatro', '2010-01-01', 'Teatro andante', '2022-07-10 20:30:00', 'Auditorio Mar de Vigo', 'Libre');
INSERT INTO localidades VALUES (34,'grada superior', 'Romeo y Julieta', 'teatro', '2010-01-01', 'Teatro andante', '2022-07-10 20:30:00', 'Auditorio Mar de Vigo', 'Libre');
INSERT INTO localidades VALUES (35,'grada superior', 'Romeo y Julieta', 'teatro', '2010-01-01', 'Teatro andante', '2022-07-10 20:30:00', 'Auditorio Mar de Vigo', 'Libre');
INSERT INTO localidades VALUES (36,'grada superior', 'Romeo y Julieta', 'teatro', '2010-01-01', 'Teatro andante', '2022-07-10 20:30:00', 'Auditorio Mar de Vigo', 'Libre');
INSERT INTO localidades VALUES (37,'grada superior', 'Romeo y Julieta', 'teatro', '2010-01-01', 'Teatro andante', '2022-07-10 20:30:00', 'Auditorio Mar de Vigo', 'Libre');
INSERT INTO localidades VALUES (38,'grada superior', 'Romeo y Julieta', 'teatro', '2010-01-01', 'Teatro andante', '2022-07-10 20:30:00', 'Auditorio Mar de Vigo', 'Libre');
INSERT INTO localidades VALUES (39,'grada superior', 'Romeo y Julieta', 'teatro', '2010-01-01', 'Teatro andante', '2022-07-10 20:30:00', 'Auditorio Mar de Vigo', 'Libre');
INSERT INTO localidades VALUES (40,'grada superior', 'Romeo y Julieta', 'teatro', '2010-01-01', 'Teatro andante', '2022-07-10 20:30:00', 'Auditorio Mar de Vigo', 'Libre');
INSERT INTO localidades VALUES (41,'grada superior', 'Romeo y Julieta', 'teatro', '2010-01-01', 'Teatro andante', '2022-07-10 20:30:00', 'Auditorio Mar de Vigo', 'Libre');
INSERT INTO localidades VALUES (42,'grada superior', 'Romeo y Julieta', 'teatro', '2010-01-01', 'Teatro andante', '2022-07-10 20:30:00', 'Auditorio Mar de Vigo', 'Libre');
INSERT INTO localidades VALUES (43,'grada superior', 'Romeo y Julieta', 'teatro', '2010-01-01', 'Teatro andante', '2022-07-10 20:30:00', 'Auditorio Mar de Vigo', 'Libre');
INSERT INTO localidades VALUES (44,'grada superior', 'Romeo y Julieta', 'teatro', '2010-01-01', 'Teatro andante', '2022-07-10 20:30:00', 'Auditorio Mar de Vigo', 'Libre');
INSERT INTO localidades VALUES (45,'grada superior', 'Romeo y Julieta', 'teatro', '2010-01-01', 'Teatro andante', '2022-07-10 20:30:00', 'Auditorio Mar de Vigo', 'Libre');
INSERT INTO localidades VALUES (46,'grada superior', 'Romeo y Julieta', 'teatro', '2010-01-01', 'Teatro andante', '2022-07-10 20:30:00', 'Auditorio Mar de Vigo', 'Libre');
INSERT INTO localidades VALUES (47,'grada superior', 'Romeo y Julieta', 'teatro', '2010-01-01', 'Teatro andante', '2022-07-10 20:30:00', 'Auditorio Mar de Vigo', 'Libre');
INSERT INTO localidades VALUES (48,'grada superior', 'Romeo y Julieta', 'teatro', '2010-01-01', 'Teatro andante', '2022-07-10 20:30:00', 'Auditorio Mar de Vigo', 'Libre');
INSERT INTO localidades VALUES (49,'grada superior', 'Romeo y Julieta', 'teatro', '2010-01-01', 'Teatro andante', '2022-07-10 20:30:00', 'Auditorio Mar de Vigo', 'Libre');
INSERT INTO tarifas VALUES ('adulto', 18, 5, 'grada superior', 'Romeo y Julieta', 'teatro', '2010-01-01', 'Teatro andante', '2022-07-10 20:30:00', 'Auditorio Mar de Vigo');
INSERT INTO tarifas VALUES ('jubilado', 10, 5, 'grada superior', 'Romeo y Julieta', 'teatro', '2010-01-01', 'Teatro andante', '2022-07-10 20:30:00', 'Auditorio Mar de Vigo');
<<<<<<< HEAD
INSERT INTO espectaculos VALUES ('espectaculo 0', 'entrevista', '2009-03-25', 'productora 0', 'lista participantes 0', 9, '00:13:00', '00:16:00', '00:28:00');
INSERT INTO eventos VALUES ('espectaculo 0', 'entrevista', '2009-03-25', 'productora 0', '2022-09-01 18:00:00', 'Calle de las flores número 0 puerta C','Abierto');
INSERT INTO eventos VALUES ('espectaculo 0', 'entrevista', '2009-03-25', 'productora 0', '2020-09-01 03:00:00', 'Calle de las flores número 0 puerta C','Abierto');
INSERT INTO gradas VALUES ('grada 1', 'espectaculo 0', 'entrevista', '2009-03-25', 'productora 0', '2022-09-01 18:00:00', 'Calle de las flores número 0 puerta C');
INSERT INTO gradas VALUES ('grada 2', 'espectaculo 0', 'entrevista', '2009-03-25', 'productora 0', '2022-09-01 18:00:00', 'Calle de las flores número 0 puerta C');
INSERT INTO gradas VALUES ('grada 3', 'espectaculo 0', 'entrevista', '2009-03-25', 'productora 0', '2022-09-01 18:00:00', 'Calle de las flores número 0 puerta C');
INSERT INTO espectaculos VALUES ('espectaculo 1', 'pelicula', '1990-04-08', 'productora 1', 'lista participantes 1', 7, '00:10:00', '00:32:00', '00:21:00');
INSERT INTO eventos VALUES ('espectaculo 1', 'pelicula', '1990-04-08', 'productora 1', '2022-09-01 18:00:00', 'Calle de las flores número 1 puerta C','Abierto');
INSERT INTO eventos VALUES ('espectaculo 1', 'pelicula', '1990-04-08', 'productora 1', '2020-09-01 03:00:00', 'Calle de las flores número 1 puerta C','Abierto');
INSERT INTO gradas VALUES ('grada 1', 'espectaculo 1', 'pelicula', '1990-04-08', 'productora 1', '2022-09-01 18:00:00', 'Calle de las flores número 1 puerta C');
INSERT INTO gradas VALUES ('grada 2', 'espectaculo 1', 'pelicula', '1990-04-08', 'productora 1', '2022-09-01 18:00:00', 'Calle de las flores número 1 puerta C');
INSERT INTO gradas VALUES ('grada 3', 'espectaculo 1', 'pelicula', '1990-04-08', 'productora 1', '2022-09-01 18:00:00', 'Calle de las flores número 1 puerta C');
INSERT INTO espectaculos VALUES ('espectaculo 2', 'pelicula', '2014-05-17', 'productora 2', 'lista participantes 2', 6, '00:19:00', '00:57:00', '00:29:00');
INSERT INTO eventos VALUES ('espectaculo 2', 'pelicula', '2014-05-17', 'productora 2', '2022-09-01 18:00:00', 'Calle de las flores número 2 puerta C','Abierto');
INSERT INTO eventos VALUES ('espectaculo 2', 'pelicula', '2014-05-17', 'productora 2', '2020-09-01 03:00:00', 'Calle de las flores número 2 puerta C','Abierto');
INSERT INTO gradas VALUES ('grada 1', 'espectaculo 2', 'pelicula', '2014-05-17', 'productora 2', '2022-09-01 18:00:00', 'Calle de las flores número 2 puerta C');
INSERT INTO gradas VALUES ('grada 2', 'espectaculo 2', 'pelicula', '2014-05-17', 'productora 2', '2022-09-01 18:00:00', 'Calle de las flores número 2 puerta C');
INSERT INTO gradas VALUES ('grada 3', 'espectaculo 2', 'pelicula', '2014-05-17', 'productora 2', '2022-09-01 18:00:00', 'Calle de las flores número 2 puerta C');
INSERT INTO espectaculos VALUES ('espectaculo 3', 'concierto', '1999-10-04', 'productora 3', 'lista participantes 3', 2, '00:13:00', '00:23:00', '00:25:00');
INSERT INTO eventos VALUES ('espectaculo 3', 'concierto', '1999-10-04', 'productora 3', '2022-09-01 18:00:00', 'Calle de las flores número 3 puerta C','Abierto');
INSERT INTO eventos VALUES ('espectaculo 3', 'concierto', '1999-10-04', 'productora 3', '2020-09-01 03:00:00', 'Calle de las flores número 3 puerta C','Abierto');
INSERT INTO gradas VALUES ('grada 1', 'espectaculo 3', 'concierto', '1999-10-04', 'productora 3', '2022-09-01 18:00:00', 'Calle de las flores número 3 puerta C');
INSERT INTO gradas VALUES ('grada 2', 'espectaculo 3', 'concierto', '1999-10-04', 'productora 3', '2022-09-01 18:00:00', 'Calle de las flores número 3 puerta C');
INSERT INTO gradas VALUES ('grada 3', 'espectaculo 3', 'concierto', '1999-10-04', 'productora 3', '2022-09-01 18:00:00', 'Calle de las flores número 3 puerta C');
INSERT INTO espectaculos VALUES ('espectaculo 4', 'deportivo', '1996-10-15', 'productora 4', 'lista participantes 4', 7, '00:17:00', '00:21:00', '00:17:00');
INSERT INTO eventos VALUES ('espectaculo 4', 'deportivo', '1996-10-15', 'productora 4', '2022-09-01 18:00:00', 'Calle de las flores número 4 puerta C','Abierto');
INSERT INTO eventos VALUES ('espectaculo 4', 'deportivo', '1996-10-15', 'productora 4', '2020-09-01 03:00:00', 'Calle de las flores número 4 puerta C','Abierto');
INSERT INTO gradas VALUES ('grada 1', 'espectaculo 4', 'deportivo', '1996-10-15', 'productora 4', '2022-09-01 18:00:00', 'Calle de las flores número 4 puerta C');
INSERT INTO gradas VALUES ('grada 2', 'espectaculo 4', 'deportivo', '1996-10-15', 'productora 4', '2022-09-01 18:00:00', 'Calle de las flores número 4 puerta C');
INSERT INTO gradas VALUES ('grada 3', 'espectaculo 4', 'deportivo', '1996-10-15', 'productora 4', '2022-09-01 18:00:00', 'Calle de las flores número 4 puerta C');
INSERT INTO espectaculos VALUES ('espectaculo 5', 'teatro', '2016-09-01', 'productora 5', 'lista participantes 5', 4, '00:19:00', '00:37:00', '00:25:00');
INSERT INTO eventos VALUES ('espectaculo 5', 'teatro', '2016-09-01', 'productora 5', '2022-09-01 18:00:00', 'Calle de las flores número 5 puerta C','Abierto');
INSERT INTO eventos VALUES ('espectaculo 5', 'teatro', '2016-09-01', 'productora 5', '2020-09-01 03:00:00', 'Calle de las flores número 5 puerta C','Abierto');
INSERT INTO gradas VALUES ('grada 1', 'espectaculo 5', 'teatro', '2016-09-01', 'productora 5', '2022-09-01 18:00:00', 'Calle de las flores número 5 puerta C');
INSERT INTO gradas VALUES ('grada 2', 'espectaculo 5', 'teatro', '2016-09-01', 'productora 5', '2022-09-01 18:00:00', 'Calle de las flores número 5 puerta C');
INSERT INTO gradas VALUES ('grada 3', 'espectaculo 5', 'teatro', '2016-09-01', 'productora 5', '2022-09-01 18:00:00', 'Calle de las flores número 5 puerta C');
INSERT INTO espectaculos VALUES ('espectaculo 6', 'pelicula', '2002-10-02', 'productora 6', 'lista participantes 6', 3, '00:17:00', '00:25:00', '00:21:00');
INSERT INTO eventos VALUES ('espectaculo 6', 'pelicula', '2002-10-02', 'productora 6', '2022-09-01 18:00:00', 'Calle de las flores número 6 puerta C','Abierto');
INSERT INTO eventos VALUES ('espectaculo 6', 'pelicula', '2002-10-02', 'productora 6', '2020-09-01 03:00:00', 'Calle de las flores número 6 puerta C','Abierto');
INSERT INTO gradas VALUES ('grada 1', 'espectaculo 6', 'pelicula', '2002-10-02', 'productora 6', '2022-09-01 18:00:00', 'Calle de las flores número 6 puerta C');
INSERT INTO gradas VALUES ('grada 2', 'espectaculo 6', 'pelicula', '2002-10-02', 'productora 6', '2022-09-01 18:00:00', 'Calle de las flores número 6 puerta C');
INSERT INTO gradas VALUES ('grada 3', 'espectaculo 6', 'pelicula', '2002-10-02', 'productora 6', '2022-09-01 18:00:00', 'Calle de las flores número 6 puerta C');
INSERT INTO espectaculos VALUES ('espectaculo 7', 'pelicula', '1985-11-09', 'productora 7', 'lista participantes 7', 3, '00:19:00', '00:31:00', '00:23:00');
INSERT INTO eventos VALUES ('espectaculo 7', 'pelicula', '1985-11-09', 'productora 7', '2022-09-01 18:00:00', 'Calle de las flores número 7 puerta C','Abierto');
INSERT INTO eventos VALUES ('espectaculo 7', 'pelicula', '1985-11-09', 'productora 7', '2020-09-01 03:00:00', 'Calle de las flores número 7 puerta C','Abierto');
INSERT INTO gradas VALUES ('grada 1', 'espectaculo 7', 'pelicula', '1985-11-09', 'productora 7', '2022-09-01 18:00:00', 'Calle de las flores número 7 puerta C');
INSERT INTO gradas VALUES ('grada 2', 'espectaculo 7', 'pelicula', '1985-11-09', 'productora 7', '2022-09-01 18:00:00', 'Calle de las flores número 7 puerta C');
INSERT INTO gradas VALUES ('grada 3', 'espectaculo 7', 'pelicula', '1985-11-09', 'productora 7', '2022-09-01 18:00:00', 'Calle de las flores número 7 puerta C');
INSERT INTO espectaculos VALUES ('espectaculo 8', 'teatro', '1990-04-26', 'productora 8', 'lista participantes 8', 8, '00:18:00', '00:34:00', '00:18:00');
INSERT INTO eventos VALUES ('espectaculo 8', 'teatro', '1990-04-26', 'productora 8', '2022-09-01 18:00:00', 'Calle de las flores número 8 puerta C','Abierto');
INSERT INTO eventos VALUES ('espectaculo 8', 'teatro', '1990-04-26', 'productora 8', '2020-09-01 03:00:00', 'Calle de las flores número 8 puerta C','Abierto');
INSERT INTO gradas VALUES ('grada 1', 'espectaculo 8', 'teatro', '1990-04-26', 'productora 8', '2022-09-01 18:00:00', 'Calle de las flores número 8 puerta C');
INSERT INTO gradas VALUES ('grada 2', 'espectaculo 8', 'teatro', '1990-04-26', 'productora 8', '2022-09-01 18:00:00', 'Calle de las flores número 8 puerta C');
INSERT INTO gradas VALUES ('grada 3', 'espectaculo 8', 'teatro', '1990-04-26', 'productora 8', '2022-09-01 18:00:00', 'Calle de las flores número 8 puerta C');
INSERT INTO espectaculos VALUES ('espectaculo 9', 'deportivo', '2001-09-14', 'productora 9', 'lista participantes 9', 6, '00:17:00', '00:55:00', '00:18:00');
INSERT INTO eventos VALUES ('espectaculo 9', 'deportivo', '2001-09-14', 'productora 9', '2022-09-01 18:00:00', 'Calle de las flores número 9 puerta C','Abierto');
INSERT INTO eventos VALUES ('espectaculo 9', 'deportivo', '2001-09-14', 'productora 9', '2020-09-01 03:00:00', 'Calle de las flores número 9 puerta C','Abierto');
INSERT INTO gradas VALUES ('grada 1', 'espectaculo 9', 'deportivo', '2001-09-14', 'productora 9', '2022-09-01 18:00:00', 'Calle de las flores número 9 puerta C');
INSERT INTO gradas VALUES ('grada 2', 'espectaculo 9', 'deportivo', '2001-09-14', 'productora 9', '2022-09-01 18:00:00', 'Calle de las flores número 9 puerta C');
INSERT INTO gradas VALUES ('grada 3', 'espectaculo 9', 'deportivo', '2001-09-14', 'productora 9', '2022-09-01 18:00:00', 'Calle de las flores número 9 puerta C');
INSERT INTO espectaculos VALUES ('espectaculo 10', 'teatro', '2020-11-25', 'productora 10', 'lista participantes 10', 9, '00:15:00', '00:33:00', '00:29:00');
INSERT INTO eventos VALUES ('espectaculo 10', 'teatro', '2020-11-25', 'productora 10', '2022-09-01 18:00:00', 'Calle de las flores número 10 puerta C','Abierto');
INSERT INTO eventos VALUES ('espectaculo 10', 'teatro', '2020-11-25', 'productora 10', '2020-09-01 03:00:00', 'Calle de las flores número 10 puerta C','Abierto');
INSERT INTO gradas VALUES ('grada 1', 'espectaculo 10', 'teatro', '2020-11-25', 'productora 10', '2022-09-01 18:00:00', 'Calle de las flores número 10 puerta C');
INSERT INTO gradas VALUES ('grada 2', 'espectaculo 10', 'teatro', '2020-11-25', 'productora 10', '2022-09-01 18:00:00', 'Calle de las flores número 10 puerta C');
INSERT INTO gradas VALUES ('grada 3', 'espectaculo 10', 'teatro', '2020-11-25', 'productora 10', '2022-09-01 18:00:00', 'Calle de las flores número 10 puerta C');
INSERT INTO espectaculos VALUES ('espectaculo 11', 'entrevista', '2010-03-27', 'productora 11', 'lista participantes 11', 6, '00:14:00', '00:37:00', '00:17:00');
INSERT INTO eventos VALUES ('espectaculo 11', 'entrevista', '2010-03-27', 'productora 11', '2022-09-01 18:00:00', 'Calle de las flores número 11 puerta C','Abierto');
INSERT INTO eventos VALUES ('espectaculo 11', 'entrevista', '2010-03-27', 'productora 11', '2020-09-01 03:00:00', 'Calle de las flores número 11 puerta C','Abierto');
INSERT INTO gradas VALUES ('grada 1', 'espectaculo 11', 'entrevista', '2010-03-27', 'productora 11', '2022-09-01 18:00:00', 'Calle de las flores número 11 puerta C');
INSERT INTO gradas VALUES ('grada 2', 'espectaculo 11', 'entrevista', '2010-03-27', 'productora 11', '2022-09-01 18:00:00', 'Calle de las flores número 11 puerta C');
INSERT INTO gradas VALUES ('grada 3', 'espectaculo 11', 'entrevista', '2010-03-27', 'productora 11', '2022-09-01 18:00:00', 'Calle de las flores número 11 puerta C');
INSERT INTO espectaculos VALUES ('espectaculo 12', 'concierto', '1997-06-16', 'productora 12', 'lista participantes 12', 1, '00:11:00', '00:39:00', '00:26:00');
INSERT INTO eventos VALUES ('espectaculo 12', 'concierto', '1997-06-16', 'productora 12', '2022-09-01 18:00:00', 'Calle de las flores número 12 puerta C','Abierto');
INSERT INTO eventos VALUES ('espectaculo 12', 'concierto', '1997-06-16', 'productora 12', '2020-09-01 03:00:00', 'Calle de las flores número 12 puerta C','Abierto');
INSERT INTO gradas VALUES ('grada 1', 'espectaculo 12', 'concierto', '1997-06-16', 'productora 12', '2022-09-01 18:00:00', 'Calle de las flores número 12 puerta C');
INSERT INTO gradas VALUES ('grada 2', 'espectaculo 12', 'concierto', '1997-06-16', 'productora 12', '2022-09-01 18:00:00', 'Calle de las flores número 12 puerta C');
INSERT INTO gradas VALUES ('grada 3', 'espectaculo 12', 'concierto', '1997-06-16', 'productora 12', '2022-09-01 18:00:00', 'Calle de las flores número 12 puerta C');
INSERT INTO espectaculos VALUES ('espectaculo 13', 'teatro', '2019-08-22', 'productora 13', 'lista participantes 13', 6, '00:15:00', '00:55:00', '00:26:00');
INSERT INTO eventos VALUES ('espectaculo 13', 'teatro', '2019-08-22', 'productora 13', '2022-09-01 18:00:00', 'Calle de las flores número 13 puerta C','Abierto');
INSERT INTO eventos VALUES ('espectaculo 13', 'teatro', '2019-08-22', 'productora 13', '2020-09-01 03:00:00', 'Calle de las flores número 13 puerta C','Abierto');
INSERT INTO gradas VALUES ('grada 1', 'espectaculo 13', 'teatro', '2019-08-22', 'productora 13', '2022-09-01 18:00:00', 'Calle de las flores número 13 puerta C');
INSERT INTO gradas VALUES ('grada 2', 'espectaculo 13', 'teatro', '2019-08-22', 'productora 13', '2022-09-01 18:00:00', 'Calle de las flores número 13 puerta C');
INSERT INTO gradas VALUES ('grada 3', 'espectaculo 13', 'teatro', '2019-08-22', 'productora 13', '2022-09-01 18:00:00', 'Calle de las flores número 13 puerta C');
INSERT INTO espectaculos VALUES ('espectaculo 14', 'concierto', '1999-06-07', 'productora 14', 'lista participantes 14', 8, '00:17:00', '00:23:00', '00:20:00');
INSERT INTO eventos VALUES ('espectaculo 14', 'concierto', '1999-06-07', 'productora 14', '2022-09-01 18:00:00', 'Calle de las flores número 14 puerta C','Abierto');
INSERT INTO eventos VALUES ('espectaculo 14', 'concierto', '1999-06-07', 'productora 14', '2020-09-01 03:00:00', 'Calle de las flores número 14 puerta C','Abierto');
INSERT INTO gradas VALUES ('grada 1', 'espectaculo 14', 'concierto', '1999-06-07', 'productora 14', '2022-09-01 18:00:00', 'Calle de las flores número 14 puerta C');
INSERT INTO gradas VALUES ('grada 2', 'espectaculo 14', 'concierto', '1999-06-07', 'productora 14', '2022-09-01 18:00:00', 'Calle de las flores número 14 puerta C');
INSERT INTO gradas VALUES ('grada 3', 'espectaculo 14', 'concierto', '1999-06-07', 'productora 14', '2022-09-01 18:00:00', 'Calle de las flores número 14 puerta C');
INSERT INTO espectaculos VALUES ('espectaculo 15', 'concierto', '2000-01-17', 'productora 15', 'lista participantes 15', 7, '00:11:00', '00:19:00', '00:28:00');
INSERT INTO eventos VALUES ('espectaculo 15', 'concierto', '2000-01-17', 'productora 15', '2022-09-01 18:00:00', 'Calle de las flores número 15 puerta C','Abierto');
INSERT INTO eventos VALUES ('espectaculo 15', 'concierto', '2000-01-17', 'productora 15', '2020-09-01 03:00:00', 'Calle de las flores número 15 puerta C','Abierto');
INSERT INTO gradas VALUES ('grada 1', 'espectaculo 15', 'concierto', '2000-01-17', 'productora 15', '2022-09-01 18:00:00', 'Calle de las flores número 15 puerta C');
INSERT INTO gradas VALUES ('grada 2', 'espectaculo 15', 'concierto', '2000-01-17', 'productora 15', '2022-09-01 18:00:00', 'Calle de las flores número 15 puerta C');
INSERT INTO gradas VALUES ('grada 3', 'espectaculo 15', 'concierto', '2000-01-17', 'productora 15', '2022-09-01 18:00:00', 'Calle de las flores número 15 puerta C');
INSERT INTO espectaculos VALUES ('espectaculo 16', 'deportivo', '1996-06-20', 'productora 16', 'lista participantes 16', 8, '00:17:00', '00:22:00', '00:20:00');
INSERT INTO eventos VALUES ('espectaculo 16', 'deportivo', '1996-06-20', 'productora 16', '2022-09-01 18:00:00', 'Calle de las flores número 16 puerta C','Abierto');
INSERT INTO eventos VALUES ('espectaculo 16', 'deportivo', '1996-06-20', 'productora 16', '2020-09-01 03:00:00', 'Calle de las flores número 16 puerta C','Abierto');
INSERT INTO gradas VALUES ('grada 1', 'espectaculo 16', 'deportivo', '1996-06-20', 'productora 16', '2022-09-01 18:00:00', 'Calle de las flores número 16 puerta C');
INSERT INTO gradas VALUES ('grada 2', 'espectaculo 16', 'deportivo', '1996-06-20', 'productora 16', '2022-09-01 18:00:00', 'Calle de las flores número 16 puerta C');
INSERT INTO gradas VALUES ('grada 3', 'espectaculo 16', 'deportivo', '1996-06-20', 'productora 16', '2022-09-01 18:00:00', 'Calle de las flores número 16 puerta C');
INSERT INTO espectaculos VALUES ('espectaculo 17', 'concierto', '2016-03-19', 'productora 17', 'lista participantes 17', 1, '00:12:00', '00:18:00', '00:17:00');
INSERT INTO eventos VALUES ('espectaculo 17', 'concierto', '2016-03-19', 'productora 17', '2022-09-01 18:00:00', 'Calle de las flores número 17 puerta C','Abierto');
INSERT INTO eventos VALUES ('espectaculo 17', 'concierto', '2016-03-19', 'productora 17', '2020-09-01 03:00:00', 'Calle de las flores número 17 puerta C','Abierto');
INSERT INTO gradas VALUES ('grada 1', 'espectaculo 17', 'concierto', '2016-03-19', 'productora 17', '2022-09-01 18:00:00', 'Calle de las flores número 17 puerta C');
INSERT INTO gradas VALUES ('grada 2', 'espectaculo 17', 'concierto', '2016-03-19', 'productora 17', '2022-09-01 18:00:00', 'Calle de las flores número 17 puerta C');
INSERT INTO gradas VALUES ('grada 3', 'espectaculo 17', 'concierto', '2016-03-19', 'productora 17', '2022-09-01 18:00:00', 'Calle de las flores número 17 puerta C');
INSERT INTO espectaculos VALUES ('espectaculo 18', 'concierto', '2010-02-27', 'productora 18', 'lista participantes 18', 1, '00:15:00', '00:32:00', '00:28:00');
INSERT INTO eventos VALUES ('espectaculo 18', 'concierto', '2010-02-27', 'productora 18', '2022-09-01 18:00:00', 'Calle de las flores número 18 puerta C','Abierto');
INSERT INTO eventos VALUES ('espectaculo 18', 'concierto', '2010-02-27', 'productora 18', '2020-09-01 03:00:00', 'Calle de las flores número 18 puerta C','Abierto');
INSERT INTO gradas VALUES ('grada 1', 'espectaculo 18', 'concierto', '2010-02-27', 'productora 18', '2022-09-01 18:00:00', 'Calle de las flores número 18 puerta C');
INSERT INTO gradas VALUES ('grada 2', 'espectaculo 18', 'concierto', '2010-02-27', 'productora 18', '2022-09-01 18:00:00', 'Calle de las flores número 18 puerta C');
INSERT INTO gradas VALUES ('grada 3', 'espectaculo 18', 'concierto', '2010-02-27', 'productora 18', '2022-09-01 18:00:00', 'Calle de las flores número 18 puerta C');
INSERT INTO espectaculos VALUES ('espectaculo 19', 'teatro', '1994-08-17', 'productora 19', 'lista participantes 19', 9, '00:18:00', '00:34:00', '00:21:00');
INSERT INTO eventos VALUES ('espectaculo 19', 'teatro', '1994-08-17', 'productora 19', '2022-09-01 18:00:00', 'Calle de las flores número 19 puerta C','Abierto');
INSERT INTO eventos VALUES ('espectaculo 19', 'teatro', '1994-08-17', 'productora 19', '2020-09-01 03:00:00', 'Calle de las flores número 19 puerta C','Abierto');
INSERT INTO gradas VALUES ('grada 1', 'espectaculo 19', 'teatro', '1994-08-17', 'productora 19', '2022-09-01 18:00:00', 'Calle de las flores número 19 puerta C');
INSERT INTO gradas VALUES ('grada 2', 'espectaculo 19', 'teatro', '1994-08-17', 'productora 19', '2022-09-01 18:00:00', 'Calle de las flores número 19 puerta C');
INSERT INTO gradas VALUES ('grada 3', 'espectaculo 19', 'teatro', '1994-08-17', 'productora 19', '2022-09-01 18:00:00', 'Calle de las flores número 19 puerta C');
INSERT INTO espectaculos VALUES ('espectaculo 20', 'pelicula', '2020-06-18', 'productora 20', 'lista participantes 20', 8, '00:17:00', '00:44:00', '00:26:00');
INSERT INTO eventos VALUES ('espectaculo 20', 'pelicula', '2020-06-18', 'productora 20', '2022-09-01 18:00:00', 'Calle de las flores número 20 puerta C','Abierto');
INSERT INTO eventos VALUES ('espectaculo 20', 'pelicula', '2020-06-18', 'productora 20', '2020-09-01 03:00:00', 'Calle de las flores número 20 puerta C','Abierto');
INSERT INTO gradas VALUES ('grada 1', 'espectaculo 20', 'pelicula', '2020-06-18', 'productora 20', '2022-09-01 18:00:00', 'Calle de las flores número 20 puerta C');
INSERT INTO gradas VALUES ('grada 2', 'espectaculo 20', 'pelicula', '2020-06-18', 'productora 20', '2022-09-01 18:00:00', 'Calle de las flores número 20 puerta C');
INSERT INTO gradas VALUES ('grada 3', 'espectaculo 20', 'pelicula', '2020-06-18', 'productora 20', '2022-09-01 18:00:00', 'Calle de las flores número 20 puerta C');
INSERT INTO espectaculos VALUES ('espectaculo 21', 'teatro', '1990-02-21', 'productora 21', 'lista participantes 21', 9, '00:18:00', '00:31:00', '00:22:00');
INSERT INTO eventos VALUES ('espectaculo 21', 'teatro', '1990-02-21', 'productora 21', '2022-09-01 18:00:00', 'Calle de las flores número 21 puerta C','Abierto');
INSERT INTO eventos VALUES ('espectaculo 21', 'teatro', '1990-02-21', 'productora 21', '2020-09-01 03:00:00', 'Calle de las flores número 21 puerta C','Abierto');
INSERT INTO gradas VALUES ('grada 1', 'espectaculo 21', 'teatro', '1990-02-21', 'productora 21', '2022-09-01 18:00:00', 'Calle de las flores número 21 puerta C');
INSERT INTO gradas VALUES ('grada 2', 'espectaculo 21', 'teatro', '1990-02-21', 'productora 21', '2022-09-01 18:00:00', 'Calle de las flores número 21 puerta C');
INSERT INTO gradas VALUES ('grada 3', 'espectaculo 21', 'teatro', '1990-02-21', 'productora 21', '2022-09-01 18:00:00', 'Calle de las flores número 21 puerta C');
INSERT INTO espectaculos VALUES ('espectaculo 22', 'entrevista', '2014-11-25', 'productora 22', 'lista participantes 22', 9, '00:13:00', '00:34:00', '00:23:00');
INSERT INTO eventos VALUES ('espectaculo 22', 'entrevista', '2014-11-25', 'productora 22', '2022-09-01 18:00:00', 'Calle de las flores número 22 puerta C','Abierto');
INSERT INTO eventos VALUES ('espectaculo 22', 'entrevista', '2014-11-25', 'productora 22', '2020-09-01 03:00:00', 'Calle de las flores número 22 puerta C','Abierto');
INSERT INTO gradas VALUES ('grada 1', 'espectaculo 22', 'entrevista', '2014-11-25', 'productora 22', '2022-09-01 18:00:00', 'Calle de las flores número 22 puerta C');
INSERT INTO gradas VALUES ('grada 2', 'espectaculo 22', 'entrevista', '2014-11-25', 'productora 22', '2022-09-01 18:00:00', 'Calle de las flores número 22 puerta C');
INSERT INTO gradas VALUES ('grada 3', 'espectaculo 22', 'entrevista', '2014-11-25', 'productora 22', '2022-09-01 18:00:00', 'Calle de las flores número 22 puerta C');
INSERT INTO espectaculos VALUES ('espectaculo 23', 'pelicula', '2007-09-22', 'productora 23', 'lista participantes 23', 7, '00:17:00', '00:39:00', '00:24:00');
INSERT INTO eventos VALUES ('espectaculo 23', 'pelicula', '2007-09-22', 'productora 23', '2022-09-01 18:00:00', 'Calle de las flores número 23 puerta C','Abierto');
INSERT INTO eventos VALUES ('espectaculo 23', 'pelicula', '2007-09-22', 'productora 23', '2020-09-01 03:00:00', 'Calle de las flores número 23 puerta C','Abierto');
INSERT INTO gradas VALUES ('grada 1', 'espectaculo 23', 'pelicula', '2007-09-22', 'productora 23', '2022-09-01 18:00:00', 'Calle de las flores número 23 puerta C');
INSERT INTO gradas VALUES ('grada 2', 'espectaculo 23', 'pelicula', '2007-09-22', 'productora 23', '2022-09-01 18:00:00', 'Calle de las flores número 23 puerta C');
INSERT INTO gradas VALUES ('grada 3', 'espectaculo 23', 'pelicula', '2007-09-22', 'productora 23', '2022-09-01 18:00:00', 'Calle de las flores número 23 puerta C');
INSERT INTO espectaculos VALUES ('espectaculo 24', 'entrevista', '2014-04-21', 'productora 24', 'lista participantes 24', 7, '00:19:00', '00:57:00', '00:24:00');
INSERT INTO eventos VALUES ('espectaculo 24', 'entrevista', '2014-04-21', 'productora 24', '2022-09-01 18:00:00', 'Calle de las flores número 24 puerta C','Abierto');
INSERT INTO eventos VALUES ('espectaculo 24', 'entrevista', '2014-04-21', 'productora 24', '2020-09-01 03:00:00', 'Calle de las flores número 24 puerta C','Abierto');
INSERT INTO gradas VALUES ('grada 1', 'espectaculo 24', 'entrevista', '2014-04-21', 'productora 24', '2022-09-01 18:00:00', 'Calle de las flores número 24 puerta C');
INSERT INTO gradas VALUES ('grada 2', 'espectaculo 24', 'entrevista', '2014-04-21', 'productora 24', '2022-09-01 18:00:00', 'Calle de las flores número 24 puerta C');
INSERT INTO gradas VALUES ('grada 3', 'espectaculo 24', 'entrevista', '2014-04-21', 'productora 24', '2022-09-01 18:00:00', 'Calle de las flores número 24 puerta C');
INSERT INTO espectaculos VALUES ('espectaculo 25', 'teatro', '1992-03-12', 'productora 25', 'lista participantes 25', 1, '00:19:00', '00:41:00', '00:28:00');
INSERT INTO eventos VALUES ('espectaculo 25', 'teatro', '1992-03-12', 'productora 25', '2022-09-01 18:00:00', 'Calle de las flores número 25 puerta C','Abierto');
INSERT INTO eventos VALUES ('espectaculo 25', 'teatro', '1992-03-12', 'productora 25', '2020-09-01 03:00:00', 'Calle de las flores número 25 puerta C','Abierto');
INSERT INTO gradas VALUES ('grada 1', 'espectaculo 25', 'teatro', '1992-03-12', 'productora 25', '2022-09-01 18:00:00', 'Calle de las flores número 25 puerta C');
INSERT INTO gradas VALUES ('grada 2', 'espectaculo 25', 'teatro', '1992-03-12', 'productora 25', '2022-09-01 18:00:00', 'Calle de las flores número 25 puerta C');
INSERT INTO gradas VALUES ('grada 3', 'espectaculo 25', 'teatro', '1992-03-12', 'productora 25', '2022-09-01 18:00:00', 'Calle de las flores número 25 puerta C');
INSERT INTO espectaculos VALUES ('espectaculo 26', 'teatro', '1996-10-18', 'productora 26', 'lista participantes 26', 9, '00:17:00', '00:37:00', '00:25:00');
INSERT INTO eventos VALUES ('espectaculo 26', 'teatro', '1996-10-18', 'productora 26', '2022-09-01 18:00:00', 'Calle de las flores número 26 puerta C','Abierto');
INSERT INTO eventos VALUES ('espectaculo 26', 'teatro', '1996-10-18', 'productora 26', '2020-09-01 03:00:00', 'Calle de las flores número 26 puerta C','Abierto');
INSERT INTO gradas VALUES ('grada 1', 'espectaculo 26', 'teatro', '1996-10-18', 'productora 26', '2022-09-01 18:00:00', 'Calle de las flores número 26 puerta C');
INSERT INTO gradas VALUES ('grada 2', 'espectaculo 26', 'teatro', '1996-10-18', 'productora 26', '2022-09-01 18:00:00', 'Calle de las flores número 26 puerta C');
INSERT INTO gradas VALUES ('grada 3', 'espectaculo 26', 'teatro', '1996-10-18', 'productora 26', '2022-09-01 18:00:00', 'Calle de las flores número 26 puerta C');
INSERT INTO espectaculos VALUES ('espectaculo 27', 'concierto', '2018-04-26', 'productora 27', 'lista participantes 27', 2, '00:13:00', '00:48:00', '00:16:00');
INSERT INTO eventos VALUES ('espectaculo 27', 'concierto', '2018-04-26', 'productora 27', '2022-09-01 18:00:00', 'Calle de las flores número 27 puerta C','Abierto');
INSERT INTO eventos VALUES ('espectaculo 27', 'concierto', '2018-04-26', 'productora 27', '2020-09-01 03:00:00', 'Calle de las flores número 27 puerta C','Abierto');
INSERT INTO gradas VALUES ('grada 1', 'espectaculo 27', 'concierto', '2018-04-26', 'productora 27', '2022-09-01 18:00:00', 'Calle de las flores número 27 puerta C');
INSERT INTO gradas VALUES ('grada 2', 'espectaculo 27', 'concierto', '2018-04-26', 'productora 27', '2022-09-01 18:00:00', 'Calle de las flores número 27 puerta C');
INSERT INTO gradas VALUES ('grada 3', 'espectaculo 27', 'concierto', '2018-04-26', 'productora 27', '2022-09-01 18:00:00', 'Calle de las flores número 27 puerta C');
INSERT INTO espectaculos VALUES ('espectaculo 28', 'concierto', '2015-02-18', 'productora 28', 'lista participantes 28', 4, '00:13:00', '00:17:00', '00:15:00');
INSERT INTO eventos VALUES ('espectaculo 28', 'concierto', '2015-02-18', 'productora 28', '2022-09-01 18:00:00', 'Calle de las flores número 28 puerta C','Abierto');
INSERT INTO eventos VALUES ('espectaculo 28', 'concierto', '2015-02-18', 'productora 28', '2020-09-01 03:00:00', 'Calle de las flores número 28 puerta C','Abierto');
INSERT INTO gradas VALUES ('grada 1', 'espectaculo 28', 'concierto', '2015-02-18', 'productora 28', '2022-09-01 18:00:00', 'Calle de las flores número 28 puerta C');
INSERT INTO gradas VALUES ('grada 2', 'espectaculo 28', 'concierto', '2015-02-18', 'productora 28', '2022-09-01 18:00:00', 'Calle de las flores número 28 puerta C');
INSERT INTO gradas VALUES ('grada 3', 'espectaculo 28', 'concierto', '2015-02-18', 'productora 28', '2022-09-01 18:00:00', 'Calle de las flores número 28 puerta C');
INSERT INTO espectaculos VALUES ('espectaculo 29', 'entrevista', '1992-10-02', 'productora 29', 'lista participantes 29', 9, '00:13:00', '00:22:00', '00:21:00');
INSERT INTO eventos VALUES ('espectaculo 29', 'entrevista', '1992-10-02', 'productora 29', '2022-09-01 18:00:00', 'Calle de las flores número 29 puerta C','Abierto');
INSERT INTO eventos VALUES ('espectaculo 29', 'entrevista', '1992-10-02', 'productora 29', '2020-09-01 03:00:00', 'Calle de las flores número 29 puerta C','Abierto');
INSERT INTO gradas VALUES ('grada 1', 'espectaculo 29', 'entrevista', '1992-10-02', 'productora 29', '2022-09-01 18:00:00', 'Calle de las flores número 29 puerta C');
INSERT INTO gradas VALUES ('grada 2', 'espectaculo 29', 'entrevista', '1992-10-02', 'productora 29', '2022-09-01 18:00:00', 'Calle de las flores número 29 puerta C');
INSERT INTO gradas VALUES ('grada 3', 'espectaculo 29', 'entrevista', '1992-10-02', 'productora 29', '2022-09-01 18:00:00', 'Calle de las flores número 29 puerta C');
INSERT INTO espectaculos VALUES ('espectaculo 30', 'pelicula', '2003-11-21', 'productora 30', 'lista participantes 30', 6, '00:17:00', '00:55:00', '00:20:00');
INSERT INTO eventos VALUES ('espectaculo 30', 'pelicula', '2003-11-21', 'productora 30', '2022-09-01 18:00:00', 'Calle de las flores número 30 puerta C','Abierto');
INSERT INTO eventos VALUES ('espectaculo 30', 'pelicula', '2003-11-21', 'productora 30', '2020-09-01 03:00:00', 'Calle de las flores número 30 puerta C','Abierto');
INSERT INTO gradas VALUES ('grada 1', 'espectaculo 30', 'pelicula', '2003-11-21', 'productora 30', '2022-09-01 18:00:00', 'Calle de las flores número 30 puerta C');
INSERT INTO gradas VALUES ('grada 2', 'espectaculo 30', 'pelicula', '2003-11-21', 'productora 30', '2022-09-01 18:00:00', 'Calle de las flores número 30 puerta C');
INSERT INTO gradas VALUES ('grada 3', 'espectaculo 30', 'pelicula', '2003-11-21', 'productora 30', '2022-09-01 18:00:00', 'Calle de las flores número 30 puerta C');
INSERT INTO espectaculos VALUES ('espectaculo 31', 'pelicula', '2010-05-08', 'productora 31', 'lista participantes 31', 9, '00:11:00', '00:19:00', '00:26:00');
INSERT INTO eventos VALUES ('espectaculo 31', 'pelicula', '2010-05-08', 'productora 31', '2022-09-01 18:00:00', 'Calle de las flores número 31 puerta C','Abierto');
INSERT INTO eventos VALUES ('espectaculo 31', 'pelicula', '2010-05-08', 'productora 31', '2020-09-01 03:00:00', 'Calle de las flores número 31 puerta C','Abierto');
INSERT INTO gradas VALUES ('grada 1', 'espectaculo 31', 'pelicula', '2010-05-08', 'productora 31', '2022-09-01 18:00:00', 'Calle de las flores número 31 puerta C');
INSERT INTO gradas VALUES ('grada 2', 'espectaculo 31', 'pelicula', '2010-05-08', 'productora 31', '2022-09-01 18:00:00', 'Calle de las flores número 31 puerta C');
INSERT INTO gradas VALUES ('grada 3', 'espectaculo 31', 'pelicula', '2010-05-08', 'productora 31', '2022-09-01 18:00:00', 'Calle de las flores número 31 puerta C');
INSERT INTO espectaculos VALUES ('espectaculo 32', 'teatro', '1997-01-15', 'productora 32', 'lista participantes 32', 8, '00:19:00', '00:25:00', '00:19:00');
INSERT INTO eventos VALUES ('espectaculo 32', 'teatro', '1997-01-15', 'productora 32', '2022-09-01 18:00:00', 'Calle de las flores número 32 puerta C','Abierto');
INSERT INTO eventos VALUES ('espectaculo 32', 'teatro', '1997-01-15', 'productora 32', '2020-09-01 03:00:00', 'Calle de las flores número 32 puerta C','Abierto');
INSERT INTO gradas VALUES ('grada 1', 'espectaculo 32', 'teatro', '1997-01-15', 'productora 32', '2022-09-01 18:00:00', 'Calle de las flores número 32 puerta C');
INSERT INTO gradas VALUES ('grada 2', 'espectaculo 32', 'teatro', '1997-01-15', 'productora 32', '2022-09-01 18:00:00', 'Calle de las flores número 32 puerta C');
INSERT INTO gradas VALUES ('grada 3', 'espectaculo 32', 'teatro', '1997-01-15', 'productora 32', '2022-09-01 18:00:00', 'Calle de las flores número 32 puerta C');
INSERT INTO espectaculos VALUES ('espectaculo 33', 'pelicula', '1990-02-07', 'productora 33', 'lista participantes 33', 1, '00:13:00', '00:57:00', '00:16:00');
INSERT INTO eventos VALUES ('espectaculo 33', 'pelicula', '1990-02-07', 'productora 33', '2022-09-01 18:00:00', 'Calle de las flores número 33 puerta C','Abierto');
INSERT INTO eventos VALUES ('espectaculo 33', 'pelicula', '1990-02-07', 'productora 33', '2020-09-01 03:00:00', 'Calle de las flores número 33 puerta C','Abierto');
INSERT INTO gradas VALUES ('grada 1', 'espectaculo 33', 'pelicula', '1990-02-07', 'productora 33', '2022-09-01 18:00:00', 'Calle de las flores número 33 puerta C');
INSERT INTO gradas VALUES ('grada 2', 'espectaculo 33', 'pelicula', '1990-02-07', 'productora 33', '2022-09-01 18:00:00', 'Calle de las flores número 33 puerta C');
INSERT INTO gradas VALUES ('grada 3', 'espectaculo 33', 'pelicula', '1990-02-07', 'productora 33', '2022-09-01 18:00:00', 'Calle de las flores número 33 puerta C');
INSERT INTO espectaculos VALUES ('espectaculo 34', 'deportivo', '2005-09-25', 'productora 34', 'lista participantes 34', 8, '00:12:00', '00:30:00', '00:25:00');
INSERT INTO eventos VALUES ('espectaculo 34', 'deportivo', '2005-09-25', 'productora 34', '2022-09-01 18:00:00', 'Calle de las flores número 34 puerta C','Abierto');
INSERT INTO eventos VALUES ('espectaculo 34', 'deportivo', '2005-09-25', 'productora 34', '2020-09-01 03:00:00', 'Calle de las flores número 34 puerta C','Abierto');
INSERT INTO gradas VALUES ('grada 1', 'espectaculo 34', 'deportivo', '2005-09-25', 'productora 34', '2022-09-01 18:00:00', 'Calle de las flores número 34 puerta C');
INSERT INTO gradas VALUES ('grada 2', 'espectaculo 34', 'deportivo', '2005-09-25', 'productora 34', '2022-09-01 18:00:00', 'Calle de las flores número 34 puerta C');
INSERT INTO gradas VALUES ('grada 3', 'espectaculo 34', 'deportivo', '2005-09-25', 'productora 34', '2022-09-01 18:00:00', 'Calle de las flores número 34 puerta C');
INSERT INTO espectaculos VALUES ('espectaculo 35', 'entrevista', '1986-09-22', 'productora 35', 'lista participantes 35', 8, '00:10:00', '00:32:00', '00:21:00');
INSERT INTO eventos VALUES ('espectaculo 35', 'entrevista', '1986-09-22', 'productora 35', '2022-09-01 18:00:00', 'Calle de las flores número 35 puerta C','Abierto');
INSERT INTO eventos VALUES ('espectaculo 35', 'entrevista', '1986-09-22', 'productora 35', '2020-09-01 03:00:00', 'Calle de las flores número 35 puerta C','Abierto');
INSERT INTO gradas VALUES ('grada 1', 'espectaculo 35', 'entrevista', '1986-09-22', 'productora 35', '2022-09-01 18:00:00', 'Calle de las flores número 35 puerta C');
INSERT INTO gradas VALUES ('grada 2', 'espectaculo 35', 'entrevista', '1986-09-22', 'productora 35', '2022-09-01 18:00:00', 'Calle de las flores número 35 puerta C');
INSERT INTO gradas VALUES ('grada 3', 'espectaculo 35', 'entrevista', '1986-09-22', 'productora 35', '2022-09-01 18:00:00', 'Calle de las flores número 35 puerta C');
INSERT INTO espectaculos VALUES ('espectaculo 36', 'deportivo', '2002-02-03', 'productora 36', 'lista participantes 36', 4, '00:17:00', '00:43:00', '00:24:00');
INSERT INTO eventos VALUES ('espectaculo 36', 'deportivo', '2002-02-03', 'productora 36', '2022-09-01 18:00:00', 'Calle de las flores número 36 puerta C','Abierto');
INSERT INTO eventos VALUES ('espectaculo 36', 'deportivo', '2002-02-03', 'productora 36', '2020-09-01 03:00:00', 'Calle de las flores número 36 puerta C','Abierto');
INSERT INTO gradas VALUES ('grada 1', 'espectaculo 36', 'deportivo', '2002-02-03', 'productora 36', '2022-09-01 18:00:00', 'Calle de las flores número 36 puerta C');
INSERT INTO gradas VALUES ('grada 2', 'espectaculo 36', 'deportivo', '2002-02-03', 'productora 36', '2022-09-01 18:00:00', 'Calle de las flores número 36 puerta C');
INSERT INTO gradas VALUES ('grada 3', 'espectaculo 36', 'deportivo', '2002-02-03', 'productora 36', '2022-09-01 18:00:00', 'Calle de las flores número 36 puerta C');
INSERT INTO espectaculos VALUES ('espectaculo 37', 'entrevista', '2016-08-18', 'productora 37', 'lista participantes 37', 1, '00:19:00', '00:20:00', '00:15:00');
INSERT INTO eventos VALUES ('espectaculo 37', 'entrevista', '2016-08-18', 'productora 37', '2022-09-01 18:00:00', 'Calle de las flores número 37 puerta C','Abierto');
INSERT INTO eventos VALUES ('espectaculo 37', 'entrevista', '2016-08-18', 'productora 37', '2020-09-01 03:00:00', 'Calle de las flores número 37 puerta C','Abierto');
INSERT INTO gradas VALUES ('grada 1', 'espectaculo 37', 'entrevista', '2016-08-18', 'productora 37', '2022-09-01 18:00:00', 'Calle de las flores número 37 puerta C');
INSERT INTO gradas VALUES ('grada 2', 'espectaculo 37', 'entrevista', '2016-08-18', 'productora 37', '2022-09-01 18:00:00', 'Calle de las flores número 37 puerta C');
INSERT INTO gradas VALUES ('grada 3', 'espectaculo 37', 'entrevista', '2016-08-18', 'productora 37', '2022-09-01 18:00:00', 'Calle de las flores número 37 puerta C');
INSERT INTO espectaculos VALUES ('espectaculo 38', 'entrevista', '1988-01-07', 'productora 38', 'lista participantes 38', 1, '00:10:00', '00:28:00', '00:20:00');
INSERT INTO eventos VALUES ('espectaculo 38', 'entrevista', '1988-01-07', 'productora 38', '2022-09-01 18:00:00', 'Calle de las flores número 38 puerta C','Abierto');
INSERT INTO eventos VALUES ('espectaculo 38', 'entrevista', '1988-01-07', 'productora 38', '2020-09-01 03:00:00', 'Calle de las flores número 38 puerta C','Abierto');
INSERT INTO gradas VALUES ('grada 1', 'espectaculo 38', 'entrevista', '1988-01-07', 'productora 38', '2022-09-01 18:00:00', 'Calle de las flores número 38 puerta C');
INSERT INTO gradas VALUES ('grada 2', 'espectaculo 38', 'entrevista', '1988-01-07', 'productora 38', '2022-09-01 18:00:00', 'Calle de las flores número 38 puerta C');
INSERT INTO gradas VALUES ('grada 3', 'espectaculo 38', 'entrevista', '1988-01-07', 'productora 38', '2022-09-01 18:00:00', 'Calle de las flores número 38 puerta C');
INSERT INTO espectaculos VALUES ('espectaculo 39', 'concierto', '2004-04-06', 'productora 39', 'lista participantes 39', 4, '00:15:00', '00:48:00', '00:23:00');
INSERT INTO eventos VALUES ('espectaculo 39', 'concierto', '2004-04-06', 'productora 39', '2022-09-01 18:00:00', 'Calle de las flores número 39 puerta C','Abierto');
INSERT INTO eventos VALUES ('espectaculo 39', 'concierto', '2004-04-06', 'productora 39', '2020-09-01 03:00:00', 'Calle de las flores número 39 puerta C','Abierto');
INSERT INTO gradas VALUES ('grada 1', 'espectaculo 39', 'concierto', '2004-04-06', 'productora 39', '2022-09-01 18:00:00', 'Calle de las flores número 39 puerta C');
INSERT INTO gradas VALUES ('grada 2', 'espectaculo 39', 'concierto', '2004-04-06', 'productora 39', '2022-09-01 18:00:00', 'Calle de las flores número 39 puerta C');
INSERT INTO gradas VALUES ('grada 3', 'espectaculo 39', 'concierto', '2004-04-06', 'productora 39', '2022-09-01 18:00:00', 'Calle de las flores número 39 puerta C');
INSERT INTO espectaculos VALUES ('espectaculo 40', 'teatro', '1999-11-14', 'productora 40', 'lista participantes 40', 6, '00:18:00', '00:39:00', '00:17:00');
INSERT INTO eventos VALUES ('espectaculo 40', 'teatro', '1999-11-14', 'productora 40', '2022-09-01 18:00:00', 'Calle de las flores número 40 puerta C','Abierto');
INSERT INTO eventos VALUES ('espectaculo 40', 'teatro', '1999-11-14', 'productora 40', '2020-09-01 03:00:00', 'Calle de las flores número 40 puerta C','Abierto');
INSERT INTO gradas VALUES ('grada 1', 'espectaculo 40', 'teatro', '1999-11-14', 'productora 40', '2022-09-01 18:00:00', 'Calle de las flores número 40 puerta C');
INSERT INTO gradas VALUES ('grada 2', 'espectaculo 40', 'teatro', '1999-11-14', 'productora 40', '2022-09-01 18:00:00', 'Calle de las flores número 40 puerta C');
INSERT INTO gradas VALUES ('grada 3', 'espectaculo 40', 'teatro', '1999-11-14', 'productora 40', '2022-09-01 18:00:00', 'Calle de las flores número 40 puerta C');
INSERT INTO espectaculos VALUES ('espectaculo 41', 'teatro', '2004-05-25', 'productora 41', 'lista participantes 41', 7, '00:17:00', '00:42:00', '00:15:00');
INSERT INTO eventos VALUES ('espectaculo 41', 'teatro', '2004-05-25', 'productora 41', '2022-09-01 18:00:00', 'Calle de las flores número 41 puerta C','Abierto');
INSERT INTO eventos VALUES ('espectaculo 41', 'teatro', '2004-05-25', 'productora 41', '2020-09-01 03:00:00', 'Calle de las flores número 41 puerta C','Abierto');
INSERT INTO gradas VALUES ('grada 1', 'espectaculo 41', 'teatro', '2004-05-25', 'productora 41', '2022-09-01 18:00:00', 'Calle de las flores número 41 puerta C');
INSERT INTO gradas VALUES ('grada 2', 'espectaculo 41', 'teatro', '2004-05-25', 'productora 41', '2022-09-01 18:00:00', 'Calle de las flores número 41 puerta C');
INSERT INTO gradas VALUES ('grada 3', 'espectaculo 41', 'teatro', '2004-05-25', 'productora 41', '2022-09-01 18:00:00', 'Calle de las flores número 41 puerta C');
INSERT INTO espectaculos VALUES ('espectaculo 42', 'pelicula', '1986-05-16', 'productora 42', 'lista participantes 42', 5, '00:12:00', '00:32:00', '00:22:00');
INSERT INTO eventos VALUES ('espectaculo 42', 'pelicula', '1986-05-16', 'productora 42', '2022-09-01 18:00:00', 'Calle de las flores número 42 puerta C','Abierto');
INSERT INTO eventos VALUES ('espectaculo 42', 'pelicula', '1986-05-16', 'productora 42', '2020-09-01 03:00:00', 'Calle de las flores número 42 puerta C','Abierto');
INSERT INTO gradas VALUES ('grada 1', 'espectaculo 42', 'pelicula', '1986-05-16', 'productora 42', '2022-09-01 18:00:00', 'Calle de las flores número 42 puerta C');
INSERT INTO gradas VALUES ('grada 2', 'espectaculo 42', 'pelicula', '1986-05-16', 'productora 42', '2022-09-01 18:00:00', 'Calle de las flores número 42 puerta C');
INSERT INTO gradas VALUES ('grada 3', 'espectaculo 42', 'pelicula', '1986-05-16', 'productora 42', '2022-09-01 18:00:00', 'Calle de las flores número 42 puerta C');
INSERT INTO espectaculos VALUES ('espectaculo 43', 'entrevista', '1985-01-18', 'productora 43', 'lista participantes 43', 4, '00:15:00', '00:42:00', '00:28:00');
INSERT INTO eventos VALUES ('espectaculo 43', 'entrevista', '1985-01-18', 'productora 43', '2022-09-01 18:00:00', 'Calle de las flores número 43 puerta C','Abierto');
INSERT INTO eventos VALUES ('espectaculo 43', 'entrevista', '1985-01-18', 'productora 43', '2020-09-01 03:00:00', 'Calle de las flores número 43 puerta C','Abierto');
INSERT INTO gradas VALUES ('grada 1', 'espectaculo 43', 'entrevista', '1985-01-18', 'productora 43', '2022-09-01 18:00:00', 'Calle de las flores número 43 puerta C');
INSERT INTO gradas VALUES ('grada 2', 'espectaculo 43', 'entrevista', '1985-01-18', 'productora 43', '2022-09-01 18:00:00', 'Calle de las flores número 43 puerta C');
INSERT INTO gradas VALUES ('grada 3', 'espectaculo 43', 'entrevista', '1985-01-18', 'productora 43', '2022-09-01 18:00:00', 'Calle de las flores número 43 puerta C');
INSERT INTO espectaculos VALUES ('espectaculo 44', 'pelicula', '2014-11-04', 'productora 44', 'lista participantes 44', 9, '00:13:00', '00:53:00', '00:20:00');
INSERT INTO eventos VALUES ('espectaculo 44', 'pelicula', '2014-11-04', 'productora 44', '2022-09-01 18:00:00', 'Calle de las flores número 44 puerta C','Abierto');
INSERT INTO eventos VALUES ('espectaculo 44', 'pelicula', '2014-11-04', 'productora 44', '2020-09-01 03:00:00', 'Calle de las flores número 44 puerta C','Abierto');
INSERT INTO gradas VALUES ('grada 1', 'espectaculo 44', 'pelicula', '2014-11-04', 'productora 44', '2022-09-01 18:00:00', 'Calle de las flores número 44 puerta C');
INSERT INTO gradas VALUES ('grada 2', 'espectaculo 44', 'pelicula', '2014-11-04', 'productora 44', '2022-09-01 18:00:00', 'Calle de las flores número 44 puerta C');
INSERT INTO gradas VALUES ('grada 3', 'espectaculo 44', 'pelicula', '2014-11-04', 'productora 44', '2022-09-01 18:00:00', 'Calle de las flores número 44 puerta C');
INSERT INTO espectaculos VALUES ('espectaculo 45', 'teatro', '1999-07-12', 'productora 45', 'lista participantes 45', 4, '00:14:00', '00:58:00', '00:23:00');
INSERT INTO eventos VALUES ('espectaculo 45', 'teatro', '1999-07-12', 'productora 45', '2022-09-01 18:00:00', 'Calle de las flores número 45 puerta C','Abierto');
INSERT INTO eventos VALUES ('espectaculo 45', 'teatro', '1999-07-12', 'productora 45', '2020-09-01 03:00:00', 'Calle de las flores número 45 puerta C','Abierto');
INSERT INTO gradas VALUES ('grada 1', 'espectaculo 45', 'teatro', '1999-07-12', 'productora 45', '2022-09-01 18:00:00', 'Calle de las flores número 45 puerta C');
INSERT INTO gradas VALUES ('grada 2', 'espectaculo 45', 'teatro', '1999-07-12', 'productora 45', '2022-09-01 18:00:00', 'Calle de las flores número 45 puerta C');
INSERT INTO gradas VALUES ('grada 3', 'espectaculo 45', 'teatro', '1999-07-12', 'productora 45', '2022-09-01 18:00:00', 'Calle de las flores número 45 puerta C');
INSERT INTO espectaculos VALUES ('espectaculo 46', 'entrevista', '1990-06-03', 'productora 46', 'lista participantes 46', 1, '00:15:00', '00:50:00', '00:15:00');
INSERT INTO eventos VALUES ('espectaculo 46', 'entrevista', '1990-06-03', 'productora 46', '2022-09-01 18:00:00', 'Calle de las flores número 46 puerta C','Abierto');
INSERT INTO eventos VALUES ('espectaculo 46', 'entrevista', '1990-06-03', 'productora 46', '2020-09-01 03:00:00', 'Calle de las flores número 46 puerta C','Abierto');
INSERT INTO gradas VALUES ('grada 1', 'espectaculo 46', 'entrevista', '1990-06-03', 'productora 46', '2022-09-01 18:00:00', 'Calle de las flores número 46 puerta C');
INSERT INTO gradas VALUES ('grada 2', 'espectaculo 46', 'entrevista', '1990-06-03', 'productora 46', '2022-09-01 18:00:00', 'Calle de las flores número 46 puerta C');
INSERT INTO gradas VALUES ('grada 3', 'espectaculo 46', 'entrevista', '1990-06-03', 'productora 46', '2022-09-01 18:00:00', 'Calle de las flores número 46 puerta C');
INSERT INTO espectaculos VALUES ('espectaculo 47', 'pelicula', '2003-02-05', 'productora 47', 'lista participantes 47', 9, '00:18:00', '00:43:00', '00:23:00');
INSERT INTO eventos VALUES ('espectaculo 47', 'pelicula', '2003-02-05', 'productora 47', '2022-09-01 18:00:00', 'Calle de las flores número 47 puerta C','Abierto');
INSERT INTO eventos VALUES ('espectaculo 47', 'pelicula', '2003-02-05', 'productora 47', '2020-09-01 03:00:00', 'Calle de las flores número 47 puerta C','Abierto');
INSERT INTO gradas VALUES ('grada 1', 'espectaculo 47', 'pelicula', '2003-02-05', 'productora 47', '2022-09-01 18:00:00', 'Calle de las flores número 47 puerta C');
INSERT INTO gradas VALUES ('grada 2', 'espectaculo 47', 'pelicula', '2003-02-05', 'productora 47', '2022-09-01 18:00:00', 'Calle de las flores número 47 puerta C');
INSERT INTO gradas VALUES ('grada 3', 'espectaculo 47', 'pelicula', '2003-02-05', 'productora 47', '2022-09-01 18:00:00', 'Calle de las flores número 47 puerta C');
INSERT INTO espectaculos VALUES ('espectaculo 48', 'pelicula', '2003-11-24', 'productora 48', 'lista participantes 48', 4, '00:15:00', '00:22:00', '00:26:00');
INSERT INTO eventos VALUES ('espectaculo 48', 'pelicula', '2003-11-24', 'productora 48', '2022-09-01 18:00:00', 'Calle de las flores número 48 puerta C','Abierto');
INSERT INTO eventos VALUES ('espectaculo 48', 'pelicula', '2003-11-24', 'productora 48', '2020-09-01 03:00:00', 'Calle de las flores número 48 puerta C','Abierto');
INSERT INTO gradas VALUES ('grada 1', 'espectaculo 48', 'pelicula', '2003-11-24', 'productora 48', '2022-09-01 18:00:00', 'Calle de las flores número 48 puerta C');
INSERT INTO gradas VALUES ('grada 2', 'espectaculo 48', 'pelicula', '2003-11-24', 'productora 48', '2022-09-01 18:00:00', 'Calle de las flores número 48 puerta C');
INSERT INTO gradas VALUES ('grada 3', 'espectaculo 48', 'pelicula', '2003-11-24', 'productora 48', '2022-09-01 18:00:00', 'Calle de las flores número 48 puerta C');
INSERT INTO espectaculos VALUES ('espectaculo 49', 'deportivo', '1999-05-20', 'productora 49', 'lista participantes 49', 5, '00:19:00', '00:16:00', '00:22:00');
INSERT INTO eventos VALUES ('espectaculo 49', 'deportivo', '1999-05-20', 'productora 49', '2022-09-01 18:00:00', 'Calle de las flores número 49 puerta C','Abierto');
INSERT INTO eventos VALUES ('espectaculo 49', 'deportivo', '1999-05-20', 'productora 49', '2020-09-01 03:00:00', 'Calle de las flores número 49 puerta C','Abierto');
INSERT INTO gradas VALUES ('grada 1', 'espectaculo 49', 'deportivo', '1999-05-20', 'productora 49', '2022-09-01 18:00:00', 'Calle de las flores número 49 puerta C');
INSERT INTO gradas VALUES ('grada 2', 'espectaculo 49', 'deportivo', '1999-05-20', 'productora 49', '2022-09-01 18:00:00', 'Calle de las flores número 49 puerta C');
INSERT INTO gradas VALUES ('grada 3', 'espectaculo 49', 'deportivo', '1999-05-20', 'productora 49', '2022-09-01 18:00:00', 'Calle de las flores número 49 puerta C');
INSERT INTO espectaculos VALUES ('espectaculo 50', 'concierto', '1999-05-19', 'productora 50', 'lista participantes 50', 3, '00:16:00', '00:24:00', '00:23:00');
INSERT INTO eventos VALUES ('espectaculo 50', 'concierto', '1999-05-19', 'productora 50', '2022-09-01 18:00:00', 'Calle de las flores número 50 puerta C','Abierto');
INSERT INTO eventos VALUES ('espectaculo 50', 'concierto', '1999-05-19', 'productora 50', '2020-09-01 03:00:00', 'Calle de las flores número 50 puerta C','Abierto');
INSERT INTO gradas VALUES ('grada 1', 'espectaculo 50', 'concierto', '1999-05-19', 'productora 50', '2022-09-01 18:00:00', 'Calle de las flores número 50 puerta C');
INSERT INTO gradas VALUES ('grada 2', 'espectaculo 50', 'concierto', '1999-05-19', 'productora 50', '2022-09-01 18:00:00', 'Calle de las flores número 50 puerta C');
INSERT INTO gradas VALUES ('grada 3', 'espectaculo 50', 'concierto', '1999-05-19', 'productora 50', '2022-09-01 18:00:00', 'Calle de las flores número 50 puerta C');
INSERT INTO espectaculos VALUES ('espectaculo 51', 'entrevista', '2018-03-14', 'productora 51', 'lista participantes 51', 2, '00:14:00', '00:57:00', '00:21:00');
INSERT INTO eventos VALUES ('espectaculo 51', 'entrevista', '2018-03-14', 'productora 51', '2022-09-01 18:00:00', 'Calle de las flores número 51 puerta C','Abierto');
INSERT INTO eventos VALUES ('espectaculo 51', 'entrevista', '2018-03-14', 'productora 51', '2020-09-01 03:00:00', 'Calle de las flores número 51 puerta C','Abierto');
INSERT INTO gradas VALUES ('grada 1', 'espectaculo 51', 'entrevista', '2018-03-14', 'productora 51', '2022-09-01 18:00:00', 'Calle de las flores número 51 puerta C');
INSERT INTO gradas VALUES ('grada 2', 'espectaculo 51', 'entrevista', '2018-03-14', 'productora 51', '2022-09-01 18:00:00', 'Calle de las flores número 51 puerta C');
INSERT INTO gradas VALUES ('grada 3', 'espectaculo 51', 'entrevista', '2018-03-14', 'productora 51', '2022-09-01 18:00:00', 'Calle de las flores número 51 puerta C');
INSERT INTO espectaculos VALUES ('espectaculo 52', 'entrevista', '1994-04-20', 'productora 52', 'lista participantes 52', 5, '00:11:00', '00:47:00', '00:26:00');
INSERT INTO eventos VALUES ('espectaculo 52', 'entrevista', '1994-04-20', 'productora 52', '2022-09-01 18:00:00', 'Calle de las flores número 52 puerta C','Abierto');
INSERT INTO eventos VALUES ('espectaculo 52', 'entrevista', '1994-04-20', 'productora 52', '2020-09-01 03:00:00', 'Calle de las flores número 52 puerta C','Abierto');
INSERT INTO gradas VALUES ('grada 1', 'espectaculo 52', 'entrevista', '1994-04-20', 'productora 52', '2022-09-01 18:00:00', 'Calle de las flores número 52 puerta C');
INSERT INTO gradas VALUES ('grada 2', 'espectaculo 52', 'entrevista', '1994-04-20', 'productora 52', '2022-09-01 18:00:00', 'Calle de las flores número 52 puerta C');
INSERT INTO gradas VALUES ('grada 3', 'espectaculo 52', 'entrevista', '1994-04-20', 'productora 52', '2022-09-01 18:00:00', 'Calle de las flores número 52 puerta C');
INSERT INTO espectaculos VALUES ('espectaculo 53', 'concierto', '2013-05-21', 'productora 53', 'lista participantes 53', 7, '00:10:00', '00:20:00', '00:21:00');
INSERT INTO eventos VALUES ('espectaculo 53', 'concierto', '2013-05-21', 'productora 53', '2022-09-01 18:00:00', 'Calle de las flores número 53 puerta C','Abierto');
INSERT INTO eventos VALUES ('espectaculo 53', 'concierto', '2013-05-21', 'productora 53', '2020-09-01 03:00:00', 'Calle de las flores número 53 puerta C','Abierto');
INSERT INTO gradas VALUES ('grada 1', 'espectaculo 53', 'concierto', '2013-05-21', 'productora 53', '2022-09-01 18:00:00', 'Calle de las flores número 53 puerta C');
INSERT INTO gradas VALUES ('grada 2', 'espectaculo 53', 'concierto', '2013-05-21', 'productora 53', '2022-09-01 18:00:00', 'Calle de las flores número 53 puerta C');
INSERT INTO gradas VALUES ('grada 3', 'espectaculo 53', 'concierto', '2013-05-21', 'productora 53', '2022-09-01 18:00:00', 'Calle de las flores número 53 puerta C');
INSERT INTO espectaculos VALUES ('espectaculo 54', 'entrevista', '1991-03-21', 'productora 54', 'lista participantes 54', 3, '00:18:00', '00:23:00', '00:27:00');
INSERT INTO eventos VALUES ('espectaculo 54', 'entrevista', '1991-03-21', 'productora 54', '2022-09-01 18:00:00', 'Calle de las flores número 54 puerta C','Abierto');
INSERT INTO eventos VALUES ('espectaculo 54', 'entrevista', '1991-03-21', 'productora 54', '2020-09-01 03:00:00', 'Calle de las flores número 54 puerta C','Abierto');
INSERT INTO gradas VALUES ('grada 1', 'espectaculo 54', 'entrevista', '1991-03-21', 'productora 54', '2022-09-01 18:00:00', 'Calle de las flores número 54 puerta C');
INSERT INTO gradas VALUES ('grada 2', 'espectaculo 54', 'entrevista', '1991-03-21', 'productora 54', '2022-09-01 18:00:00', 'Calle de las flores número 54 puerta C');
INSERT INTO gradas VALUES ('grada 3', 'espectaculo 54', 'entrevista', '1991-03-21', 'productora 54', '2022-09-01 18:00:00', 'Calle de las flores número 54 puerta C');
INSERT INTO espectaculos VALUES ('espectaculo 55', 'concierto', '2018-03-14', 'productora 55', 'lista participantes 55', 4, '00:19:00', '00:38:00', '00:19:00');
INSERT INTO eventos VALUES ('espectaculo 55', 'concierto', '2018-03-14', 'productora 55', '2022-09-01 18:00:00', 'Calle de las flores número 55 puerta C','Abierto');
INSERT INTO eventos VALUES ('espectaculo 55', 'concierto', '2018-03-14', 'productora 55', '2020-09-01 03:00:00', 'Calle de las flores número 55 puerta C','Abierto');
INSERT INTO gradas VALUES ('grada 1', 'espectaculo 55', 'concierto', '2018-03-14', 'productora 55', '2022-09-01 18:00:00', 'Calle de las flores número 55 puerta C');
INSERT INTO gradas VALUES ('grada 2', 'espectaculo 55', 'concierto', '2018-03-14', 'productora 55', '2022-09-01 18:00:00', 'Calle de las flores número 55 puerta C');
INSERT INTO gradas VALUES ('grada 3', 'espectaculo 55', 'concierto', '2018-03-14', 'productora 55', '2022-09-01 18:00:00', 'Calle de las flores número 55 puerta C');
INSERT INTO espectaculos VALUES ('espectaculo 56', 'deportivo', '1991-03-13', 'productora 56', 'lista participantes 56', 4, '00:12:00', '00:53:00', '00:17:00');
INSERT INTO eventos VALUES ('espectaculo 56', 'deportivo', '1991-03-13', 'productora 56', '2022-09-01 18:00:00', 'Calle de las flores número 56 puerta C','Abierto');
INSERT INTO eventos VALUES ('espectaculo 56', 'deportivo', '1991-03-13', 'productora 56', '2020-09-01 03:00:00', 'Calle de las flores número 56 puerta C','Abierto');
INSERT INTO gradas VALUES ('grada 1', 'espectaculo 56', 'deportivo', '1991-03-13', 'productora 56', '2022-09-01 18:00:00', 'Calle de las flores número 56 puerta C');
INSERT INTO gradas VALUES ('grada 2', 'espectaculo 56', 'deportivo', '1991-03-13', 'productora 56', '2022-09-01 18:00:00', 'Calle de las flores número 56 puerta C');
INSERT INTO gradas VALUES ('grada 3', 'espectaculo 56', 'deportivo', '1991-03-13', 'productora 56', '2022-09-01 18:00:00', 'Calle de las flores número 56 puerta C');
INSERT INTO espectaculos VALUES ('espectaculo 57', 'pelicula', '1990-08-02', 'productora 57', 'lista participantes 57', 3, '00:12:00', '00:16:00', '00:25:00');
INSERT INTO eventos VALUES ('espectaculo 57', 'pelicula', '1990-08-02', 'productora 57', '2022-09-01 18:00:00', 'Calle de las flores número 57 puerta C','Abierto');
INSERT INTO eventos VALUES ('espectaculo 57', 'pelicula', '1990-08-02', 'productora 57', '2020-09-01 03:00:00', 'Calle de las flores número 57 puerta C','Abierto');
INSERT INTO gradas VALUES ('grada 1', 'espectaculo 57', 'pelicula', '1990-08-02', 'productora 57', '2022-09-01 18:00:00', 'Calle de las flores número 57 puerta C');
INSERT INTO gradas VALUES ('grada 2', 'espectaculo 57', 'pelicula', '1990-08-02', 'productora 57', '2022-09-01 18:00:00', 'Calle de las flores número 57 puerta C');
INSERT INTO gradas VALUES ('grada 3', 'espectaculo 57', 'pelicula', '1990-08-02', 'productora 57', '2022-09-01 18:00:00', 'Calle de las flores número 57 puerta C');
INSERT INTO espectaculos VALUES ('espectaculo 58', 'deportivo', '2002-08-24', 'productora 58', 'lista participantes 58', 4, '00:12:00', '00:48:00', '00:19:00');
INSERT INTO eventos VALUES ('espectaculo 58', 'deportivo', '2002-08-24', 'productora 58', '2022-09-01 18:00:00', 'Calle de las flores número 58 puerta C','Abierto');
INSERT INTO eventos VALUES ('espectaculo 58', 'deportivo', '2002-08-24', 'productora 58', '2020-09-01 03:00:00', 'Calle de las flores número 58 puerta C','Abierto');
INSERT INTO gradas VALUES ('grada 1', 'espectaculo 58', 'deportivo', '2002-08-24', 'productora 58', '2022-09-01 18:00:00', 'Calle de las flores número 58 puerta C');
INSERT INTO gradas VALUES ('grada 2', 'espectaculo 58', 'deportivo', '2002-08-24', 'productora 58', '2022-09-01 18:00:00', 'Calle de las flores número 58 puerta C');
INSERT INTO gradas VALUES ('grada 3', 'espectaculo 58', 'deportivo', '2002-08-24', 'productora 58', '2022-09-01 18:00:00', 'Calle de las flores número 58 puerta C');
INSERT INTO espectaculos VALUES ('espectaculo 59', 'pelicula', '2014-03-09', 'productora 59', 'lista participantes 59', 3, '00:15:00', '00:50:00', '00:19:00');
INSERT INTO eventos VALUES ('espectaculo 59', 'pelicula', '2014-03-09', 'productora 59', '2022-09-01 18:00:00', 'Calle de las flores número 59 puerta C','Abierto');
INSERT INTO eventos VALUES ('espectaculo 59', 'pelicula', '2014-03-09', 'productora 59', '2020-09-01 03:00:00', 'Calle de las flores número 59 puerta C','Abierto');
INSERT INTO gradas VALUES ('grada 1', 'espectaculo 59', 'pelicula', '2014-03-09', 'productora 59', '2022-09-01 18:00:00', 'Calle de las flores número 59 puerta C');
INSERT INTO gradas VALUES ('grada 2', 'espectaculo 59', 'pelicula', '2014-03-09', 'productora 59', '2022-09-01 18:00:00', 'Calle de las flores número 59 puerta C');
INSERT INTO gradas VALUES ('grada 3', 'espectaculo 59', 'pelicula', '2014-03-09', 'productora 59', '2022-09-01 18:00:00', 'Calle de las flores número 59 puerta C');
INSERT INTO espectaculos VALUES ('espectaculo 60', 'entrevista', '2018-06-24', 'productora 60', 'lista participantes 60', 2, '00:18:00', '00:56:00', '00:16:00');
INSERT INTO eventos VALUES ('espectaculo 60', 'entrevista', '2018-06-24', 'productora 60', '2022-09-01 18:00:00', 'Calle de las flores número 60 puerta C','Abierto');
INSERT INTO eventos VALUES ('espectaculo 60', 'entrevista', '2018-06-24', 'productora 60', '2020-09-01 03:00:00', 'Calle de las flores número 60 puerta C','Abierto');
INSERT INTO gradas VALUES ('grada 1', 'espectaculo 60', 'entrevista', '2018-06-24', 'productora 60', '2022-09-01 18:00:00', 'Calle de las flores número 60 puerta C');
INSERT INTO gradas VALUES ('grada 2', 'espectaculo 60', 'entrevista', '2018-06-24', 'productora 60', '2022-09-01 18:00:00', 'Calle de las flores número 60 puerta C');
INSERT INTO gradas VALUES ('grada 3', 'espectaculo 60', 'entrevista', '2018-06-24', 'productora 60', '2022-09-01 18:00:00', 'Calle de las flores número 60 puerta C');
INSERT INTO espectaculos VALUES ('espectaculo 61', 'concierto', '2010-02-23', 'productora 61', 'lista participantes 61', 2, '00:18:00', '00:43:00', '00:26:00');
INSERT INTO eventos VALUES ('espectaculo 61', 'concierto', '2010-02-23', 'productora 61', '2022-09-01 18:00:00', 'Calle de las flores número 61 puerta C','Abierto');
INSERT INTO eventos VALUES ('espectaculo 61', 'concierto', '2010-02-23', 'productora 61', '2020-09-01 03:00:00', 'Calle de las flores número 61 puerta C','Abierto');
INSERT INTO gradas VALUES ('grada 1', 'espectaculo 61', 'concierto', '2010-02-23', 'productora 61', '2022-09-01 18:00:00', 'Calle de las flores número 61 puerta C');
INSERT INTO gradas VALUES ('grada 2', 'espectaculo 61', 'concierto', '2010-02-23', 'productora 61', '2022-09-01 18:00:00', 'Calle de las flores número 61 puerta C');
INSERT INTO gradas VALUES ('grada 3', 'espectaculo 61', 'concierto', '2010-02-23', 'productora 61', '2022-09-01 18:00:00', 'Calle de las flores número 61 puerta C');
INSERT INTO espectaculos VALUES ('espectaculo 62', 'deportivo', '1994-05-08', 'productora 62', 'lista participantes 62', 5, '00:16:00', '00:42:00', '00:21:00');
INSERT INTO eventos VALUES ('espectaculo 62', 'deportivo', '1994-05-08', 'productora 62', '2022-09-01 18:00:00', 'Calle de las flores número 62 puerta C','Abierto');
INSERT INTO eventos VALUES ('espectaculo 62', 'deportivo', '1994-05-08', 'productora 62', '2020-09-01 03:00:00', 'Calle de las flores número 62 puerta C','Abierto');
INSERT INTO gradas VALUES ('grada 1', 'espectaculo 62', 'deportivo', '1994-05-08', 'productora 62', '2022-09-01 18:00:00', 'Calle de las flores número 62 puerta C');
INSERT INTO gradas VALUES ('grada 2', 'espectaculo 62', 'deportivo', '1994-05-08', 'productora 62', '2022-09-01 18:00:00', 'Calle de las flores número 62 puerta C');
INSERT INTO gradas VALUES ('grada 3', 'espectaculo 62', 'deportivo', '1994-05-08', 'productora 62', '2022-09-01 18:00:00', 'Calle de las flores número 62 puerta C');
INSERT INTO espectaculos VALUES ('espectaculo 63', 'deportivo', '2020-09-19', 'productora 63', 'lista participantes 63', 2, '00:14:00', '00:47:00', '00:23:00');
INSERT INTO eventos VALUES ('espectaculo 63', 'deportivo', '2020-09-19', 'productora 63', '2022-09-01 18:00:00', 'Calle de las flores número 63 puerta C','Abierto');
INSERT INTO eventos VALUES ('espectaculo 63', 'deportivo', '2020-09-19', 'productora 63', '2020-09-01 03:00:00', 'Calle de las flores número 63 puerta C','Abierto');
INSERT INTO gradas VALUES ('grada 1', 'espectaculo 63', 'deportivo', '2020-09-19', 'productora 63', '2022-09-01 18:00:00', 'Calle de las flores número 63 puerta C');
INSERT INTO gradas VALUES ('grada 2', 'espectaculo 63', 'deportivo', '2020-09-19', 'productora 63', '2022-09-01 18:00:00', 'Calle de las flores número 63 puerta C');
INSERT INTO gradas VALUES ('grada 3', 'espectaculo 63', 'deportivo', '2020-09-19', 'productora 63', '2022-09-01 18:00:00', 'Calle de las flores número 63 puerta C');
INSERT INTO espectaculos VALUES ('espectaculo 64', 'concierto', '1985-06-24', 'productora 64', 'lista participantes 64', 3, '00:11:00', '00:41:00', '00:15:00');
INSERT INTO eventos VALUES ('espectaculo 64', 'concierto', '1985-06-24', 'productora 64', '2022-09-01 18:00:00', 'Calle de las flores número 64 puerta C','Abierto');
INSERT INTO eventos VALUES ('espectaculo 64', 'concierto', '1985-06-24', 'productora 64', '2020-09-01 03:00:00', 'Calle de las flores número 64 puerta C','Abierto');
INSERT INTO gradas VALUES ('grada 1', 'espectaculo 64', 'concierto', '1985-06-24', 'productora 64', '2022-09-01 18:00:00', 'Calle de las flores número 64 puerta C');
INSERT INTO gradas VALUES ('grada 2', 'espectaculo 64', 'concierto', '1985-06-24', 'productora 64', '2022-09-01 18:00:00', 'Calle de las flores número 64 puerta C');
INSERT INTO gradas VALUES ('grada 3', 'espectaculo 64', 'concierto', '1985-06-24', 'productora 64', '2022-09-01 18:00:00', 'Calle de las flores número 64 puerta C');
INSERT INTO espectaculos VALUES ('espectaculo 65', 'pelicula', '2006-01-06', 'productora 65', 'lista participantes 65', 4, '00:15:00', '00:19:00', '00:22:00');
INSERT INTO eventos VALUES ('espectaculo 65', 'pelicula', '2006-01-06', 'productora 65', '2022-09-01 18:00:00', 'Calle de las flores número 65 puerta C','Abierto');
INSERT INTO eventos VALUES ('espectaculo 65', 'pelicula', '2006-01-06', 'productora 65', '2020-09-01 03:00:00', 'Calle de las flores número 65 puerta C','Abierto');
INSERT INTO gradas VALUES ('grada 1', 'espectaculo 65', 'pelicula', '2006-01-06', 'productora 65', '2022-09-01 18:00:00', 'Calle de las flores número 65 puerta C');
INSERT INTO gradas VALUES ('grada 2', 'espectaculo 65', 'pelicula', '2006-01-06', 'productora 65', '2022-09-01 18:00:00', 'Calle de las flores número 65 puerta C');
INSERT INTO gradas VALUES ('grada 3', 'espectaculo 65', 'pelicula', '2006-01-06', 'productora 65', '2022-09-01 18:00:00', 'Calle de las flores número 65 puerta C');
INSERT INTO espectaculos VALUES ('espectaculo 66', 'concierto', '1997-11-16', 'productora 66', 'lista participantes 66', 3, '00:15:00', '00:37:00', '00:26:00');
INSERT INTO eventos VALUES ('espectaculo 66', 'concierto', '1997-11-16', 'productora 66', '2022-09-01 18:00:00', 'Calle de las flores número 66 puerta C','Abierto');
INSERT INTO eventos VALUES ('espectaculo 66', 'concierto', '1997-11-16', 'productora 66', '2020-09-01 03:00:00', 'Calle de las flores número 66 puerta C','Abierto');
INSERT INTO gradas VALUES ('grada 1', 'espectaculo 66', 'concierto', '1997-11-16', 'productora 66', '2022-09-01 18:00:00', 'Calle de las flores número 66 puerta C');
INSERT INTO gradas VALUES ('grada 2', 'espectaculo 66', 'concierto', '1997-11-16', 'productora 66', '2022-09-01 18:00:00', 'Calle de las flores número 66 puerta C');
INSERT INTO gradas VALUES ('grada 3', 'espectaculo 66', 'concierto', '1997-11-16', 'productora 66', '2022-09-01 18:00:00', 'Calle de las flores número 66 puerta C');
INSERT INTO espectaculos VALUES ('espectaculo 67', 'deportivo', '1988-10-04', 'productora 67', 'lista participantes 67', 7, '00:19:00', '00:38:00', '00:22:00');
INSERT INTO eventos VALUES ('espectaculo 67', 'deportivo', '1988-10-04', 'productora 67', '2022-09-01 18:00:00', 'Calle de las flores número 67 puerta C','Abierto');
INSERT INTO eventos VALUES ('espectaculo 67', 'deportivo', '1988-10-04', 'productora 67', '2020-09-01 03:00:00', 'Calle de las flores número 67 puerta C','Abierto');
INSERT INTO gradas VALUES ('grada 1', 'espectaculo 67', 'deportivo', '1988-10-04', 'productora 67', '2022-09-01 18:00:00', 'Calle de las flores número 67 puerta C');
INSERT INTO gradas VALUES ('grada 2', 'espectaculo 67', 'deportivo', '1988-10-04', 'productora 67', '2022-09-01 18:00:00', 'Calle de las flores número 67 puerta C');
INSERT INTO gradas VALUES ('grada 3', 'espectaculo 67', 'deportivo', '1988-10-04', 'productora 67', '2022-09-01 18:00:00', 'Calle de las flores número 67 puerta C');
INSERT INTO espectaculos VALUES ('espectaculo 68', 'concierto', '1985-09-13', 'productora 68', 'lista participantes 68', 6, '00:19:00', '00:56:00', '00:23:00');
INSERT INTO eventos VALUES ('espectaculo 68', 'concierto', '1985-09-13', 'productora 68', '2022-09-01 18:00:00', 'Calle de las flores número 68 puerta C','Abierto');
INSERT INTO eventos VALUES ('espectaculo 68', 'concierto', '1985-09-13', 'productora 68', '2020-09-01 03:00:00', 'Calle de las flores número 68 puerta C','Abierto');
INSERT INTO gradas VALUES ('grada 1', 'espectaculo 68', 'concierto', '1985-09-13', 'productora 68', '2022-09-01 18:00:00', 'Calle de las flores número 68 puerta C');
INSERT INTO gradas VALUES ('grada 2', 'espectaculo 68', 'concierto', '1985-09-13', 'productora 68', '2022-09-01 18:00:00', 'Calle de las flores número 68 puerta C');
INSERT INTO gradas VALUES ('grada 3', 'espectaculo 68', 'concierto', '1985-09-13', 'productora 68', '2022-09-01 18:00:00', 'Calle de las flores número 68 puerta C');
INSERT INTO espectaculos VALUES ('espectaculo 69', 'entrevista', '2018-04-03', 'productora 69', 'lista participantes 69', 5, '00:10:00', '00:16:00', '00:19:00');
INSERT INTO eventos VALUES ('espectaculo 69', 'entrevista', '2018-04-03', 'productora 69', '2022-09-01 18:00:00', 'Calle de las flores número 69 puerta C','Abierto');
INSERT INTO eventos VALUES ('espectaculo 69', 'entrevista', '2018-04-03', 'productora 69', '2020-09-01 03:00:00', 'Calle de las flores número 69 puerta C','Abierto');
INSERT INTO gradas VALUES ('grada 1', 'espectaculo 69', 'entrevista', '2018-04-03', 'productora 69', '2022-09-01 18:00:00', 'Calle de las flores número 69 puerta C');
INSERT INTO gradas VALUES ('grada 2', 'espectaculo 69', 'entrevista', '2018-04-03', 'productora 69', '2022-09-01 18:00:00', 'Calle de las flores número 69 puerta C');
INSERT INTO gradas VALUES ('grada 3', 'espectaculo 69', 'entrevista', '2018-04-03', 'productora 69', '2022-09-01 18:00:00', 'Calle de las flores número 69 puerta C');
INSERT INTO espectaculos VALUES ('espectaculo 70', 'concierto', '2006-05-21', 'productora 70', 'lista participantes 70', 2, '00:10:00', '00:48:00', '00:15:00');
INSERT INTO eventos VALUES ('espectaculo 70', 'concierto', '2006-05-21', 'productora 70', '2022-09-01 18:00:00', 'Calle de las flores número 70 puerta C','Abierto');
INSERT INTO eventos VALUES ('espectaculo 70', 'concierto', '2006-05-21', 'productora 70', '2020-09-01 03:00:00', 'Calle de las flores número 70 puerta C','Abierto');
INSERT INTO gradas VALUES ('grada 1', 'espectaculo 70', 'concierto', '2006-05-21', 'productora 70', '2022-09-01 18:00:00', 'Calle de las flores número 70 puerta C');
INSERT INTO gradas VALUES ('grada 2', 'espectaculo 70', 'concierto', '2006-05-21', 'productora 70', '2022-09-01 18:00:00', 'Calle de las flores número 70 puerta C');
INSERT INTO gradas VALUES ('grada 3', 'espectaculo 70', 'concierto', '2006-05-21', 'productora 70', '2022-09-01 18:00:00', 'Calle de las flores número 70 puerta C');
INSERT INTO espectaculos VALUES ('espectaculo 71', 'concierto', '1997-04-05', 'productora 71', 'lista participantes 71', 9, '00:14:00', '00:19:00', '00:26:00');
INSERT INTO eventos VALUES ('espectaculo 71', 'concierto', '1997-04-05', 'productora 71', '2022-09-01 18:00:00', 'Calle de las flores número 71 puerta C','Abierto');
INSERT INTO eventos VALUES ('espectaculo 71', 'concierto', '1997-04-05', 'productora 71', '2020-09-01 03:00:00', 'Calle de las flores número 71 puerta C','Abierto');
INSERT INTO gradas VALUES ('grada 1', 'espectaculo 71', 'concierto', '1997-04-05', 'productora 71', '2022-09-01 18:00:00', 'Calle de las flores número 71 puerta C');
INSERT INTO gradas VALUES ('grada 2', 'espectaculo 71', 'concierto', '1997-04-05', 'productora 71', '2022-09-01 18:00:00', 'Calle de las flores número 71 puerta C');
INSERT INTO gradas VALUES ('grada 3', 'espectaculo 71', 'concierto', '1997-04-05', 'productora 71', '2022-09-01 18:00:00', 'Calle de las flores número 71 puerta C');
INSERT INTO espectaculos VALUES ('espectaculo 72', 'teatro', '2020-06-04', 'productora 72', 'lista participantes 72', 6, '00:16:00', '00:18:00', '00:15:00');
INSERT INTO eventos VALUES ('espectaculo 72', 'teatro', '2020-06-04', 'productora 72', '2022-09-01 18:00:00', 'Calle de las flores número 72 puerta C','Abierto');
INSERT INTO eventos VALUES ('espectaculo 72', 'teatro', '2020-06-04', 'productora 72', '2020-09-01 03:00:00', 'Calle de las flores número 72 puerta C','Abierto');
INSERT INTO gradas VALUES ('grada 1', 'espectaculo 72', 'teatro', '2020-06-04', 'productora 72', '2022-09-01 18:00:00', 'Calle de las flores número 72 puerta C');
INSERT INTO gradas VALUES ('grada 2', 'espectaculo 72', 'teatro', '2020-06-04', 'productora 72', '2022-09-01 18:00:00', 'Calle de las flores número 72 puerta C');
INSERT INTO gradas VALUES ('grada 3', 'espectaculo 72', 'teatro', '2020-06-04', 'productora 72', '2022-09-01 18:00:00', 'Calle de las flores número 72 puerta C');
INSERT INTO espectaculos VALUES ('espectaculo 73', 'teatro', '1991-01-08', 'productora 73', 'lista participantes 73', 3, '00:19:00', '00:45:00', '00:15:00');
INSERT INTO eventos VALUES ('espectaculo 73', 'teatro', '1991-01-08', 'productora 73', '2022-09-01 18:00:00', 'Calle de las flores número 73 puerta C','Abierto');
INSERT INTO eventos VALUES ('espectaculo 73', 'teatro', '1991-01-08', 'productora 73', '2020-09-01 03:00:00', 'Calle de las flores número 73 puerta C','Abierto');
INSERT INTO gradas VALUES ('grada 1', 'espectaculo 73', 'teatro', '1991-01-08', 'productora 73', '2022-09-01 18:00:00', 'Calle de las flores número 73 puerta C');
INSERT INTO gradas VALUES ('grada 2', 'espectaculo 73', 'teatro', '1991-01-08', 'productora 73', '2022-09-01 18:00:00', 'Calle de las flores número 73 puerta C');
INSERT INTO gradas VALUES ('grada 3', 'espectaculo 73', 'teatro', '1991-01-08', 'productora 73', '2022-09-01 18:00:00', 'Calle de las flores número 73 puerta C');
INSERT INTO espectaculos VALUES ('espectaculo 74', 'pelicula', '2002-01-19', 'productora 74', 'lista participantes 74', 2, '00:15:00', '00:40:00', '00:19:00');
INSERT INTO eventos VALUES ('espectaculo 74', 'pelicula', '2002-01-19', 'productora 74', '2022-09-01 18:00:00', 'Calle de las flores número 74 puerta C','Abierto');
INSERT INTO eventos VALUES ('espectaculo 74', 'pelicula', '2002-01-19', 'productora 74', '2020-09-01 03:00:00', 'Calle de las flores número 74 puerta C','Abierto');
INSERT INTO gradas VALUES ('grada 1', 'espectaculo 74', 'pelicula', '2002-01-19', 'productora 74', '2022-09-01 18:00:00', 'Calle de las flores número 74 puerta C');
INSERT INTO gradas VALUES ('grada 2', 'espectaculo 74', 'pelicula', '2002-01-19', 'productora 74', '2022-09-01 18:00:00', 'Calle de las flores número 74 puerta C');
INSERT INTO gradas VALUES ('grada 3', 'espectaculo 74', 'pelicula', '2002-01-19', 'productora 74', '2022-09-01 18:00:00', 'Calle de las flores número 74 puerta C');
INSERT INTO espectaculos VALUES ('espectaculo 75', 'teatro', '2010-06-08', 'productora 75', 'lista participantes 75', 9, '00:13:00', '00:53:00', '00:22:00');
INSERT INTO eventos VALUES ('espectaculo 75', 'teatro', '2010-06-08', 'productora 75', '2022-09-01 18:00:00', 'Calle de las flores número 75 puerta C','Abierto');
INSERT INTO eventos VALUES ('espectaculo 75', 'teatro', '2010-06-08', 'productora 75', '2020-09-01 03:00:00', 'Calle de las flores número 75 puerta C','Abierto');
INSERT INTO gradas VALUES ('grada 1', 'espectaculo 75', 'teatro', '2010-06-08', 'productora 75', '2022-09-01 18:00:00', 'Calle de las flores número 75 puerta C');
INSERT INTO gradas VALUES ('grada 2', 'espectaculo 75', 'teatro', '2010-06-08', 'productora 75', '2022-09-01 18:00:00', 'Calle de las flores número 75 puerta C');
INSERT INTO gradas VALUES ('grada 3', 'espectaculo 75', 'teatro', '2010-06-08', 'productora 75', '2022-09-01 18:00:00', 'Calle de las flores número 75 puerta C');
INSERT INTO espectaculos VALUES ('espectaculo 76', 'concierto', '2006-01-13', 'productora 76', 'lista participantes 76', 6, '00:18:00', '00:23:00', '00:25:00');
INSERT INTO eventos VALUES ('espectaculo 76', 'concierto', '2006-01-13', 'productora 76', '2022-09-01 18:00:00', 'Calle de las flores número 76 puerta C','Abierto');
INSERT INTO eventos VALUES ('espectaculo 76', 'concierto', '2006-01-13', 'productora 76', '2020-09-01 03:00:00', 'Calle de las flores número 76 puerta C','Abierto');
INSERT INTO gradas VALUES ('grada 1', 'espectaculo 76', 'concierto', '2006-01-13', 'productora 76', '2022-09-01 18:00:00', 'Calle de las flores número 76 puerta C');
INSERT INTO gradas VALUES ('grada 2', 'espectaculo 76', 'concierto', '2006-01-13', 'productora 76', '2022-09-01 18:00:00', 'Calle de las flores número 76 puerta C');
INSERT INTO gradas VALUES ('grada 3', 'espectaculo 76', 'concierto', '2006-01-13', 'productora 76', '2022-09-01 18:00:00', 'Calle de las flores número 76 puerta C');
INSERT INTO espectaculos VALUES ('espectaculo 77', 'deportivo', '1996-08-04', 'productora 77', 'lista participantes 77', 6, '00:18:00', '00:33:00', '00:23:00');
INSERT INTO eventos VALUES ('espectaculo 77', 'deportivo', '1996-08-04', 'productora 77', '2022-09-01 18:00:00', 'Calle de las flores número 77 puerta C','Abierto');
INSERT INTO eventos VALUES ('espectaculo 77', 'deportivo', '1996-08-04', 'productora 77', '2020-09-01 03:00:00', 'Calle de las flores número 77 puerta C','Abierto');
INSERT INTO gradas VALUES ('grada 1', 'espectaculo 77', 'deportivo', '1996-08-04', 'productora 77', '2022-09-01 18:00:00', 'Calle de las flores número 77 puerta C');
INSERT INTO gradas VALUES ('grada 2', 'espectaculo 77', 'deportivo', '1996-08-04', 'productora 77', '2022-09-01 18:00:00', 'Calle de las flores número 77 puerta C');
INSERT INTO gradas VALUES ('grada 3', 'espectaculo 77', 'deportivo', '1996-08-04', 'productora 77', '2022-09-01 18:00:00', 'Calle de las flores número 77 puerta C');
INSERT INTO espectaculos VALUES ('espectaculo 78', 'entrevista', '2017-04-06', 'productora 78', 'lista participantes 78', 4, '00:11:00', '00:16:00', '00:23:00');
INSERT INTO eventos VALUES ('espectaculo 78', 'entrevista', '2017-04-06', 'productora 78', '2022-09-01 18:00:00', 'Calle de las flores número 78 puerta C','Abierto');
INSERT INTO eventos VALUES ('espectaculo 78', 'entrevista', '2017-04-06', 'productora 78', '2020-09-01 03:00:00', 'Calle de las flores número 78 puerta C','Abierto');
INSERT INTO gradas VALUES ('grada 1', 'espectaculo 78', 'entrevista', '2017-04-06', 'productora 78', '2022-09-01 18:00:00', 'Calle de las flores número 78 puerta C');
INSERT INTO gradas VALUES ('grada 2', 'espectaculo 78', 'entrevista', '2017-04-06', 'productora 78', '2022-09-01 18:00:00', 'Calle de las flores número 78 puerta C');
INSERT INTO gradas VALUES ('grada 3', 'espectaculo 78', 'entrevista', '2017-04-06', 'productora 78', '2022-09-01 18:00:00', 'Calle de las flores número 78 puerta C');
INSERT INTO espectaculos VALUES ('espectaculo 79', 'entrevista', '2016-09-07', 'productora 79', 'lista participantes 79', 3, '00:10:00', '00:27:00', '00:22:00');
INSERT INTO eventos VALUES ('espectaculo 79', 'entrevista', '2016-09-07', 'productora 79', '2022-09-01 18:00:00', 'Calle de las flores número 79 puerta C','Abierto');
INSERT INTO eventos VALUES ('espectaculo 79', 'entrevista', '2016-09-07', 'productora 79', '2020-09-01 03:00:00', 'Calle de las flores número 79 puerta C','Abierto');
INSERT INTO gradas VALUES ('grada 1', 'espectaculo 79', 'entrevista', '2016-09-07', 'productora 79', '2022-09-01 18:00:00', 'Calle de las flores número 79 puerta C');
INSERT INTO gradas VALUES ('grada 2', 'espectaculo 79', 'entrevista', '2016-09-07', 'productora 79', '2022-09-01 18:00:00', 'Calle de las flores número 79 puerta C');
INSERT INTO gradas VALUES ('grada 3', 'espectaculo 79', 'entrevista', '2016-09-07', 'productora 79', '2022-09-01 18:00:00', 'Calle de las flores número 79 puerta C');
INSERT INTO espectaculos VALUES ('espectaculo 80', 'concierto', '1996-03-14', 'productora 80', 'lista participantes 80', 6, '00:10:00', '00:26:00', '00:17:00');
INSERT INTO eventos VALUES ('espectaculo 80', 'concierto', '1996-03-14', 'productora 80', '2022-09-01 18:00:00', 'Calle de las flores número 80 puerta C','Abierto');
INSERT INTO eventos VALUES ('espectaculo 80', 'concierto', '1996-03-14', 'productora 80', '2020-09-01 03:00:00', 'Calle de las flores número 80 puerta C','Abierto');
INSERT INTO gradas VALUES ('grada 1', 'espectaculo 80', 'concierto', '1996-03-14', 'productora 80', '2022-09-01 18:00:00', 'Calle de las flores número 80 puerta C');
INSERT INTO gradas VALUES ('grada 2', 'espectaculo 80', 'concierto', '1996-03-14', 'productora 80', '2022-09-01 18:00:00', 'Calle de las flores número 80 puerta C');
INSERT INTO gradas VALUES ('grada 3', 'espectaculo 80', 'concierto', '1996-03-14', 'productora 80', '2022-09-01 18:00:00', 'Calle de las flores número 80 puerta C');
INSERT INTO espectaculos VALUES ('espectaculo 81', 'entrevista', '2018-04-06', 'productora 81', 'lista participantes 81', 3, '00:15:00', '00:20:00', '00:20:00');
INSERT INTO eventos VALUES ('espectaculo 81', 'entrevista', '2018-04-06', 'productora 81', '2022-09-01 18:00:00', 'Calle de las flores número 81 puerta C','Abierto');
INSERT INTO eventos VALUES ('espectaculo 81', 'entrevista', '2018-04-06', 'productora 81', '2020-09-01 03:00:00', 'Calle de las flores número 81 puerta C','Abierto');
INSERT INTO gradas VALUES ('grada 1', 'espectaculo 81', 'entrevista', '2018-04-06', 'productora 81', '2022-09-01 18:00:00', 'Calle de las flores número 81 puerta C');
INSERT INTO gradas VALUES ('grada 2', 'espectaculo 81', 'entrevista', '2018-04-06', 'productora 81', '2022-09-01 18:00:00', 'Calle de las flores número 81 puerta C');
INSERT INTO gradas VALUES ('grada 3', 'espectaculo 81', 'entrevista', '2018-04-06', 'productora 81', '2022-09-01 18:00:00', 'Calle de las flores número 81 puerta C');
INSERT INTO espectaculos VALUES ('espectaculo 82', 'concierto', '1997-11-23', 'productora 82', 'lista participantes 82', 5, '00:18:00', '00:31:00', '00:29:00');
INSERT INTO eventos VALUES ('espectaculo 82', 'concierto', '1997-11-23', 'productora 82', '2022-09-01 18:00:00', 'Calle de las flores número 82 puerta C','Abierto');
INSERT INTO eventos VALUES ('espectaculo 82', 'concierto', '1997-11-23', 'productora 82', '2020-09-01 03:00:00', 'Calle de las flores número 82 puerta C','Abierto');
INSERT INTO gradas VALUES ('grada 1', 'espectaculo 82', 'concierto', '1997-11-23', 'productora 82', '2022-09-01 18:00:00', 'Calle de las flores número 82 puerta C');
INSERT INTO gradas VALUES ('grada 2', 'espectaculo 82', 'concierto', '1997-11-23', 'productora 82', '2022-09-01 18:00:00', 'Calle de las flores número 82 puerta C');
INSERT INTO gradas VALUES ('grada 3', 'espectaculo 82', 'concierto', '1997-11-23', 'productora 82', '2022-09-01 18:00:00', 'Calle de las flores número 82 puerta C');
INSERT INTO espectaculos VALUES ('espectaculo 83', 'entrevista', '2009-06-04', 'productora 83', 'lista participantes 83', 2, '00:10:00', '00:45:00', '00:21:00');
INSERT INTO eventos VALUES ('espectaculo 83', 'entrevista', '2009-06-04', 'productora 83', '2022-09-01 18:00:00', 'Calle de las flores número 83 puerta C','Abierto');
INSERT INTO eventos VALUES ('espectaculo 83', 'entrevista', '2009-06-04', 'productora 83', '2020-09-01 03:00:00', 'Calle de las flores número 83 puerta C','Abierto');
INSERT INTO gradas VALUES ('grada 1', 'espectaculo 83', 'entrevista', '2009-06-04', 'productora 83', '2022-09-01 18:00:00', 'Calle de las flores número 83 puerta C');
INSERT INTO gradas VALUES ('grada 2', 'espectaculo 83', 'entrevista', '2009-06-04', 'productora 83', '2022-09-01 18:00:00', 'Calle de las flores número 83 puerta C');
INSERT INTO gradas VALUES ('grada 3', 'espectaculo 83', 'entrevista', '2009-06-04', 'productora 83', '2022-09-01 18:00:00', 'Calle de las flores número 83 puerta C');
INSERT INTO espectaculos VALUES ('espectaculo 84', 'deportivo', '2004-03-23', 'productora 84', 'lista participantes 84', 6, '00:19:00', '00:46:00', '00:25:00');
INSERT INTO eventos VALUES ('espectaculo 84', 'deportivo', '2004-03-23', 'productora 84', '2022-09-01 18:00:00', 'Calle de las flores número 84 puerta C','Abierto');
INSERT INTO eventos VALUES ('espectaculo 84', 'deportivo', '2004-03-23', 'productora 84', '2020-09-01 03:00:00', 'Calle de las flores número 84 puerta C','Abierto');
INSERT INTO gradas VALUES ('grada 1', 'espectaculo 84', 'deportivo', '2004-03-23', 'productora 84', '2022-09-01 18:00:00', 'Calle de las flores número 84 puerta C');
INSERT INTO gradas VALUES ('grada 2', 'espectaculo 84', 'deportivo', '2004-03-23', 'productora 84', '2022-09-01 18:00:00', 'Calle de las flores número 84 puerta C');
INSERT INTO gradas VALUES ('grada 3', 'espectaculo 84', 'deportivo', '2004-03-23', 'productora 84', '2022-09-01 18:00:00', 'Calle de las flores número 84 puerta C');
INSERT INTO espectaculos VALUES ('espectaculo 85', 'teatro', '2000-01-04', 'productora 85', 'lista participantes 85', 6, '00:16:00', '00:20:00', '00:24:00');
INSERT INTO eventos VALUES ('espectaculo 85', 'teatro', '2000-01-04', 'productora 85', '2022-09-01 18:00:00', 'Calle de las flores número 85 puerta C','Abierto');
INSERT INTO eventos VALUES ('espectaculo 85', 'teatro', '2000-01-04', 'productora 85', '2020-09-01 03:00:00', 'Calle de las flores número 85 puerta C','Abierto');
INSERT INTO gradas VALUES ('grada 1', 'espectaculo 85', 'teatro', '2000-01-04', 'productora 85', '2022-09-01 18:00:00', 'Calle de las flores número 85 puerta C');
INSERT INTO gradas VALUES ('grada 2', 'espectaculo 85', 'teatro', '2000-01-04', 'productora 85', '2022-09-01 18:00:00', 'Calle de las flores número 85 puerta C');
INSERT INTO gradas VALUES ('grada 3', 'espectaculo 85', 'teatro', '2000-01-04', 'productora 85', '2022-09-01 18:00:00', 'Calle de las flores número 85 puerta C');
INSERT INTO espectaculos VALUES ('espectaculo 86', 'teatro', '1993-05-27', 'productora 86', 'lista participantes 86', 3, '00:14:00', '00:24:00', '00:20:00');
INSERT INTO eventos VALUES ('espectaculo 86', 'teatro', '1993-05-27', 'productora 86', '2022-09-01 18:00:00', 'Calle de las flores número 86 puerta C','Abierto');
INSERT INTO eventos VALUES ('espectaculo 86', 'teatro', '1993-05-27', 'productora 86', '2020-09-01 03:00:00', 'Calle de las flores número 86 puerta C','Abierto');
INSERT INTO gradas VALUES ('grada 1', 'espectaculo 86', 'teatro', '1993-05-27', 'productora 86', '2022-09-01 18:00:00', 'Calle de las flores número 86 puerta C');
INSERT INTO gradas VALUES ('grada 2', 'espectaculo 86', 'teatro', '1993-05-27', 'productora 86', '2022-09-01 18:00:00', 'Calle de las flores número 86 puerta C');
INSERT INTO gradas VALUES ('grada 3', 'espectaculo 86', 'teatro', '1993-05-27', 'productora 86', '2022-09-01 18:00:00', 'Calle de las flores número 86 puerta C');
INSERT INTO espectaculos VALUES ('espectaculo 87', 'concierto', '2019-10-24', 'productora 87', 'lista participantes 87', 4, '00:14:00', '00:56:00', '00:19:00');
INSERT INTO eventos VALUES ('espectaculo 87', 'concierto', '2019-10-24', 'productora 87', '2022-09-01 18:00:00', 'Calle de las flores número 87 puerta C','Abierto');
INSERT INTO eventos VALUES ('espectaculo 87', 'concierto', '2019-10-24', 'productora 87', '2020-09-01 03:00:00', 'Calle de las flores número 87 puerta C','Abierto');
INSERT INTO gradas VALUES ('grada 1', 'espectaculo 87', 'concierto', '2019-10-24', 'productora 87', '2022-09-01 18:00:00', 'Calle de las flores número 87 puerta C');
INSERT INTO gradas VALUES ('grada 2', 'espectaculo 87', 'concierto', '2019-10-24', 'productora 87', '2022-09-01 18:00:00', 'Calle de las flores número 87 puerta C');
INSERT INTO gradas VALUES ('grada 3', 'espectaculo 87', 'concierto', '2019-10-24', 'productora 87', '2022-09-01 18:00:00', 'Calle de las flores número 87 puerta C');
INSERT INTO espectaculos VALUES ('espectaculo 88', 'pelicula', '1990-07-02', 'productora 88', 'lista participantes 88', 9, '00:16:00', '00:27:00', '00:16:00');
INSERT INTO eventos VALUES ('espectaculo 88', 'pelicula', '1990-07-02', 'productora 88', '2022-09-01 18:00:00', 'Calle de las flores número 88 puerta C','Abierto');
INSERT INTO eventos VALUES ('espectaculo 88', 'pelicula', '1990-07-02', 'productora 88', '2020-09-01 03:00:00', 'Calle de las flores número 88 puerta C','Abierto');
INSERT INTO gradas VALUES ('grada 1', 'espectaculo 88', 'pelicula', '1990-07-02', 'productora 88', '2022-09-01 18:00:00', 'Calle de las flores número 88 puerta C');
INSERT INTO gradas VALUES ('grada 2', 'espectaculo 88', 'pelicula', '1990-07-02', 'productora 88', '2022-09-01 18:00:00', 'Calle de las flores número 88 puerta C');
INSERT INTO gradas VALUES ('grada 3', 'espectaculo 88', 'pelicula', '1990-07-02', 'productora 88', '2022-09-01 18:00:00', 'Calle de las flores número 88 puerta C');
INSERT INTO espectaculos VALUES ('espectaculo 89', 'teatro', '1989-11-24', 'productora 89', 'lista participantes 89', 9, '00:16:00', '00:40:00', '00:21:00');
INSERT INTO eventos VALUES ('espectaculo 89', 'teatro', '1989-11-24', 'productora 89', '2022-09-01 18:00:00', 'Calle de las flores número 89 puerta C','Abierto');
INSERT INTO eventos VALUES ('espectaculo 89', 'teatro', '1989-11-24', 'productora 89', '2020-09-01 03:00:00', 'Calle de las flores número 89 puerta C','Abierto');
INSERT INTO gradas VALUES ('grada 1', 'espectaculo 89', 'teatro', '1989-11-24', 'productora 89', '2022-09-01 18:00:00', 'Calle de las flores número 89 puerta C');
INSERT INTO gradas VALUES ('grada 2', 'espectaculo 89', 'teatro', '1989-11-24', 'productora 89', '2022-09-01 18:00:00', 'Calle de las flores número 89 puerta C');
INSERT INTO gradas VALUES ('grada 3', 'espectaculo 89', 'teatro', '1989-11-24', 'productora 89', '2022-09-01 18:00:00', 'Calle de las flores número 89 puerta C');
INSERT INTO espectaculos VALUES ('espectaculo 90', 'entrevista', '1994-04-09', 'productora 90', 'lista participantes 90', 8, '00:13:00', '00:28:00', '00:18:00');
INSERT INTO eventos VALUES ('espectaculo 90', 'entrevista', '1994-04-09', 'productora 90', '2022-09-01 18:00:00', 'Calle de las flores número 90 puerta C','Abierto');
INSERT INTO eventos VALUES ('espectaculo 90', 'entrevista', '1994-04-09', 'productora 90', '2020-09-01 03:00:00', 'Calle de las flores número 90 puerta C','Abierto');
INSERT INTO gradas VALUES ('grada 1', 'espectaculo 90', 'entrevista', '1994-04-09', 'productora 90', '2022-09-01 18:00:00', 'Calle de las flores número 90 puerta C');
INSERT INTO gradas VALUES ('grada 2', 'espectaculo 90', 'entrevista', '1994-04-09', 'productora 90', '2022-09-01 18:00:00', 'Calle de las flores número 90 puerta C');
INSERT INTO gradas VALUES ('grada 3', 'espectaculo 90', 'entrevista', '1994-04-09', 'productora 90', '2022-09-01 18:00:00', 'Calle de las flores número 90 puerta C');
INSERT INTO espectaculos VALUES ('espectaculo 91', 'entrevista', '1997-02-05', 'productora 91', 'lista participantes 91', 6, '00:12:00', '00:52:00', '00:22:00');
INSERT INTO eventos VALUES ('espectaculo 91', 'entrevista', '1997-02-05', 'productora 91', '2022-09-01 18:00:00', 'Calle de las flores número 91 puerta C','Abierto');
INSERT INTO eventos VALUES ('espectaculo 91', 'entrevista', '1997-02-05', 'productora 91', '2020-09-01 03:00:00', 'Calle de las flores número 91 puerta C','Abierto');
INSERT INTO gradas VALUES ('grada 1', 'espectaculo 91', 'entrevista', '1997-02-05', 'productora 91', '2022-09-01 18:00:00', 'Calle de las flores número 91 puerta C');
INSERT INTO gradas VALUES ('grada 2', 'espectaculo 91', 'entrevista', '1997-02-05', 'productora 91', '2022-09-01 18:00:00', 'Calle de las flores número 91 puerta C');
INSERT INTO gradas VALUES ('grada 3', 'espectaculo 91', 'entrevista', '1997-02-05', 'productora 91', '2022-09-01 18:00:00', 'Calle de las flores número 91 puerta C');
INSERT INTO espectaculos VALUES ('espectaculo 92', 'pelicula', '2020-09-09', 'productora 92', 'lista participantes 92', 7, '00:11:00', '00:38:00', '00:16:00');
INSERT INTO eventos VALUES ('espectaculo 92', 'pelicula', '2020-09-09', 'productora 92', '2022-09-01 18:00:00', 'Calle de las flores número 92 puerta C','Abierto');
INSERT INTO eventos VALUES ('espectaculo 92', 'pelicula', '2020-09-09', 'productora 92', '2020-09-01 03:00:00', 'Calle de las flores número 92 puerta C','Abierto');
INSERT INTO gradas VALUES ('grada 1', 'espectaculo 92', 'pelicula', '2020-09-09', 'productora 92', '2022-09-01 18:00:00', 'Calle de las flores número 92 puerta C');
INSERT INTO gradas VALUES ('grada 2', 'espectaculo 92', 'pelicula', '2020-09-09', 'productora 92', '2022-09-01 18:00:00', 'Calle de las flores número 92 puerta C');
INSERT INTO gradas VALUES ('grada 3', 'espectaculo 92', 'pelicula', '2020-09-09', 'productora 92', '2022-09-01 18:00:00', 'Calle de las flores número 92 puerta C');
INSERT INTO espectaculos VALUES ('espectaculo 93', 'pelicula', '2020-04-06', 'productora 93', 'lista participantes 93', 7, '00:11:00', '00:29:00', '00:26:00');
INSERT INTO eventos VALUES ('espectaculo 93', 'pelicula', '2020-04-06', 'productora 93', '2022-09-01 18:00:00', 'Calle de las flores número 93 puerta C','Abierto');
INSERT INTO eventos VALUES ('espectaculo 93', 'pelicula', '2020-04-06', 'productora 93', '2020-09-01 03:00:00', 'Calle de las flores número 93 puerta C','Abierto');
INSERT INTO gradas VALUES ('grada 1', 'espectaculo 93', 'pelicula', '2020-04-06', 'productora 93', '2022-09-01 18:00:00', 'Calle de las flores número 93 puerta C');
INSERT INTO gradas VALUES ('grada 2', 'espectaculo 93', 'pelicula', '2020-04-06', 'productora 93', '2022-09-01 18:00:00', 'Calle de las flores número 93 puerta C');
INSERT INTO gradas VALUES ('grada 3', 'espectaculo 93', 'pelicula', '2020-04-06', 'productora 93', '2022-09-01 18:00:00', 'Calle de las flores número 93 puerta C');
INSERT INTO espectaculos VALUES ('espectaculo 94', 'entrevista', '1996-02-06', 'productora 94', 'lista participantes 94', 8, '00:14:00', '00:53:00', '00:24:00');
INSERT INTO eventos VALUES ('espectaculo 94', 'entrevista', '1996-02-06', 'productora 94', '2022-09-01 18:00:00', 'Calle de las flores número 94 puerta C','Abierto');
INSERT INTO eventos VALUES ('espectaculo 94', 'entrevista', '1996-02-06', 'productora 94', '2020-09-01 03:00:00', 'Calle de las flores número 94 puerta C','Abierto');
INSERT INTO gradas VALUES ('grada 1', 'espectaculo 94', 'entrevista', '1996-02-06', 'productora 94', '2022-09-01 18:00:00', 'Calle de las flores número 94 puerta C');
INSERT INTO gradas VALUES ('grada 2', 'espectaculo 94', 'entrevista', '1996-02-06', 'productora 94', '2022-09-01 18:00:00', 'Calle de las flores número 94 puerta C');
INSERT INTO gradas VALUES ('grada 3', 'espectaculo 94', 'entrevista', '1996-02-06', 'productora 94', '2022-09-01 18:00:00', 'Calle de las flores número 94 puerta C');
INSERT INTO espectaculos VALUES ('espectaculo 95', 'deportivo', '1988-10-01', 'productora 95', 'lista participantes 95', 2, '00:13:00', '00:16:00', '00:15:00');
INSERT INTO eventos VALUES ('espectaculo 95', 'deportivo', '1988-10-01', 'productora 95', '2022-09-01 18:00:00', 'Calle de las flores número 95 puerta C','Abierto');
INSERT INTO eventos VALUES ('espectaculo 95', 'deportivo', '1988-10-01', 'productora 95', '2020-09-01 03:00:00', 'Calle de las flores número 95 puerta C','Abierto');
INSERT INTO gradas VALUES ('grada 1', 'espectaculo 95', 'deportivo', '1988-10-01', 'productora 95', '2022-09-01 18:00:00', 'Calle de las flores número 95 puerta C');
INSERT INTO gradas VALUES ('grada 2', 'espectaculo 95', 'deportivo', '1988-10-01', 'productora 95', '2022-09-01 18:00:00', 'Calle de las flores número 95 puerta C');
INSERT INTO gradas VALUES ('grada 3', 'espectaculo 95', 'deportivo', '1988-10-01', 'productora 95', '2022-09-01 18:00:00', 'Calle de las flores número 95 puerta C');
INSERT INTO espectaculos VALUES ('espectaculo 96', 'pelicula', '1995-02-11', 'productora 96', 'lista participantes 96', 9, '00:10:00', '00:23:00', '00:28:00');
INSERT INTO eventos VALUES ('espectaculo 96', 'pelicula', '1995-02-11', 'productora 96', '2022-09-01 18:00:00', 'Calle de las flores número 96 puerta C','Abierto');
INSERT INTO eventos VALUES ('espectaculo 96', 'pelicula', '1995-02-11', 'productora 96', '2020-09-01 03:00:00', 'Calle de las flores número 96 puerta C','Abierto');
INSERT INTO gradas VALUES ('grada 1', 'espectaculo 96', 'pelicula', '1995-02-11', 'productora 96', '2022-09-01 18:00:00', 'Calle de las flores número 96 puerta C');
INSERT INTO gradas VALUES ('grada 2', 'espectaculo 96', 'pelicula', '1995-02-11', 'productora 96', '2022-09-01 18:00:00', 'Calle de las flores número 96 puerta C');
INSERT INTO gradas VALUES ('grada 3', 'espectaculo 96', 'pelicula', '1995-02-11', 'productora 96', '2022-09-01 18:00:00', 'Calle de las flores número 96 puerta C');
INSERT INTO espectaculos VALUES ('espectaculo 97', 'teatro', '1987-03-12', 'productora 97', 'lista participantes 97', 7, '00:15:00', '00:42:00', '00:16:00');
INSERT INTO eventos VALUES ('espectaculo 97', 'teatro', '1987-03-12', 'productora 97', '2022-09-01 18:00:00', 'Calle de las flores número 97 puerta C','Abierto');
INSERT INTO eventos VALUES ('espectaculo 97', 'teatro', '1987-03-12', 'productora 97', '2020-09-01 03:00:00', 'Calle de las flores número 97 puerta C','Abierto');
INSERT INTO gradas VALUES ('grada 1', 'espectaculo 97', 'teatro', '1987-03-12', 'productora 97', '2022-09-01 18:00:00', 'Calle de las flores número 97 puerta C');
INSERT INTO gradas VALUES ('grada 2', 'espectaculo 97', 'teatro', '1987-03-12', 'productora 97', '2022-09-01 18:00:00', 'Calle de las flores número 97 puerta C');
INSERT INTO gradas VALUES ('grada 3', 'espectaculo 97', 'teatro', '1987-03-12', 'productora 97', '2022-09-01 18:00:00', 'Calle de las flores número 97 puerta C');
INSERT INTO espectaculos VALUES ('espectaculo 98', 'deportivo', '2013-07-24', 'productora 98', 'lista participantes 98', 5, '00:11:00', '00:41:00', '00:25:00');
INSERT INTO eventos VALUES ('espectaculo 98', 'deportivo', '2013-07-24', 'productora 98', '2022-09-01 18:00:00', 'Calle de las flores número 98 puerta C','Abierto');
INSERT INTO eventos VALUES ('espectaculo 98', 'deportivo', '2013-07-24', 'productora 98', '2020-09-01 03:00:00', 'Calle de las flores número 98 puerta C','Abierto');
INSERT INTO gradas VALUES ('grada 1', 'espectaculo 98', 'deportivo', '2013-07-24', 'productora 98', '2022-09-01 18:00:00', 'Calle de las flores número 98 puerta C');
INSERT INTO gradas VALUES ('grada 2', 'espectaculo 98', 'deportivo', '2013-07-24', 'productora 98', '2022-09-01 18:00:00', 'Calle de las flores número 98 puerta C');
INSERT INTO gradas VALUES ('grada 3', 'espectaculo 98', 'deportivo', '2013-07-24', 'productora 98', '2022-09-01 18:00:00', 'Calle de las flores número 98 puerta C');
INSERT INTO espectaculos VALUES ('espectaculo 99', 'teatro', '2012-11-10', 'productora 99', 'lista participantes 99', 7, '00:15:00', '00:57:00', '00:20:00');
INSERT INTO eventos VALUES ('espectaculo 99', 'teatro', '2012-11-10', 'productora 99', '2022-09-01 18:00:00', 'Calle de las flores número 99 puerta C','Abierto');
INSERT INTO eventos VALUES ('espectaculo 99', 'teatro', '2012-11-10', 'productora 99', '2020-09-01 03:00:00', 'Calle de las flores número 99 puerta C','Abierto');
INSERT INTO gradas VALUES ('grada 1', 'espectaculo 99', 'teatro', '2012-11-10', 'productora 99', '2022-09-01 18:00:00', 'Calle de las flores número 99 puerta C');
INSERT INTO gradas VALUES ('grada 2', 'espectaculo 99', 'teatro', '2012-11-10', 'productora 99', '2022-09-01 18:00:00', 'Calle de las flores número 99 puerta C');
INSERT INTO gradas VALUES ('grada 3', 'espectaculo 99', 'teatro', '2012-11-10', 'productora 99', '2022-09-01 18:00:00', 'Calle de las flores número 99 puerta C');
INSERT INTO espectaculos VALUES ('espectaculo 100', 'deportivo', '2000-10-07', 'productora 100', 'lista participantes 100', 6, '00:16:00', '00:21:00', '00:22:00');
INSERT INTO eventos VALUES ('espectaculo 100', 'deportivo', '2000-10-07', 'productora 100', '2022-09-01 18:00:00', 'Calle de las flores número 100 puerta C','Abierto');
INSERT INTO eventos VALUES ('espectaculo 100', 'deportivo', '2000-10-07', 'productora 100', '2020-09-01 03:00:00', 'Calle de las flores número 100 puerta C','Abierto');
INSERT INTO gradas VALUES ('grada 1', 'espectaculo 100', 'deportivo', '2000-10-07', 'productora 100', '2022-09-01 18:00:00', 'Calle de las flores número 100 puerta C');
INSERT INTO gradas VALUES ('grada 2', 'espectaculo 100', 'deportivo', '2000-10-07', 'productora 100', '2022-09-01 18:00:00', 'Calle de las flores número 100 puerta C');
INSERT INTO gradas VALUES ('grada 3', 'espectaculo 100', 'deportivo', '2000-10-07', 'productora 100', '2022-09-01 18:00:00', 'Calle de las flores número 100 puerta C');
INSERT INTO espectaculos VALUES ('espectaculo 101', 'concierto', '2007-06-07', 'productora 101', 'lista participantes 101', 1, '00:11:00', '00:30:00', '00:22:00');
INSERT INTO eventos VALUES ('espectaculo 101', 'concierto', '2007-06-07', 'productora 101', '2022-09-01 18:00:00', 'Calle de las flores número 101 puerta C','Abierto');
INSERT INTO eventos VALUES ('espectaculo 101', 'concierto', '2007-06-07', 'productora 101', '2020-09-01 03:00:00', 'Calle de las flores número 101 puerta C','Abierto');
INSERT INTO gradas VALUES ('grada 1', 'espectaculo 101', 'concierto', '2007-06-07', 'productora 101', '2022-09-01 18:00:00', 'Calle de las flores número 101 puerta C');
INSERT INTO gradas VALUES ('grada 2', 'espectaculo 101', 'concierto', '2007-06-07', 'productora 101', '2022-09-01 18:00:00', 'Calle de las flores número 101 puerta C');
INSERT INTO gradas VALUES ('grada 3', 'espectaculo 101', 'concierto', '2007-06-07', 'productora 101', '2022-09-01 18:00:00', 'Calle de las flores número 101 puerta C');
INSERT INTO espectaculos VALUES ('espectaculo 102', 'pelicula', '1993-10-27', 'productora 102', 'lista participantes 102', 2, '00:18:00', '00:43:00', '00:19:00');
INSERT INTO eventos VALUES ('espectaculo 102', 'pelicula', '1993-10-27', 'productora 102', '2022-09-01 18:00:00', 'Calle de las flores número 102 puerta C','Abierto');
INSERT INTO eventos VALUES ('espectaculo 102', 'pelicula', '1993-10-27', 'productora 102', '2020-09-01 03:00:00', 'Calle de las flores número 102 puerta C','Abierto');
INSERT INTO gradas VALUES ('grada 1', 'espectaculo 102', 'pelicula', '1993-10-27', 'productora 102', '2022-09-01 18:00:00', 'Calle de las flores número 102 puerta C');
INSERT INTO gradas VALUES ('grada 2', 'espectaculo 102', 'pelicula', '1993-10-27', 'productora 102', '2022-09-01 18:00:00', 'Calle de las flores número 102 puerta C');
INSERT INTO gradas VALUES ('grada 3', 'espectaculo 102', 'pelicula', '1993-10-27', 'productora 102', '2022-09-01 18:00:00', 'Calle de las flores número 102 puerta C');
INSERT INTO espectaculos VALUES ('espectaculo 103', 'concierto', '2014-10-17', 'productora 103', 'lista participantes 103', 4, '00:15:00', '00:32:00', '00:19:00');
INSERT INTO eventos VALUES ('espectaculo 103', 'concierto', '2014-10-17', 'productora 103', '2022-09-01 18:00:00', 'Calle de las flores número 103 puerta C','Abierto');
INSERT INTO eventos VALUES ('espectaculo 103', 'concierto', '2014-10-17', 'productora 103', '2020-09-01 03:00:00', 'Calle de las flores número 103 puerta C','Abierto');
INSERT INTO gradas VALUES ('grada 1', 'espectaculo 103', 'concierto', '2014-10-17', 'productora 103', '2022-09-01 18:00:00', 'Calle de las flores número 103 puerta C');
INSERT INTO gradas VALUES ('grada 2', 'espectaculo 103', 'concierto', '2014-10-17', 'productora 103', '2022-09-01 18:00:00', 'Calle de las flores número 103 puerta C');
INSERT INTO gradas VALUES ('grada 3', 'espectaculo 103', 'concierto', '2014-10-17', 'productora 103', '2022-09-01 18:00:00', 'Calle de las flores número 103 puerta C');
INSERT INTO espectaculos VALUES ('espectaculo 104', 'concierto', '1993-03-06', 'productora 104', 'lista participantes 104', 4, '00:11:00', '00:27:00', '00:20:00');
INSERT INTO eventos VALUES ('espectaculo 104', 'concierto', '1993-03-06', 'productora 104', '2022-09-01 18:00:00', 'Calle de las flores número 104 puerta C','Abierto');
INSERT INTO eventos VALUES ('espectaculo 104', 'concierto', '1993-03-06', 'productora 104', '2020-09-01 03:00:00', 'Calle de las flores número 104 puerta C','Abierto');
INSERT INTO gradas VALUES ('grada 1', 'espectaculo 104', 'concierto', '1993-03-06', 'productora 104', '2022-09-01 18:00:00', 'Calle de las flores número 104 puerta C');
INSERT INTO gradas VALUES ('grada 2', 'espectaculo 104', 'concierto', '1993-03-06', 'productora 104', '2022-09-01 18:00:00', 'Calle de las flores número 104 puerta C');
INSERT INTO gradas VALUES ('grada 3', 'espectaculo 104', 'concierto', '1993-03-06', 'productora 104', '2022-09-01 18:00:00', 'Calle de las flores número 104 puerta C');
INSERT INTO espectaculos VALUES ('espectaculo 105', 'entrevista', '2013-08-11', 'productora 105', 'lista participantes 105', 7, '00:15:00', '00:52:00', '00:16:00');
INSERT INTO eventos VALUES ('espectaculo 105', 'entrevista', '2013-08-11', 'productora 105', '2022-09-01 18:00:00', 'Calle de las flores número 105 puerta C','Abierto');
INSERT INTO eventos VALUES ('espectaculo 105', 'entrevista', '2013-08-11', 'productora 105', '2020-09-01 03:00:00', 'Calle de las flores número 105 puerta C','Abierto');
INSERT INTO gradas VALUES ('grada 1', 'espectaculo 105', 'entrevista', '2013-08-11', 'productora 105', '2022-09-01 18:00:00', 'Calle de las flores número 105 puerta C');
INSERT INTO gradas VALUES ('grada 2', 'espectaculo 105', 'entrevista', '2013-08-11', 'productora 105', '2022-09-01 18:00:00', 'Calle de las flores número 105 puerta C');
INSERT INTO gradas VALUES ('grada 3', 'espectaculo 105', 'entrevista', '2013-08-11', 'productora 105', '2022-09-01 18:00:00', 'Calle de las flores número 105 puerta C');
INSERT INTO espectaculos VALUES ('espectaculo 106', 'pelicula', '2004-10-13', 'productora 106', 'lista participantes 106', 5, '00:16:00', '00:17:00', '00:19:00');
INSERT INTO eventos VALUES ('espectaculo 106', 'pelicula', '2004-10-13', 'productora 106', '2022-09-01 18:00:00', 'Calle de las flores número 106 puerta C','Abierto');
INSERT INTO eventos VALUES ('espectaculo 106', 'pelicula', '2004-10-13', 'productora 106', '2020-09-01 03:00:00', 'Calle de las flores número 106 puerta C','Abierto');
INSERT INTO gradas VALUES ('grada 1', 'espectaculo 106', 'pelicula', '2004-10-13', 'productora 106', '2022-09-01 18:00:00', 'Calle de las flores número 106 puerta C');
INSERT INTO gradas VALUES ('grada 2', 'espectaculo 106', 'pelicula', '2004-10-13', 'productora 106', '2022-09-01 18:00:00', 'Calle de las flores número 106 puerta C');
INSERT INTO gradas VALUES ('grada 3', 'espectaculo 106', 'pelicula', '2004-10-13', 'productora 106', '2022-09-01 18:00:00', 'Calle de las flores número 106 puerta C');
INSERT INTO espectaculos VALUES ('espectaculo 107', 'entrevista', '1993-05-02', 'productora 107', 'lista participantes 107', 5, '00:14:00', '00:44:00', '00:28:00');
INSERT INTO eventos VALUES ('espectaculo 107', 'entrevista', '1993-05-02', 'productora 107', '2022-09-01 18:00:00', 'Calle de las flores número 107 puerta C','Abierto');
INSERT INTO eventos VALUES ('espectaculo 107', 'entrevista', '1993-05-02', 'productora 107', '2020-09-01 03:00:00', 'Calle de las flores número 107 puerta C','Abierto');
INSERT INTO gradas VALUES ('grada 1', 'espectaculo 107', 'entrevista', '1993-05-02', 'productora 107', '2022-09-01 18:00:00', 'Calle de las flores número 107 puerta C');
INSERT INTO gradas VALUES ('grada 2', 'espectaculo 107', 'entrevista', '1993-05-02', 'productora 107', '2022-09-01 18:00:00', 'Calle de las flores número 107 puerta C');
INSERT INTO gradas VALUES ('grada 3', 'espectaculo 107', 'entrevista', '1993-05-02', 'productora 107', '2022-09-01 18:00:00', 'Calle de las flores número 107 puerta C');
INSERT INTO espectaculos VALUES ('espectaculo 108', 'concierto', '1993-03-04', 'productora 108', 'lista participantes 108', 4, '00:16:00', '00:26:00', '00:17:00');
INSERT INTO eventos VALUES ('espectaculo 108', 'concierto', '1993-03-04', 'productora 108', '2022-09-01 18:00:00', 'Calle de las flores número 108 puerta C','Abierto');
INSERT INTO eventos VALUES ('espectaculo 108', 'concierto', '1993-03-04', 'productora 108', '2020-09-01 03:00:00', 'Calle de las flores número 108 puerta C','Abierto');
INSERT INTO gradas VALUES ('grada 1', 'espectaculo 108', 'concierto', '1993-03-04', 'productora 108', '2022-09-01 18:00:00', 'Calle de las flores número 108 puerta C');
INSERT INTO gradas VALUES ('grada 2', 'espectaculo 108', 'concierto', '1993-03-04', 'productora 108', '2022-09-01 18:00:00', 'Calle de las flores número 108 puerta C');
INSERT INTO gradas VALUES ('grada 3', 'espectaculo 108', 'concierto', '1993-03-04', 'productora 108', '2022-09-01 18:00:00', 'Calle de las flores número 108 puerta C');
INSERT INTO espectaculos VALUES ('espectaculo 109', 'deportivo', '2009-01-20', 'productora 109', 'lista participantes 109', 2, '00:15:00', '00:58:00', '00:19:00');
INSERT INTO eventos VALUES ('espectaculo 109', 'deportivo', '2009-01-20', 'productora 109', '2022-09-01 18:00:00', 'Calle de las flores número 109 puerta C','Abierto');
INSERT INTO eventos VALUES ('espectaculo 109', 'deportivo', '2009-01-20', 'productora 109', '2020-09-01 03:00:00', 'Calle de las flores número 109 puerta C','Abierto');
INSERT INTO gradas VALUES ('grada 1', 'espectaculo 109', 'deportivo', '2009-01-20', 'productora 109', '2022-09-01 18:00:00', 'Calle de las flores número 109 puerta C');
INSERT INTO gradas VALUES ('grada 2', 'espectaculo 109', 'deportivo', '2009-01-20', 'productora 109', '2022-09-01 18:00:00', 'Calle de las flores número 109 puerta C');
INSERT INTO gradas VALUES ('grada 3', 'espectaculo 109', 'deportivo', '2009-01-20', 'productora 109', '2022-09-01 18:00:00', 'Calle de las flores número 109 puerta C');
INSERT INTO espectaculos VALUES ('espectaculo 110', 'concierto', '1994-03-06', 'productora 110', 'lista participantes 110', 4, '00:16:00', '00:35:00', '00:29:00');
INSERT INTO eventos VALUES ('espectaculo 110', 'concierto', '1994-03-06', 'productora 110', '2022-09-01 18:00:00', 'Calle de las flores número 110 puerta C','Abierto');
INSERT INTO eventos VALUES ('espectaculo 110', 'concierto', '1994-03-06', 'productora 110', '2020-09-01 03:00:00', 'Calle de las flores número 110 puerta C','Abierto');
INSERT INTO gradas VALUES ('grada 1', 'espectaculo 110', 'concierto', '1994-03-06', 'productora 110', '2022-09-01 18:00:00', 'Calle de las flores número 110 puerta C');
INSERT INTO gradas VALUES ('grada 2', 'espectaculo 110', 'concierto', '1994-03-06', 'productora 110', '2022-09-01 18:00:00', 'Calle de las flores número 110 puerta C');
INSERT INTO gradas VALUES ('grada 3', 'espectaculo 110', 'concierto', '1994-03-06', 'productora 110', '2022-09-01 18:00:00', 'Calle de las flores número 110 puerta C');
INSERT INTO espectaculos VALUES ('espectaculo 111', 'concierto', '2012-02-20', 'productora 111', 'lista participantes 111', 9, '00:14:00', '00:16:00', '00:18:00');
INSERT INTO eventos VALUES ('espectaculo 111', 'concierto', '2012-02-20', 'productora 111', '2022-09-01 18:00:00', 'Calle de las flores número 111 puerta C','Abierto');
INSERT INTO eventos VALUES ('espectaculo 111', 'concierto', '2012-02-20', 'productora 111', '2020-09-01 03:00:00', 'Calle de las flores número 111 puerta C','Abierto');
INSERT INTO gradas VALUES ('grada 1', 'espectaculo 111', 'concierto', '2012-02-20', 'productora 111', '2022-09-01 18:00:00', 'Calle de las flores número 111 puerta C');
INSERT INTO gradas VALUES ('grada 2', 'espectaculo 111', 'concierto', '2012-02-20', 'productora 111', '2022-09-01 18:00:00', 'Calle de las flores número 111 puerta C');
INSERT INTO gradas VALUES ('grada 3', 'espectaculo 111', 'concierto', '2012-02-20', 'productora 111', '2022-09-01 18:00:00', 'Calle de las flores número 111 puerta C');
INSERT INTO espectaculos VALUES ('espectaculo 112', 'teatro', '1993-03-03', 'productora 112', 'lista participantes 112', 6, '00:15:00', '00:33:00', '00:22:00');
INSERT INTO eventos VALUES ('espectaculo 112', 'teatro', '1993-03-03', 'productora 112', '2022-09-01 18:00:00', 'Calle de las flores número 112 puerta C','Abierto');
INSERT INTO eventos VALUES ('espectaculo 112', 'teatro', '1993-03-03', 'productora 112', '2020-09-01 03:00:00', 'Calle de las flores número 112 puerta C','Abierto');
INSERT INTO gradas VALUES ('grada 1', 'espectaculo 112', 'teatro', '1993-03-03', 'productora 112', '2022-09-01 18:00:00', 'Calle de las flores número 112 puerta C');
INSERT INTO gradas VALUES ('grada 2', 'espectaculo 112', 'teatro', '1993-03-03', 'productora 112', '2022-09-01 18:00:00', 'Calle de las flores número 112 puerta C');
INSERT INTO gradas VALUES ('grada 3', 'espectaculo 112', 'teatro', '1993-03-03', 'productora 112', '2022-09-01 18:00:00', 'Calle de las flores número 112 puerta C');
INSERT INTO espectaculos VALUES ('espectaculo 113', 'deportivo', '2008-02-01', 'productora 113', 'lista participantes 113', 2, '00:16:00', '00:48:00', '00:19:00');
INSERT INTO eventos VALUES ('espectaculo 113', 'deportivo', '2008-02-01', 'productora 113', '2022-09-01 18:00:00', 'Calle de las flores número 113 puerta C','Abierto');
INSERT INTO eventos VALUES ('espectaculo 113', 'deportivo', '2008-02-01', 'productora 113', '2020-09-01 03:00:00', 'Calle de las flores número 113 puerta C','Abierto');
INSERT INTO gradas VALUES ('grada 1', 'espectaculo 113', 'deportivo', '2008-02-01', 'productora 113', '2022-09-01 18:00:00', 'Calle de las flores número 113 puerta C');
INSERT INTO gradas VALUES ('grada 2', 'espectaculo 113', 'deportivo', '2008-02-01', 'productora 113', '2022-09-01 18:00:00', 'Calle de las flores número 113 puerta C');
INSERT INTO gradas VALUES ('grada 3', 'espectaculo 113', 'deportivo', '2008-02-01', 'productora 113', '2022-09-01 18:00:00', 'Calle de las flores número 113 puerta C');
INSERT INTO espectaculos VALUES ('espectaculo 114', 'pelicula', '1989-08-19', 'productora 114', 'lista participantes 114', 8, '00:14:00', '00:41:00', '00:29:00');
INSERT INTO eventos VALUES ('espectaculo 114', 'pelicula', '1989-08-19', 'productora 114', '2022-09-01 18:00:00', 'Calle de las flores número 114 puerta C','Abierto');
INSERT INTO eventos VALUES ('espectaculo 114', 'pelicula', '1989-08-19', 'productora 114', '2020-09-01 03:00:00', 'Calle de las flores número 114 puerta C','Abierto');
INSERT INTO gradas VALUES ('grada 1', 'espectaculo 114', 'pelicula', '1989-08-19', 'productora 114', '2022-09-01 18:00:00', 'Calle de las flores número 114 puerta C');
INSERT INTO gradas VALUES ('grada 2', 'espectaculo 114', 'pelicula', '1989-08-19', 'productora 114', '2022-09-01 18:00:00', 'Calle de las flores número 114 puerta C');
INSERT INTO gradas VALUES ('grada 3', 'espectaculo 114', 'pelicula', '1989-08-19', 'productora 114', '2022-09-01 18:00:00', 'Calle de las flores número 114 puerta C');
INSERT INTO espectaculos VALUES ('espectaculo 115', 'pelicula', '2018-09-03', 'productora 115', 'lista participantes 115', 7, '00:17:00', '00:45:00', '00:21:00');
INSERT INTO eventos VALUES ('espectaculo 115', 'pelicula', '2018-09-03', 'productora 115', '2022-09-01 18:00:00', 'Calle de las flores número 115 puerta C','Abierto');
INSERT INTO eventos VALUES ('espectaculo 115', 'pelicula', '2018-09-03', 'productora 115', '2020-09-01 03:00:00', 'Calle de las flores número 115 puerta C','Abierto');
INSERT INTO gradas VALUES ('grada 1', 'espectaculo 115', 'pelicula', '2018-09-03', 'productora 115', '2022-09-01 18:00:00', 'Calle de las flores número 115 puerta C');
INSERT INTO gradas VALUES ('grada 2', 'espectaculo 115', 'pelicula', '2018-09-03', 'productora 115', '2022-09-01 18:00:00', 'Calle de las flores número 115 puerta C');
INSERT INTO gradas VALUES ('grada 3', 'espectaculo 115', 'pelicula', '2018-09-03', 'productora 115', '2022-09-01 18:00:00', 'Calle de las flores número 115 puerta C');
INSERT INTO espectaculos VALUES ('espectaculo 116', 'deportivo', '2015-11-16', 'productora 116', 'lista participantes 116', 3, '00:11:00', '00:58:00', '00:17:00');
INSERT INTO eventos VALUES ('espectaculo 116', 'deportivo', '2015-11-16', 'productora 116', '2022-09-01 18:00:00', 'Calle de las flores número 116 puerta C','Abierto');
INSERT INTO eventos VALUES ('espectaculo 116', 'deportivo', '2015-11-16', 'productora 116', '2020-09-01 03:00:00', 'Calle de las flores número 116 puerta C','Abierto');
INSERT INTO gradas VALUES ('grada 1', 'espectaculo 116', 'deportivo', '2015-11-16', 'productora 116', '2022-09-01 18:00:00', 'Calle de las flores número 116 puerta C');
INSERT INTO gradas VALUES ('grada 2', 'espectaculo 116', 'deportivo', '2015-11-16', 'productora 116', '2022-09-01 18:00:00', 'Calle de las flores número 116 puerta C');
INSERT INTO gradas VALUES ('grada 3', 'espectaculo 116', 'deportivo', '2015-11-16', 'productora 116', '2022-09-01 18:00:00', 'Calle de las flores número 116 puerta C');
INSERT INTO espectaculos VALUES ('espectaculo 117', 'teatro', '2014-10-04', 'productora 117', 'lista participantes 117', 9, '00:14:00', '00:34:00', '00:18:00');
INSERT INTO eventos VALUES ('espectaculo 117', 'teatro', '2014-10-04', 'productora 117', '2022-09-01 18:00:00', 'Calle de las flores número 117 puerta C','Abierto');
INSERT INTO eventos VALUES ('espectaculo 117', 'teatro', '2014-10-04', 'productora 117', '2020-09-01 03:00:00', 'Calle de las flores número 117 puerta C','Abierto');
INSERT INTO gradas VALUES ('grada 1', 'espectaculo 117', 'teatro', '2014-10-04', 'productora 117', '2022-09-01 18:00:00', 'Calle de las flores número 117 puerta C');
INSERT INTO gradas VALUES ('grada 2', 'espectaculo 117', 'teatro', '2014-10-04', 'productora 117', '2022-09-01 18:00:00', 'Calle de las flores número 117 puerta C');
INSERT INTO gradas VALUES ('grada 3', 'espectaculo 117', 'teatro', '2014-10-04', 'productora 117', '2022-09-01 18:00:00', 'Calle de las flores número 117 puerta C');
INSERT INTO espectaculos VALUES ('espectaculo 118', 'pelicula', '1987-08-22', 'productora 118', 'lista participantes 118', 5, '00:11:00', '00:45:00', '00:21:00');
INSERT INTO eventos VALUES ('espectaculo 118', 'pelicula', '1987-08-22', 'productora 118', '2022-09-01 18:00:00', 'Calle de las flores número 118 puerta C','Abierto');
INSERT INTO eventos VALUES ('espectaculo 118', 'pelicula', '1987-08-22', 'productora 118', '2020-09-01 03:00:00', 'Calle de las flores número 118 puerta C','Abierto');
INSERT INTO gradas VALUES ('grada 1', 'espectaculo 118', 'pelicula', '1987-08-22', 'productora 118', '2022-09-01 18:00:00', 'Calle de las flores número 118 puerta C');
INSERT INTO gradas VALUES ('grada 2', 'espectaculo 118', 'pelicula', '1987-08-22', 'productora 118', '2022-09-01 18:00:00', 'Calle de las flores número 118 puerta C');
INSERT INTO gradas VALUES ('grada 3', 'espectaculo 118', 'pelicula', '1987-08-22', 'productora 118', '2022-09-01 18:00:00', 'Calle de las flores número 118 puerta C');
INSERT INTO espectaculos VALUES ('espectaculo 119', 'deportivo', '1989-03-09', 'productora 119', 'lista participantes 119', 6, '00:17:00', '00:59:00', '00:24:00');
INSERT INTO eventos VALUES ('espectaculo 119', 'deportivo', '1989-03-09', 'productora 119', '2022-09-01 18:00:00', 'Calle de las flores número 119 puerta C','Abierto');
INSERT INTO eventos VALUES ('espectaculo 119', 'deportivo', '1989-03-09', 'productora 119', '2020-09-01 03:00:00', 'Calle de las flores número 119 puerta C','Abierto');
INSERT INTO gradas VALUES ('grada 1', 'espectaculo 119', 'deportivo', '1989-03-09', 'productora 119', '2022-09-01 18:00:00', 'Calle de las flores número 119 puerta C');
INSERT INTO gradas VALUES ('grada 2', 'espectaculo 119', 'deportivo', '1989-03-09', 'productora 119', '2022-09-01 18:00:00', 'Calle de las flores número 119 puerta C');
INSERT INTO gradas VALUES ('grada 3', 'espectaculo 119', 'deportivo', '1989-03-09', 'productora 119', '2022-09-01 18:00:00', 'Calle de las flores número 119 puerta C');
INSERT INTO espectaculos VALUES ('espectaculo 120', 'teatro', '1985-07-20', 'productora 120', 'lista participantes 120', 4, '00:13:00', '00:39:00', '00:16:00');
INSERT INTO eventos VALUES ('espectaculo 120', 'teatro', '1985-07-20', 'productora 120', '2022-09-01 18:00:00', 'Calle de las flores número 120 puerta C','Abierto');
INSERT INTO eventos VALUES ('espectaculo 120', 'teatro', '1985-07-20', 'productora 120', '2020-09-01 03:00:00', 'Calle de las flores número 120 puerta C','Abierto');
INSERT INTO gradas VALUES ('grada 1', 'espectaculo 120', 'teatro', '1985-07-20', 'productora 120', '2022-09-01 18:00:00', 'Calle de las flores número 120 puerta C');
INSERT INTO gradas VALUES ('grada 2', 'espectaculo 120', 'teatro', '1985-07-20', 'productora 120', '2022-09-01 18:00:00', 'Calle de las flores número 120 puerta C');
INSERT INTO gradas VALUES ('grada 3', 'espectaculo 120', 'teatro', '1985-07-20', 'productora 120', '2022-09-01 18:00:00', 'Calle de las flores número 120 puerta C');
INSERT INTO espectaculos VALUES ('espectaculo 121', 'entrevista', '2019-04-09', 'productora 121', 'lista participantes 121', 3, '00:10:00', '00:33:00', '00:26:00');
INSERT INTO eventos VALUES ('espectaculo 121', 'entrevista', '2019-04-09', 'productora 121', '2022-09-01 18:00:00', 'Calle de las flores número 121 puerta C','Abierto');
INSERT INTO eventos VALUES ('espectaculo 121', 'entrevista', '2019-04-09', 'productora 121', '2020-09-01 03:00:00', 'Calle de las flores número 121 puerta C','Abierto');
INSERT INTO gradas VALUES ('grada 1', 'espectaculo 121', 'entrevista', '2019-04-09', 'productora 121', '2022-09-01 18:00:00', 'Calle de las flores número 121 puerta C');
INSERT INTO gradas VALUES ('grada 2', 'espectaculo 121', 'entrevista', '2019-04-09', 'productora 121', '2022-09-01 18:00:00', 'Calle de las flores número 121 puerta C');
INSERT INTO gradas VALUES ('grada 3', 'espectaculo 121', 'entrevista', '2019-04-09', 'productora 121', '2022-09-01 18:00:00', 'Calle de las flores número 121 puerta C');
INSERT INTO espectaculos VALUES ('espectaculo 122', 'teatro', '2019-07-03', 'productora 122', 'lista participantes 122', 5, '00:11:00', '00:41:00', '00:18:00');
INSERT INTO eventos VALUES ('espectaculo 122', 'teatro', '2019-07-03', 'productora 122', '2022-09-01 18:00:00', 'Calle de las flores número 122 puerta C','Abierto');
INSERT INTO eventos VALUES ('espectaculo 122', 'teatro', '2019-07-03', 'productora 122', '2020-09-01 03:00:00', 'Calle de las flores número 122 puerta C','Abierto');
INSERT INTO gradas VALUES ('grada 1', 'espectaculo 122', 'teatro', '2019-07-03', 'productora 122', '2022-09-01 18:00:00', 'Calle de las flores número 122 puerta C');
INSERT INTO gradas VALUES ('grada 2', 'espectaculo 122', 'teatro', '2019-07-03', 'productora 122', '2022-09-01 18:00:00', 'Calle de las flores número 122 puerta C');
INSERT INTO gradas VALUES ('grada 3', 'espectaculo 122', 'teatro', '2019-07-03', 'productora 122', '2022-09-01 18:00:00', 'Calle de las flores número 122 puerta C');
INSERT INTO espectaculos VALUES ('espectaculo 123', 'entrevista', '2004-05-11', 'productora 123', 'lista participantes 123', 6, '00:10:00', '00:46:00', '00:20:00');
INSERT INTO eventos VALUES ('espectaculo 123', 'entrevista', '2004-05-11', 'productora 123', '2022-09-01 18:00:00', 'Calle de las flores número 123 puerta C','Abierto');
INSERT INTO eventos VALUES ('espectaculo 123', 'entrevista', '2004-05-11', 'productora 123', '2020-09-01 03:00:00', 'Calle de las flores número 123 puerta C','Abierto');
INSERT INTO gradas VALUES ('grada 1', 'espectaculo 123', 'entrevista', '2004-05-11', 'productora 123', '2022-09-01 18:00:00', 'Calle de las flores número 123 puerta C');
INSERT INTO gradas VALUES ('grada 2', 'espectaculo 123', 'entrevista', '2004-05-11', 'productora 123', '2022-09-01 18:00:00', 'Calle de las flores número 123 puerta C');
INSERT INTO gradas VALUES ('grada 3', 'espectaculo 123', 'entrevista', '2004-05-11', 'productora 123', '2022-09-01 18:00:00', 'Calle de las flores número 123 puerta C');
INSERT INTO espectaculos VALUES ('espectaculo 124', 'concierto', '1997-01-19', 'productora 124', 'lista participantes 124', 6, '00:17:00', '00:21:00', '00:28:00');
INSERT INTO eventos VALUES ('espectaculo 124', 'concierto', '1997-01-19', 'productora 124', '2022-09-01 18:00:00', 'Calle de las flores número 124 puerta C','Abierto');
INSERT INTO eventos VALUES ('espectaculo 124', 'concierto', '1997-01-19', 'productora 124', '2020-09-01 03:00:00', 'Calle de las flores número 124 puerta C','Abierto');
INSERT INTO gradas VALUES ('grada 1', 'espectaculo 124', 'concierto', '1997-01-19', 'productora 124', '2022-09-01 18:00:00', 'Calle de las flores número 124 puerta C');
INSERT INTO gradas VALUES ('grada 2', 'espectaculo 124', 'concierto', '1997-01-19', 'productora 124', '2022-09-01 18:00:00', 'Calle de las flores número 124 puerta C');
INSERT INTO gradas VALUES ('grada 3', 'espectaculo 124', 'concierto', '1997-01-19', 'productora 124', '2022-09-01 18:00:00', 'Calle de las flores número 124 puerta C');
INSERT INTO espectaculos VALUES ('espectaculo 125', 'deportivo', '2002-05-13', 'productora 125', 'lista participantes 125', 6, '00:10:00', '00:21:00', '00:24:00');
INSERT INTO eventos VALUES ('espectaculo 125', 'deportivo', '2002-05-13', 'productora 125', '2022-09-01 18:00:00', 'Calle de las flores número 125 puerta C','Abierto');
INSERT INTO eventos VALUES ('espectaculo 125', 'deportivo', '2002-05-13', 'productora 125', '2020-09-01 03:00:00', 'Calle de las flores número 125 puerta C','Abierto');
INSERT INTO gradas VALUES ('grada 1', 'espectaculo 125', 'deportivo', '2002-05-13', 'productora 125', '2022-09-01 18:00:00', 'Calle de las flores número 125 puerta C');
INSERT INTO gradas VALUES ('grada 2', 'espectaculo 125', 'deportivo', '2002-05-13', 'productora 125', '2022-09-01 18:00:00', 'Calle de las flores número 125 puerta C');
INSERT INTO gradas VALUES ('grada 3', 'espectaculo 125', 'deportivo', '2002-05-13', 'productora 125', '2022-09-01 18:00:00', 'Calle de las flores número 125 puerta C');
INSERT INTO espectaculos VALUES ('espectaculo 126', 'concierto', '2011-02-13', 'productora 126', 'lista participantes 126', 3, '00:19:00', '00:31:00', '00:29:00');
INSERT INTO eventos VALUES ('espectaculo 126', 'concierto', '2011-02-13', 'productora 126', '2022-09-01 18:00:00', 'Calle de las flores número 126 puerta C','Abierto');
INSERT INTO eventos VALUES ('espectaculo 126', 'concierto', '2011-02-13', 'productora 126', '2020-09-01 03:00:00', 'Calle de las flores número 126 puerta C','Abierto');
INSERT INTO gradas VALUES ('grada 1', 'espectaculo 126', 'concierto', '2011-02-13', 'productora 126', '2022-09-01 18:00:00', 'Calle de las flores número 126 puerta C');
INSERT INTO gradas VALUES ('grada 2', 'espectaculo 126', 'concierto', '2011-02-13', 'productora 126', '2022-09-01 18:00:00', 'Calle de las flores número 126 puerta C');
INSERT INTO gradas VALUES ('grada 3', 'espectaculo 126', 'concierto', '2011-02-13', 'productora 126', '2022-09-01 18:00:00', 'Calle de las flores número 126 puerta C');
INSERT INTO espectaculos VALUES ('espectaculo 127', 'entrevista', '2005-02-03', 'productora 127', 'lista participantes 127', 4, '00:12:00', '00:47:00', '00:18:00');
INSERT INTO eventos VALUES ('espectaculo 127', 'entrevista', '2005-02-03', 'productora 127', '2022-09-01 18:00:00', 'Calle de las flores número 127 puerta C','Abierto');
INSERT INTO eventos VALUES ('espectaculo 127', 'entrevista', '2005-02-03', 'productora 127', '2020-09-01 03:00:00', 'Calle de las flores número 127 puerta C','Abierto');
INSERT INTO gradas VALUES ('grada 1', 'espectaculo 127', 'entrevista', '2005-02-03', 'productora 127', '2022-09-01 18:00:00', 'Calle de las flores número 127 puerta C');
INSERT INTO gradas VALUES ('grada 2', 'espectaculo 127', 'entrevista', '2005-02-03', 'productora 127', '2022-09-01 18:00:00', 'Calle de las flores número 127 puerta C');
INSERT INTO gradas VALUES ('grada 3', 'espectaculo 127', 'entrevista', '2005-02-03', 'productora 127', '2022-09-01 18:00:00', 'Calle de las flores número 127 puerta C');
INSERT INTO espectaculos VALUES ('espectaculo 128', 'teatro', '2014-07-18', 'productora 128', 'lista participantes 128', 4, '00:13:00', '00:51:00', '00:18:00');
INSERT INTO eventos VALUES ('espectaculo 128', 'teatro', '2014-07-18', 'productora 128', '2022-09-01 18:00:00', 'Calle de las flores número 128 puerta C','Abierto');
INSERT INTO eventos VALUES ('espectaculo 128', 'teatro', '2014-07-18', 'productora 128', '2020-09-01 03:00:00', 'Calle de las flores número 128 puerta C','Abierto');
INSERT INTO gradas VALUES ('grada 1', 'espectaculo 128', 'teatro', '2014-07-18', 'productora 128', '2022-09-01 18:00:00', 'Calle de las flores número 128 puerta C');
INSERT INTO gradas VALUES ('grada 2', 'espectaculo 128', 'teatro', '2014-07-18', 'productora 128', '2022-09-01 18:00:00', 'Calle de las flores número 128 puerta C');
INSERT INTO gradas VALUES ('grada 3', 'espectaculo 128', 'teatro', '2014-07-18', 'productora 128', '2022-09-01 18:00:00', 'Calle de las flores número 128 puerta C');
INSERT INTO espectaculos VALUES ('espectaculo 129', 'teatro', '2005-02-06', 'productora 129', 'lista participantes 129', 5, '00:19:00', '00:28:00', '00:24:00');
INSERT INTO eventos VALUES ('espectaculo 129', 'teatro', '2005-02-06', 'productora 129', '2022-09-01 18:00:00', 'Calle de las flores número 129 puerta C','Abierto');
INSERT INTO eventos VALUES ('espectaculo 129', 'teatro', '2005-02-06', 'productora 129', '2020-09-01 03:00:00', 'Calle de las flores número 129 puerta C','Abierto');
INSERT INTO gradas VALUES ('grada 1', 'espectaculo 129', 'teatro', '2005-02-06', 'productora 129', '2022-09-01 18:00:00', 'Calle de las flores número 129 puerta C');
INSERT INTO gradas VALUES ('grada 2', 'espectaculo 129', 'teatro', '2005-02-06', 'productora 129', '2022-09-01 18:00:00', 'Calle de las flores número 129 puerta C');
INSERT INTO gradas VALUES ('grada 3', 'espectaculo 129', 'teatro', '2005-02-06', 'productora 129', '2022-09-01 18:00:00', 'Calle de las flores número 129 puerta C');
INSERT INTO espectaculos VALUES ('espectaculo 130', 'pelicula', '2020-01-12', 'productora 130', 'lista participantes 130', 6, '00:10:00', '00:27:00', '00:20:00');
INSERT INTO eventos VALUES ('espectaculo 130', 'pelicula', '2020-01-12', 'productora 130', '2022-09-01 18:00:00', 'Calle de las flores número 130 puerta C','Abierto');
INSERT INTO eventos VALUES ('espectaculo 130', 'pelicula', '2020-01-12', 'productora 130', '2020-09-01 03:00:00', 'Calle de las flores número 130 puerta C','Abierto');
INSERT INTO gradas VALUES ('grada 1', 'espectaculo 130', 'pelicula', '2020-01-12', 'productora 130', '2022-09-01 18:00:00', 'Calle de las flores número 130 puerta C');
INSERT INTO gradas VALUES ('grada 2', 'espectaculo 130', 'pelicula', '2020-01-12', 'productora 130', '2022-09-01 18:00:00', 'Calle de las flores número 130 puerta C');
INSERT INTO gradas VALUES ('grada 3', 'espectaculo 130', 'pelicula', '2020-01-12', 'productora 130', '2022-09-01 18:00:00', 'Calle de las flores número 130 puerta C');
INSERT INTO espectaculos VALUES ('espectaculo 131', 'concierto', '1985-11-15', 'productora 131', 'lista participantes 131', 6, '00:14:00', '00:22:00', '00:28:00');
INSERT INTO eventos VALUES ('espectaculo 131', 'concierto', '1985-11-15', 'productora 131', '2022-09-01 18:00:00', 'Calle de las flores número 131 puerta C','Abierto');
INSERT INTO eventos VALUES ('espectaculo 131', 'concierto', '1985-11-15', 'productora 131', '2020-09-01 03:00:00', 'Calle de las flores número 131 puerta C','Abierto');
INSERT INTO gradas VALUES ('grada 1', 'espectaculo 131', 'concierto', '1985-11-15', 'productora 131', '2022-09-01 18:00:00', 'Calle de las flores número 131 puerta C');
INSERT INTO gradas VALUES ('grada 2', 'espectaculo 131', 'concierto', '1985-11-15', 'productora 131', '2022-09-01 18:00:00', 'Calle de las flores número 131 puerta C');
INSERT INTO gradas VALUES ('grada 3', 'espectaculo 131', 'concierto', '1985-11-15', 'productora 131', '2022-09-01 18:00:00', 'Calle de las flores número 131 puerta C');
INSERT INTO espectaculos VALUES ('espectaculo 132', 'deportivo', '1999-06-09', 'productora 132', 'lista participantes 132', 5, '00:15:00', '00:49:00', '00:28:00');
INSERT INTO eventos VALUES ('espectaculo 132', 'deportivo', '1999-06-09', 'productora 132', '2022-09-01 18:00:00', 'Calle de las flores número 132 puerta C','Abierto');
INSERT INTO eventos VALUES ('espectaculo 132', 'deportivo', '1999-06-09', 'productora 132', '2020-09-01 03:00:00', 'Calle de las flores número 132 puerta C','Abierto');
INSERT INTO gradas VALUES ('grada 1', 'espectaculo 132', 'deportivo', '1999-06-09', 'productora 132', '2022-09-01 18:00:00', 'Calle de las flores número 132 puerta C');
INSERT INTO gradas VALUES ('grada 2', 'espectaculo 132', 'deportivo', '1999-06-09', 'productora 132', '2022-09-01 18:00:00', 'Calle de las flores número 132 puerta C');
INSERT INTO gradas VALUES ('grada 3', 'espectaculo 132', 'deportivo', '1999-06-09', 'productora 132', '2022-09-01 18:00:00', 'Calle de las flores número 132 puerta C');
INSERT INTO espectaculos VALUES ('espectaculo 133', 'teatro', '1996-03-23', 'productora 133', 'lista participantes 133', 5, '00:15:00', '00:15:00', '00:28:00');
INSERT INTO eventos VALUES ('espectaculo 133', 'teatro', '1996-03-23', 'productora 133', '2022-09-01 18:00:00', 'Calle de las flores número 133 puerta C','Abierto');
INSERT INTO eventos VALUES ('espectaculo 133', 'teatro', '1996-03-23', 'productora 133', '2020-09-01 03:00:00', 'Calle de las flores número 133 puerta C','Abierto');
INSERT INTO gradas VALUES ('grada 1', 'espectaculo 133', 'teatro', '1996-03-23', 'productora 133', '2022-09-01 18:00:00', 'Calle de las flores número 133 puerta C');
INSERT INTO gradas VALUES ('grada 2', 'espectaculo 133', 'teatro', '1996-03-23', 'productora 133', '2022-09-01 18:00:00', 'Calle de las flores número 133 puerta C');
INSERT INTO gradas VALUES ('grada 3', 'espectaculo 133', 'teatro', '1996-03-23', 'productora 133', '2022-09-01 18:00:00', 'Calle de las flores número 133 puerta C');
INSERT INTO espectaculos VALUES ('espectaculo 134', 'concierto', '1987-01-18', 'productora 134', 'lista participantes 134', 2, '00:17:00', '00:50:00', '00:19:00');
INSERT INTO eventos VALUES ('espectaculo 134', 'concierto', '1987-01-18', 'productora 134', '2022-09-01 18:00:00', 'Calle de las flores número 134 puerta C','Abierto');
INSERT INTO eventos VALUES ('espectaculo 134', 'concierto', '1987-01-18', 'productora 134', '2020-09-01 03:00:00', 'Calle de las flores número 134 puerta C','Abierto');
INSERT INTO gradas VALUES ('grada 1', 'espectaculo 134', 'concierto', '1987-01-18', 'productora 134', '2022-09-01 18:00:00', 'Calle de las flores número 134 puerta C');
INSERT INTO gradas VALUES ('grada 2', 'espectaculo 134', 'concierto', '1987-01-18', 'productora 134', '2022-09-01 18:00:00', 'Calle de las flores número 134 puerta C');
INSERT INTO gradas VALUES ('grada 3', 'espectaculo 134', 'concierto', '1987-01-18', 'productora 134', '2022-09-01 18:00:00', 'Calle de las flores número 134 puerta C');
INSERT INTO espectaculos VALUES ('espectaculo 135', 'entrevista', '2002-09-05', 'productora 135', 'lista participantes 135', 1, '00:17:00', '00:51:00', '00:27:00');
INSERT INTO eventos VALUES ('espectaculo 135', 'entrevista', '2002-09-05', 'productora 135', '2022-09-01 18:00:00', 'Calle de las flores número 135 puerta C','Abierto');
INSERT INTO eventos VALUES ('espectaculo 135', 'entrevista', '2002-09-05', 'productora 135', '2020-09-01 03:00:00', 'Calle de las flores número 135 puerta C','Abierto');
INSERT INTO gradas VALUES ('grada 1', 'espectaculo 135', 'entrevista', '2002-09-05', 'productora 135', '2022-09-01 18:00:00', 'Calle de las flores número 135 puerta C');
INSERT INTO gradas VALUES ('grada 2', 'espectaculo 135', 'entrevista', '2002-09-05', 'productora 135', '2022-09-01 18:00:00', 'Calle de las flores número 135 puerta C');
INSERT INTO gradas VALUES ('grada 3', 'espectaculo 135', 'entrevista', '2002-09-05', 'productora 135', '2022-09-01 18:00:00', 'Calle de las flores número 135 puerta C');
INSERT INTO espectaculos VALUES ('espectaculo 136', 'teatro', '2005-09-10', 'productora 136', 'lista participantes 136', 1, '00:18:00', '00:31:00', '00:16:00');
INSERT INTO eventos VALUES ('espectaculo 136', 'teatro', '2005-09-10', 'productora 136', '2022-09-01 18:00:00', 'Calle de las flores número 136 puerta C','Abierto');
INSERT INTO eventos VALUES ('espectaculo 136', 'teatro', '2005-09-10', 'productora 136', '2020-09-01 03:00:00', 'Calle de las flores número 136 puerta C','Abierto');
INSERT INTO gradas VALUES ('grada 1', 'espectaculo 136', 'teatro', '2005-09-10', 'productora 136', '2022-09-01 18:00:00', 'Calle de las flores número 136 puerta C');
INSERT INTO gradas VALUES ('grada 2', 'espectaculo 136', 'teatro', '2005-09-10', 'productora 136', '2022-09-01 18:00:00', 'Calle de las flores número 136 puerta C');
INSERT INTO gradas VALUES ('grada 3', 'espectaculo 136', 'teatro', '2005-09-10', 'productora 136', '2022-09-01 18:00:00', 'Calle de las flores número 136 puerta C');
INSERT INTO espectaculos VALUES ('espectaculo 137', 'pelicula', '1994-01-14', 'productora 137', 'lista participantes 137', 8, '00:19:00', '00:58:00', '00:20:00');
INSERT INTO eventos VALUES ('espectaculo 137', 'pelicula', '1994-01-14', 'productora 137', '2022-09-01 18:00:00', 'Calle de las flores número 137 puerta C','Abierto');
INSERT INTO eventos VALUES ('espectaculo 137', 'pelicula', '1994-01-14', 'productora 137', '2020-09-01 03:00:00', 'Calle de las flores número 137 puerta C','Abierto');
INSERT INTO gradas VALUES ('grada 1', 'espectaculo 137', 'pelicula', '1994-01-14', 'productora 137', '2022-09-01 18:00:00', 'Calle de las flores número 137 puerta C');
INSERT INTO gradas VALUES ('grada 2', 'espectaculo 137', 'pelicula', '1994-01-14', 'productora 137', '2022-09-01 18:00:00', 'Calle de las flores número 137 puerta C');
INSERT INTO gradas VALUES ('grada 3', 'espectaculo 137', 'pelicula', '1994-01-14', 'productora 137', '2022-09-01 18:00:00', 'Calle de las flores número 137 puerta C');
INSERT INTO espectaculos VALUES ('espectaculo 138', 'concierto', '1988-09-05', 'productora 138', 'lista participantes 138', 8, '00:16:00', '00:33:00', '00:24:00');
INSERT INTO eventos VALUES ('espectaculo 138', 'concierto', '1988-09-05', 'productora 138', '2022-09-01 18:00:00', 'Calle de las flores número 138 puerta C','Abierto');
INSERT INTO eventos VALUES ('espectaculo 138', 'concierto', '1988-09-05', 'productora 138', '2020-09-01 03:00:00', 'Calle de las flores número 138 puerta C','Abierto');
INSERT INTO gradas VALUES ('grada 1', 'espectaculo 138', 'concierto', '1988-09-05', 'productora 138', '2022-09-01 18:00:00', 'Calle de las flores número 138 puerta C');
INSERT INTO gradas VALUES ('grada 2', 'espectaculo 138', 'concierto', '1988-09-05', 'productora 138', '2022-09-01 18:00:00', 'Calle de las flores número 138 puerta C');
INSERT INTO gradas VALUES ('grada 3', 'espectaculo 138', 'concierto', '1988-09-05', 'productora 138', '2022-09-01 18:00:00', 'Calle de las flores número 138 puerta C');
INSERT INTO espectaculos VALUES ('espectaculo 139', 'concierto', '2002-04-08', 'productora 139', 'lista participantes 139', 5, '00:19:00', '00:32:00', '00:18:00');
INSERT INTO eventos VALUES ('espectaculo 139', 'concierto', '2002-04-08', 'productora 139', '2022-09-01 18:00:00', 'Calle de las flores número 139 puerta C','Abierto');
INSERT INTO eventos VALUES ('espectaculo 139', 'concierto', '2002-04-08', 'productora 139', '2020-09-01 03:00:00', 'Calle de las flores número 139 puerta C','Abierto');
INSERT INTO gradas VALUES ('grada 1', 'espectaculo 139', 'concierto', '2002-04-08', 'productora 139', '2022-09-01 18:00:00', 'Calle de las flores número 139 puerta C');
INSERT INTO gradas VALUES ('grada 2', 'espectaculo 139', 'concierto', '2002-04-08', 'productora 139', '2022-09-01 18:00:00', 'Calle de las flores número 139 puerta C');
INSERT INTO gradas VALUES ('grada 3', 'espectaculo 139', 'concierto', '2002-04-08', 'productora 139', '2022-09-01 18:00:00', 'Calle de las flores número 139 puerta C');
INSERT INTO espectaculos VALUES ('espectaculo 140', 'teatro', '2006-08-04', 'productora 140', 'lista participantes 140', 2, '00:18:00', '00:54:00', '00:29:00');
INSERT INTO eventos VALUES ('espectaculo 140', 'teatro', '2006-08-04', 'productora 140', '2022-09-01 18:00:00', 'Calle de las flores número 140 puerta C','Abierto');
INSERT INTO eventos VALUES ('espectaculo 140', 'teatro', '2006-08-04', 'productora 140', '2020-09-01 03:00:00', 'Calle de las flores número 140 puerta C','Abierto');
INSERT INTO gradas VALUES ('grada 1', 'espectaculo 140', 'teatro', '2006-08-04', 'productora 140', '2022-09-01 18:00:00', 'Calle de las flores número 140 puerta C');
INSERT INTO gradas VALUES ('grada 2', 'espectaculo 140', 'teatro', '2006-08-04', 'productora 140', '2022-09-01 18:00:00', 'Calle de las flores número 140 puerta C');
INSERT INTO gradas VALUES ('grada 3', 'espectaculo 140', 'teatro', '2006-08-04', 'productora 140', '2022-09-01 18:00:00', 'Calle de las flores número 140 puerta C');
INSERT INTO espectaculos VALUES ('espectaculo 141', 'concierto', '2002-11-18', 'productora 141', 'lista participantes 141', 7, '00:19:00', '00:22:00', '00:27:00');
INSERT INTO eventos VALUES ('espectaculo 141', 'concierto', '2002-11-18', 'productora 141', '2022-09-01 18:00:00', 'Calle de las flores número 141 puerta C','Abierto');
INSERT INTO eventos VALUES ('espectaculo 141', 'concierto', '2002-11-18', 'productora 141', '2020-09-01 03:00:00', 'Calle de las flores número 141 puerta C','Abierto');
INSERT INTO gradas VALUES ('grada 1', 'espectaculo 141', 'concierto', '2002-11-18', 'productora 141', '2022-09-01 18:00:00', 'Calle de las flores número 141 puerta C');
INSERT INTO gradas VALUES ('grada 2', 'espectaculo 141', 'concierto', '2002-11-18', 'productora 141', '2022-09-01 18:00:00', 'Calle de las flores número 141 puerta C');
INSERT INTO gradas VALUES ('grada 3', 'espectaculo 141', 'concierto', '2002-11-18', 'productora 141', '2022-09-01 18:00:00', 'Calle de las flores número 141 puerta C');
INSERT INTO espectaculos VALUES ('espectaculo 142', 'deportivo', '2020-04-25', 'productora 142', 'lista participantes 142', 6, '00:13:00', '00:50:00', '00:19:00');
INSERT INTO eventos VALUES ('espectaculo 142', 'deportivo', '2020-04-25', 'productora 142', '2022-09-01 18:00:00', 'Calle de las flores número 142 puerta C','Abierto');
INSERT INTO eventos VALUES ('espectaculo 142', 'deportivo', '2020-04-25', 'productora 142', '2020-09-01 03:00:00', 'Calle de las flores número 142 puerta C','Abierto');
INSERT INTO gradas VALUES ('grada 1', 'espectaculo 142', 'deportivo', '2020-04-25', 'productora 142', '2022-09-01 18:00:00', 'Calle de las flores número 142 puerta C');
INSERT INTO gradas VALUES ('grada 2', 'espectaculo 142', 'deportivo', '2020-04-25', 'productora 142', '2022-09-01 18:00:00', 'Calle de las flores número 142 puerta C');
INSERT INTO gradas VALUES ('grada 3', 'espectaculo 142', 'deportivo', '2020-04-25', 'productora 142', '2022-09-01 18:00:00', 'Calle de las flores número 142 puerta C');
INSERT INTO espectaculos VALUES ('espectaculo 143', 'concierto', '1995-10-22', 'productora 143', 'lista participantes 143', 1, '00:19:00', '00:21:00', '00:26:00');
INSERT INTO eventos VALUES ('espectaculo 143', 'concierto', '1995-10-22', 'productora 143', '2022-09-01 18:00:00', 'Calle de las flores número 143 puerta C','Abierto');
INSERT INTO eventos VALUES ('espectaculo 143', 'concierto', '1995-10-22', 'productora 143', '2020-09-01 03:00:00', 'Calle de las flores número 143 puerta C','Abierto');
INSERT INTO gradas VALUES ('grada 1', 'espectaculo 143', 'concierto', '1995-10-22', 'productora 143', '2022-09-01 18:00:00', 'Calle de las flores número 143 puerta C');
INSERT INTO gradas VALUES ('grada 2', 'espectaculo 143', 'concierto', '1995-10-22', 'productora 143', '2022-09-01 18:00:00', 'Calle de las flores número 143 puerta C');
INSERT INTO gradas VALUES ('grada 3', 'espectaculo 143', 'concierto', '1995-10-22', 'productora 143', '2022-09-01 18:00:00', 'Calle de las flores número 143 puerta C');
INSERT INTO espectaculos VALUES ('espectaculo 144', 'pelicula', '2014-08-02', 'productora 144', 'lista participantes 144', 3, '00:10:00', '00:58:00', '00:29:00');
INSERT INTO eventos VALUES ('espectaculo 144', 'pelicula', '2014-08-02', 'productora 144', '2022-09-01 18:00:00', 'Calle de las flores número 144 puerta C','Abierto');
INSERT INTO eventos VALUES ('espectaculo 144', 'pelicula', '2014-08-02', 'productora 144', '2020-09-01 03:00:00', 'Calle de las flores número 144 puerta C','Abierto');
INSERT INTO gradas VALUES ('grada 1', 'espectaculo 144', 'pelicula', '2014-08-02', 'productora 144', '2022-09-01 18:00:00', 'Calle de las flores número 144 puerta C');
INSERT INTO gradas VALUES ('grada 2', 'espectaculo 144', 'pelicula', '2014-08-02', 'productora 144', '2022-09-01 18:00:00', 'Calle de las flores número 144 puerta C');
INSERT INTO gradas VALUES ('grada 3', 'espectaculo 144', 'pelicula', '2014-08-02', 'productora 144', '2022-09-01 18:00:00', 'Calle de las flores número 144 puerta C');
INSERT INTO espectaculos VALUES ('espectaculo 145', 'teatro', '2001-03-22', 'productora 145', 'lista participantes 145', 8, '00:15:00', '00:18:00', '00:17:00');
INSERT INTO eventos VALUES ('espectaculo 145', 'teatro', '2001-03-22', 'productora 145', '2022-09-01 18:00:00', 'Calle de las flores número 145 puerta C','Abierto');
INSERT INTO eventos VALUES ('espectaculo 145', 'teatro', '2001-03-22', 'productora 145', '2020-09-01 03:00:00', 'Calle de las flores número 145 puerta C','Abierto');
INSERT INTO gradas VALUES ('grada 1', 'espectaculo 145', 'teatro', '2001-03-22', 'productora 145', '2022-09-01 18:00:00', 'Calle de las flores número 145 puerta C');
INSERT INTO gradas VALUES ('grada 2', 'espectaculo 145', 'teatro', '2001-03-22', 'productora 145', '2022-09-01 18:00:00', 'Calle de las flores número 145 puerta C');
INSERT INTO gradas VALUES ('grada 3', 'espectaculo 145', 'teatro', '2001-03-22', 'productora 145', '2022-09-01 18:00:00', 'Calle de las flores número 145 puerta C');
INSERT INTO espectaculos VALUES ('espectaculo 146', 'pelicula', '2013-03-02', 'productora 146', 'lista participantes 146', 3, '00:12:00', '00:24:00', '00:22:00');
INSERT INTO eventos VALUES ('espectaculo 146', 'pelicula', '2013-03-02', 'productora 146', '2022-09-01 18:00:00', 'Calle de las flores número 146 puerta C','Abierto');
INSERT INTO eventos VALUES ('espectaculo 146', 'pelicula', '2013-03-02', 'productora 146', '2020-09-01 03:00:00', 'Calle de las flores número 146 puerta C','Abierto');
INSERT INTO gradas VALUES ('grada 1', 'espectaculo 146', 'pelicula', '2013-03-02', 'productora 146', '2022-09-01 18:00:00', 'Calle de las flores número 146 puerta C');
INSERT INTO gradas VALUES ('grada 2', 'espectaculo 146', 'pelicula', '2013-03-02', 'productora 146', '2022-09-01 18:00:00', 'Calle de las flores número 146 puerta C');
INSERT INTO gradas VALUES ('grada 3', 'espectaculo 146', 'pelicula', '2013-03-02', 'productora 146', '2022-09-01 18:00:00', 'Calle de las flores número 146 puerta C');
INSERT INTO espectaculos VALUES ('espectaculo 147', 'deportivo', '1994-05-10', 'productora 147', 'lista participantes 147', 1, '00:14:00', '00:40:00', '00:23:00');
INSERT INTO eventos VALUES ('espectaculo 147', 'deportivo', '1994-05-10', 'productora 147', '2022-09-01 18:00:00', 'Calle de las flores número 147 puerta C','Abierto');
INSERT INTO eventos VALUES ('espectaculo 147', 'deportivo', '1994-05-10', 'productora 147', '2020-09-01 03:00:00', 'Calle de las flores número 147 puerta C','Abierto');
INSERT INTO gradas VALUES ('grada 1', 'espectaculo 147', 'deportivo', '1994-05-10', 'productora 147', '2022-09-01 18:00:00', 'Calle de las flores número 147 puerta C');
INSERT INTO gradas VALUES ('grada 2', 'espectaculo 147', 'deportivo', '1994-05-10', 'productora 147', '2022-09-01 18:00:00', 'Calle de las flores número 147 puerta C');
INSERT INTO gradas VALUES ('grada 3', 'espectaculo 147', 'deportivo', '1994-05-10', 'productora 147', '2022-09-01 18:00:00', 'Calle de las flores número 147 puerta C');
INSERT INTO espectaculos VALUES ('espectaculo 148', 'deportivo', '1986-06-19', 'productora 148', 'lista participantes 148', 4, '00:13:00', '00:25:00', '00:22:00');
INSERT INTO eventos VALUES ('espectaculo 148', 'deportivo', '1986-06-19', 'productora 148', '2022-09-01 18:00:00', 'Calle de las flores número 148 puerta C','Abierto');
INSERT INTO eventos VALUES ('espectaculo 148', 'deportivo', '1986-06-19', 'productora 148', '2020-09-01 03:00:00', 'Calle de las flores número 148 puerta C','Abierto');
INSERT INTO gradas VALUES ('grada 1', 'espectaculo 148', 'deportivo', '1986-06-19', 'productora 148', '2022-09-01 18:00:00', 'Calle de las flores número 148 puerta C');
INSERT INTO gradas VALUES ('grada 2', 'espectaculo 148', 'deportivo', '1986-06-19', 'productora 148', '2022-09-01 18:00:00', 'Calle de las flores número 148 puerta C');
INSERT INTO gradas VALUES ('grada 3', 'espectaculo 148', 'deportivo', '1986-06-19', 'productora 148', '2022-09-01 18:00:00', 'Calle de las flores número 148 puerta C');
INSERT INTO espectaculos VALUES ('espectaculo 149', 'deportivo', '1993-05-22', 'productora 149', 'lista participantes 149', 9, '00:10:00', '00:22:00', '00:18:00');
INSERT INTO eventos VALUES ('espectaculo 149', 'deportivo', '1993-05-22', 'productora 149', '2022-09-01 18:00:00', 'Calle de las flores número 149 puerta C','Abierto');
INSERT INTO eventos VALUES ('espectaculo 149', 'deportivo', '1993-05-22', 'productora 149', '2020-09-01 03:00:00', 'Calle de las flores número 149 puerta C','Abierto');
INSERT INTO gradas VALUES ('grada 1', 'espectaculo 149', 'deportivo', '1993-05-22', 'productora 149', '2022-09-01 18:00:00', 'Calle de las flores número 149 puerta C');
INSERT INTO gradas VALUES ('grada 2', 'espectaculo 149', 'deportivo', '1993-05-22', 'productora 149', '2022-09-01 18:00:00', 'Calle de las flores número 149 puerta C');
INSERT INTO gradas VALUES ('grada 3', 'espectaculo 149', 'deportivo', '1993-05-22', 'productora 149', '2022-09-01 18:00:00', 'Calle de las flores número 149 puerta C');
INSERT INTO espectaculos VALUES ('espectaculo 150', 'pelicula', '1998-11-20', 'productora 150', 'lista participantes 150', 6, '00:19:00', '00:30:00', '00:24:00');
INSERT INTO eventos VALUES ('espectaculo 150', 'pelicula', '1998-11-20', 'productora 150', '2022-09-01 18:00:00', 'Calle de las flores número 150 puerta C','Abierto');
INSERT INTO eventos VALUES ('espectaculo 150', 'pelicula', '1998-11-20', 'productora 150', '2020-09-01 03:00:00', 'Calle de las flores número 150 puerta C','Abierto');
INSERT INTO gradas VALUES ('grada 1', 'espectaculo 150', 'pelicula', '1998-11-20', 'productora 150', '2022-09-01 18:00:00', 'Calle de las flores número 150 puerta C');
INSERT INTO gradas VALUES ('grada 2', 'espectaculo 150', 'pelicula', '1998-11-20', 'productora 150', '2022-09-01 18:00:00', 'Calle de las flores número 150 puerta C');
INSERT INTO gradas VALUES ('grada 3', 'espectaculo 150', 'pelicula', '1998-11-20', 'productora 150', '2022-09-01 18:00:00', 'Calle de las flores número 150 puerta C');
INSERT INTO espectaculos VALUES ('espectaculo 151', 'deportivo', '1986-04-01', 'productora 151', 'lista participantes 151', 9, '00:16:00', '00:57:00', '00:21:00');
INSERT INTO eventos VALUES ('espectaculo 151', 'deportivo', '1986-04-01', 'productora 151', '2022-09-01 18:00:00', 'Calle de las flores número 151 puerta C','Abierto');
INSERT INTO eventos VALUES ('espectaculo 151', 'deportivo', '1986-04-01', 'productora 151', '2020-09-01 03:00:00', 'Calle de las flores número 151 puerta C','Abierto');
INSERT INTO gradas VALUES ('grada 1', 'espectaculo 151', 'deportivo', '1986-04-01', 'productora 151', '2022-09-01 18:00:00', 'Calle de las flores número 151 puerta C');
INSERT INTO gradas VALUES ('grada 2', 'espectaculo 151', 'deportivo', '1986-04-01', 'productora 151', '2022-09-01 18:00:00', 'Calle de las flores número 151 puerta C');
INSERT INTO gradas VALUES ('grada 3', 'espectaculo 151', 'deportivo', '1986-04-01', 'productora 151', '2022-09-01 18:00:00', 'Calle de las flores número 151 puerta C');
INSERT INTO espectaculos VALUES ('espectaculo 152', 'teatro', '1988-08-27', 'productora 152', 'lista participantes 152', 2, '00:15:00', '00:42:00', '00:19:00');
INSERT INTO eventos VALUES ('espectaculo 152', 'teatro', '1988-08-27', 'productora 152', '2022-09-01 18:00:00', 'Calle de las flores número 152 puerta C','Abierto');
INSERT INTO eventos VALUES ('espectaculo 152', 'teatro', '1988-08-27', 'productora 152', '2020-09-01 03:00:00', 'Calle de las flores número 152 puerta C','Abierto');
INSERT INTO gradas VALUES ('grada 1', 'espectaculo 152', 'teatro', '1988-08-27', 'productora 152', '2022-09-01 18:00:00', 'Calle de las flores número 152 puerta C');
INSERT INTO gradas VALUES ('grada 2', 'espectaculo 152', 'teatro', '1988-08-27', 'productora 152', '2022-09-01 18:00:00', 'Calle de las flores número 152 puerta C');
INSERT INTO gradas VALUES ('grada 3', 'espectaculo 152', 'teatro', '1988-08-27', 'productora 152', '2022-09-01 18:00:00', 'Calle de las flores número 152 puerta C');
INSERT INTO espectaculos VALUES ('espectaculo 153', 'entrevista', '2011-04-20', 'productora 153', 'lista participantes 153', 1, '00:18:00', '00:54:00', '00:27:00');
INSERT INTO eventos VALUES ('espectaculo 153', 'entrevista', '2011-04-20', 'productora 153', '2022-09-01 18:00:00', 'Calle de las flores número 153 puerta C','Abierto');
INSERT INTO eventos VALUES ('espectaculo 153', 'entrevista', '2011-04-20', 'productora 153', '2020-09-01 03:00:00', 'Calle de las flores número 153 puerta C','Abierto');
INSERT INTO gradas VALUES ('grada 1', 'espectaculo 153', 'entrevista', '2011-04-20', 'productora 153', '2022-09-01 18:00:00', 'Calle de las flores número 153 puerta C');
INSERT INTO gradas VALUES ('grada 2', 'espectaculo 153', 'entrevista', '2011-04-20', 'productora 153', '2022-09-01 18:00:00', 'Calle de las flores número 153 puerta C');
INSERT INTO gradas VALUES ('grada 3', 'espectaculo 153', 'entrevista', '2011-04-20', 'productora 153', '2022-09-01 18:00:00', 'Calle de las flores número 153 puerta C');
INSERT INTO espectaculos VALUES ('espectaculo 154', 'entrevista', '2009-01-20', 'productora 154', 'lista participantes 154', 7, '00:18:00', '00:31:00', '00:27:00');
INSERT INTO eventos VALUES ('espectaculo 154', 'entrevista', '2009-01-20', 'productora 154', '2022-09-01 18:00:00', 'Calle de las flores número 154 puerta C','Abierto');
INSERT INTO eventos VALUES ('espectaculo 154', 'entrevista', '2009-01-20', 'productora 154', '2020-09-01 03:00:00', 'Calle de las flores número 154 puerta C','Abierto');
INSERT INTO gradas VALUES ('grada 1', 'espectaculo 154', 'entrevista', '2009-01-20', 'productora 154', '2022-09-01 18:00:00', 'Calle de las flores número 154 puerta C');
INSERT INTO gradas VALUES ('grada 2', 'espectaculo 154', 'entrevista', '2009-01-20', 'productora 154', '2022-09-01 18:00:00', 'Calle de las flores número 154 puerta C');
INSERT INTO gradas VALUES ('grada 3', 'espectaculo 154', 'entrevista', '2009-01-20', 'productora 154', '2022-09-01 18:00:00', 'Calle de las flores número 154 puerta C');
INSERT INTO espectaculos VALUES ('espectaculo 155', 'teatro', '1999-07-16', 'productora 155', 'lista participantes 155', 9, '00:14:00', '00:49:00', '00:22:00');
INSERT INTO eventos VALUES ('espectaculo 155', 'teatro', '1999-07-16', 'productora 155', '2022-09-01 18:00:00', 'Calle de las flores número 155 puerta C','Abierto');
INSERT INTO eventos VALUES ('espectaculo 155', 'teatro', '1999-07-16', 'productora 155', '2020-09-01 03:00:00', 'Calle de las flores número 155 puerta C','Abierto');
INSERT INTO gradas VALUES ('grada 1', 'espectaculo 155', 'teatro', '1999-07-16', 'productora 155', '2022-09-01 18:00:00', 'Calle de las flores número 155 puerta C');
INSERT INTO gradas VALUES ('grada 2', 'espectaculo 155', 'teatro', '1999-07-16', 'productora 155', '2022-09-01 18:00:00', 'Calle de las flores número 155 puerta C');
INSERT INTO gradas VALUES ('grada 3', 'espectaculo 155', 'teatro', '1999-07-16', 'productora 155', '2022-09-01 18:00:00', 'Calle de las flores número 155 puerta C');
INSERT INTO espectaculos VALUES ('espectaculo 156', 'deportivo', '2011-01-24', 'productora 156', 'lista participantes 156', 8, '00:12:00', '00:55:00', '00:19:00');
INSERT INTO eventos VALUES ('espectaculo 156', 'deportivo', '2011-01-24', 'productora 156', '2022-09-01 18:00:00', 'Calle de las flores número 156 puerta C','Abierto');
INSERT INTO eventos VALUES ('espectaculo 156', 'deportivo', '2011-01-24', 'productora 156', '2020-09-01 03:00:00', 'Calle de las flores número 156 puerta C','Abierto');
INSERT INTO gradas VALUES ('grada 1', 'espectaculo 156', 'deportivo', '2011-01-24', 'productora 156', '2022-09-01 18:00:00', 'Calle de las flores número 156 puerta C');
INSERT INTO gradas VALUES ('grada 2', 'espectaculo 156', 'deportivo', '2011-01-24', 'productora 156', '2022-09-01 18:00:00', 'Calle de las flores número 156 puerta C');
INSERT INTO gradas VALUES ('grada 3', 'espectaculo 156', 'deportivo', '2011-01-24', 'productora 156', '2022-09-01 18:00:00', 'Calle de las flores número 156 puerta C');
INSERT INTO espectaculos VALUES ('espectaculo 157', 'pelicula', '1986-01-02', 'productora 157', 'lista participantes 157', 3, '00:14:00', '00:58:00', '00:16:00');
INSERT INTO eventos VALUES ('espectaculo 157', 'pelicula', '1986-01-02', 'productora 157', '2022-09-01 18:00:00', 'Calle de las flores número 157 puerta C','Abierto');
INSERT INTO eventos VALUES ('espectaculo 157', 'pelicula', '1986-01-02', 'productora 157', '2020-09-01 03:00:00', 'Calle de las flores número 157 puerta C','Abierto');
INSERT INTO gradas VALUES ('grada 1', 'espectaculo 157', 'pelicula', '1986-01-02', 'productora 157', '2022-09-01 18:00:00', 'Calle de las flores número 157 puerta C');
INSERT INTO gradas VALUES ('grada 2', 'espectaculo 157', 'pelicula', '1986-01-02', 'productora 157', '2022-09-01 18:00:00', 'Calle de las flores número 157 puerta C');
INSERT INTO gradas VALUES ('grada 3', 'espectaculo 157', 'pelicula', '1986-01-02', 'productora 157', '2022-09-01 18:00:00', 'Calle de las flores número 157 puerta C');
INSERT INTO espectaculos VALUES ('espectaculo 158', 'concierto', '2007-10-07', 'productora 158', 'lista participantes 158', 1, '00:18:00', '00:33:00', '00:24:00');
INSERT INTO eventos VALUES ('espectaculo 158', 'concierto', '2007-10-07', 'productora 158', '2022-09-01 18:00:00', 'Calle de las flores número 158 puerta C','Abierto');
INSERT INTO eventos VALUES ('espectaculo 158', 'concierto', '2007-10-07', 'productora 158', '2020-09-01 03:00:00', 'Calle de las flores número 158 puerta C','Abierto');
INSERT INTO gradas VALUES ('grada 1', 'espectaculo 158', 'concierto', '2007-10-07', 'productora 158', '2022-09-01 18:00:00', 'Calle de las flores número 158 puerta C');
INSERT INTO gradas VALUES ('grada 2', 'espectaculo 158', 'concierto', '2007-10-07', 'productora 158', '2022-09-01 18:00:00', 'Calle de las flores número 158 puerta C');
INSERT INTO gradas VALUES ('grada 3', 'espectaculo 158', 'concierto', '2007-10-07', 'productora 158', '2022-09-01 18:00:00', 'Calle de las flores número 158 puerta C');
INSERT INTO espectaculos VALUES ('espectaculo 159', 'deportivo', '2008-11-13', 'productora 159', 'lista participantes 159', 1, '00:16:00', '00:52:00', '00:26:00');
INSERT INTO eventos VALUES ('espectaculo 159', 'deportivo', '2008-11-13', 'productora 159', '2022-09-01 18:00:00', 'Calle de las flores número 159 puerta C','Abierto');
INSERT INTO eventos VALUES ('espectaculo 159', 'deportivo', '2008-11-13', 'productora 159', '2020-09-01 03:00:00', 'Calle de las flores número 159 puerta C','Abierto');
INSERT INTO gradas VALUES ('grada 1', 'espectaculo 159', 'deportivo', '2008-11-13', 'productora 159', '2022-09-01 18:00:00', 'Calle de las flores número 159 puerta C');
INSERT INTO gradas VALUES ('grada 2', 'espectaculo 159', 'deportivo', '2008-11-13', 'productora 159', '2022-09-01 18:00:00', 'Calle de las flores número 159 puerta C');
INSERT INTO gradas VALUES ('grada 3', 'espectaculo 159', 'deportivo', '2008-11-13', 'productora 159', '2022-09-01 18:00:00', 'Calle de las flores número 159 puerta C');
INSERT INTO espectaculos VALUES ('espectaculo 160', 'deportivo', '1991-03-19', 'productora 160', 'lista participantes 160', 5, '00:15:00', '00:57:00', '00:26:00');
INSERT INTO eventos VALUES ('espectaculo 160', 'deportivo', '1991-03-19', 'productora 160', '2022-09-01 18:00:00', 'Calle de las flores número 160 puerta C','Abierto');
INSERT INTO eventos VALUES ('espectaculo 160', 'deportivo', '1991-03-19', 'productora 160', '2020-09-01 03:00:00', 'Calle de las flores número 160 puerta C','Abierto');
INSERT INTO gradas VALUES ('grada 1', 'espectaculo 160', 'deportivo', '1991-03-19', 'productora 160', '2022-09-01 18:00:00', 'Calle de las flores número 160 puerta C');
INSERT INTO gradas VALUES ('grada 2', 'espectaculo 160', 'deportivo', '1991-03-19', 'productora 160', '2022-09-01 18:00:00', 'Calle de las flores número 160 puerta C');
INSERT INTO gradas VALUES ('grada 3', 'espectaculo 160', 'deportivo', '1991-03-19', 'productora 160', '2022-09-01 18:00:00', 'Calle de las flores número 160 puerta C');
INSERT INTO espectaculos VALUES ('espectaculo 161', 'pelicula', '1995-07-19', 'productora 161', 'lista participantes 161', 3, '00:19:00', '00:39:00', '00:23:00');
INSERT INTO eventos VALUES ('espectaculo 161', 'pelicula', '1995-07-19', 'productora 161', '2022-09-01 18:00:00', 'Calle de las flores número 161 puerta C','Abierto');
INSERT INTO eventos VALUES ('espectaculo 161', 'pelicula', '1995-07-19', 'productora 161', '2020-09-01 03:00:00', 'Calle de las flores número 161 puerta C','Abierto');
INSERT INTO gradas VALUES ('grada 1', 'espectaculo 161', 'pelicula', '1995-07-19', 'productora 161', '2022-09-01 18:00:00', 'Calle de las flores número 161 puerta C');
INSERT INTO gradas VALUES ('grada 2', 'espectaculo 161', 'pelicula', '1995-07-19', 'productora 161', '2022-09-01 18:00:00', 'Calle de las flores número 161 puerta C');
INSERT INTO gradas VALUES ('grada 3', 'espectaculo 161', 'pelicula', '1995-07-19', 'productora 161', '2022-09-01 18:00:00', 'Calle de las flores número 161 puerta C');
INSERT INTO espectaculos VALUES ('espectaculo 162', 'pelicula', '2019-11-09', 'productora 162', 'lista participantes 162', 5, '00:18:00', '00:20:00', '00:27:00');
INSERT INTO eventos VALUES ('espectaculo 162', 'pelicula', '2019-11-09', 'productora 162', '2022-09-01 18:00:00', 'Calle de las flores número 162 puerta C','Abierto');
INSERT INTO eventos VALUES ('espectaculo 162', 'pelicula', '2019-11-09', 'productora 162', '2020-09-01 03:00:00', 'Calle de las flores número 162 puerta C','Abierto');
INSERT INTO gradas VALUES ('grada 1', 'espectaculo 162', 'pelicula', '2019-11-09', 'productora 162', '2022-09-01 18:00:00', 'Calle de las flores número 162 puerta C');
INSERT INTO gradas VALUES ('grada 2', 'espectaculo 162', 'pelicula', '2019-11-09', 'productora 162', '2022-09-01 18:00:00', 'Calle de las flores número 162 puerta C');
INSERT INTO gradas VALUES ('grada 3', 'espectaculo 162', 'pelicula', '2019-11-09', 'productora 162', '2022-09-01 18:00:00', 'Calle de las flores número 162 puerta C');
INSERT INTO espectaculos VALUES ('espectaculo 163', 'pelicula', '1992-08-26', 'productora 163', 'lista participantes 163', 2, '00:10:00', '00:24:00', '00:16:00');
INSERT INTO eventos VALUES ('espectaculo 163', 'pelicula', '1992-08-26', 'productora 163', '2022-09-01 18:00:00', 'Calle de las flores número 163 puerta C','Abierto');
INSERT INTO eventos VALUES ('espectaculo 163', 'pelicula', '1992-08-26', 'productora 163', '2020-09-01 03:00:00', 'Calle de las flores número 163 puerta C','Abierto');
INSERT INTO gradas VALUES ('grada 1', 'espectaculo 163', 'pelicula', '1992-08-26', 'productora 163', '2022-09-01 18:00:00', 'Calle de las flores número 163 puerta C');
INSERT INTO gradas VALUES ('grada 2', 'espectaculo 163', 'pelicula', '1992-08-26', 'productora 163', '2022-09-01 18:00:00', 'Calle de las flores número 163 puerta C');
INSERT INTO gradas VALUES ('grada 3', 'espectaculo 163', 'pelicula', '1992-08-26', 'productora 163', '2022-09-01 18:00:00', 'Calle de las flores número 163 puerta C');
INSERT INTO espectaculos VALUES ('espectaculo 164', 'deportivo', '2013-05-16', 'productora 164', 'lista participantes 164', 2, '00:16:00', '00:22:00', '00:28:00');
INSERT INTO eventos VALUES ('espectaculo 164', 'deportivo', '2013-05-16', 'productora 164', '2022-09-01 18:00:00', 'Calle de las flores número 164 puerta C','Abierto');
INSERT INTO eventos VALUES ('espectaculo 164', 'deportivo', '2013-05-16', 'productora 164', '2020-09-01 03:00:00', 'Calle de las flores número 164 puerta C','Abierto');
INSERT INTO gradas VALUES ('grada 1', 'espectaculo 164', 'deportivo', '2013-05-16', 'productora 164', '2022-09-01 18:00:00', 'Calle de las flores número 164 puerta C');
INSERT INTO gradas VALUES ('grada 2', 'espectaculo 164', 'deportivo', '2013-05-16', 'productora 164', '2022-09-01 18:00:00', 'Calle de las flores número 164 puerta C');
INSERT INTO gradas VALUES ('grada 3', 'espectaculo 164', 'deportivo', '2013-05-16', 'productora 164', '2022-09-01 18:00:00', 'Calle de las flores número 164 puerta C');
INSERT INTO espectaculos VALUES ('espectaculo 165', 'teatro', '1998-08-20', 'productora 165', 'lista participantes 165', 3, '00:19:00', '00:35:00', '00:29:00');
INSERT INTO eventos VALUES ('espectaculo 165', 'teatro', '1998-08-20', 'productora 165', '2022-09-01 18:00:00', 'Calle de las flores número 165 puerta C','Abierto');
INSERT INTO eventos VALUES ('espectaculo 165', 'teatro', '1998-08-20', 'productora 165', '2020-09-01 03:00:00', 'Calle de las flores número 165 puerta C','Abierto');
INSERT INTO gradas VALUES ('grada 1', 'espectaculo 165', 'teatro', '1998-08-20', 'productora 165', '2022-09-01 18:00:00', 'Calle de las flores número 165 puerta C');
INSERT INTO gradas VALUES ('grada 2', 'espectaculo 165', 'teatro', '1998-08-20', 'productora 165', '2022-09-01 18:00:00', 'Calle de las flores número 165 puerta C');
INSERT INTO gradas VALUES ('grada 3', 'espectaculo 165', 'teatro', '1998-08-20', 'productora 165', '2022-09-01 18:00:00', 'Calle de las flores número 165 puerta C');
INSERT INTO espectaculos VALUES ('espectaculo 166', 'deportivo', '1993-06-11', 'productora 166', 'lista participantes 166', 5, '00:17:00', '00:29:00', '00:19:00');
INSERT INTO eventos VALUES ('espectaculo 166', 'deportivo', '1993-06-11', 'productora 166', '2022-09-01 18:00:00', 'Calle de las flores número 166 puerta C','Abierto');
INSERT INTO eventos VALUES ('espectaculo 166', 'deportivo', '1993-06-11', 'productora 166', '2020-09-01 03:00:00', 'Calle de las flores número 166 puerta C','Abierto');
INSERT INTO gradas VALUES ('grada 1', 'espectaculo 166', 'deportivo', '1993-06-11', 'productora 166', '2022-09-01 18:00:00', 'Calle de las flores número 166 puerta C');
INSERT INTO gradas VALUES ('grada 2', 'espectaculo 166', 'deportivo', '1993-06-11', 'productora 166', '2022-09-01 18:00:00', 'Calle de las flores número 166 puerta C');
INSERT INTO gradas VALUES ('grada 3', 'espectaculo 166', 'deportivo', '1993-06-11', 'productora 166', '2022-09-01 18:00:00', 'Calle de las flores número 166 puerta C');
INSERT INTO espectaculos VALUES ('espectaculo 167', 'entrevista', '1993-11-26', 'productora 167', 'lista participantes 167', 6, '00:13:00', '00:28:00', '00:19:00');
INSERT INTO eventos VALUES ('espectaculo 167', 'entrevista', '1993-11-26', 'productora 167', '2022-09-01 18:00:00', 'Calle de las flores número 167 puerta C','Abierto');
INSERT INTO eventos VALUES ('espectaculo 167', 'entrevista', '1993-11-26', 'productora 167', '2020-09-01 03:00:00', 'Calle de las flores número 167 puerta C','Abierto');
INSERT INTO gradas VALUES ('grada 1', 'espectaculo 167', 'entrevista', '1993-11-26', 'productora 167', '2022-09-01 18:00:00', 'Calle de las flores número 167 puerta C');
INSERT INTO gradas VALUES ('grada 2', 'espectaculo 167', 'entrevista', '1993-11-26', 'productora 167', '2022-09-01 18:00:00', 'Calle de las flores número 167 puerta C');
INSERT INTO gradas VALUES ('grada 3', 'espectaculo 167', 'entrevista', '1993-11-26', 'productora 167', '2022-09-01 18:00:00', 'Calle de las flores número 167 puerta C');
INSERT INTO espectaculos VALUES ('espectaculo 168', 'teatro', '2007-10-10', 'productora 168', 'lista participantes 168', 4, '00:18:00', '00:35:00', '00:24:00');
INSERT INTO eventos VALUES ('espectaculo 168', 'teatro', '2007-10-10', 'productora 168', '2022-09-01 18:00:00', 'Calle de las flores número 168 puerta C','Abierto');
INSERT INTO eventos VALUES ('espectaculo 168', 'teatro', '2007-10-10', 'productora 168', '2020-09-01 03:00:00', 'Calle de las flores número 168 puerta C','Abierto');
INSERT INTO gradas VALUES ('grada 1', 'espectaculo 168', 'teatro', '2007-10-10', 'productora 168', '2022-09-01 18:00:00', 'Calle de las flores número 168 puerta C');
INSERT INTO gradas VALUES ('grada 2', 'espectaculo 168', 'teatro', '2007-10-10', 'productora 168', '2022-09-01 18:00:00', 'Calle de las flores número 168 puerta C');
INSERT INTO gradas VALUES ('grada 3', 'espectaculo 168', 'teatro', '2007-10-10', 'productora 168', '2022-09-01 18:00:00', 'Calle de las flores número 168 puerta C');
INSERT INTO espectaculos VALUES ('espectaculo 169', 'teatro', '1998-04-14', 'productora 169', 'lista participantes 169', 5, '00:16:00', '00:23:00', '00:19:00');
INSERT INTO eventos VALUES ('espectaculo 169', 'teatro', '1998-04-14', 'productora 169', '2022-09-01 18:00:00', 'Calle de las flores número 169 puerta C','Abierto');
INSERT INTO eventos VALUES ('espectaculo 169', 'teatro', '1998-04-14', 'productora 169', '2020-09-01 03:00:00', 'Calle de las flores número 169 puerta C','Abierto');
INSERT INTO gradas VALUES ('grada 1', 'espectaculo 169', 'teatro', '1998-04-14', 'productora 169', '2022-09-01 18:00:00', 'Calle de las flores número 169 puerta C');
INSERT INTO gradas VALUES ('grada 2', 'espectaculo 169', 'teatro', '1998-04-14', 'productora 169', '2022-09-01 18:00:00', 'Calle de las flores número 169 puerta C');
INSERT INTO gradas VALUES ('grada 3', 'espectaculo 169', 'teatro', '1998-04-14', 'productora 169', '2022-09-01 18:00:00', 'Calle de las flores número 169 puerta C');
INSERT INTO espectaculos VALUES ('espectaculo 170', 'teatro', '2019-01-12', 'productora 170', 'lista participantes 170', 6, '00:15:00', '00:48:00', '00:16:00');
INSERT INTO eventos VALUES ('espectaculo 170', 'teatro', '2019-01-12', 'productora 170', '2022-09-01 18:00:00', 'Calle de las flores número 170 puerta C','Abierto');
INSERT INTO eventos VALUES ('espectaculo 170', 'teatro', '2019-01-12', 'productora 170', '2020-09-01 03:00:00', 'Calle de las flores número 170 puerta C','Abierto');
INSERT INTO gradas VALUES ('grada 1', 'espectaculo 170', 'teatro', '2019-01-12', 'productora 170', '2022-09-01 18:00:00', 'Calle de las flores número 170 puerta C');
INSERT INTO gradas VALUES ('grada 2', 'espectaculo 170', 'teatro', '2019-01-12', 'productora 170', '2022-09-01 18:00:00', 'Calle de las flores número 170 puerta C');
INSERT INTO gradas VALUES ('grada 3', 'espectaculo 170', 'teatro', '2019-01-12', 'productora 170', '2022-09-01 18:00:00', 'Calle de las flores número 170 puerta C');
INSERT INTO espectaculos VALUES ('espectaculo 171', 'teatro', '2009-08-13', 'productora 171', 'lista participantes 171', 6, '00:11:00', '00:17:00', '00:15:00');
INSERT INTO eventos VALUES ('espectaculo 171', 'teatro', '2009-08-13', 'productora 171', '2022-09-01 18:00:00', 'Calle de las flores número 171 puerta C','Abierto');
INSERT INTO eventos VALUES ('espectaculo 171', 'teatro', '2009-08-13', 'productora 171', '2020-09-01 03:00:00', 'Calle de las flores número 171 puerta C','Abierto');
INSERT INTO gradas VALUES ('grada 1', 'espectaculo 171', 'teatro', '2009-08-13', 'productora 171', '2022-09-01 18:00:00', 'Calle de las flores número 171 puerta C');
INSERT INTO gradas VALUES ('grada 2', 'espectaculo 171', 'teatro', '2009-08-13', 'productora 171', '2022-09-01 18:00:00', 'Calle de las flores número 171 puerta C');
INSERT INTO gradas VALUES ('grada 3', 'espectaculo 171', 'teatro', '2009-08-13', 'productora 171', '2022-09-01 18:00:00', 'Calle de las flores número 171 puerta C');
INSERT INTO espectaculos VALUES ('espectaculo 172', 'pelicula', '2015-05-10', 'productora 172', 'lista participantes 172', 9, '00:19:00', '00:46:00', '00:23:00');
INSERT INTO eventos VALUES ('espectaculo 172', 'pelicula', '2015-05-10', 'productora 172', '2022-09-01 18:00:00', 'Calle de las flores número 172 puerta C','Abierto');
INSERT INTO eventos VALUES ('espectaculo 172', 'pelicula', '2015-05-10', 'productora 172', '2020-09-01 03:00:00', 'Calle de las flores número 172 puerta C','Abierto');
INSERT INTO gradas VALUES ('grada 1', 'espectaculo 172', 'pelicula', '2015-05-10', 'productora 172', '2022-09-01 18:00:00', 'Calle de las flores número 172 puerta C');
INSERT INTO gradas VALUES ('grada 2', 'espectaculo 172', 'pelicula', '2015-05-10', 'productora 172', '2022-09-01 18:00:00', 'Calle de las flores número 172 puerta C');
INSERT INTO gradas VALUES ('grada 3', 'espectaculo 172', 'pelicula', '2015-05-10', 'productora 172', '2022-09-01 18:00:00', 'Calle de las flores número 172 puerta C');
INSERT INTO espectaculos VALUES ('espectaculo 173', 'deportivo', '2020-02-09', 'productora 173', 'lista participantes 173', 2, '00:17:00', '00:46:00', '00:16:00');
INSERT INTO eventos VALUES ('espectaculo 173', 'deportivo', '2020-02-09', 'productora 173', '2022-09-01 18:00:00', 'Calle de las flores número 173 puerta C','Abierto');
INSERT INTO eventos VALUES ('espectaculo 173', 'deportivo', '2020-02-09', 'productora 173', '2020-09-01 03:00:00', 'Calle de las flores número 173 puerta C','Abierto');
INSERT INTO gradas VALUES ('grada 1', 'espectaculo 173', 'deportivo', '2020-02-09', 'productora 173', '2022-09-01 18:00:00', 'Calle de las flores número 173 puerta C');
INSERT INTO gradas VALUES ('grada 2', 'espectaculo 173', 'deportivo', '2020-02-09', 'productora 173', '2022-09-01 18:00:00', 'Calle de las flores número 173 puerta C');
INSERT INTO gradas VALUES ('grada 3', 'espectaculo 173', 'deportivo', '2020-02-09', 'productora 173', '2022-09-01 18:00:00', 'Calle de las flores número 173 puerta C');
INSERT INTO espectaculos VALUES ('espectaculo 174', 'deportivo', '1993-04-20', 'productora 174', 'lista participantes 174', 4, '00:14:00', '00:51:00', '00:23:00');
INSERT INTO eventos VALUES ('espectaculo 174', 'deportivo', '1993-04-20', 'productora 174', '2022-09-01 18:00:00', 'Calle de las flores número 174 puerta C','Abierto');
INSERT INTO eventos VALUES ('espectaculo 174', 'deportivo', '1993-04-20', 'productora 174', '2020-09-01 03:00:00', 'Calle de las flores número 174 puerta C','Abierto');
INSERT INTO gradas VALUES ('grada 1', 'espectaculo 174', 'deportivo', '1993-04-20', 'productora 174', '2022-09-01 18:00:00', 'Calle de las flores número 174 puerta C');
INSERT INTO gradas VALUES ('grada 2', 'espectaculo 174', 'deportivo', '1993-04-20', 'productora 174', '2022-09-01 18:00:00', 'Calle de las flores número 174 puerta C');
INSERT INTO gradas VALUES ('grada 3', 'espectaculo 174', 'deportivo', '1993-04-20', 'productora 174', '2022-09-01 18:00:00', 'Calle de las flores número 174 puerta C');
INSERT INTO espectaculos VALUES ('espectaculo 175', 'entrevista', '2006-06-21', 'productora 175', 'lista participantes 175', 5, '00:13:00', '00:21:00', '00:27:00');
INSERT INTO eventos VALUES ('espectaculo 175', 'entrevista', '2006-06-21', 'productora 175', '2022-09-01 18:00:00', 'Calle de las flores número 175 puerta C','Abierto');
INSERT INTO eventos VALUES ('espectaculo 175', 'entrevista', '2006-06-21', 'productora 175', '2020-09-01 03:00:00', 'Calle de las flores número 175 puerta C','Abierto');
INSERT INTO gradas VALUES ('grada 1', 'espectaculo 175', 'entrevista', '2006-06-21', 'productora 175', '2022-09-01 18:00:00', 'Calle de las flores número 175 puerta C');
INSERT INTO gradas VALUES ('grada 2', 'espectaculo 175', 'entrevista', '2006-06-21', 'productora 175', '2022-09-01 18:00:00', 'Calle de las flores número 175 puerta C');
INSERT INTO gradas VALUES ('grada 3', 'espectaculo 175', 'entrevista', '2006-06-21', 'productora 175', '2022-09-01 18:00:00', 'Calle de las flores número 175 puerta C');
INSERT INTO espectaculos VALUES ('espectaculo 176', 'concierto', '2001-11-15', 'productora 176', 'lista participantes 176', 6, '00:17:00', '00:40:00', '00:24:00');
INSERT INTO eventos VALUES ('espectaculo 176', 'concierto', '2001-11-15', 'productora 176', '2022-09-01 18:00:00', 'Calle de las flores número 176 puerta C','Abierto');
INSERT INTO eventos VALUES ('espectaculo 176', 'concierto', '2001-11-15', 'productora 176', '2020-09-01 03:00:00', 'Calle de las flores número 176 puerta C','Abierto');
INSERT INTO gradas VALUES ('grada 1', 'espectaculo 176', 'concierto', '2001-11-15', 'productora 176', '2022-09-01 18:00:00', 'Calle de las flores número 176 puerta C');
INSERT INTO gradas VALUES ('grada 2', 'espectaculo 176', 'concierto', '2001-11-15', 'productora 176', '2022-09-01 18:00:00', 'Calle de las flores número 176 puerta C');
INSERT INTO gradas VALUES ('grada 3', 'espectaculo 176', 'concierto', '2001-11-15', 'productora 176', '2022-09-01 18:00:00', 'Calle de las flores número 176 puerta C');
INSERT INTO espectaculos VALUES ('espectaculo 177', 'pelicula', '2014-05-06', 'productora 177', 'lista participantes 177', 7, '00:13:00', '00:24:00', '00:24:00');
INSERT INTO eventos VALUES ('espectaculo 177', 'pelicula', '2014-05-06', 'productora 177', '2022-09-01 18:00:00', 'Calle de las flores número 177 puerta C','Abierto');
INSERT INTO eventos VALUES ('espectaculo 177', 'pelicula', '2014-05-06', 'productora 177', '2020-09-01 03:00:00', 'Calle de las flores número 177 puerta C','Abierto');
INSERT INTO gradas VALUES ('grada 1', 'espectaculo 177', 'pelicula', '2014-05-06', 'productora 177', '2022-09-01 18:00:00', 'Calle de las flores número 177 puerta C');
INSERT INTO gradas VALUES ('grada 2', 'espectaculo 177', 'pelicula', '2014-05-06', 'productora 177', '2022-09-01 18:00:00', 'Calle de las flores número 177 puerta C');
INSERT INTO gradas VALUES ('grada 3', 'espectaculo 177', 'pelicula', '2014-05-06', 'productora 177', '2022-09-01 18:00:00', 'Calle de las flores número 177 puerta C');
INSERT INTO espectaculos VALUES ('espectaculo 178', 'concierto', '2001-10-16', 'productora 178', 'lista participantes 178', 7, '00:18:00', '00:45:00', '00:22:00');
INSERT INTO eventos VALUES ('espectaculo 178', 'concierto', '2001-10-16', 'productora 178', '2022-09-01 18:00:00', 'Calle de las flores número 178 puerta C','Abierto');
INSERT INTO eventos VALUES ('espectaculo 178', 'concierto', '2001-10-16', 'productora 178', '2020-09-01 03:00:00', 'Calle de las flores número 178 puerta C','Abierto');
INSERT INTO gradas VALUES ('grada 1', 'espectaculo 178', 'concierto', '2001-10-16', 'productora 178', '2022-09-01 18:00:00', 'Calle de las flores número 178 puerta C');
INSERT INTO gradas VALUES ('grada 2', 'espectaculo 178', 'concierto', '2001-10-16', 'productora 178', '2022-09-01 18:00:00', 'Calle de las flores número 178 puerta C');
INSERT INTO gradas VALUES ('grada 3', 'espectaculo 178', 'concierto', '2001-10-16', 'productora 178', '2022-09-01 18:00:00', 'Calle de las flores número 178 puerta C');
INSERT INTO espectaculos VALUES ('espectaculo 179', 'entrevista', '2003-10-19', 'productora 179', 'lista participantes 179', 8, '00:16:00', '00:29:00', '00:20:00');
INSERT INTO eventos VALUES ('espectaculo 179', 'entrevista', '2003-10-19', 'productora 179', '2022-09-01 18:00:00', 'Calle de las flores número 179 puerta C','Abierto');
INSERT INTO eventos VALUES ('espectaculo 179', 'entrevista', '2003-10-19', 'productora 179', '2020-09-01 03:00:00', 'Calle de las flores número 179 puerta C','Abierto');
INSERT INTO gradas VALUES ('grada 1', 'espectaculo 179', 'entrevista', '2003-10-19', 'productora 179', '2022-09-01 18:00:00', 'Calle de las flores número 179 puerta C');
INSERT INTO gradas VALUES ('grada 2', 'espectaculo 179', 'entrevista', '2003-10-19', 'productora 179', '2022-09-01 18:00:00', 'Calle de las flores número 179 puerta C');
INSERT INTO gradas VALUES ('grada 3', 'espectaculo 179', 'entrevista', '2003-10-19', 'productora 179', '2022-09-01 18:00:00', 'Calle de las flores número 179 puerta C');
INSERT INTO espectaculos VALUES ('espectaculo 180', 'teatro', '2020-08-22', 'productora 180', 'lista participantes 180', 2, '00:13:00', '00:23:00', '00:19:00');
INSERT INTO eventos VALUES ('espectaculo 180', 'teatro', '2020-08-22', 'productora 180', '2022-09-01 18:00:00', 'Calle de las flores número 180 puerta C','Abierto');
INSERT INTO eventos VALUES ('espectaculo 180', 'teatro', '2020-08-22', 'productora 180', '2020-09-01 03:00:00', 'Calle de las flores número 180 puerta C','Abierto');
INSERT INTO gradas VALUES ('grada 1', 'espectaculo 180', 'teatro', '2020-08-22', 'productora 180', '2022-09-01 18:00:00', 'Calle de las flores número 180 puerta C');
INSERT INTO gradas VALUES ('grada 2', 'espectaculo 180', 'teatro', '2020-08-22', 'productora 180', '2022-09-01 18:00:00', 'Calle de las flores número 180 puerta C');
INSERT INTO gradas VALUES ('grada 3', 'espectaculo 180', 'teatro', '2020-08-22', 'productora 180', '2022-09-01 18:00:00', 'Calle de las flores número 180 puerta C');
INSERT INTO espectaculos VALUES ('espectaculo 181', 'pelicula', '1988-11-06', 'productora 181', 'lista participantes 181', 5, '00:15:00', '00:25:00', '00:15:00');
INSERT INTO eventos VALUES ('espectaculo 181', 'pelicula', '1988-11-06', 'productora 181', '2022-09-01 18:00:00', 'Calle de las flores número 181 puerta C','Abierto');
INSERT INTO eventos VALUES ('espectaculo 181', 'pelicula', '1988-11-06', 'productora 181', '2020-09-01 03:00:00', 'Calle de las flores número 181 puerta C','Abierto');
INSERT INTO gradas VALUES ('grada 1', 'espectaculo 181', 'pelicula', '1988-11-06', 'productora 181', '2022-09-01 18:00:00', 'Calle de las flores número 181 puerta C');
INSERT INTO gradas VALUES ('grada 2', 'espectaculo 181', 'pelicula', '1988-11-06', 'productora 181', '2022-09-01 18:00:00', 'Calle de las flores número 181 puerta C');
INSERT INTO gradas VALUES ('grada 3', 'espectaculo 181', 'pelicula', '1988-11-06', 'productora 181', '2022-09-01 18:00:00', 'Calle de las flores número 181 puerta C');
INSERT INTO espectaculos VALUES ('espectaculo 182', 'pelicula', '2006-05-15', 'productora 182', 'lista participantes 182', 2, '00:15:00', '00:38:00', '00:23:00');
INSERT INTO eventos VALUES ('espectaculo 182', 'pelicula', '2006-05-15', 'productora 182', '2022-09-01 18:00:00', 'Calle de las flores número 182 puerta C','Abierto');
INSERT INTO eventos VALUES ('espectaculo 182', 'pelicula', '2006-05-15', 'productora 182', '2020-09-01 03:00:00', 'Calle de las flores número 182 puerta C','Abierto');
INSERT INTO gradas VALUES ('grada 1', 'espectaculo 182', 'pelicula', '2006-05-15', 'productora 182', '2022-09-01 18:00:00', 'Calle de las flores número 182 puerta C');
INSERT INTO gradas VALUES ('grada 2', 'espectaculo 182', 'pelicula', '2006-05-15', 'productora 182', '2022-09-01 18:00:00', 'Calle de las flores número 182 puerta C');
INSERT INTO gradas VALUES ('grada 3', 'espectaculo 182', 'pelicula', '2006-05-15', 'productora 182', '2022-09-01 18:00:00', 'Calle de las flores número 182 puerta C');
INSERT INTO espectaculos VALUES ('espectaculo 183', 'teatro', '2016-09-24', 'productora 183', 'lista participantes 183', 9, '00:14:00', '00:44:00', '00:15:00');
INSERT INTO eventos VALUES ('espectaculo 183', 'teatro', '2016-09-24', 'productora 183', '2022-09-01 18:00:00', 'Calle de las flores número 183 puerta C','Abierto');
INSERT INTO eventos VALUES ('espectaculo 183', 'teatro', '2016-09-24', 'productora 183', '2020-09-01 03:00:00', 'Calle de las flores número 183 puerta C','Abierto');
INSERT INTO gradas VALUES ('grada 1', 'espectaculo 183', 'teatro', '2016-09-24', 'productora 183', '2022-09-01 18:00:00', 'Calle de las flores número 183 puerta C');
INSERT INTO gradas VALUES ('grada 2', 'espectaculo 183', 'teatro', '2016-09-24', 'productora 183', '2022-09-01 18:00:00', 'Calle de las flores número 183 puerta C');
INSERT INTO gradas VALUES ('grada 3', 'espectaculo 183', 'teatro', '2016-09-24', 'productora 183', '2022-09-01 18:00:00', 'Calle de las flores número 183 puerta C');
INSERT INTO espectaculos VALUES ('espectaculo 184', 'concierto', '2012-08-27', 'productora 184', 'lista participantes 184', 6, '00:14:00', '00:41:00', '00:17:00');
INSERT INTO eventos VALUES ('espectaculo 184', 'concierto', '2012-08-27', 'productora 184', '2022-09-01 18:00:00', 'Calle de las flores número 184 puerta C','Abierto');
INSERT INTO eventos VALUES ('espectaculo 184', 'concierto', '2012-08-27', 'productora 184', '2020-09-01 03:00:00', 'Calle de las flores número 184 puerta C','Abierto');
INSERT INTO gradas VALUES ('grada 1', 'espectaculo 184', 'concierto', '2012-08-27', 'productora 184', '2022-09-01 18:00:00', 'Calle de las flores número 184 puerta C');
INSERT INTO gradas VALUES ('grada 2', 'espectaculo 184', 'concierto', '2012-08-27', 'productora 184', '2022-09-01 18:00:00', 'Calle de las flores número 184 puerta C');
INSERT INTO gradas VALUES ('grada 3', 'espectaculo 184', 'concierto', '2012-08-27', 'productora 184', '2022-09-01 18:00:00', 'Calle de las flores número 184 puerta C');
INSERT INTO espectaculos VALUES ('espectaculo 185', 'concierto', '2014-02-07', 'productora 185', 'lista participantes 185', 8, '00:10:00', '00:28:00', '00:17:00');
INSERT INTO eventos VALUES ('espectaculo 185', 'concierto', '2014-02-07', 'productora 185', '2022-09-01 18:00:00', 'Calle de las flores número 185 puerta C','Abierto');
INSERT INTO eventos VALUES ('espectaculo 185', 'concierto', '2014-02-07', 'productora 185', '2020-09-01 03:00:00', 'Calle de las flores número 185 puerta C','Abierto');
INSERT INTO gradas VALUES ('grada 1', 'espectaculo 185', 'concierto', '2014-02-07', 'productora 185', '2022-09-01 18:00:00', 'Calle de las flores número 185 puerta C');
INSERT INTO gradas VALUES ('grada 2', 'espectaculo 185', 'concierto', '2014-02-07', 'productora 185', '2022-09-01 18:00:00', 'Calle de las flores número 185 puerta C');
INSERT INTO gradas VALUES ('grada 3', 'espectaculo 185', 'concierto', '2014-02-07', 'productora 185', '2022-09-01 18:00:00', 'Calle de las flores número 185 puerta C');
INSERT INTO espectaculos VALUES ('espectaculo 186', 'deportivo', '1989-05-12', 'productora 186', 'lista participantes 186', 2, '00:16:00', '00:50:00', '00:27:00');
INSERT INTO eventos VALUES ('espectaculo 186', 'deportivo', '1989-05-12', 'productora 186', '2022-09-01 18:00:00', 'Calle de las flores número 186 puerta C','Abierto');
INSERT INTO eventos VALUES ('espectaculo 186', 'deportivo', '1989-05-12', 'productora 186', '2020-09-01 03:00:00', 'Calle de las flores número 186 puerta C','Abierto');
INSERT INTO gradas VALUES ('grada 1', 'espectaculo 186', 'deportivo', '1989-05-12', 'productora 186', '2022-09-01 18:00:00', 'Calle de las flores número 186 puerta C');
INSERT INTO gradas VALUES ('grada 2', 'espectaculo 186', 'deportivo', '1989-05-12', 'productora 186', '2022-09-01 18:00:00', 'Calle de las flores número 186 puerta C');
INSERT INTO gradas VALUES ('grada 3', 'espectaculo 186', 'deportivo', '1989-05-12', 'productora 186', '2022-09-01 18:00:00', 'Calle de las flores número 186 puerta C');
INSERT INTO espectaculos VALUES ('espectaculo 187', 'entrevista', '2007-01-13', 'productora 187', 'lista participantes 187', 6, '00:18:00', '00:52:00', '00:29:00');
INSERT INTO eventos VALUES ('espectaculo 187', 'entrevista', '2007-01-13', 'productora 187', '2022-09-01 18:00:00', 'Calle de las flores número 187 puerta C','Abierto');
INSERT INTO eventos VALUES ('espectaculo 187', 'entrevista', '2007-01-13', 'productora 187', '2020-09-01 03:00:00', 'Calle de las flores número 187 puerta C','Abierto');
INSERT INTO gradas VALUES ('grada 1', 'espectaculo 187', 'entrevista', '2007-01-13', 'productora 187', '2022-09-01 18:00:00', 'Calle de las flores número 187 puerta C');
INSERT INTO gradas VALUES ('grada 2', 'espectaculo 187', 'entrevista', '2007-01-13', 'productora 187', '2022-09-01 18:00:00', 'Calle de las flores número 187 puerta C');
INSERT INTO gradas VALUES ('grada 3', 'espectaculo 187', 'entrevista', '2007-01-13', 'productora 187', '2022-09-01 18:00:00', 'Calle de las flores número 187 puerta C');
INSERT INTO espectaculos VALUES ('espectaculo 188', 'teatro', '1989-04-12', 'productora 188', 'lista participantes 188', 2, '00:11:00', '00:53:00', '00:16:00');
INSERT INTO eventos VALUES ('espectaculo 188', 'teatro', '1989-04-12', 'productora 188', '2022-09-01 18:00:00', 'Calle de las flores número 188 puerta C','Abierto');
INSERT INTO eventos VALUES ('espectaculo 188', 'teatro', '1989-04-12', 'productora 188', '2020-09-01 03:00:00', 'Calle de las flores número 188 puerta C','Abierto');
INSERT INTO gradas VALUES ('grada 1', 'espectaculo 188', 'teatro', '1989-04-12', 'productora 188', '2022-09-01 18:00:00', 'Calle de las flores número 188 puerta C');
INSERT INTO gradas VALUES ('grada 2', 'espectaculo 188', 'teatro', '1989-04-12', 'productora 188', '2022-09-01 18:00:00', 'Calle de las flores número 188 puerta C');
INSERT INTO gradas VALUES ('grada 3', 'espectaculo 188', 'teatro', '1989-04-12', 'productora 188', '2022-09-01 18:00:00', 'Calle de las flores número 188 puerta C');
INSERT INTO espectaculos VALUES ('espectaculo 189', 'pelicula', '2019-04-04', 'productora 189', 'lista participantes 189', 3, '00:19:00', '00:40:00', '00:15:00');
INSERT INTO eventos VALUES ('espectaculo 189', 'pelicula', '2019-04-04', 'productora 189', '2022-09-01 18:00:00', 'Calle de las flores número 189 puerta C','Abierto');
INSERT INTO eventos VALUES ('espectaculo 189', 'pelicula', '2019-04-04', 'productora 189', '2020-09-01 03:00:00', 'Calle de las flores número 189 puerta C','Abierto');
INSERT INTO gradas VALUES ('grada 1', 'espectaculo 189', 'pelicula', '2019-04-04', 'productora 189', '2022-09-01 18:00:00', 'Calle de las flores número 189 puerta C');
INSERT INTO gradas VALUES ('grada 2', 'espectaculo 189', 'pelicula', '2019-04-04', 'productora 189', '2022-09-01 18:00:00', 'Calle de las flores número 189 puerta C');
INSERT INTO gradas VALUES ('grada 3', 'espectaculo 189', 'pelicula', '2019-04-04', 'productora 189', '2022-09-01 18:00:00', 'Calle de las flores número 189 puerta C');
INSERT INTO espectaculos VALUES ('espectaculo 190', 'pelicula', '2002-03-05', 'productora 190', 'lista participantes 190', 3, '00:19:00', '00:24:00', '00:17:00');
INSERT INTO eventos VALUES ('espectaculo 190', 'pelicula', '2002-03-05', 'productora 190', '2022-09-01 18:00:00', 'Calle de las flores número 190 puerta C','Abierto');
INSERT INTO eventos VALUES ('espectaculo 190', 'pelicula', '2002-03-05', 'productora 190', '2020-09-01 03:00:00', 'Calle de las flores número 190 puerta C','Abierto');
INSERT INTO gradas VALUES ('grada 1', 'espectaculo 190', 'pelicula', '2002-03-05', 'productora 190', '2022-09-01 18:00:00', 'Calle de las flores número 190 puerta C');
INSERT INTO gradas VALUES ('grada 2', 'espectaculo 190', 'pelicula', '2002-03-05', 'productora 190', '2022-09-01 18:00:00', 'Calle de las flores número 190 puerta C');
INSERT INTO gradas VALUES ('grada 3', 'espectaculo 190', 'pelicula', '2002-03-05', 'productora 190', '2022-09-01 18:00:00', 'Calle de las flores número 190 puerta C');
INSERT INTO espectaculos VALUES ('espectaculo 191', 'deportivo', '2006-05-20', 'productora 191', 'lista participantes 191', 5, '00:12:00', '00:28:00', '00:17:00');
INSERT INTO eventos VALUES ('espectaculo 191', 'deportivo', '2006-05-20', 'productora 191', '2022-09-01 18:00:00', 'Calle de las flores número 191 puerta C','Abierto');
INSERT INTO eventos VALUES ('espectaculo 191', 'deportivo', '2006-05-20', 'productora 191', '2020-09-01 03:00:00', 'Calle de las flores número 191 puerta C','Abierto');
INSERT INTO gradas VALUES ('grada 1', 'espectaculo 191', 'deportivo', '2006-05-20', 'productora 191', '2022-09-01 18:00:00', 'Calle de las flores número 191 puerta C');
INSERT INTO gradas VALUES ('grada 2', 'espectaculo 191', 'deportivo', '2006-05-20', 'productora 191', '2022-09-01 18:00:00', 'Calle de las flores número 191 puerta C');
INSERT INTO gradas VALUES ('grada 3', 'espectaculo 191', 'deportivo', '2006-05-20', 'productora 191', '2022-09-01 18:00:00', 'Calle de las flores número 191 puerta C');
INSERT INTO espectaculos VALUES ('espectaculo 192', 'teatro', '1999-04-13', 'productora 192', 'lista participantes 192', 5, '00:12:00', '00:27:00', '00:19:00');
INSERT INTO eventos VALUES ('espectaculo 192', 'teatro', '1999-04-13', 'productora 192', '2022-09-01 18:00:00', 'Calle de las flores número 192 puerta C','Abierto');
INSERT INTO eventos VALUES ('espectaculo 192', 'teatro', '1999-04-13', 'productora 192', '2020-09-01 03:00:00', 'Calle de las flores número 192 puerta C','Abierto');
INSERT INTO gradas VALUES ('grada 1', 'espectaculo 192', 'teatro', '1999-04-13', 'productora 192', '2022-09-01 18:00:00', 'Calle de las flores número 192 puerta C');
INSERT INTO gradas VALUES ('grada 2', 'espectaculo 192', 'teatro', '1999-04-13', 'productora 192', '2022-09-01 18:00:00', 'Calle de las flores número 192 puerta C');
INSERT INTO gradas VALUES ('grada 3', 'espectaculo 192', 'teatro', '1999-04-13', 'productora 192', '2022-09-01 18:00:00', 'Calle de las flores número 192 puerta C');
INSERT INTO espectaculos VALUES ('espectaculo 193', 'teatro', '2004-08-25', 'productora 193', 'lista participantes 193', 9, '00:11:00', '00:28:00', '00:20:00');
INSERT INTO eventos VALUES ('espectaculo 193', 'teatro', '2004-08-25', 'productora 193', '2022-09-01 18:00:00', 'Calle de las flores número 193 puerta C','Abierto');
INSERT INTO eventos VALUES ('espectaculo 193', 'teatro', '2004-08-25', 'productora 193', '2020-09-01 03:00:00', 'Calle de las flores número 193 puerta C','Abierto');
INSERT INTO gradas VALUES ('grada 1', 'espectaculo 193', 'teatro', '2004-08-25', 'productora 193', '2022-09-01 18:00:00', 'Calle de las flores número 193 puerta C');
INSERT INTO gradas VALUES ('grada 2', 'espectaculo 193', 'teatro', '2004-08-25', 'productora 193', '2022-09-01 18:00:00', 'Calle de las flores número 193 puerta C');
INSERT INTO gradas VALUES ('grada 3', 'espectaculo 193', 'teatro', '2004-08-25', 'productora 193', '2022-09-01 18:00:00', 'Calle de las flores número 193 puerta C');
INSERT INTO espectaculos VALUES ('espectaculo 194', 'entrevista', '1995-06-15', 'productora 194', 'lista participantes 194', 9, '00:19:00', '00:28:00', '00:29:00');
INSERT INTO eventos VALUES ('espectaculo 194', 'entrevista', '1995-06-15', 'productora 194', '2022-09-01 18:00:00', 'Calle de las flores número 194 puerta C','Abierto');
INSERT INTO eventos VALUES ('espectaculo 194', 'entrevista', '1995-06-15', 'productora 194', '2020-09-01 03:00:00', 'Calle de las flores número 194 puerta C','Abierto');
INSERT INTO gradas VALUES ('grada 1', 'espectaculo 194', 'entrevista', '1995-06-15', 'productora 194', '2022-09-01 18:00:00', 'Calle de las flores número 194 puerta C');
INSERT INTO gradas VALUES ('grada 2', 'espectaculo 194', 'entrevista', '1995-06-15', 'productora 194', '2022-09-01 18:00:00', 'Calle de las flores número 194 puerta C');
INSERT INTO gradas VALUES ('grada 3', 'espectaculo 194', 'entrevista', '1995-06-15', 'productora 194', '2022-09-01 18:00:00', 'Calle de las flores número 194 puerta C');
INSERT INTO espectaculos VALUES ('espectaculo 195', 'deportivo', '1986-05-20', 'productora 195', 'lista participantes 195', 6, '00:11:00', '00:41:00', '00:19:00');
INSERT INTO eventos VALUES ('espectaculo 195', 'deportivo', '1986-05-20', 'productora 195', '2022-09-01 18:00:00', 'Calle de las flores número 195 puerta C','Abierto');
INSERT INTO eventos VALUES ('espectaculo 195', 'deportivo', '1986-05-20', 'productora 195', '2020-09-01 03:00:00', 'Calle de las flores número 195 puerta C','Abierto');
INSERT INTO gradas VALUES ('grada 1', 'espectaculo 195', 'deportivo', '1986-05-20', 'productora 195', '2022-09-01 18:00:00', 'Calle de las flores número 195 puerta C');
INSERT INTO gradas VALUES ('grada 2', 'espectaculo 195', 'deportivo', '1986-05-20', 'productora 195', '2022-09-01 18:00:00', 'Calle de las flores número 195 puerta C');
INSERT INTO gradas VALUES ('grada 3', 'espectaculo 195', 'deportivo', '1986-05-20', 'productora 195', '2022-09-01 18:00:00', 'Calle de las flores número 195 puerta C');
INSERT INTO espectaculos VALUES ('espectaculo 196', 'concierto', '2002-05-17', 'productora 196', 'lista participantes 196', 3, '00:19:00', '00:16:00', '00:15:00');
INSERT INTO eventos VALUES ('espectaculo 196', 'concierto', '2002-05-17', 'productora 196', '2022-09-01 18:00:00', 'Calle de las flores número 196 puerta C','Abierto');
INSERT INTO eventos VALUES ('espectaculo 196', 'concierto', '2002-05-17', 'productora 196', '2020-09-01 03:00:00', 'Calle de las flores número 196 puerta C','Abierto');
INSERT INTO gradas VALUES ('grada 1', 'espectaculo 196', 'concierto', '2002-05-17', 'productora 196', '2022-09-01 18:00:00', 'Calle de las flores número 196 puerta C');
INSERT INTO gradas VALUES ('grada 2', 'espectaculo 196', 'concierto', '2002-05-17', 'productora 196', '2022-09-01 18:00:00', 'Calle de las flores número 196 puerta C');
INSERT INTO gradas VALUES ('grada 3', 'espectaculo 196', 'concierto', '2002-05-17', 'productora 196', '2022-09-01 18:00:00', 'Calle de las flores número 196 puerta C');
INSERT INTO espectaculos VALUES ('espectaculo 197', 'teatro', '2015-02-03', 'productora 197', 'lista participantes 197', 4, '00:19:00', '00:22:00', '00:25:00');
INSERT INTO eventos VALUES ('espectaculo 197', 'teatro', '2015-02-03', 'productora 197', '2022-09-01 18:00:00', 'Calle de las flores número 197 puerta C','Abierto');
INSERT INTO eventos VALUES ('espectaculo 197', 'teatro', '2015-02-03', 'productora 197', '2020-09-01 03:00:00', 'Calle de las flores número 197 puerta C','Abierto');
INSERT INTO gradas VALUES ('grada 1', 'espectaculo 197', 'teatro', '2015-02-03', 'productora 197', '2022-09-01 18:00:00', 'Calle de las flores número 197 puerta C');
INSERT INTO gradas VALUES ('grada 2', 'espectaculo 197', 'teatro', '2015-02-03', 'productora 197', '2022-09-01 18:00:00', 'Calle de las flores número 197 puerta C');
INSERT INTO gradas VALUES ('grada 3', 'espectaculo 197', 'teatro', '2015-02-03', 'productora 197', '2022-09-01 18:00:00', 'Calle de las flores número 197 puerta C');
INSERT INTO espectaculos VALUES ('espectaculo 198', 'entrevista', '1993-08-16', 'productora 198', 'lista participantes 198', 7, '00:14:00', '00:53:00', '00:18:00');
INSERT INTO eventos VALUES ('espectaculo 198', 'entrevista', '1993-08-16', 'productora 198', '2022-09-01 18:00:00', 'Calle de las flores número 198 puerta C','Abierto');
INSERT INTO eventos VALUES ('espectaculo 198', 'entrevista', '1993-08-16', 'productora 198', '2020-09-01 03:00:00', 'Calle de las flores número 198 puerta C','Abierto');
INSERT INTO gradas VALUES ('grada 1', 'espectaculo 198', 'entrevista', '1993-08-16', 'productora 198', '2022-09-01 18:00:00', 'Calle de las flores número 198 puerta C');
INSERT INTO gradas VALUES ('grada 2', 'espectaculo 198', 'entrevista', '1993-08-16', 'productora 198', '2022-09-01 18:00:00', 'Calle de las flores número 198 puerta C');
INSERT INTO gradas VALUES ('grada 3', 'espectaculo 198', 'entrevista', '1993-08-16', 'productora 198', '2022-09-01 18:00:00', 'Calle de las flores número 198 puerta C');
INSERT INTO espectaculos VALUES ('espectaculo 199', 'concierto', '2011-01-22', 'productora 199', 'lista participantes 199', 9, '00:15:00', '00:56:00', '00:28:00');
INSERT INTO eventos VALUES ('espectaculo 199', 'concierto', '2011-01-22', 'productora 199', '2022-09-01 18:00:00', 'Calle de las flores número 199 puerta C','Abierto');
INSERT INTO eventos VALUES ('espectaculo 199', 'concierto', '2011-01-22', 'productora 199', '2020-09-01 03:00:00', 'Calle de las flores número 199 puerta C','Abierto');
INSERT INTO gradas VALUES ('grada 1', 'espectaculo 199', 'concierto', '2011-01-22', 'productora 199', '2022-09-01 18:00:00', 'Calle de las flores número 199 puerta C');
INSERT INTO gradas VALUES ('grada 2', 'espectaculo 199', 'concierto', '2011-01-22', 'productora 199', '2022-09-01 18:00:00', 'Calle de las flores número 199 puerta C');
INSERT INTO gradas VALUES ('grada 3', 'espectaculo 199', 'concierto', '2011-01-22', 'productora 199', '2022-09-01 18:00:00', 'Calle de las flores número 199 puerta C');
INSERT INTO espectaculos VALUES ('espectaculo 200', 'pelicula', '1998-06-23', 'productora 200', 'lista participantes 200', 2, '00:10:00', '00:39:00', '00:25:00');
INSERT INTO eventos VALUES ('espectaculo 200', 'pelicula', '1998-06-23', 'productora 200', '2022-09-01 18:00:00', 'Calle de las flores número 200 puerta C','Abierto');
INSERT INTO eventos VALUES ('espectaculo 200', 'pelicula', '1998-06-23', 'productora 200', '2020-09-01 03:00:00', 'Calle de las flores número 200 puerta C','Abierto');
INSERT INTO gradas VALUES ('grada 1', 'espectaculo 200', 'pelicula', '1998-06-23', 'productora 200', '2022-09-01 18:00:00', 'Calle de las flores número 200 puerta C');
INSERT INTO gradas VALUES ('grada 2', 'espectaculo 200', 'pelicula', '1998-06-23', 'productora 200', '2022-09-01 18:00:00', 'Calle de las flores número 200 puerta C');
INSERT INTO gradas VALUES ('grada 3', 'espectaculo 200', 'pelicula', '1998-06-23', 'productora 200', '2022-09-01 18:00:00', 'Calle de las flores número 200 puerta C');
INSERT INTO espectaculos VALUES ('espectaculo 201', 'entrevista', '2017-06-02', 'productora 201', 'lista participantes 201', 2, '00:18:00', '00:28:00', '00:27:00');
INSERT INTO eventos VALUES ('espectaculo 201', 'entrevista', '2017-06-02', 'productora 201', '2022-09-01 18:00:00', 'Calle de las flores número 201 puerta C','Abierto');
INSERT INTO eventos VALUES ('espectaculo 201', 'entrevista', '2017-06-02', 'productora 201', '2020-09-01 03:00:00', 'Calle de las flores número 201 puerta C','Abierto');
INSERT INTO gradas VALUES ('grada 1', 'espectaculo 201', 'entrevista', '2017-06-02', 'productora 201', '2022-09-01 18:00:00', 'Calle de las flores número 201 puerta C');
INSERT INTO gradas VALUES ('grada 2', 'espectaculo 201', 'entrevista', '2017-06-02', 'productora 201', '2022-09-01 18:00:00', 'Calle de las flores número 201 puerta C');
INSERT INTO gradas VALUES ('grada 3', 'espectaculo 201', 'entrevista', '2017-06-02', 'productora 201', '2022-09-01 18:00:00', 'Calle de las flores número 201 puerta C');
INSERT INTO espectaculos VALUES ('espectaculo 202', 'deportivo', '2006-08-22', 'productora 202', 'lista participantes 202', 8, '00:19:00', '00:37:00', '00:27:00');
INSERT INTO eventos VALUES ('espectaculo 202', 'deportivo', '2006-08-22', 'productora 202', '2022-09-01 18:00:00', 'Calle de las flores número 202 puerta C','Abierto');
INSERT INTO eventos VALUES ('espectaculo 202', 'deportivo', '2006-08-22', 'productora 202', '2020-09-01 03:00:00', 'Calle de las flores número 202 puerta C','Abierto');
INSERT INTO gradas VALUES ('grada 1', 'espectaculo 202', 'deportivo', '2006-08-22', 'productora 202', '2022-09-01 18:00:00', 'Calle de las flores número 202 puerta C');
INSERT INTO gradas VALUES ('grada 2', 'espectaculo 202', 'deportivo', '2006-08-22', 'productora 202', '2022-09-01 18:00:00', 'Calle de las flores número 202 puerta C');
INSERT INTO gradas VALUES ('grada 3', 'espectaculo 202', 'deportivo', '2006-08-22', 'productora 202', '2022-09-01 18:00:00', 'Calle de las flores número 202 puerta C');
INSERT INTO espectaculos VALUES ('espectaculo 203', 'entrevista', '2008-11-05', 'productora 203', 'lista participantes 203', 6, '00:12:00', '00:17:00', '00:29:00');
INSERT INTO eventos VALUES ('espectaculo 203', 'entrevista', '2008-11-05', 'productora 203', '2022-09-01 18:00:00', 'Calle de las flores número 203 puerta C','Abierto');
INSERT INTO eventos VALUES ('espectaculo 203', 'entrevista', '2008-11-05', 'productora 203', '2020-09-01 03:00:00', 'Calle de las flores número 203 puerta C','Abierto');
INSERT INTO gradas VALUES ('grada 1', 'espectaculo 203', 'entrevista', '2008-11-05', 'productora 203', '2022-09-01 18:00:00', 'Calle de las flores número 203 puerta C');
INSERT INTO gradas VALUES ('grada 2', 'espectaculo 203', 'entrevista', '2008-11-05', 'productora 203', '2022-09-01 18:00:00', 'Calle de las flores número 203 puerta C');
INSERT INTO gradas VALUES ('grada 3', 'espectaculo 203', 'entrevista', '2008-11-05', 'productora 203', '2022-09-01 18:00:00', 'Calle de las flores número 203 puerta C');
INSERT INTO espectaculos VALUES ('espectaculo 204', 'teatro', '2002-01-13', 'productora 204', 'lista participantes 204', 5, '00:14:00', '00:45:00', '00:23:00');
INSERT INTO eventos VALUES ('espectaculo 204', 'teatro', '2002-01-13', 'productora 204', '2022-09-01 18:00:00', 'Calle de las flores número 204 puerta C','Abierto');
INSERT INTO eventos VALUES ('espectaculo 204', 'teatro', '2002-01-13', 'productora 204', '2020-09-01 03:00:00', 'Calle de las flores número 204 puerta C','Abierto');
INSERT INTO gradas VALUES ('grada 1', 'espectaculo 204', 'teatro', '2002-01-13', 'productora 204', '2022-09-01 18:00:00', 'Calle de las flores número 204 puerta C');
INSERT INTO gradas VALUES ('grada 2', 'espectaculo 204', 'teatro', '2002-01-13', 'productora 204', '2022-09-01 18:00:00', 'Calle de las flores número 204 puerta C');
INSERT INTO gradas VALUES ('grada 3', 'espectaculo 204', 'teatro', '2002-01-13', 'productora 204', '2022-09-01 18:00:00', 'Calle de las flores número 204 puerta C');
INSERT INTO espectaculos VALUES ('espectaculo 205', 'deportivo', '2012-02-14', 'productora 205', 'lista participantes 205', 9, '00:18:00', '00:52:00', '00:15:00');
INSERT INTO eventos VALUES ('espectaculo 205', 'deportivo', '2012-02-14', 'productora 205', '2022-09-01 18:00:00', 'Calle de las flores número 205 puerta C','Abierto');
INSERT INTO eventos VALUES ('espectaculo 205', 'deportivo', '2012-02-14', 'productora 205', '2020-09-01 03:00:00', 'Calle de las flores número 205 puerta C','Abierto');
INSERT INTO gradas VALUES ('grada 1', 'espectaculo 205', 'deportivo', '2012-02-14', 'productora 205', '2022-09-01 18:00:00', 'Calle de las flores número 205 puerta C');
INSERT INTO gradas VALUES ('grada 2', 'espectaculo 205', 'deportivo', '2012-02-14', 'productora 205', '2022-09-01 18:00:00', 'Calle de las flores número 205 puerta C');
INSERT INTO gradas VALUES ('grada 3', 'espectaculo 205', 'deportivo', '2012-02-14', 'productora 205', '2022-09-01 18:00:00', 'Calle de las flores número 205 puerta C');
INSERT INTO espectaculos VALUES ('espectaculo 206', 'entrevista', '1990-03-14', 'productora 206', 'lista participantes 206', 8, '00:17:00', '00:21:00', '00:29:00');
INSERT INTO eventos VALUES ('espectaculo 206', 'entrevista', '1990-03-14', 'productora 206', '2022-09-01 18:00:00', 'Calle de las flores número 206 puerta C','Abierto');
INSERT INTO eventos VALUES ('espectaculo 206', 'entrevista', '1990-03-14', 'productora 206', '2020-09-01 03:00:00', 'Calle de las flores número 206 puerta C','Abierto');
INSERT INTO gradas VALUES ('grada 1', 'espectaculo 206', 'entrevista', '1990-03-14', 'productora 206', '2022-09-01 18:00:00', 'Calle de las flores número 206 puerta C');
INSERT INTO gradas VALUES ('grada 2', 'espectaculo 206', 'entrevista', '1990-03-14', 'productora 206', '2022-09-01 18:00:00', 'Calle de las flores número 206 puerta C');
INSERT INTO gradas VALUES ('grada 3', 'espectaculo 206', 'entrevista', '1990-03-14', 'productora 206', '2022-09-01 18:00:00', 'Calle de las flores número 206 puerta C');
INSERT INTO espectaculos VALUES ('espectaculo 207', 'deportivo', '2007-07-16', 'productora 207', 'lista participantes 207', 9, '00:10:00', '00:56:00', '00:27:00');
INSERT INTO eventos VALUES ('espectaculo 207', 'deportivo', '2007-07-16', 'productora 207', '2022-09-01 18:00:00', 'Calle de las flores número 207 puerta C','Abierto');
INSERT INTO eventos VALUES ('espectaculo 207', 'deportivo', '2007-07-16', 'productora 207', '2020-09-01 03:00:00', 'Calle de las flores número 207 puerta C','Abierto');
INSERT INTO gradas VALUES ('grada 1', 'espectaculo 207', 'deportivo', '2007-07-16', 'productora 207', '2022-09-01 18:00:00', 'Calle de las flores número 207 puerta C');
INSERT INTO gradas VALUES ('grada 2', 'espectaculo 207', 'deportivo', '2007-07-16', 'productora 207', '2022-09-01 18:00:00', 'Calle de las flores número 207 puerta C');
INSERT INTO gradas VALUES ('grada 3', 'espectaculo 207', 'deportivo', '2007-07-16', 'productora 207', '2022-09-01 18:00:00', 'Calle de las flores número 207 puerta C');
INSERT INTO espectaculos VALUES ('espectaculo 208', 'deportivo', '1991-05-26', 'productora 208', 'lista participantes 208', 2, '00:10:00', '00:48:00', '00:24:00');
INSERT INTO eventos VALUES ('espectaculo 208', 'deportivo', '1991-05-26', 'productora 208', '2022-09-01 18:00:00', 'Calle de las flores número 208 puerta C','Abierto');
INSERT INTO eventos VALUES ('espectaculo 208', 'deportivo', '1991-05-26', 'productora 208', '2020-09-01 03:00:00', 'Calle de las flores número 208 puerta C','Abierto');
INSERT INTO gradas VALUES ('grada 1', 'espectaculo 208', 'deportivo', '1991-05-26', 'productora 208', '2022-09-01 18:00:00', 'Calle de las flores número 208 puerta C');
INSERT INTO gradas VALUES ('grada 2', 'espectaculo 208', 'deportivo', '1991-05-26', 'productora 208', '2022-09-01 18:00:00', 'Calle de las flores número 208 puerta C');
INSERT INTO gradas VALUES ('grada 3', 'espectaculo 208', 'deportivo', '1991-05-26', 'productora 208', '2022-09-01 18:00:00', 'Calle de las flores número 208 puerta C');
INSERT INTO espectaculos VALUES ('espectaculo 209', 'entrevista', '2009-11-25', 'productora 209', 'lista participantes 209', 4, '00:10:00', '00:56:00', '00:25:00');
INSERT INTO eventos VALUES ('espectaculo 209', 'entrevista', '2009-11-25', 'productora 209', '2022-09-01 18:00:00', 'Calle de las flores número 209 puerta C','Abierto');
INSERT INTO eventos VALUES ('espectaculo 209', 'entrevista', '2009-11-25', 'productora 209', '2020-09-01 03:00:00', 'Calle de las flores número 209 puerta C','Abierto');
INSERT INTO gradas VALUES ('grada 1', 'espectaculo 209', 'entrevista', '2009-11-25', 'productora 209', '2022-09-01 18:00:00', 'Calle de las flores número 209 puerta C');
INSERT INTO gradas VALUES ('grada 2', 'espectaculo 209', 'entrevista', '2009-11-25', 'productora 209', '2022-09-01 18:00:00', 'Calle de las flores número 209 puerta C');
INSERT INTO gradas VALUES ('grada 3', 'espectaculo 209', 'entrevista', '2009-11-25', 'productora 209', '2022-09-01 18:00:00', 'Calle de las flores número 209 puerta C');
INSERT INTO espectaculos VALUES ('espectaculo 210', 'deportivo', '2006-03-22', 'productora 210', 'lista participantes 210', 4, '00:17:00', '00:52:00', '00:28:00');
INSERT INTO eventos VALUES ('espectaculo 210', 'deportivo', '2006-03-22', 'productora 210', '2022-09-01 18:00:00', 'Calle de las flores número 210 puerta C','Abierto');
INSERT INTO eventos VALUES ('espectaculo 210', 'deportivo', '2006-03-22', 'productora 210', '2020-09-01 03:00:00', 'Calle de las flores número 210 puerta C','Abierto');
INSERT INTO gradas VALUES ('grada 1', 'espectaculo 210', 'deportivo', '2006-03-22', 'productora 210', '2022-09-01 18:00:00', 'Calle de las flores número 210 puerta C');
INSERT INTO gradas VALUES ('grada 2', 'espectaculo 210', 'deportivo', '2006-03-22', 'productora 210', '2022-09-01 18:00:00', 'Calle de las flores número 210 puerta C');
INSERT INTO gradas VALUES ('grada 3', 'espectaculo 210', 'deportivo', '2006-03-22', 'productora 210', '2022-09-01 18:00:00', 'Calle de las flores número 210 puerta C');
INSERT INTO espectaculos VALUES ('espectaculo 211', 'pelicula', '1989-11-24', 'productora 211', 'lista participantes 211', 3, '00:16:00', '00:28:00', '00:17:00');
INSERT INTO eventos VALUES ('espectaculo 211', 'pelicula', '1989-11-24', 'productora 211', '2022-09-01 18:00:00', 'Calle de las flores número 211 puerta C','Abierto');
INSERT INTO eventos VALUES ('espectaculo 211', 'pelicula', '1989-11-24', 'productora 211', '2020-09-01 03:00:00', 'Calle de las flores número 211 puerta C','Abierto');
INSERT INTO gradas VALUES ('grada 1', 'espectaculo 211', 'pelicula', '1989-11-24', 'productora 211', '2022-09-01 18:00:00', 'Calle de las flores número 211 puerta C');
INSERT INTO gradas VALUES ('grada 2', 'espectaculo 211', 'pelicula', '1989-11-24', 'productora 211', '2022-09-01 18:00:00', 'Calle de las flores número 211 puerta C');
INSERT INTO gradas VALUES ('grada 3', 'espectaculo 211', 'pelicula', '1989-11-24', 'productora 211', '2022-09-01 18:00:00', 'Calle de las flores número 211 puerta C');
INSERT INTO espectaculos VALUES ('espectaculo 212', 'entrevista', '1997-09-07', 'productora 212', 'lista participantes 212', 5, '00:14:00', '00:38:00', '00:26:00');
INSERT INTO eventos VALUES ('espectaculo 212', 'entrevista', '1997-09-07', 'productora 212', '2022-09-01 18:00:00', 'Calle de las flores número 212 puerta C','Abierto');
INSERT INTO eventos VALUES ('espectaculo 212', 'entrevista', '1997-09-07', 'productora 212', '2020-09-01 03:00:00', 'Calle de las flores número 212 puerta C','Abierto');
INSERT INTO gradas VALUES ('grada 1', 'espectaculo 212', 'entrevista', '1997-09-07', 'productora 212', '2022-09-01 18:00:00', 'Calle de las flores número 212 puerta C');
INSERT INTO gradas VALUES ('grada 2', 'espectaculo 212', 'entrevista', '1997-09-07', 'productora 212', '2022-09-01 18:00:00', 'Calle de las flores número 212 puerta C');
INSERT INTO gradas VALUES ('grada 3', 'espectaculo 212', 'entrevista', '1997-09-07', 'productora 212', '2022-09-01 18:00:00', 'Calle de las flores número 212 puerta C');
INSERT INTO espectaculos VALUES ('espectaculo 213', 'entrevista', '2007-09-13', 'productora 213', 'lista participantes 213', 2, '00:17:00', '00:35:00', '00:27:00');
INSERT INTO eventos VALUES ('espectaculo 213', 'entrevista', '2007-09-13', 'productora 213', '2022-09-01 18:00:00', 'Calle de las flores número 213 puerta C','Abierto');
INSERT INTO eventos VALUES ('espectaculo 213', 'entrevista', '2007-09-13', 'productora 213', '2020-09-01 03:00:00', 'Calle de las flores número 213 puerta C','Abierto');
INSERT INTO gradas VALUES ('grada 1', 'espectaculo 213', 'entrevista', '2007-09-13', 'productora 213', '2022-09-01 18:00:00', 'Calle de las flores número 213 puerta C');
INSERT INTO gradas VALUES ('grada 2', 'espectaculo 213', 'entrevista', '2007-09-13', 'productora 213', '2022-09-01 18:00:00', 'Calle de las flores número 213 puerta C');
INSERT INTO gradas VALUES ('grada 3', 'espectaculo 213', 'entrevista', '2007-09-13', 'productora 213', '2022-09-01 18:00:00', 'Calle de las flores número 213 puerta C');
INSERT INTO espectaculos VALUES ('espectaculo 214', 'concierto', '2008-10-05', 'productora 214', 'lista participantes 214', 9, '00:17:00', '00:55:00', '00:25:00');
INSERT INTO eventos VALUES ('espectaculo 214', 'concierto', '2008-10-05', 'productora 214', '2022-09-01 18:00:00', 'Calle de las flores número 214 puerta C','Abierto');
INSERT INTO eventos VALUES ('espectaculo 214', 'concierto', '2008-10-05', 'productora 214', '2020-09-01 03:00:00', 'Calle de las flores número 214 puerta C','Abierto');
INSERT INTO gradas VALUES ('grada 1', 'espectaculo 214', 'concierto', '2008-10-05', 'productora 214', '2022-09-01 18:00:00', 'Calle de las flores número 214 puerta C');
INSERT INTO gradas VALUES ('grada 2', 'espectaculo 214', 'concierto', '2008-10-05', 'productora 214', '2022-09-01 18:00:00', 'Calle de las flores número 214 puerta C');
INSERT INTO gradas VALUES ('grada 3', 'espectaculo 214', 'concierto', '2008-10-05', 'productora 214', '2022-09-01 18:00:00', 'Calle de las flores número 214 puerta C');
INSERT INTO espectaculos VALUES ('espectaculo 215', 'teatro', '1990-06-09', 'productora 215', 'lista participantes 215', 1, '00:18:00', '00:47:00', '00:16:00');
INSERT INTO eventos VALUES ('espectaculo 215', 'teatro', '1990-06-09', 'productora 215', '2022-09-01 18:00:00', 'Calle de las flores número 215 puerta C','Abierto');
INSERT INTO eventos VALUES ('espectaculo 215', 'teatro', '1990-06-09', 'productora 215', '2020-09-01 03:00:00', 'Calle de las flores número 215 puerta C','Abierto');
INSERT INTO gradas VALUES ('grada 1', 'espectaculo 215', 'teatro', '1990-06-09', 'productora 215', '2022-09-01 18:00:00', 'Calle de las flores número 215 puerta C');
INSERT INTO gradas VALUES ('grada 2', 'espectaculo 215', 'teatro', '1990-06-09', 'productora 215', '2022-09-01 18:00:00', 'Calle de las flores número 215 puerta C');
INSERT INTO gradas VALUES ('grada 3', 'espectaculo 215', 'teatro', '1990-06-09', 'productora 215', '2022-09-01 18:00:00', 'Calle de las flores número 215 puerta C');
INSERT INTO espectaculos VALUES ('espectaculo 216', 'pelicula', '2012-09-13', 'productora 216', 'lista participantes 216', 5, '00:14:00', '00:17:00', '00:18:00');
INSERT INTO eventos VALUES ('espectaculo 216', 'pelicula', '2012-09-13', 'productora 216', '2022-09-01 18:00:00', 'Calle de las flores número 216 puerta C','Abierto');
INSERT INTO eventos VALUES ('espectaculo 216', 'pelicula', '2012-09-13', 'productora 216', '2020-09-01 03:00:00', 'Calle de las flores número 216 puerta C','Abierto');
INSERT INTO gradas VALUES ('grada 1', 'espectaculo 216', 'pelicula', '2012-09-13', 'productora 216', '2022-09-01 18:00:00', 'Calle de las flores número 216 puerta C');
INSERT INTO gradas VALUES ('grada 2', 'espectaculo 216', 'pelicula', '2012-09-13', 'productora 216', '2022-09-01 18:00:00', 'Calle de las flores número 216 puerta C');
INSERT INTO gradas VALUES ('grada 3', 'espectaculo 216', 'pelicula', '2012-09-13', 'productora 216', '2022-09-01 18:00:00', 'Calle de las flores número 216 puerta C');
INSERT INTO espectaculos VALUES ('espectaculo 217', 'concierto', '2006-10-14', 'productora 217', 'lista participantes 217', 3, '00:18:00', '00:31:00', '00:19:00');
INSERT INTO eventos VALUES ('espectaculo 217', 'concierto', '2006-10-14', 'productora 217', '2022-09-01 18:00:00', 'Calle de las flores número 217 puerta C','Abierto');
INSERT INTO eventos VALUES ('espectaculo 217', 'concierto', '2006-10-14', 'productora 217', '2020-09-01 03:00:00', 'Calle de las flores número 217 puerta C','Abierto');
INSERT INTO gradas VALUES ('grada 1', 'espectaculo 217', 'concierto', '2006-10-14', 'productora 217', '2022-09-01 18:00:00', 'Calle de las flores número 217 puerta C');
INSERT INTO gradas VALUES ('grada 2', 'espectaculo 217', 'concierto', '2006-10-14', 'productora 217', '2022-09-01 18:00:00', 'Calle de las flores número 217 puerta C');
INSERT INTO gradas VALUES ('grada 3', 'espectaculo 217', 'concierto', '2006-10-14', 'productora 217', '2022-09-01 18:00:00', 'Calle de las flores número 217 puerta C');
INSERT INTO espectaculos VALUES ('espectaculo 218', 'entrevista', '1999-07-18', 'productora 218', 'lista participantes 218', 8, '00:19:00', '00:53:00', '00:18:00');
INSERT INTO eventos VALUES ('espectaculo 218', 'entrevista', '1999-07-18', 'productora 218', '2022-09-01 18:00:00', 'Calle de las flores número 218 puerta C','Abierto');
INSERT INTO eventos VALUES ('espectaculo 218', 'entrevista', '1999-07-18', 'productora 218', '2020-09-01 03:00:00', 'Calle de las flores número 218 puerta C','Abierto');
INSERT INTO gradas VALUES ('grada 1', 'espectaculo 218', 'entrevista', '1999-07-18', 'productora 218', '2022-09-01 18:00:00', 'Calle de las flores número 218 puerta C');
INSERT INTO gradas VALUES ('grada 2', 'espectaculo 218', 'entrevista', '1999-07-18', 'productora 218', '2022-09-01 18:00:00', 'Calle de las flores número 218 puerta C');
INSERT INTO gradas VALUES ('grada 3', 'espectaculo 218', 'entrevista', '1999-07-18', 'productora 218', '2022-09-01 18:00:00', 'Calle de las flores número 218 puerta C');
INSERT INTO espectaculos VALUES ('espectaculo 219', 'concierto', '1986-11-25', 'productora 219', 'lista participantes 219', 4, '00:17:00', '00:24:00', '00:20:00');
INSERT INTO eventos VALUES ('espectaculo 219', 'concierto', '1986-11-25', 'productora 219', '2022-09-01 18:00:00', 'Calle de las flores número 219 puerta C','Abierto');
INSERT INTO eventos VALUES ('espectaculo 219', 'concierto', '1986-11-25', 'productora 219', '2020-09-01 03:00:00', 'Calle de las flores número 219 puerta C','Abierto');
INSERT INTO gradas VALUES ('grada 1', 'espectaculo 219', 'concierto', '1986-11-25', 'productora 219', '2022-09-01 18:00:00', 'Calle de las flores número 219 puerta C');
INSERT INTO gradas VALUES ('grada 2', 'espectaculo 219', 'concierto', '1986-11-25', 'productora 219', '2022-09-01 18:00:00', 'Calle de las flores número 219 puerta C');
INSERT INTO gradas VALUES ('grada 3', 'espectaculo 219', 'concierto', '1986-11-25', 'productora 219', '2022-09-01 18:00:00', 'Calle de las flores número 219 puerta C');
INSERT INTO espectaculos VALUES ('espectaculo 220', 'pelicula', '1986-05-15', 'productora 220', 'lista participantes 220', 7, '00:13:00', '00:23:00', '00:25:00');
INSERT INTO eventos VALUES ('espectaculo 220', 'pelicula', '1986-05-15', 'productora 220', '2022-09-01 18:00:00', 'Calle de las flores número 220 puerta C','Abierto');
INSERT INTO eventos VALUES ('espectaculo 220', 'pelicula', '1986-05-15', 'productora 220', '2020-09-01 03:00:00', 'Calle de las flores número 220 puerta C','Abierto');
INSERT INTO gradas VALUES ('grada 1', 'espectaculo 220', 'pelicula', '1986-05-15', 'productora 220', '2022-09-01 18:00:00', 'Calle de las flores número 220 puerta C');
INSERT INTO gradas VALUES ('grada 2', 'espectaculo 220', 'pelicula', '1986-05-15', 'productora 220', '2022-09-01 18:00:00', 'Calle de las flores número 220 puerta C');
INSERT INTO gradas VALUES ('grada 3', 'espectaculo 220', 'pelicula', '1986-05-15', 'productora 220', '2022-09-01 18:00:00', 'Calle de las flores número 220 puerta C');
INSERT INTO espectaculos VALUES ('espectaculo 221', 'teatro', '1999-03-22', 'productora 221', 'lista participantes 221', 7, '00:18:00', '00:47:00', '00:29:00');
INSERT INTO eventos VALUES ('espectaculo 221', 'teatro', '1999-03-22', 'productora 221', '2022-09-01 18:00:00', 'Calle de las flores número 221 puerta C','Abierto');
INSERT INTO eventos VALUES ('espectaculo 221', 'teatro', '1999-03-22', 'productora 221', '2020-09-01 03:00:00', 'Calle de las flores número 221 puerta C','Abierto');
INSERT INTO gradas VALUES ('grada 1', 'espectaculo 221', 'teatro', '1999-03-22', 'productora 221', '2022-09-01 18:00:00', 'Calle de las flores número 221 puerta C');
INSERT INTO gradas VALUES ('grada 2', 'espectaculo 221', 'teatro', '1999-03-22', 'productora 221', '2022-09-01 18:00:00', 'Calle de las flores número 221 puerta C');
INSERT INTO gradas VALUES ('grada 3', 'espectaculo 221', 'teatro', '1999-03-22', 'productora 221', '2022-09-01 18:00:00', 'Calle de las flores número 221 puerta C');
INSERT INTO espectaculos VALUES ('espectaculo 222', 'deportivo', '1999-08-26', 'productora 222', 'lista participantes 222', 3, '00:17:00', '00:23:00', '00:23:00');
INSERT INTO eventos VALUES ('espectaculo 222', 'deportivo', '1999-08-26', 'productora 222', '2022-09-01 18:00:00', 'Calle de las flores número 222 puerta C','Abierto');
INSERT INTO eventos VALUES ('espectaculo 222', 'deportivo', '1999-08-26', 'productora 222', '2020-09-01 03:00:00', 'Calle de las flores número 222 puerta C','Abierto');
INSERT INTO gradas VALUES ('grada 1', 'espectaculo 222', 'deportivo', '1999-08-26', 'productora 222', '2022-09-01 18:00:00', 'Calle de las flores número 222 puerta C');
INSERT INTO gradas VALUES ('grada 2', 'espectaculo 222', 'deportivo', '1999-08-26', 'productora 222', '2022-09-01 18:00:00', 'Calle de las flores número 222 puerta C');
INSERT INTO gradas VALUES ('grada 3', 'espectaculo 222', 'deportivo', '1999-08-26', 'productora 222', '2022-09-01 18:00:00', 'Calle de las flores número 222 puerta C');
INSERT INTO espectaculos VALUES ('espectaculo 223', 'deportivo', '1990-09-06', 'productora 223', 'lista participantes 223', 7, '00:13:00', '00:47:00', '00:25:00');
INSERT INTO eventos VALUES ('espectaculo 223', 'deportivo', '1990-09-06', 'productora 223', '2022-09-01 18:00:00', 'Calle de las flores número 223 puerta C','Abierto');
INSERT INTO eventos VALUES ('espectaculo 223', 'deportivo', '1990-09-06', 'productora 223', '2020-09-01 03:00:00', 'Calle de las flores número 223 puerta C','Abierto');
INSERT INTO gradas VALUES ('grada 1', 'espectaculo 223', 'deportivo', '1990-09-06', 'productora 223', '2022-09-01 18:00:00', 'Calle de las flores número 223 puerta C');
INSERT INTO gradas VALUES ('grada 2', 'espectaculo 223', 'deportivo', '1990-09-06', 'productora 223', '2022-09-01 18:00:00', 'Calle de las flores número 223 puerta C');
INSERT INTO gradas VALUES ('grada 3', 'espectaculo 223', 'deportivo', '1990-09-06', 'productora 223', '2022-09-01 18:00:00', 'Calle de las flores número 223 puerta C');
INSERT INTO espectaculos VALUES ('espectaculo 224', 'deportivo', '2012-07-01', 'productora 224', 'lista participantes 224', 5, '00:13:00', '00:42:00', '00:16:00');
INSERT INTO eventos VALUES ('espectaculo 224', 'deportivo', '2012-07-01', 'productora 224', '2022-09-01 18:00:00', 'Calle de las flores número 224 puerta C','Abierto');
INSERT INTO eventos VALUES ('espectaculo 224', 'deportivo', '2012-07-01', 'productora 224', '2020-09-01 03:00:00', 'Calle de las flores número 224 puerta C','Abierto');
INSERT INTO gradas VALUES ('grada 1', 'espectaculo 224', 'deportivo', '2012-07-01', 'productora 224', '2022-09-01 18:00:00', 'Calle de las flores número 224 puerta C');
INSERT INTO gradas VALUES ('grada 2', 'espectaculo 224', 'deportivo', '2012-07-01', 'productora 224', '2022-09-01 18:00:00', 'Calle de las flores número 224 puerta C');
INSERT INTO gradas VALUES ('grada 3', 'espectaculo 224', 'deportivo', '2012-07-01', 'productora 224', '2022-09-01 18:00:00', 'Calle de las flores número 224 puerta C');
INSERT INTO espectaculos VALUES ('espectaculo 225', 'deportivo', '1998-11-01', 'productora 225', 'lista participantes 225', 9, '00:16:00', '00:35:00', '00:16:00');
INSERT INTO eventos VALUES ('espectaculo 225', 'deportivo', '1998-11-01', 'productora 225', '2022-09-01 18:00:00', 'Calle de las flores número 225 puerta C','Abierto');
INSERT INTO eventos VALUES ('espectaculo 225', 'deportivo', '1998-11-01', 'productora 225', '2020-09-01 03:00:00', 'Calle de las flores número 225 puerta C','Abierto');
INSERT INTO gradas VALUES ('grada 1', 'espectaculo 225', 'deportivo', '1998-11-01', 'productora 225', '2022-09-01 18:00:00', 'Calle de las flores número 225 puerta C');
INSERT INTO gradas VALUES ('grada 2', 'espectaculo 225', 'deportivo', '1998-11-01', 'productora 225', '2022-09-01 18:00:00', 'Calle de las flores número 225 puerta C');
INSERT INTO gradas VALUES ('grada 3', 'espectaculo 225', 'deportivo', '1998-11-01', 'productora 225', '2022-09-01 18:00:00', 'Calle de las flores número 225 puerta C');
INSERT INTO espectaculos VALUES ('espectaculo 226', 'deportivo', '1991-07-07', 'productora 226', 'lista participantes 226', 3, '00:16:00', '00:55:00', '00:17:00');
INSERT INTO eventos VALUES ('espectaculo 226', 'deportivo', '1991-07-07', 'productora 226', '2022-09-01 18:00:00', 'Calle de las flores número 226 puerta C','Abierto');
INSERT INTO eventos VALUES ('espectaculo 226', 'deportivo', '1991-07-07', 'productora 226', '2020-09-01 03:00:00', 'Calle de las flores número 226 puerta C','Abierto');
INSERT INTO gradas VALUES ('grada 1', 'espectaculo 226', 'deportivo', '1991-07-07', 'productora 226', '2022-09-01 18:00:00', 'Calle de las flores número 226 puerta C');
INSERT INTO gradas VALUES ('grada 2', 'espectaculo 226', 'deportivo', '1991-07-07', 'productora 226', '2022-09-01 18:00:00', 'Calle de las flores número 226 puerta C');
INSERT INTO gradas VALUES ('grada 3', 'espectaculo 226', 'deportivo', '1991-07-07', 'productora 226', '2022-09-01 18:00:00', 'Calle de las flores número 226 puerta C');
INSERT INTO espectaculos VALUES ('espectaculo 227', 'pelicula', '1988-09-03', 'productora 227', 'lista participantes 227', 5, '00:14:00', '00:52:00', '00:15:00');
INSERT INTO eventos VALUES ('espectaculo 227', 'pelicula', '1988-09-03', 'productora 227', '2022-09-01 18:00:00', 'Calle de las flores número 227 puerta C','Abierto');
INSERT INTO eventos VALUES ('espectaculo 227', 'pelicula', '1988-09-03', 'productora 227', '2020-09-01 03:00:00', 'Calle de las flores número 227 puerta C','Abierto');
INSERT INTO gradas VALUES ('grada 1', 'espectaculo 227', 'pelicula', '1988-09-03', 'productora 227', '2022-09-01 18:00:00', 'Calle de las flores número 227 puerta C');
INSERT INTO gradas VALUES ('grada 2', 'espectaculo 227', 'pelicula', '1988-09-03', 'productora 227', '2022-09-01 18:00:00', 'Calle de las flores número 227 puerta C');
INSERT INTO gradas VALUES ('grada 3', 'espectaculo 227', 'pelicula', '1988-09-03', 'productora 227', '2022-09-01 18:00:00', 'Calle de las flores número 227 puerta C');
INSERT INTO espectaculos VALUES ('espectaculo 228', 'teatro', '2014-09-23', 'productora 228', 'lista participantes 228', 8, '00:16:00', '00:27:00', '00:21:00');
INSERT INTO eventos VALUES ('espectaculo 228', 'teatro', '2014-09-23', 'productora 228', '2022-09-01 18:00:00', 'Calle de las flores número 228 puerta C','Abierto');
INSERT INTO eventos VALUES ('espectaculo 228', 'teatro', '2014-09-23', 'productora 228', '2020-09-01 03:00:00', 'Calle de las flores número 228 puerta C','Abierto');
INSERT INTO gradas VALUES ('grada 1', 'espectaculo 228', 'teatro', '2014-09-23', 'productora 228', '2022-09-01 18:00:00', 'Calle de las flores número 228 puerta C');
INSERT INTO gradas VALUES ('grada 2', 'espectaculo 228', 'teatro', '2014-09-23', 'productora 228', '2022-09-01 18:00:00', 'Calle de las flores número 228 puerta C');
INSERT INTO gradas VALUES ('grada 3', 'espectaculo 228', 'teatro', '2014-09-23', 'productora 228', '2022-09-01 18:00:00', 'Calle de las flores número 228 puerta C');
INSERT INTO espectaculos VALUES ('espectaculo 229', 'concierto', '2007-11-10', 'productora 229', 'lista participantes 229', 7, '00:12:00', '00:16:00', '00:20:00');
INSERT INTO eventos VALUES ('espectaculo 229', 'concierto', '2007-11-10', 'productora 229', '2022-09-01 18:00:00', 'Calle de las flores número 229 puerta C','Abierto');
INSERT INTO eventos VALUES ('espectaculo 229', 'concierto', '2007-11-10', 'productora 229', '2020-09-01 03:00:00', 'Calle de las flores número 229 puerta C','Abierto');
INSERT INTO gradas VALUES ('grada 1', 'espectaculo 229', 'concierto', '2007-11-10', 'productora 229', '2022-09-01 18:00:00', 'Calle de las flores número 229 puerta C');
INSERT INTO gradas VALUES ('grada 2', 'espectaculo 229', 'concierto', '2007-11-10', 'productora 229', '2022-09-01 18:00:00', 'Calle de las flores número 229 puerta C');
INSERT INTO gradas VALUES ('grada 3', 'espectaculo 229', 'concierto', '2007-11-10', 'productora 229', '2022-09-01 18:00:00', 'Calle de las flores número 229 puerta C');
INSERT INTO espectaculos VALUES ('espectaculo 230', 'deportivo', '2010-09-25', 'productora 230', 'lista participantes 230', 5, '00:14:00', '00:50:00', '00:18:00');
INSERT INTO eventos VALUES ('espectaculo 230', 'deportivo', '2010-09-25', 'productora 230', '2022-09-01 18:00:00', 'Calle de las flores número 230 puerta C','Abierto');
INSERT INTO eventos VALUES ('espectaculo 230', 'deportivo', '2010-09-25', 'productora 230', '2020-09-01 03:00:00', 'Calle de las flores número 230 puerta C','Abierto');
INSERT INTO gradas VALUES ('grada 1', 'espectaculo 230', 'deportivo', '2010-09-25', 'productora 230', '2022-09-01 18:00:00', 'Calle de las flores número 230 puerta C');
INSERT INTO gradas VALUES ('grada 2', 'espectaculo 230', 'deportivo', '2010-09-25', 'productora 230', '2022-09-01 18:00:00', 'Calle de las flores número 230 puerta C');
INSERT INTO gradas VALUES ('grada 3', 'espectaculo 230', 'deportivo', '2010-09-25', 'productora 230', '2022-09-01 18:00:00', 'Calle de las flores número 230 puerta C');
INSERT INTO espectaculos VALUES ('espectaculo 231', 'entrevista', '2000-10-11', 'productora 231', 'lista participantes 231', 3, '00:10:00', '00:41:00', '00:22:00');
INSERT INTO eventos VALUES ('espectaculo 231', 'entrevista', '2000-10-11', 'productora 231', '2022-09-01 18:00:00', 'Calle de las flores número 231 puerta C','Abierto');
INSERT INTO eventos VALUES ('espectaculo 231', 'entrevista', '2000-10-11', 'productora 231', '2020-09-01 03:00:00', 'Calle de las flores número 231 puerta C','Abierto');
INSERT INTO gradas VALUES ('grada 1', 'espectaculo 231', 'entrevista', '2000-10-11', 'productora 231', '2022-09-01 18:00:00', 'Calle de las flores número 231 puerta C');
INSERT INTO gradas VALUES ('grada 2', 'espectaculo 231', 'entrevista', '2000-10-11', 'productora 231', '2022-09-01 18:00:00', 'Calle de las flores número 231 puerta C');
INSERT INTO gradas VALUES ('grada 3', 'espectaculo 231', 'entrevista', '2000-10-11', 'productora 231', '2022-09-01 18:00:00', 'Calle de las flores número 231 puerta C');
INSERT INTO espectaculos VALUES ('espectaculo 232', 'teatro', '2004-10-23', 'productora 232', 'lista participantes 232', 4, '00:13:00', '00:16:00', '00:28:00');
INSERT INTO eventos VALUES ('espectaculo 232', 'teatro', '2004-10-23', 'productora 232', '2022-09-01 18:00:00', 'Calle de las flores número 232 puerta C','Abierto');
INSERT INTO eventos VALUES ('espectaculo 232', 'teatro', '2004-10-23', 'productora 232', '2020-09-01 03:00:00', 'Calle de las flores número 232 puerta C','Abierto');
INSERT INTO gradas VALUES ('grada 1', 'espectaculo 232', 'teatro', '2004-10-23', 'productora 232', '2022-09-01 18:00:00', 'Calle de las flores número 232 puerta C');
INSERT INTO gradas VALUES ('grada 2', 'espectaculo 232', 'teatro', '2004-10-23', 'productora 232', '2022-09-01 18:00:00', 'Calle de las flores número 232 puerta C');
INSERT INTO gradas VALUES ('grada 3', 'espectaculo 232', 'teatro', '2004-10-23', 'productora 232', '2022-09-01 18:00:00', 'Calle de las flores número 232 puerta C');
INSERT INTO espectaculos VALUES ('espectaculo 233', 'deportivo', '1989-06-25', 'productora 233', 'lista participantes 233', 2, '00:10:00', '00:43:00', '00:25:00');
INSERT INTO eventos VALUES ('espectaculo 233', 'deportivo', '1989-06-25', 'productora 233', '2022-09-01 18:00:00', 'Calle de las flores número 233 puerta C','Abierto');
INSERT INTO eventos VALUES ('espectaculo 233', 'deportivo', '1989-06-25', 'productora 233', '2020-09-01 03:00:00', 'Calle de las flores número 233 puerta C','Abierto');
INSERT INTO gradas VALUES ('grada 1', 'espectaculo 233', 'deportivo', '1989-06-25', 'productora 233', '2022-09-01 18:00:00', 'Calle de las flores número 233 puerta C');
INSERT INTO gradas VALUES ('grada 2', 'espectaculo 233', 'deportivo', '1989-06-25', 'productora 233', '2022-09-01 18:00:00', 'Calle de las flores número 233 puerta C');
INSERT INTO gradas VALUES ('grada 3', 'espectaculo 233', 'deportivo', '1989-06-25', 'productora 233', '2022-09-01 18:00:00', 'Calle de las flores número 233 puerta C');
INSERT INTO espectaculos VALUES ('espectaculo 234', 'deportivo', '2002-05-23', 'productora 234', 'lista participantes 234', 3, '00:15:00', '00:27:00', '00:18:00');
INSERT INTO eventos VALUES ('espectaculo 234', 'deportivo', '2002-05-23', 'productora 234', '2022-09-01 18:00:00', 'Calle de las flores número 234 puerta C','Abierto');
INSERT INTO eventos VALUES ('espectaculo 234', 'deportivo', '2002-05-23', 'productora 234', '2020-09-01 03:00:00', 'Calle de las flores número 234 puerta C','Abierto');
INSERT INTO gradas VALUES ('grada 1', 'espectaculo 234', 'deportivo', '2002-05-23', 'productora 234', '2022-09-01 18:00:00', 'Calle de las flores número 234 puerta C');
INSERT INTO gradas VALUES ('grada 2', 'espectaculo 234', 'deportivo', '2002-05-23', 'productora 234', '2022-09-01 18:00:00', 'Calle de las flores número 234 puerta C');
INSERT INTO gradas VALUES ('grada 3', 'espectaculo 234', 'deportivo', '2002-05-23', 'productora 234', '2022-09-01 18:00:00', 'Calle de las flores número 234 puerta C');
INSERT INTO espectaculos VALUES ('espectaculo 235', 'concierto', '2020-06-01', 'productora 235', 'lista participantes 235', 8, '00:17:00', '00:57:00', '00:26:00');
INSERT INTO eventos VALUES ('espectaculo 235', 'concierto', '2020-06-01', 'productora 235', '2022-09-01 18:00:00', 'Calle de las flores número 235 puerta C','Abierto');
INSERT INTO eventos VALUES ('espectaculo 235', 'concierto', '2020-06-01', 'productora 235', '2020-09-01 03:00:00', 'Calle de las flores número 235 puerta C','Abierto');
INSERT INTO gradas VALUES ('grada 1', 'espectaculo 235', 'concierto', '2020-06-01', 'productora 235', '2022-09-01 18:00:00', 'Calle de las flores número 235 puerta C');
INSERT INTO gradas VALUES ('grada 2', 'espectaculo 235', 'concierto', '2020-06-01', 'productora 235', '2022-09-01 18:00:00', 'Calle de las flores número 235 puerta C');
INSERT INTO gradas VALUES ('grada 3', 'espectaculo 235', 'concierto', '2020-06-01', 'productora 235', '2022-09-01 18:00:00', 'Calle de las flores número 235 puerta C');
INSERT INTO espectaculos VALUES ('espectaculo 236', 'pelicula', '2009-02-10', 'productora 236', 'lista participantes 236', 6, '00:19:00', '00:23:00', '00:27:00');
INSERT INTO eventos VALUES ('espectaculo 236', 'pelicula', '2009-02-10', 'productora 236', '2022-09-01 18:00:00', 'Calle de las flores número 236 puerta C','Abierto');
INSERT INTO eventos VALUES ('espectaculo 236', 'pelicula', '2009-02-10', 'productora 236', '2020-09-01 03:00:00', 'Calle de las flores número 236 puerta C','Abierto');
INSERT INTO gradas VALUES ('grada 1', 'espectaculo 236', 'pelicula', '2009-02-10', 'productora 236', '2022-09-01 18:00:00', 'Calle de las flores número 236 puerta C');
INSERT INTO gradas VALUES ('grada 2', 'espectaculo 236', 'pelicula', '2009-02-10', 'productora 236', '2022-09-01 18:00:00', 'Calle de las flores número 236 puerta C');
INSERT INTO gradas VALUES ('grada 3', 'espectaculo 236', 'pelicula', '2009-02-10', 'productora 236', '2022-09-01 18:00:00', 'Calle de las flores número 236 puerta C');
INSERT INTO espectaculos VALUES ('espectaculo 237', 'pelicula', '1999-01-18', 'productora 237', 'lista participantes 237', 7, '00:10:00', '00:42:00', '00:16:00');
INSERT INTO eventos VALUES ('espectaculo 237', 'pelicula', '1999-01-18', 'productora 237', '2022-09-01 18:00:00', 'Calle de las flores número 237 puerta C','Abierto');
INSERT INTO eventos VALUES ('espectaculo 237', 'pelicula', '1999-01-18', 'productora 237', '2020-09-01 03:00:00', 'Calle de las flores número 237 puerta C','Abierto');
INSERT INTO gradas VALUES ('grada 1', 'espectaculo 237', 'pelicula', '1999-01-18', 'productora 237', '2022-09-01 18:00:00', 'Calle de las flores número 237 puerta C');
INSERT INTO gradas VALUES ('grada 2', 'espectaculo 237', 'pelicula', '1999-01-18', 'productora 237', '2022-09-01 18:00:00', 'Calle de las flores número 237 puerta C');
INSERT INTO gradas VALUES ('grada 3', 'espectaculo 237', 'pelicula', '1999-01-18', 'productora 237', '2022-09-01 18:00:00', 'Calle de las flores número 237 puerta C');
INSERT INTO espectaculos VALUES ('espectaculo 238', 'pelicula', '2000-07-26', 'productora 238', 'lista participantes 238', 3, '00:12:00', '00:56:00', '00:26:00');
INSERT INTO eventos VALUES ('espectaculo 238', 'pelicula', '2000-07-26', 'productora 238', '2022-09-01 18:00:00', 'Calle de las flores número 238 puerta C','Abierto');
INSERT INTO eventos VALUES ('espectaculo 238', 'pelicula', '2000-07-26', 'productora 238', '2020-09-01 03:00:00', 'Calle de las flores número 238 puerta C','Abierto');
INSERT INTO gradas VALUES ('grada 1', 'espectaculo 238', 'pelicula', '2000-07-26', 'productora 238', '2022-09-01 18:00:00', 'Calle de las flores número 238 puerta C');
INSERT INTO gradas VALUES ('grada 2', 'espectaculo 238', 'pelicula', '2000-07-26', 'productora 238', '2022-09-01 18:00:00', 'Calle de las flores número 238 puerta C');
INSERT INTO gradas VALUES ('grada 3', 'espectaculo 238', 'pelicula', '2000-07-26', 'productora 238', '2022-09-01 18:00:00', 'Calle de las flores número 238 puerta C');
INSERT INTO espectaculos VALUES ('espectaculo 239', 'deportivo', '1988-05-05', 'productora 239', 'lista participantes 239', 2, '00:17:00', '00:57:00', '00:22:00');
INSERT INTO eventos VALUES ('espectaculo 239', 'deportivo', '1988-05-05', 'productora 239', '2022-09-01 18:00:00', 'Calle de las flores número 239 puerta C','Abierto');
INSERT INTO eventos VALUES ('espectaculo 239', 'deportivo', '1988-05-05', 'productora 239', '2020-09-01 03:00:00', 'Calle de las flores número 239 puerta C','Abierto');
INSERT INTO gradas VALUES ('grada 1', 'espectaculo 239', 'deportivo', '1988-05-05', 'productora 239', '2022-09-01 18:00:00', 'Calle de las flores número 239 puerta C');
INSERT INTO gradas VALUES ('grada 2', 'espectaculo 239', 'deportivo', '1988-05-05', 'productora 239', '2022-09-01 18:00:00', 'Calle de las flores número 239 puerta C');
INSERT INTO gradas VALUES ('grada 3', 'espectaculo 239', 'deportivo', '1988-05-05', 'productora 239', '2022-09-01 18:00:00', 'Calle de las flores número 239 puerta C');
INSERT INTO espectaculos VALUES ('espectaculo 240', 'deportivo', '1986-06-07', 'productora 240', 'lista participantes 240', 2, '00:14:00', '00:21:00', '00:28:00');
INSERT INTO eventos VALUES ('espectaculo 240', 'deportivo', '1986-06-07', 'productora 240', '2022-09-01 18:00:00', 'Calle de las flores número 240 puerta C','Abierto');
INSERT INTO eventos VALUES ('espectaculo 240', 'deportivo', '1986-06-07', 'productora 240', '2020-09-01 03:00:00', 'Calle de las flores número 240 puerta C','Abierto');
INSERT INTO gradas VALUES ('grada 1', 'espectaculo 240', 'deportivo', '1986-06-07', 'productora 240', '2022-09-01 18:00:00', 'Calle de las flores número 240 puerta C');
INSERT INTO gradas VALUES ('grada 2', 'espectaculo 240', 'deportivo', '1986-06-07', 'productora 240', '2022-09-01 18:00:00', 'Calle de las flores número 240 puerta C');
INSERT INTO gradas VALUES ('grada 3', 'espectaculo 240', 'deportivo', '1986-06-07', 'productora 240', '2022-09-01 18:00:00', 'Calle de las flores número 240 puerta C');
INSERT INTO espectaculos VALUES ('espectaculo 241', 'pelicula', '1997-10-14', 'productora 241', 'lista participantes 241', 3, '00:15:00', '00:32:00', '00:29:00');
INSERT INTO eventos VALUES ('espectaculo 241', 'pelicula', '1997-10-14', 'productora 241', '2022-09-01 18:00:00', 'Calle de las flores número 241 puerta C','Abierto');
INSERT INTO eventos VALUES ('espectaculo 241', 'pelicula', '1997-10-14', 'productora 241', '2020-09-01 03:00:00', 'Calle de las flores número 241 puerta C','Abierto');
INSERT INTO gradas VALUES ('grada 1', 'espectaculo 241', 'pelicula', '1997-10-14', 'productora 241', '2022-09-01 18:00:00', 'Calle de las flores número 241 puerta C');
INSERT INTO gradas VALUES ('grada 2', 'espectaculo 241', 'pelicula', '1997-10-14', 'productora 241', '2022-09-01 18:00:00', 'Calle de las flores número 241 puerta C');
INSERT INTO gradas VALUES ('grada 3', 'espectaculo 241', 'pelicula', '1997-10-14', 'productora 241', '2022-09-01 18:00:00', 'Calle de las flores número 241 puerta C');
INSERT INTO espectaculos VALUES ('espectaculo 242', 'teatro', '1993-07-09', 'productora 242', 'lista participantes 242', 8, '00:19:00', '00:57:00', '00:15:00');
INSERT INTO eventos VALUES ('espectaculo 242', 'teatro', '1993-07-09', 'productora 242', '2022-09-01 18:00:00', 'Calle de las flores número 242 puerta C','Abierto');
INSERT INTO eventos VALUES ('espectaculo 242', 'teatro', '1993-07-09', 'productora 242', '2020-09-01 03:00:00', 'Calle de las flores número 242 puerta C','Abierto');
INSERT INTO gradas VALUES ('grada 1', 'espectaculo 242', 'teatro', '1993-07-09', 'productora 242', '2022-09-01 18:00:00', 'Calle de las flores número 242 puerta C');
INSERT INTO gradas VALUES ('grada 2', 'espectaculo 242', 'teatro', '1993-07-09', 'productora 242', '2022-09-01 18:00:00', 'Calle de las flores número 242 puerta C');
INSERT INTO gradas VALUES ('grada 3', 'espectaculo 242', 'teatro', '1993-07-09', 'productora 242', '2022-09-01 18:00:00', 'Calle de las flores número 242 puerta C');
INSERT INTO espectaculos VALUES ('espectaculo 243', 'entrevista', '2011-07-17', 'productora 243', 'lista participantes 243', 2, '00:18:00', '00:15:00', '00:15:00');
INSERT INTO eventos VALUES ('espectaculo 243', 'entrevista', '2011-07-17', 'productora 243', '2022-09-01 18:00:00', 'Calle de las flores número 243 puerta C','Abierto');
INSERT INTO eventos VALUES ('espectaculo 243', 'entrevista', '2011-07-17', 'productora 243', '2020-09-01 03:00:00', 'Calle de las flores número 243 puerta C','Abierto');
INSERT INTO gradas VALUES ('grada 1', 'espectaculo 243', 'entrevista', '2011-07-17', 'productora 243', '2022-09-01 18:00:00', 'Calle de las flores número 243 puerta C');
INSERT INTO gradas VALUES ('grada 2', 'espectaculo 243', 'entrevista', '2011-07-17', 'productora 243', '2022-09-01 18:00:00', 'Calle de las flores número 243 puerta C');
INSERT INTO gradas VALUES ('grada 3', 'espectaculo 243', 'entrevista', '2011-07-17', 'productora 243', '2022-09-01 18:00:00', 'Calle de las flores número 243 puerta C');
INSERT INTO espectaculos VALUES ('espectaculo 244', 'pelicula', '1999-05-12', 'productora 244', 'lista participantes 244', 7, '00:12:00', '00:34:00', '00:29:00');
INSERT INTO eventos VALUES ('espectaculo 244', 'pelicula', '1999-05-12', 'productora 244', '2022-09-01 18:00:00', 'Calle de las flores número 244 puerta C','Abierto');
INSERT INTO eventos VALUES ('espectaculo 244', 'pelicula', '1999-05-12', 'productora 244', '2020-09-01 03:00:00', 'Calle de las flores número 244 puerta C','Abierto');
INSERT INTO gradas VALUES ('grada 1', 'espectaculo 244', 'pelicula', '1999-05-12', 'productora 244', '2022-09-01 18:00:00', 'Calle de las flores número 244 puerta C');
INSERT INTO gradas VALUES ('grada 2', 'espectaculo 244', 'pelicula', '1999-05-12', 'productora 244', '2022-09-01 18:00:00', 'Calle de las flores número 244 puerta C');
INSERT INTO gradas VALUES ('grada 3', 'espectaculo 244', 'pelicula', '1999-05-12', 'productora 244', '2022-09-01 18:00:00', 'Calle de las flores número 244 puerta C');
INSERT INTO espectaculos VALUES ('espectaculo 245', 'concierto', '1991-02-11', 'productora 245', 'lista participantes 245', 6, '00:12:00', '00:23:00', '00:23:00');
INSERT INTO eventos VALUES ('espectaculo 245', 'concierto', '1991-02-11', 'productora 245', '2022-09-01 18:00:00', 'Calle de las flores número 245 puerta C','Abierto');
INSERT INTO eventos VALUES ('espectaculo 245', 'concierto', '1991-02-11', 'productora 245', '2020-09-01 03:00:00', 'Calle de las flores número 245 puerta C','Abierto');
INSERT INTO gradas VALUES ('grada 1', 'espectaculo 245', 'concierto', '1991-02-11', 'productora 245', '2022-09-01 18:00:00', 'Calle de las flores número 245 puerta C');
INSERT INTO gradas VALUES ('grada 2', 'espectaculo 245', 'concierto', '1991-02-11', 'productora 245', '2022-09-01 18:00:00', 'Calle de las flores número 245 puerta C');
INSERT INTO gradas VALUES ('grada 3', 'espectaculo 245', 'concierto', '1991-02-11', 'productora 245', '2022-09-01 18:00:00', 'Calle de las flores número 245 puerta C');
INSERT INTO espectaculos VALUES ('espectaculo 246', 'concierto', '2000-01-27', 'productora 246', 'lista participantes 246', 4, '00:18:00', '00:54:00', '00:29:00');
INSERT INTO eventos VALUES ('espectaculo 246', 'concierto', '2000-01-27', 'productora 246', '2022-09-01 18:00:00', 'Calle de las flores número 246 puerta C','Abierto');
INSERT INTO eventos VALUES ('espectaculo 246', 'concierto', '2000-01-27', 'productora 246', '2020-09-01 03:00:00', 'Calle de las flores número 246 puerta C','Abierto');
INSERT INTO gradas VALUES ('grada 1', 'espectaculo 246', 'concierto', '2000-01-27', 'productora 246', '2022-09-01 18:00:00', 'Calle de las flores número 246 puerta C');
INSERT INTO gradas VALUES ('grada 2', 'espectaculo 246', 'concierto', '2000-01-27', 'productora 246', '2022-09-01 18:00:00', 'Calle de las flores número 246 puerta C');
INSERT INTO gradas VALUES ('grada 3', 'espectaculo 246', 'concierto', '2000-01-27', 'productora 246', '2022-09-01 18:00:00', 'Calle de las flores número 246 puerta C');
INSERT INTO espectaculos VALUES ('espectaculo 247', 'deportivo', '2007-01-19', 'productora 247', 'lista participantes 247', 5, '00:14:00', '00:18:00', '00:24:00');
INSERT INTO eventos VALUES ('espectaculo 247', 'deportivo', '2007-01-19', 'productora 247', '2022-09-01 18:00:00', 'Calle de las flores número 247 puerta C','Abierto');
INSERT INTO eventos VALUES ('espectaculo 247', 'deportivo', '2007-01-19', 'productora 247', '2020-09-01 03:00:00', 'Calle de las flores número 247 puerta C','Abierto');
INSERT INTO gradas VALUES ('grada 1', 'espectaculo 247', 'deportivo', '2007-01-19', 'productora 247', '2022-09-01 18:00:00', 'Calle de las flores número 247 puerta C');
INSERT INTO gradas VALUES ('grada 2', 'espectaculo 247', 'deportivo', '2007-01-19', 'productora 247', '2022-09-01 18:00:00', 'Calle de las flores número 247 puerta C');
INSERT INTO gradas VALUES ('grada 3', 'espectaculo 247', 'deportivo', '2007-01-19', 'productora 247', '2022-09-01 18:00:00', 'Calle de las flores número 247 puerta C');
INSERT INTO espectaculos VALUES ('espectaculo 248', 'deportivo', '1990-10-22', 'productora 248', 'lista participantes 248', 4, '00:15:00', '00:54:00', '00:22:00');
INSERT INTO eventos VALUES ('espectaculo 248', 'deportivo', '1990-10-22', 'productora 248', '2022-09-01 18:00:00', 'Calle de las flores número 248 puerta C','Abierto');
INSERT INTO eventos VALUES ('espectaculo 248', 'deportivo', '1990-10-22', 'productora 248', '2020-09-01 03:00:00', 'Calle de las flores número 248 puerta C','Abierto');
INSERT INTO gradas VALUES ('grada 1', 'espectaculo 248', 'deportivo', '1990-10-22', 'productora 248', '2022-09-01 18:00:00', 'Calle de las flores número 248 puerta C');
INSERT INTO gradas VALUES ('grada 2', 'espectaculo 248', 'deportivo', '1990-10-22', 'productora 248', '2022-09-01 18:00:00', 'Calle de las flores número 248 puerta C');
INSERT INTO gradas VALUES ('grada 3', 'espectaculo 248', 'deportivo', '1990-10-22', 'productora 248', '2022-09-01 18:00:00', 'Calle de las flores número 248 puerta C');
INSERT INTO espectaculos VALUES ('espectaculo 249', 'pelicula', '2002-02-14', 'productora 249', 'lista participantes 249', 2, '00:15:00', '00:40:00', '00:20:00');
INSERT INTO eventos VALUES ('espectaculo 249', 'pelicula', '2002-02-14', 'productora 249', '2022-09-01 18:00:00', 'Calle de las flores número 249 puerta C','Abierto');
INSERT INTO eventos VALUES ('espectaculo 249', 'pelicula', '2002-02-14', 'productora 249', '2020-09-01 03:00:00', 'Calle de las flores número 249 puerta C','Abierto');
INSERT INTO gradas VALUES ('grada 1', 'espectaculo 249', 'pelicula', '2002-02-14', 'productora 249', '2022-09-01 18:00:00', 'Calle de las flores número 249 puerta C');
INSERT INTO gradas VALUES ('grada 2', 'espectaculo 249', 'pelicula', '2002-02-14', 'productora 249', '2022-09-01 18:00:00', 'Calle de las flores número 249 puerta C');
INSERT INTO gradas VALUES ('grada 3', 'espectaculo 249', 'pelicula', '2002-02-14', 'productora 249', '2022-09-01 18:00:00', 'Calle de las flores número 249 puerta C');
INSERT INTO espectaculos VALUES ('espectaculo 250', 'deportivo', '1999-04-02', 'productora 250', 'lista participantes 250', 7, '00:12:00', '00:42:00', '00:19:00');
INSERT INTO eventos VALUES ('espectaculo 250', 'deportivo', '1999-04-02', 'productora 250', '2022-09-01 18:00:00', 'Calle de las flores número 250 puerta C','Abierto');
INSERT INTO eventos VALUES ('espectaculo 250', 'deportivo', '1999-04-02', 'productora 250', '2020-09-01 03:00:00', 'Calle de las flores número 250 puerta C','Abierto');
INSERT INTO gradas VALUES ('grada 1', 'espectaculo 250', 'deportivo', '1999-04-02', 'productora 250', '2022-09-01 18:00:00', 'Calle de las flores número 250 puerta C');
INSERT INTO gradas VALUES ('grada 2', 'espectaculo 250', 'deportivo', '1999-04-02', 'productora 250', '2022-09-01 18:00:00', 'Calle de las flores número 250 puerta C');
INSERT INTO gradas VALUES ('grada 3', 'espectaculo 250', 'deportivo', '1999-04-02', 'productora 250', '2022-09-01 18:00:00', 'Calle de las flores número 250 puerta C');
INSERT INTO espectaculos VALUES ('espectaculo 251', 'entrevista', '1989-01-26', 'productora 251', 'lista participantes 251', 8, '00:16:00', '00:31:00', '00:29:00');
INSERT INTO eventos VALUES ('espectaculo 251', 'entrevista', '1989-01-26', 'productora 251', '2022-09-01 18:00:00', 'Calle de las flores número 251 puerta C','Abierto');
INSERT INTO eventos VALUES ('espectaculo 251', 'entrevista', '1989-01-26', 'productora 251', '2020-09-01 03:00:00', 'Calle de las flores número 251 puerta C','Abierto');
INSERT INTO gradas VALUES ('grada 1', 'espectaculo 251', 'entrevista', '1989-01-26', 'productora 251', '2022-09-01 18:00:00', 'Calle de las flores número 251 puerta C');
INSERT INTO gradas VALUES ('grada 2', 'espectaculo 251', 'entrevista', '1989-01-26', 'productora 251', '2022-09-01 18:00:00', 'Calle de las flores número 251 puerta C');
INSERT INTO gradas VALUES ('grada 3', 'espectaculo 251', 'entrevista', '1989-01-26', 'productora 251', '2022-09-01 18:00:00', 'Calle de las flores número 251 puerta C');
INSERT INTO espectaculos VALUES ('espectaculo 252', 'teatro', '2005-04-16', 'productora 252', 'lista participantes 252', 5, '00:13:00', '00:50:00', '00:23:00');
INSERT INTO eventos VALUES ('espectaculo 252', 'teatro', '2005-04-16', 'productora 252', '2022-09-01 18:00:00', 'Calle de las flores número 252 puerta C','Abierto');
INSERT INTO eventos VALUES ('espectaculo 252', 'teatro', '2005-04-16', 'productora 252', '2020-09-01 03:00:00', 'Calle de las flores número 252 puerta C','Abierto');
INSERT INTO gradas VALUES ('grada 1', 'espectaculo 252', 'teatro', '2005-04-16', 'productora 252', '2022-09-01 18:00:00', 'Calle de las flores número 252 puerta C');
INSERT INTO gradas VALUES ('grada 2', 'espectaculo 252', 'teatro', '2005-04-16', 'productora 252', '2022-09-01 18:00:00', 'Calle de las flores número 252 puerta C');
INSERT INTO gradas VALUES ('grada 3', 'espectaculo 252', 'teatro', '2005-04-16', 'productora 252', '2022-09-01 18:00:00', 'Calle de las flores número 252 puerta C');
INSERT INTO espectaculos VALUES ('espectaculo 253', 'entrevista', '2001-08-01', 'productora 253', 'lista participantes 253', 3, '00:16:00', '00:15:00', '00:29:00');
INSERT INTO eventos VALUES ('espectaculo 253', 'entrevista', '2001-08-01', 'productora 253', '2022-09-01 18:00:00', 'Calle de las flores número 253 puerta C','Abierto');
INSERT INTO eventos VALUES ('espectaculo 253', 'entrevista', '2001-08-01', 'productora 253', '2020-09-01 03:00:00', 'Calle de las flores número 253 puerta C','Abierto');
INSERT INTO gradas VALUES ('grada 1', 'espectaculo 253', 'entrevista', '2001-08-01', 'productora 253', '2022-09-01 18:00:00', 'Calle de las flores número 253 puerta C');
INSERT INTO gradas VALUES ('grada 2', 'espectaculo 253', 'entrevista', '2001-08-01', 'productora 253', '2022-09-01 18:00:00', 'Calle de las flores número 253 puerta C');
INSERT INTO gradas VALUES ('grada 3', 'espectaculo 253', 'entrevista', '2001-08-01', 'productora 253', '2022-09-01 18:00:00', 'Calle de las flores número 253 puerta C');
INSERT INTO espectaculos VALUES ('espectaculo 254', 'concierto', '1994-09-15', 'productora 254', 'lista participantes 254', 7, '00:11:00', '00:42:00', '00:17:00');
INSERT INTO eventos VALUES ('espectaculo 254', 'concierto', '1994-09-15', 'productora 254', '2022-09-01 18:00:00', 'Calle de las flores número 254 puerta C','Abierto');
INSERT INTO eventos VALUES ('espectaculo 254', 'concierto', '1994-09-15', 'productora 254', '2020-09-01 03:00:00', 'Calle de las flores número 254 puerta C','Abierto');
INSERT INTO gradas VALUES ('grada 1', 'espectaculo 254', 'concierto', '1994-09-15', 'productora 254', '2022-09-01 18:00:00', 'Calle de las flores número 254 puerta C');
INSERT INTO gradas VALUES ('grada 2', 'espectaculo 254', 'concierto', '1994-09-15', 'productora 254', '2022-09-01 18:00:00', 'Calle de las flores número 254 puerta C');
INSERT INTO gradas VALUES ('grada 3', 'espectaculo 254', 'concierto', '1994-09-15', 'productora 254', '2022-09-01 18:00:00', 'Calle de las flores número 254 puerta C');
INSERT INTO espectaculos VALUES ('espectaculo 255', 'entrevista', '2001-08-26', 'productora 255', 'lista participantes 255', 7, '00:10:00', '00:15:00', '00:16:00');
INSERT INTO eventos VALUES ('espectaculo 255', 'entrevista', '2001-08-26', 'productora 255', '2022-09-01 18:00:00', 'Calle de las flores número 255 puerta C','Abierto');
INSERT INTO eventos VALUES ('espectaculo 255', 'entrevista', '2001-08-26', 'productora 255', '2020-09-01 03:00:00', 'Calle de las flores número 255 puerta C','Abierto');
INSERT INTO gradas VALUES ('grada 1', 'espectaculo 255', 'entrevista', '2001-08-26', 'productora 255', '2022-09-01 18:00:00', 'Calle de las flores número 255 puerta C');
INSERT INTO gradas VALUES ('grada 2', 'espectaculo 255', 'entrevista', '2001-08-26', 'productora 255', '2022-09-01 18:00:00', 'Calle de las flores número 255 puerta C');
INSERT INTO gradas VALUES ('grada 3', 'espectaculo 255', 'entrevista', '2001-08-26', 'productora 255', '2022-09-01 18:00:00', 'Calle de las flores número 255 puerta C');
INSERT INTO espectaculos VALUES ('espectaculo 256', 'entrevista', '2019-03-21', 'productora 256', 'lista participantes 256', 2, '00:10:00', '00:48:00', '00:25:00');
INSERT INTO eventos VALUES ('espectaculo 256', 'entrevista', '2019-03-21', 'productora 256', '2022-09-01 18:00:00', 'Calle de las flores número 256 puerta C','Abierto');
INSERT INTO eventos VALUES ('espectaculo 256', 'entrevista', '2019-03-21', 'productora 256', '2020-09-01 03:00:00', 'Calle de las flores número 256 puerta C','Abierto');
INSERT INTO gradas VALUES ('grada 1', 'espectaculo 256', 'entrevista', '2019-03-21', 'productora 256', '2022-09-01 18:00:00', 'Calle de las flores número 256 puerta C');
INSERT INTO gradas VALUES ('grada 2', 'espectaculo 256', 'entrevista', '2019-03-21', 'productora 256', '2022-09-01 18:00:00', 'Calle de las flores número 256 puerta C');
INSERT INTO gradas VALUES ('grada 3', 'espectaculo 256', 'entrevista', '2019-03-21', 'productora 256', '2022-09-01 18:00:00', 'Calle de las flores número 256 puerta C');
INSERT INTO espectaculos VALUES ('espectaculo 257', 'concierto', '2016-02-23', 'productora 257', 'lista participantes 257', 5, '00:10:00', '00:59:00', '00:24:00');
INSERT INTO eventos VALUES ('espectaculo 257', 'concierto', '2016-02-23', 'productora 257', '2022-09-01 18:00:00', 'Calle de las flores número 257 puerta C','Abierto');
INSERT INTO eventos VALUES ('espectaculo 257', 'concierto', '2016-02-23', 'productora 257', '2020-09-01 03:00:00', 'Calle de las flores número 257 puerta C','Abierto');
INSERT INTO gradas VALUES ('grada 1', 'espectaculo 257', 'concierto', '2016-02-23', 'productora 257', '2022-09-01 18:00:00', 'Calle de las flores número 257 puerta C');
INSERT INTO gradas VALUES ('grada 2', 'espectaculo 257', 'concierto', '2016-02-23', 'productora 257', '2022-09-01 18:00:00', 'Calle de las flores número 257 puerta C');
INSERT INTO gradas VALUES ('grada 3', 'espectaculo 257', 'concierto', '2016-02-23', 'productora 257', '2022-09-01 18:00:00', 'Calle de las flores número 257 puerta C');
INSERT INTO espectaculos VALUES ('espectaculo 258', 'pelicula', '1996-09-22', 'productora 258', 'lista participantes 258', 9, '00:13:00', '00:26:00', '00:17:00');
INSERT INTO eventos VALUES ('espectaculo 258', 'pelicula', '1996-09-22', 'productora 258', '2022-09-01 18:00:00', 'Calle de las flores número 258 puerta C','Abierto');
INSERT INTO eventos VALUES ('espectaculo 258', 'pelicula', '1996-09-22', 'productora 258', '2020-09-01 03:00:00', 'Calle de las flores número 258 puerta C','Abierto');
INSERT INTO gradas VALUES ('grada 1', 'espectaculo 258', 'pelicula', '1996-09-22', 'productora 258', '2022-09-01 18:00:00', 'Calle de las flores número 258 puerta C');
INSERT INTO gradas VALUES ('grada 2', 'espectaculo 258', 'pelicula', '1996-09-22', 'productora 258', '2022-09-01 18:00:00', 'Calle de las flores número 258 puerta C');
INSERT INTO gradas VALUES ('grada 3', 'espectaculo 258', 'pelicula', '1996-09-22', 'productora 258', '2022-09-01 18:00:00', 'Calle de las flores número 258 puerta C');
INSERT INTO espectaculos VALUES ('espectaculo 259', 'entrevista', '1990-03-18', 'productora 259', 'lista participantes 259', 9, '00:18:00', '00:29:00', '00:19:00');
INSERT INTO eventos VALUES ('espectaculo 259', 'entrevista', '1990-03-18', 'productora 259', '2022-09-01 18:00:00', 'Calle de las flores número 259 puerta C','Abierto');
INSERT INTO eventos VALUES ('espectaculo 259', 'entrevista', '1990-03-18', 'productora 259', '2020-09-01 03:00:00', 'Calle de las flores número 259 puerta C','Abierto');
INSERT INTO gradas VALUES ('grada 1', 'espectaculo 259', 'entrevista', '1990-03-18', 'productora 259', '2022-09-01 18:00:00', 'Calle de las flores número 259 puerta C');
INSERT INTO gradas VALUES ('grada 2', 'espectaculo 259', 'entrevista', '1990-03-18', 'productora 259', '2022-09-01 18:00:00', 'Calle de las flores número 259 puerta C');
INSERT INTO gradas VALUES ('grada 3', 'espectaculo 259', 'entrevista', '1990-03-18', 'productora 259', '2022-09-01 18:00:00', 'Calle de las flores número 259 puerta C');
INSERT INTO espectaculos VALUES ('espectaculo 260', 'entrevista', '2020-11-14', 'productora 260', 'lista participantes 260', 3, '00:13:00', '00:31:00', '00:25:00');
INSERT INTO eventos VALUES ('espectaculo 260', 'entrevista', '2020-11-14', 'productora 260', '2022-09-01 18:00:00', 'Calle de las flores número 260 puerta C','Abierto');
INSERT INTO eventos VALUES ('espectaculo 260', 'entrevista', '2020-11-14', 'productora 260', '2020-09-01 03:00:00', 'Calle de las flores número 260 puerta C','Abierto');
INSERT INTO gradas VALUES ('grada 1', 'espectaculo 260', 'entrevista', '2020-11-14', 'productora 260', '2022-09-01 18:00:00', 'Calle de las flores número 260 puerta C');
INSERT INTO gradas VALUES ('grada 2', 'espectaculo 260', 'entrevista', '2020-11-14', 'productora 260', '2022-09-01 18:00:00', 'Calle de las flores número 260 puerta C');
INSERT INTO gradas VALUES ('grada 3', 'espectaculo 260', 'entrevista', '2020-11-14', 'productora 260', '2022-09-01 18:00:00', 'Calle de las flores número 260 puerta C');
INSERT INTO espectaculos VALUES ('espectaculo 261', 'entrevista', '2011-08-25', 'productora 261', 'lista participantes 261', 5, '00:18:00', '00:28:00', '00:16:00');
INSERT INTO eventos VALUES ('espectaculo 261', 'entrevista', '2011-08-25', 'productora 261', '2022-09-01 18:00:00', 'Calle de las flores número 261 puerta C','Abierto');
INSERT INTO eventos VALUES ('espectaculo 261', 'entrevista', '2011-08-25', 'productora 261', '2020-09-01 03:00:00', 'Calle de las flores número 261 puerta C','Abierto');
INSERT INTO gradas VALUES ('grada 1', 'espectaculo 261', 'entrevista', '2011-08-25', 'productora 261', '2022-09-01 18:00:00', 'Calle de las flores número 261 puerta C');
INSERT INTO gradas VALUES ('grada 2', 'espectaculo 261', 'entrevista', '2011-08-25', 'productora 261', '2022-09-01 18:00:00', 'Calle de las flores número 261 puerta C');
INSERT INTO gradas VALUES ('grada 3', 'espectaculo 261', 'entrevista', '2011-08-25', 'productora 261', '2022-09-01 18:00:00', 'Calle de las flores número 261 puerta C');
INSERT INTO espectaculos VALUES ('espectaculo 262', 'concierto', '1990-02-11', 'productora 262', 'lista participantes 262', 6, '00:19:00', '00:44:00', '00:16:00');
INSERT INTO eventos VALUES ('espectaculo 262', 'concierto', '1990-02-11', 'productora 262', '2022-09-01 18:00:00', 'Calle de las flores número 262 puerta C','Abierto');
INSERT INTO eventos VALUES ('espectaculo 262', 'concierto', '1990-02-11', 'productora 262', '2020-09-01 03:00:00', 'Calle de las flores número 262 puerta C','Abierto');
INSERT INTO gradas VALUES ('grada 1', 'espectaculo 262', 'concierto', '1990-02-11', 'productora 262', '2022-09-01 18:00:00', 'Calle de las flores número 262 puerta C');
INSERT INTO gradas VALUES ('grada 2', 'espectaculo 262', 'concierto', '1990-02-11', 'productora 262', '2022-09-01 18:00:00', 'Calle de las flores número 262 puerta C');
INSERT INTO gradas VALUES ('grada 3', 'espectaculo 262', 'concierto', '1990-02-11', 'productora 262', '2022-09-01 18:00:00', 'Calle de las flores número 262 puerta C');
INSERT INTO espectaculos VALUES ('espectaculo 263', 'concierto', '1998-08-12', 'productora 263', 'lista participantes 263', 1, '00:19:00', '00:58:00', '00:24:00');
INSERT INTO eventos VALUES ('espectaculo 263', 'concierto', '1998-08-12', 'productora 263', '2022-09-01 18:00:00', 'Calle de las flores número 263 puerta C','Abierto');
INSERT INTO eventos VALUES ('espectaculo 263', 'concierto', '1998-08-12', 'productora 263', '2020-09-01 03:00:00', 'Calle de las flores número 263 puerta C','Abierto');
INSERT INTO gradas VALUES ('grada 1', 'espectaculo 263', 'concierto', '1998-08-12', 'productora 263', '2022-09-01 18:00:00', 'Calle de las flores número 263 puerta C');
INSERT INTO gradas VALUES ('grada 2', 'espectaculo 263', 'concierto', '1998-08-12', 'productora 263', '2022-09-01 18:00:00', 'Calle de las flores número 263 puerta C');
INSERT INTO gradas VALUES ('grada 3', 'espectaculo 263', 'concierto', '1998-08-12', 'productora 263', '2022-09-01 18:00:00', 'Calle de las flores número 263 puerta C');
INSERT INTO espectaculos VALUES ('espectaculo 264', 'entrevista', '1985-08-15', 'productora 264', 'lista participantes 264', 9, '00:10:00', '00:17:00', '00:15:00');
INSERT INTO eventos VALUES ('espectaculo 264', 'entrevista', '1985-08-15', 'productora 264', '2022-09-01 18:00:00', 'Calle de las flores número 264 puerta C','Abierto');
INSERT INTO eventos VALUES ('espectaculo 264', 'entrevista', '1985-08-15', 'productora 264', '2020-09-01 03:00:00', 'Calle de las flores número 264 puerta C','Abierto');
INSERT INTO gradas VALUES ('grada 1', 'espectaculo 264', 'entrevista', '1985-08-15', 'productora 264', '2022-09-01 18:00:00', 'Calle de las flores número 264 puerta C');
INSERT INTO gradas VALUES ('grada 2', 'espectaculo 264', 'entrevista', '1985-08-15', 'productora 264', '2022-09-01 18:00:00', 'Calle de las flores número 264 puerta C');
INSERT INTO gradas VALUES ('grada 3', 'espectaculo 264', 'entrevista', '1985-08-15', 'productora 264', '2022-09-01 18:00:00', 'Calle de las flores número 264 puerta C');
INSERT INTO espectaculos VALUES ('espectaculo 265', 'teatro', '2002-10-25', 'productora 265', 'lista participantes 265', 2, '00:12:00', '00:40:00', '00:29:00');
INSERT INTO eventos VALUES ('espectaculo 265', 'teatro', '2002-10-25', 'productora 265', '2022-09-01 18:00:00', 'Calle de las flores número 265 puerta C','Abierto');
INSERT INTO eventos VALUES ('espectaculo 265', 'teatro', '2002-10-25', 'productora 265', '2020-09-01 03:00:00', 'Calle de las flores número 265 puerta C','Abierto');
INSERT INTO gradas VALUES ('grada 1', 'espectaculo 265', 'teatro', '2002-10-25', 'productora 265', '2022-09-01 18:00:00', 'Calle de las flores número 265 puerta C');
INSERT INTO gradas VALUES ('grada 2', 'espectaculo 265', 'teatro', '2002-10-25', 'productora 265', '2022-09-01 18:00:00', 'Calle de las flores número 265 puerta C');
INSERT INTO gradas VALUES ('grada 3', 'espectaculo 265', 'teatro', '2002-10-25', 'productora 265', '2022-09-01 18:00:00', 'Calle de las flores número 265 puerta C');
INSERT INTO espectaculos VALUES ('espectaculo 266', 'deportivo', '1998-08-16', 'productora 266', 'lista participantes 266', 8, '00:13:00', '00:16:00', '00:16:00');
INSERT INTO eventos VALUES ('espectaculo 266', 'deportivo', '1998-08-16', 'productora 266', '2022-09-01 18:00:00', 'Calle de las flores número 266 puerta C','Abierto');
INSERT INTO eventos VALUES ('espectaculo 266', 'deportivo', '1998-08-16', 'productora 266', '2020-09-01 03:00:00', 'Calle de las flores número 266 puerta C','Abierto');
INSERT INTO gradas VALUES ('grada 1', 'espectaculo 266', 'deportivo', '1998-08-16', 'productora 266', '2022-09-01 18:00:00', 'Calle de las flores número 266 puerta C');
INSERT INTO gradas VALUES ('grada 2', 'espectaculo 266', 'deportivo', '1998-08-16', 'productora 266', '2022-09-01 18:00:00', 'Calle de las flores número 266 puerta C');
INSERT INTO gradas VALUES ('grada 3', 'espectaculo 266', 'deportivo', '1998-08-16', 'productora 266', '2022-09-01 18:00:00', 'Calle de las flores número 266 puerta C');
INSERT INTO espectaculos VALUES ('espectaculo 267', 'pelicula', '1996-07-27', 'productora 267', 'lista participantes 267', 8, '00:19:00', '00:54:00', '00:16:00');
INSERT INTO eventos VALUES ('espectaculo 267', 'pelicula', '1996-07-27', 'productora 267', '2022-09-01 18:00:00', 'Calle de las flores número 267 puerta C','Abierto');
INSERT INTO eventos VALUES ('espectaculo 267', 'pelicula', '1996-07-27', 'productora 267', '2020-09-01 03:00:00', 'Calle de las flores número 267 puerta C','Abierto');
INSERT INTO gradas VALUES ('grada 1', 'espectaculo 267', 'pelicula', '1996-07-27', 'productora 267', '2022-09-01 18:00:00', 'Calle de las flores número 267 puerta C');
INSERT INTO gradas VALUES ('grada 2', 'espectaculo 267', 'pelicula', '1996-07-27', 'productora 267', '2022-09-01 18:00:00', 'Calle de las flores número 267 puerta C');
INSERT INTO gradas VALUES ('grada 3', 'espectaculo 267', 'pelicula', '1996-07-27', 'productora 267', '2022-09-01 18:00:00', 'Calle de las flores número 267 puerta C');
INSERT INTO espectaculos VALUES ('espectaculo 268', 'deportivo', '2010-02-01', 'productora 268', 'lista participantes 268', 3, '00:12:00', '00:18:00', '00:27:00');
INSERT INTO eventos VALUES ('espectaculo 268', 'deportivo', '2010-02-01', 'productora 268', '2022-09-01 18:00:00', 'Calle de las flores número 268 puerta C','Abierto');
INSERT INTO eventos VALUES ('espectaculo 268', 'deportivo', '2010-02-01', 'productora 268', '2020-09-01 03:00:00', 'Calle de las flores número 268 puerta C','Abierto');
INSERT INTO gradas VALUES ('grada 1', 'espectaculo 268', 'deportivo', '2010-02-01', 'productora 268', '2022-09-01 18:00:00', 'Calle de las flores número 268 puerta C');
INSERT INTO gradas VALUES ('grada 2', 'espectaculo 268', 'deportivo', '2010-02-01', 'productora 268', '2022-09-01 18:00:00', 'Calle de las flores número 268 puerta C');
INSERT INTO gradas VALUES ('grada 3', 'espectaculo 268', 'deportivo', '2010-02-01', 'productora 268', '2022-09-01 18:00:00', 'Calle de las flores número 268 puerta C');
INSERT INTO espectaculos VALUES ('espectaculo 269', 'deportivo', '1990-11-14', 'productora 269', 'lista participantes 269', 7, '00:17:00', '00:33:00', '00:24:00');
INSERT INTO eventos VALUES ('espectaculo 269', 'deportivo', '1990-11-14', 'productora 269', '2022-09-01 18:00:00', 'Calle de las flores número 269 puerta C','Abierto');
INSERT INTO eventos VALUES ('espectaculo 269', 'deportivo', '1990-11-14', 'productora 269', '2020-09-01 03:00:00', 'Calle de las flores número 269 puerta C','Abierto');
INSERT INTO gradas VALUES ('grada 1', 'espectaculo 269', 'deportivo', '1990-11-14', 'productora 269', '2022-09-01 18:00:00', 'Calle de las flores número 269 puerta C');
INSERT INTO gradas VALUES ('grada 2', 'espectaculo 269', 'deportivo', '1990-11-14', 'productora 269', '2022-09-01 18:00:00', 'Calle de las flores número 269 puerta C');
INSERT INTO gradas VALUES ('grada 3', 'espectaculo 269', 'deportivo', '1990-11-14', 'productora 269', '2022-09-01 18:00:00', 'Calle de las flores número 269 puerta C');
INSERT INTO espectaculos VALUES ('espectaculo 270', 'pelicula', '2006-05-25', 'productora 270', 'lista participantes 270', 5, '00:18:00', '00:40:00', '00:16:00');
INSERT INTO eventos VALUES ('espectaculo 270', 'pelicula', '2006-05-25', 'productora 270', '2022-09-01 18:00:00', 'Calle de las flores número 270 puerta C','Abierto');
INSERT INTO eventos VALUES ('espectaculo 270', 'pelicula', '2006-05-25', 'productora 270', '2020-09-01 03:00:00', 'Calle de las flores número 270 puerta C','Abierto');
INSERT INTO gradas VALUES ('grada 1', 'espectaculo 270', 'pelicula', '2006-05-25', 'productora 270', '2022-09-01 18:00:00', 'Calle de las flores número 270 puerta C');
INSERT INTO gradas VALUES ('grada 2', 'espectaculo 270', 'pelicula', '2006-05-25', 'productora 270', '2022-09-01 18:00:00', 'Calle de las flores número 270 puerta C');
INSERT INTO gradas VALUES ('grada 3', 'espectaculo 270', 'pelicula', '2006-05-25', 'productora 270', '2022-09-01 18:00:00', 'Calle de las flores número 270 puerta C');
INSERT INTO espectaculos VALUES ('espectaculo 271', 'pelicula', '2008-07-11', 'productora 271', 'lista participantes 271', 5, '00:15:00', '00:21:00', '00:21:00');
INSERT INTO eventos VALUES ('espectaculo 271', 'pelicula', '2008-07-11', 'productora 271', '2022-09-01 18:00:00', 'Calle de las flores número 271 puerta C','Abierto');
INSERT INTO eventos VALUES ('espectaculo 271', 'pelicula', '2008-07-11', 'productora 271', '2020-09-01 03:00:00', 'Calle de las flores número 271 puerta C','Abierto');
INSERT INTO gradas VALUES ('grada 1', 'espectaculo 271', 'pelicula', '2008-07-11', 'productora 271', '2022-09-01 18:00:00', 'Calle de las flores número 271 puerta C');
INSERT INTO gradas VALUES ('grada 2', 'espectaculo 271', 'pelicula', '2008-07-11', 'productora 271', '2022-09-01 18:00:00', 'Calle de las flores número 271 puerta C');
INSERT INTO gradas VALUES ('grada 3', 'espectaculo 271', 'pelicula', '2008-07-11', 'productora 271', '2022-09-01 18:00:00', 'Calle de las flores número 271 puerta C');
INSERT INTO espectaculos VALUES ('espectaculo 272', 'deportivo', '2015-05-07', 'productora 272', 'lista participantes 272', 2, '00:10:00', '00:38:00', '00:28:00');
INSERT INTO eventos VALUES ('espectaculo 272', 'deportivo', '2015-05-07', 'productora 272', '2022-09-01 18:00:00', 'Calle de las flores número 272 puerta C','Abierto');
INSERT INTO eventos VALUES ('espectaculo 272', 'deportivo', '2015-05-07', 'productora 272', '2020-09-01 03:00:00', 'Calle de las flores número 272 puerta C','Abierto');
INSERT INTO gradas VALUES ('grada 1', 'espectaculo 272', 'deportivo', '2015-05-07', 'productora 272', '2022-09-01 18:00:00', 'Calle de las flores número 272 puerta C');
INSERT INTO gradas VALUES ('grada 2', 'espectaculo 272', 'deportivo', '2015-05-07', 'productora 272', '2022-09-01 18:00:00', 'Calle de las flores número 272 puerta C');
INSERT INTO gradas VALUES ('grada 3', 'espectaculo 272', 'deportivo', '2015-05-07', 'productora 272', '2022-09-01 18:00:00', 'Calle de las flores número 272 puerta C');
INSERT INTO espectaculos VALUES ('espectaculo 273', 'deportivo', '1995-04-14', 'productora 273', 'lista participantes 273', 7, '00:17:00', '00:28:00', '00:29:00');
INSERT INTO eventos VALUES ('espectaculo 273', 'deportivo', '1995-04-14', 'productora 273', '2022-09-01 18:00:00', 'Calle de las flores número 273 puerta C','Abierto');
INSERT INTO eventos VALUES ('espectaculo 273', 'deportivo', '1995-04-14', 'productora 273', '2020-09-01 03:00:00', 'Calle de las flores número 273 puerta C','Abierto');
INSERT INTO gradas VALUES ('grada 1', 'espectaculo 273', 'deportivo', '1995-04-14', 'productora 273', '2022-09-01 18:00:00', 'Calle de las flores número 273 puerta C');
INSERT INTO gradas VALUES ('grada 2', 'espectaculo 273', 'deportivo', '1995-04-14', 'productora 273', '2022-09-01 18:00:00', 'Calle de las flores número 273 puerta C');
INSERT INTO gradas VALUES ('grada 3', 'espectaculo 273', 'deportivo', '1995-04-14', 'productora 273', '2022-09-01 18:00:00', 'Calle de las flores número 273 puerta C');
INSERT INTO espectaculos VALUES ('espectaculo 274', 'pelicula', '1999-11-09', 'productora 274', 'lista participantes 274', 2, '00:14:00', '00:37:00', '00:20:00');
INSERT INTO eventos VALUES ('espectaculo 274', 'pelicula', '1999-11-09', 'productora 274', '2022-09-01 18:00:00', 'Calle de las flores número 274 puerta C','Abierto');
INSERT INTO eventos VALUES ('espectaculo 274', 'pelicula', '1999-11-09', 'productora 274', '2020-09-01 03:00:00', 'Calle de las flores número 274 puerta C','Abierto');
INSERT INTO gradas VALUES ('grada 1', 'espectaculo 274', 'pelicula', '1999-11-09', 'productora 274', '2022-09-01 18:00:00', 'Calle de las flores número 274 puerta C');
INSERT INTO gradas VALUES ('grada 2', 'espectaculo 274', 'pelicula', '1999-11-09', 'productora 274', '2022-09-01 18:00:00', 'Calle de las flores número 274 puerta C');
INSERT INTO gradas VALUES ('grada 3', 'espectaculo 274', 'pelicula', '1999-11-09', 'productora 274', '2022-09-01 18:00:00', 'Calle de las flores número 274 puerta C');
INSERT INTO espectaculos VALUES ('espectaculo 275', 'teatro', '2015-05-18', 'productora 275', 'lista participantes 275', 2, '00:15:00', '00:24:00', '00:21:00');
INSERT INTO eventos VALUES ('espectaculo 275', 'teatro', '2015-05-18', 'productora 275', '2022-09-01 18:00:00', 'Calle de las flores número 275 puerta C','Abierto');
INSERT INTO eventos VALUES ('espectaculo 275', 'teatro', '2015-05-18', 'productora 275', '2020-09-01 03:00:00', 'Calle de las flores número 275 puerta C','Abierto');
INSERT INTO gradas VALUES ('grada 1', 'espectaculo 275', 'teatro', '2015-05-18', 'productora 275', '2022-09-01 18:00:00', 'Calle de las flores número 275 puerta C');
INSERT INTO gradas VALUES ('grada 2', 'espectaculo 275', 'teatro', '2015-05-18', 'productora 275', '2022-09-01 18:00:00', 'Calle de las flores número 275 puerta C');
INSERT INTO gradas VALUES ('grada 3', 'espectaculo 275', 'teatro', '2015-05-18', 'productora 275', '2022-09-01 18:00:00', 'Calle de las flores número 275 puerta C');
INSERT INTO espectaculos VALUES ('espectaculo 276', 'entrevista', '2018-02-04', 'productora 276', 'lista participantes 276', 5, '00:14:00', '00:57:00', '00:18:00');
INSERT INTO eventos VALUES ('espectaculo 276', 'entrevista', '2018-02-04', 'productora 276', '2022-09-01 18:00:00', 'Calle de las flores número 276 puerta C','Abierto');
INSERT INTO eventos VALUES ('espectaculo 276', 'entrevista', '2018-02-04', 'productora 276', '2020-09-01 03:00:00', 'Calle de las flores número 276 puerta C','Abierto');
INSERT INTO gradas VALUES ('grada 1', 'espectaculo 276', 'entrevista', '2018-02-04', 'productora 276', '2022-09-01 18:00:00', 'Calle de las flores número 276 puerta C');
INSERT INTO gradas VALUES ('grada 2', 'espectaculo 276', 'entrevista', '2018-02-04', 'productora 276', '2022-09-01 18:00:00', 'Calle de las flores número 276 puerta C');
INSERT INTO gradas VALUES ('grada 3', 'espectaculo 276', 'entrevista', '2018-02-04', 'productora 276', '2022-09-01 18:00:00', 'Calle de las flores número 276 puerta C');
INSERT INTO espectaculos VALUES ('espectaculo 277', 'deportivo', '2016-07-23', 'productora 277', 'lista participantes 277', 7, '00:14:00', '00:51:00', '00:22:00');
INSERT INTO eventos VALUES ('espectaculo 277', 'deportivo', '2016-07-23', 'productora 277', '2022-09-01 18:00:00', 'Calle de las flores número 277 puerta C','Abierto');
INSERT INTO eventos VALUES ('espectaculo 277', 'deportivo', '2016-07-23', 'productora 277', '2020-09-01 03:00:00', 'Calle de las flores número 277 puerta C','Abierto');
INSERT INTO gradas VALUES ('grada 1', 'espectaculo 277', 'deportivo', '2016-07-23', 'productora 277', '2022-09-01 18:00:00', 'Calle de las flores número 277 puerta C');
INSERT INTO gradas VALUES ('grada 2', 'espectaculo 277', 'deportivo', '2016-07-23', 'productora 277', '2022-09-01 18:00:00', 'Calle de las flores número 277 puerta C');
INSERT INTO gradas VALUES ('grada 3', 'espectaculo 277', 'deportivo', '2016-07-23', 'productora 277', '2022-09-01 18:00:00', 'Calle de las flores número 277 puerta C');
INSERT INTO espectaculos VALUES ('espectaculo 278', 'pelicula', '1989-04-14', 'productora 278', 'lista participantes 278', 8, '00:10:00', '00:45:00', '00:29:00');
INSERT INTO eventos VALUES ('espectaculo 278', 'pelicula', '1989-04-14', 'productora 278', '2022-09-01 18:00:00', 'Calle de las flores número 278 puerta C','Abierto');
INSERT INTO eventos VALUES ('espectaculo 278', 'pelicula', '1989-04-14', 'productora 278', '2020-09-01 03:00:00', 'Calle de las flores número 278 puerta C','Abierto');
INSERT INTO gradas VALUES ('grada 1', 'espectaculo 278', 'pelicula', '1989-04-14', 'productora 278', '2022-09-01 18:00:00', 'Calle de las flores número 278 puerta C');
INSERT INTO gradas VALUES ('grada 2', 'espectaculo 278', 'pelicula', '1989-04-14', 'productora 278', '2022-09-01 18:00:00', 'Calle de las flores número 278 puerta C');
INSERT INTO gradas VALUES ('grada 3', 'espectaculo 278', 'pelicula', '1989-04-14', 'productora 278', '2022-09-01 18:00:00', 'Calle de las flores número 278 puerta C');
INSERT INTO espectaculos VALUES ('espectaculo 279', 'deportivo', '2017-03-08', 'productora 279', 'lista participantes 279', 9, '00:11:00', '00:36:00', '00:17:00');
INSERT INTO eventos VALUES ('espectaculo 279', 'deportivo', '2017-03-08', 'productora 279', '2022-09-01 18:00:00', 'Calle de las flores número 279 puerta C','Abierto');
INSERT INTO eventos VALUES ('espectaculo 279', 'deportivo', '2017-03-08', 'productora 279', '2020-09-01 03:00:00', 'Calle de las flores número 279 puerta C','Abierto');
INSERT INTO gradas VALUES ('grada 1', 'espectaculo 279', 'deportivo', '2017-03-08', 'productora 279', '2022-09-01 18:00:00', 'Calle de las flores número 279 puerta C');
INSERT INTO gradas VALUES ('grada 2', 'espectaculo 279', 'deportivo', '2017-03-08', 'productora 279', '2022-09-01 18:00:00', 'Calle de las flores número 279 puerta C');
INSERT INTO gradas VALUES ('grada 3', 'espectaculo 279', 'deportivo', '2017-03-08', 'productora 279', '2022-09-01 18:00:00', 'Calle de las flores número 279 puerta C');
INSERT INTO espectaculos VALUES ('espectaculo 280', 'entrevista', '1995-10-13', 'productora 280', 'lista participantes 280', 4, '00:11:00', '00:32:00', '00:23:00');
INSERT INTO eventos VALUES ('espectaculo 280', 'entrevista', '1995-10-13', 'productora 280', '2022-09-01 18:00:00', 'Calle de las flores número 280 puerta C','Abierto');
INSERT INTO eventos VALUES ('espectaculo 280', 'entrevista', '1995-10-13', 'productora 280', '2020-09-01 03:00:00', 'Calle de las flores número 280 puerta C','Abierto');
INSERT INTO gradas VALUES ('grada 1', 'espectaculo 280', 'entrevista', '1995-10-13', 'productora 280', '2022-09-01 18:00:00', 'Calle de las flores número 280 puerta C');
INSERT INTO gradas VALUES ('grada 2', 'espectaculo 280', 'entrevista', '1995-10-13', 'productora 280', '2022-09-01 18:00:00', 'Calle de las flores número 280 puerta C');
INSERT INTO gradas VALUES ('grada 3', 'espectaculo 280', 'entrevista', '1995-10-13', 'productora 280', '2022-09-01 18:00:00', 'Calle de las flores número 280 puerta C');
INSERT INTO espectaculos VALUES ('espectaculo 281', 'teatro', '1998-05-15', 'productora 281', 'lista participantes 281', 5, '00:14:00', '00:48:00', '00:27:00');
INSERT INTO eventos VALUES ('espectaculo 281', 'teatro', '1998-05-15', 'productora 281', '2022-09-01 18:00:00', 'Calle de las flores número 281 puerta C','Abierto');
INSERT INTO eventos VALUES ('espectaculo 281', 'teatro', '1998-05-15', 'productora 281', '2020-09-01 03:00:00', 'Calle de las flores número 281 puerta C','Abierto');
INSERT INTO gradas VALUES ('grada 1', 'espectaculo 281', 'teatro', '1998-05-15', 'productora 281', '2022-09-01 18:00:00', 'Calle de las flores número 281 puerta C');
INSERT INTO gradas VALUES ('grada 2', 'espectaculo 281', 'teatro', '1998-05-15', 'productora 281', '2022-09-01 18:00:00', 'Calle de las flores número 281 puerta C');
INSERT INTO gradas VALUES ('grada 3', 'espectaculo 281', 'teatro', '1998-05-15', 'productora 281', '2022-09-01 18:00:00', 'Calle de las flores número 281 puerta C');
INSERT INTO espectaculos VALUES ('espectaculo 282', 'entrevista', '2010-10-10', 'productora 282', 'lista participantes 282', 1, '00:13:00', '00:52:00', '00:16:00');
INSERT INTO eventos VALUES ('espectaculo 282', 'entrevista', '2010-10-10', 'productora 282', '2022-09-01 18:00:00', 'Calle de las flores número 282 puerta C','Abierto');
INSERT INTO eventos VALUES ('espectaculo 282', 'entrevista', '2010-10-10', 'productora 282', '2020-09-01 03:00:00', 'Calle de las flores número 282 puerta C','Abierto');
INSERT INTO gradas VALUES ('grada 1', 'espectaculo 282', 'entrevista', '2010-10-10', 'productora 282', '2022-09-01 18:00:00', 'Calle de las flores número 282 puerta C');
INSERT INTO gradas VALUES ('grada 2', 'espectaculo 282', 'entrevista', '2010-10-10', 'productora 282', '2022-09-01 18:00:00', 'Calle de las flores número 282 puerta C');
INSERT INTO gradas VALUES ('grada 3', 'espectaculo 282', 'entrevista', '2010-10-10', 'productora 282', '2022-09-01 18:00:00', 'Calle de las flores número 282 puerta C');
INSERT INTO espectaculos VALUES ('espectaculo 283', 'pelicula', '1996-03-25', 'productora 283', 'lista participantes 283', 9, '00:10:00', '00:26:00', '00:29:00');
INSERT INTO eventos VALUES ('espectaculo 283', 'pelicula', '1996-03-25', 'productora 283', '2022-09-01 18:00:00', 'Calle de las flores número 283 puerta C','Abierto');
INSERT INTO eventos VALUES ('espectaculo 283', 'pelicula', '1996-03-25', 'productora 283', '2020-09-01 03:00:00', 'Calle de las flores número 283 puerta C','Abierto');
INSERT INTO gradas VALUES ('grada 1', 'espectaculo 283', 'pelicula', '1996-03-25', 'productora 283', '2022-09-01 18:00:00', 'Calle de las flores número 283 puerta C');
INSERT INTO gradas VALUES ('grada 2', 'espectaculo 283', 'pelicula', '1996-03-25', 'productora 283', '2022-09-01 18:00:00', 'Calle de las flores número 283 puerta C');
INSERT INTO gradas VALUES ('grada 3', 'espectaculo 283', 'pelicula', '1996-03-25', 'productora 283', '2022-09-01 18:00:00', 'Calle de las flores número 283 puerta C');
INSERT INTO espectaculos VALUES ('espectaculo 284', 'teatro', '2002-10-01', 'productora 284', 'lista participantes 284', 2, '00:15:00', '00:39:00', '00:23:00');
INSERT INTO eventos VALUES ('espectaculo 284', 'teatro', '2002-10-01', 'productora 284', '2022-09-01 18:00:00', 'Calle de las flores número 284 puerta C','Abierto');
INSERT INTO eventos VALUES ('espectaculo 284', 'teatro', '2002-10-01', 'productora 284', '2020-09-01 03:00:00', 'Calle de las flores número 284 puerta C','Abierto');
INSERT INTO gradas VALUES ('grada 1', 'espectaculo 284', 'teatro', '2002-10-01', 'productora 284', '2022-09-01 18:00:00', 'Calle de las flores número 284 puerta C');
INSERT INTO gradas VALUES ('grada 2', 'espectaculo 284', 'teatro', '2002-10-01', 'productora 284', '2022-09-01 18:00:00', 'Calle de las flores número 284 puerta C');
INSERT INTO gradas VALUES ('grada 3', 'espectaculo 284', 'teatro', '2002-10-01', 'productora 284', '2022-09-01 18:00:00', 'Calle de las flores número 284 puerta C');
INSERT INTO espectaculos VALUES ('espectaculo 285', 'teatro', '1991-04-05', 'productora 285', 'lista participantes 285', 2, '00:17:00', '00:43:00', '00:26:00');
INSERT INTO eventos VALUES ('espectaculo 285', 'teatro', '1991-04-05', 'productora 285', '2022-09-01 18:00:00', 'Calle de las flores número 285 puerta C','Abierto');
INSERT INTO eventos VALUES ('espectaculo 285', 'teatro', '1991-04-05', 'productora 285', '2020-09-01 03:00:00', 'Calle de las flores número 285 puerta C','Abierto');
INSERT INTO gradas VALUES ('grada 1', 'espectaculo 285', 'teatro', '1991-04-05', 'productora 285', '2022-09-01 18:00:00', 'Calle de las flores número 285 puerta C');
INSERT INTO gradas VALUES ('grada 2', 'espectaculo 285', 'teatro', '1991-04-05', 'productora 285', '2022-09-01 18:00:00', 'Calle de las flores número 285 puerta C');
INSERT INTO gradas VALUES ('grada 3', 'espectaculo 285', 'teatro', '1991-04-05', 'productora 285', '2022-09-01 18:00:00', 'Calle de las flores número 285 puerta C');
INSERT INTO espectaculos VALUES ('espectaculo 286', 'teatro', '2019-03-21', 'productora 286', 'lista participantes 286', 9, '00:12:00', '00:26:00', '00:17:00');
INSERT INTO eventos VALUES ('espectaculo 286', 'teatro', '2019-03-21', 'productora 286', '2022-09-01 18:00:00', 'Calle de las flores número 286 puerta C','Abierto');
INSERT INTO eventos VALUES ('espectaculo 286', 'teatro', '2019-03-21', 'productora 286', '2020-09-01 03:00:00', 'Calle de las flores número 286 puerta C','Abierto');
INSERT INTO gradas VALUES ('grada 1', 'espectaculo 286', 'teatro', '2019-03-21', 'productora 286', '2022-09-01 18:00:00', 'Calle de las flores número 286 puerta C');
INSERT INTO gradas VALUES ('grada 2', 'espectaculo 286', 'teatro', '2019-03-21', 'productora 286', '2022-09-01 18:00:00', 'Calle de las flores número 286 puerta C');
INSERT INTO gradas VALUES ('grada 3', 'espectaculo 286', 'teatro', '2019-03-21', 'productora 286', '2022-09-01 18:00:00', 'Calle de las flores número 286 puerta C');
INSERT INTO espectaculos VALUES ('espectaculo 287', 'deportivo', '1986-03-25', 'productora 287', 'lista participantes 287', 3, '00:13:00', '00:27:00', '00:16:00');
INSERT INTO eventos VALUES ('espectaculo 287', 'deportivo', '1986-03-25', 'productora 287', '2022-09-01 18:00:00', 'Calle de las flores número 287 puerta C','Abierto');
INSERT INTO eventos VALUES ('espectaculo 287', 'deportivo', '1986-03-25', 'productora 287', '2020-09-01 03:00:00', 'Calle de las flores número 287 puerta C','Abierto');
INSERT INTO gradas VALUES ('grada 1', 'espectaculo 287', 'deportivo', '1986-03-25', 'productora 287', '2022-09-01 18:00:00', 'Calle de las flores número 287 puerta C');
INSERT INTO gradas VALUES ('grada 2', 'espectaculo 287', 'deportivo', '1986-03-25', 'productora 287', '2022-09-01 18:00:00', 'Calle de las flores número 287 puerta C');
INSERT INTO gradas VALUES ('grada 3', 'espectaculo 287', 'deportivo', '1986-03-25', 'productora 287', '2022-09-01 18:00:00', 'Calle de las flores número 287 puerta C');
INSERT INTO espectaculos VALUES ('espectaculo 288', 'deportivo', '1988-06-03', 'productora 288', 'lista participantes 288', 6, '00:14:00', '00:51:00', '00:29:00');
INSERT INTO eventos VALUES ('espectaculo 288', 'deportivo', '1988-06-03', 'productora 288', '2022-09-01 18:00:00', 'Calle de las flores número 288 puerta C','Abierto');
INSERT INTO eventos VALUES ('espectaculo 288', 'deportivo', '1988-06-03', 'productora 288', '2020-09-01 03:00:00', 'Calle de las flores número 288 puerta C','Abierto');
INSERT INTO gradas VALUES ('grada 1', 'espectaculo 288', 'deportivo', '1988-06-03', 'productora 288', '2022-09-01 18:00:00', 'Calle de las flores número 288 puerta C');
INSERT INTO gradas VALUES ('grada 2', 'espectaculo 288', 'deportivo', '1988-06-03', 'productora 288', '2022-09-01 18:00:00', 'Calle de las flores número 288 puerta C');
INSERT INTO gradas VALUES ('grada 3', 'espectaculo 288', 'deportivo', '1988-06-03', 'productora 288', '2022-09-01 18:00:00', 'Calle de las flores número 288 puerta C');
INSERT INTO espectaculos VALUES ('espectaculo 289', 'pelicula', '1991-07-19', 'productora 289', 'lista participantes 289', 6, '00:11:00', '00:43:00', '00:18:00');
INSERT INTO eventos VALUES ('espectaculo 289', 'pelicula', '1991-07-19', 'productora 289', '2022-09-01 18:00:00', 'Calle de las flores número 289 puerta C','Abierto');
INSERT INTO eventos VALUES ('espectaculo 289', 'pelicula', '1991-07-19', 'productora 289', '2020-09-01 03:00:00', 'Calle de las flores número 289 puerta C','Abierto');
INSERT INTO gradas VALUES ('grada 1', 'espectaculo 289', 'pelicula', '1991-07-19', 'productora 289', '2022-09-01 18:00:00', 'Calle de las flores número 289 puerta C');
INSERT INTO gradas VALUES ('grada 2', 'espectaculo 289', 'pelicula', '1991-07-19', 'productora 289', '2022-09-01 18:00:00', 'Calle de las flores número 289 puerta C');
INSERT INTO gradas VALUES ('grada 3', 'espectaculo 289', 'pelicula', '1991-07-19', 'productora 289', '2022-09-01 18:00:00', 'Calle de las flores número 289 puerta C');
INSERT INTO espectaculos VALUES ('espectaculo 290', 'deportivo', '2006-06-17', 'productora 290', 'lista participantes 290', 3, '00:14:00', '00:15:00', '00:29:00');
INSERT INTO eventos VALUES ('espectaculo 290', 'deportivo', '2006-06-17', 'productora 290', '2022-09-01 18:00:00', 'Calle de las flores número 290 puerta C','Abierto');
INSERT INTO eventos VALUES ('espectaculo 290', 'deportivo', '2006-06-17', 'productora 290', '2020-09-01 03:00:00', 'Calle de las flores número 290 puerta C','Abierto');
INSERT INTO gradas VALUES ('grada 1', 'espectaculo 290', 'deportivo', '2006-06-17', 'productora 290', '2022-09-01 18:00:00', 'Calle de las flores número 290 puerta C');
INSERT INTO gradas VALUES ('grada 2', 'espectaculo 290', 'deportivo', '2006-06-17', 'productora 290', '2022-09-01 18:00:00', 'Calle de las flores número 290 puerta C');
INSERT INTO gradas VALUES ('grada 3', 'espectaculo 290', 'deportivo', '2006-06-17', 'productora 290', '2022-09-01 18:00:00', 'Calle de las flores número 290 puerta C');
INSERT INTO espectaculos VALUES ('espectaculo 291', 'pelicula', '1992-10-27', 'productora 291', 'lista participantes 291', 6, '00:12:00', '00:54:00', '00:26:00');
INSERT INTO eventos VALUES ('espectaculo 291', 'pelicula', '1992-10-27', 'productora 291', '2022-09-01 18:00:00', 'Calle de las flores número 291 puerta C','Abierto');
INSERT INTO eventos VALUES ('espectaculo 291', 'pelicula', '1992-10-27', 'productora 291', '2020-09-01 03:00:00', 'Calle de las flores número 291 puerta C','Abierto');
INSERT INTO gradas VALUES ('grada 1', 'espectaculo 291', 'pelicula', '1992-10-27', 'productora 291', '2022-09-01 18:00:00', 'Calle de las flores número 291 puerta C');
INSERT INTO gradas VALUES ('grada 2', 'espectaculo 291', 'pelicula', '1992-10-27', 'productora 291', '2022-09-01 18:00:00', 'Calle de las flores número 291 puerta C');
INSERT INTO gradas VALUES ('grada 3', 'espectaculo 291', 'pelicula', '1992-10-27', 'productora 291', '2022-09-01 18:00:00', 'Calle de las flores número 291 puerta C');
INSERT INTO espectaculos VALUES ('espectaculo 292', 'entrevista', '1986-02-13', 'productora 292', 'lista participantes 292', 6, '00:11:00', '00:52:00', '00:25:00');
INSERT INTO eventos VALUES ('espectaculo 292', 'entrevista', '1986-02-13', 'productora 292', '2022-09-01 18:00:00', 'Calle de las flores número 292 puerta C','Abierto');
INSERT INTO eventos VALUES ('espectaculo 292', 'entrevista', '1986-02-13', 'productora 292', '2020-09-01 03:00:00', 'Calle de las flores número 292 puerta C','Abierto');
INSERT INTO gradas VALUES ('grada 1', 'espectaculo 292', 'entrevista', '1986-02-13', 'productora 292', '2022-09-01 18:00:00', 'Calle de las flores número 292 puerta C');
INSERT INTO gradas VALUES ('grada 2', 'espectaculo 292', 'entrevista', '1986-02-13', 'productora 292', '2022-09-01 18:00:00', 'Calle de las flores número 292 puerta C');
INSERT INTO gradas VALUES ('grada 3', 'espectaculo 292', 'entrevista', '1986-02-13', 'productora 292', '2022-09-01 18:00:00', 'Calle de las flores número 292 puerta C');
INSERT INTO espectaculos VALUES ('espectaculo 293', 'deportivo', '1999-09-16', 'productora 293', 'lista participantes 293', 2, '00:10:00', '00:52:00', '00:18:00');
INSERT INTO eventos VALUES ('espectaculo 293', 'deportivo', '1999-09-16', 'productora 293', '2022-09-01 18:00:00', 'Calle de las flores número 293 puerta C','Abierto');
INSERT INTO eventos VALUES ('espectaculo 293', 'deportivo', '1999-09-16', 'productora 293', '2020-09-01 03:00:00', 'Calle de las flores número 293 puerta C','Abierto');
INSERT INTO gradas VALUES ('grada 1', 'espectaculo 293', 'deportivo', '1999-09-16', 'productora 293', '2022-09-01 18:00:00', 'Calle de las flores número 293 puerta C');
INSERT INTO gradas VALUES ('grada 2', 'espectaculo 293', 'deportivo', '1999-09-16', 'productora 293', '2022-09-01 18:00:00', 'Calle de las flores número 293 puerta C');
INSERT INTO gradas VALUES ('grada 3', 'espectaculo 293', 'deportivo', '1999-09-16', 'productora 293', '2022-09-01 18:00:00', 'Calle de las flores número 293 puerta C');
INSERT INTO espectaculos VALUES ('espectaculo 294', 'concierto', '2012-06-23', 'productora 294', 'lista participantes 294', 4, '00:14:00', '00:28:00', '00:26:00');
INSERT INTO eventos VALUES ('espectaculo 294', 'concierto', '2012-06-23', 'productora 294', '2022-09-01 18:00:00', 'Calle de las flores número 294 puerta C','Abierto');
INSERT INTO eventos VALUES ('espectaculo 294', 'concierto', '2012-06-23', 'productora 294', '2020-09-01 03:00:00', 'Calle de las flores número 294 puerta C','Abierto');
INSERT INTO gradas VALUES ('grada 1', 'espectaculo 294', 'concierto', '2012-06-23', 'productora 294', '2022-09-01 18:00:00', 'Calle de las flores número 294 puerta C');
INSERT INTO gradas VALUES ('grada 2', 'espectaculo 294', 'concierto', '2012-06-23', 'productora 294', '2022-09-01 18:00:00', 'Calle de las flores número 294 puerta C');
INSERT INTO gradas VALUES ('grada 3', 'espectaculo 294', 'concierto', '2012-06-23', 'productora 294', '2022-09-01 18:00:00', 'Calle de las flores número 294 puerta C');
INSERT INTO espectaculos VALUES ('espectaculo 295', 'entrevista', '1991-01-11', 'productora 295', 'lista participantes 295', 7, '00:18:00', '00:34:00', '00:21:00');
INSERT INTO eventos VALUES ('espectaculo 295', 'entrevista', '1991-01-11', 'productora 295', '2022-09-01 18:00:00', 'Calle de las flores número 295 puerta C','Abierto');
INSERT INTO eventos VALUES ('espectaculo 295', 'entrevista', '1991-01-11', 'productora 295', '2020-09-01 03:00:00', 'Calle de las flores número 295 puerta C','Abierto');
INSERT INTO gradas VALUES ('grada 1', 'espectaculo 295', 'entrevista', '1991-01-11', 'productora 295', '2022-09-01 18:00:00', 'Calle de las flores número 295 puerta C');
INSERT INTO gradas VALUES ('grada 2', 'espectaculo 295', 'entrevista', '1991-01-11', 'productora 295', '2022-09-01 18:00:00', 'Calle de las flores número 295 puerta C');
INSERT INTO gradas VALUES ('grada 3', 'espectaculo 295', 'entrevista', '1991-01-11', 'productora 295', '2022-09-01 18:00:00', 'Calle de las flores número 295 puerta C');
INSERT INTO espectaculos VALUES ('espectaculo 296', 'pelicula', '1996-08-08', 'productora 296', 'lista participantes 296', 8, '00:12:00', '00:57:00', '00:20:00');
INSERT INTO eventos VALUES ('espectaculo 296', 'pelicula', '1996-08-08', 'productora 296', '2022-09-01 18:00:00', 'Calle de las flores número 296 puerta C','Abierto');
INSERT INTO eventos VALUES ('espectaculo 296', 'pelicula', '1996-08-08', 'productora 296', '2020-09-01 03:00:00', 'Calle de las flores número 296 puerta C','Abierto');
INSERT INTO gradas VALUES ('grada 1', 'espectaculo 296', 'pelicula', '1996-08-08', 'productora 296', '2022-09-01 18:00:00', 'Calle de las flores número 296 puerta C');
INSERT INTO gradas VALUES ('grada 2', 'espectaculo 296', 'pelicula', '1996-08-08', 'productora 296', '2022-09-01 18:00:00', 'Calle de las flores número 296 puerta C');
INSERT INTO gradas VALUES ('grada 3', 'espectaculo 296', 'pelicula', '1996-08-08', 'productora 296', '2022-09-01 18:00:00', 'Calle de las flores número 296 puerta C');
INSERT INTO espectaculos VALUES ('espectaculo 297', 'concierto', '1996-11-06', 'productora 297', 'lista participantes 297', 9, '00:19:00', '00:38:00', '00:16:00');
INSERT INTO eventos VALUES ('espectaculo 297', 'concierto', '1996-11-06', 'productora 297', '2022-09-01 18:00:00', 'Calle de las flores número 297 puerta C','Abierto');
INSERT INTO eventos VALUES ('espectaculo 297', 'concierto', '1996-11-06', 'productora 297', '2020-09-01 03:00:00', 'Calle de las flores número 297 puerta C','Abierto');
INSERT INTO gradas VALUES ('grada 1', 'espectaculo 297', 'concierto', '1996-11-06', 'productora 297', '2022-09-01 18:00:00', 'Calle de las flores número 297 puerta C');
INSERT INTO gradas VALUES ('grada 2', 'espectaculo 297', 'concierto', '1996-11-06', 'productora 297', '2022-09-01 18:00:00', 'Calle de las flores número 297 puerta C');
INSERT INTO gradas VALUES ('grada 3', 'espectaculo 297', 'concierto', '1996-11-06', 'productora 297', '2022-09-01 18:00:00', 'Calle de las flores número 297 puerta C');
INSERT INTO espectaculos VALUES ('espectaculo 298', 'entrevista', '1989-03-12', 'productora 298', 'lista participantes 298', 5, '00:14:00', '00:54:00', '00:20:00');
INSERT INTO eventos VALUES ('espectaculo 298', 'entrevista', '1989-03-12', 'productora 298', '2022-09-01 18:00:00', 'Calle de las flores número 298 puerta C','Abierto');
INSERT INTO eventos VALUES ('espectaculo 298', 'entrevista', '1989-03-12', 'productora 298', '2020-09-01 03:00:00', 'Calle de las flores número 298 puerta C','Abierto');
INSERT INTO gradas VALUES ('grada 1', 'espectaculo 298', 'entrevista', '1989-03-12', 'productora 298', '2022-09-01 18:00:00', 'Calle de las flores número 298 puerta C');
INSERT INTO gradas VALUES ('grada 2', 'espectaculo 298', 'entrevista', '1989-03-12', 'productora 298', '2022-09-01 18:00:00', 'Calle de las flores número 298 puerta C');
INSERT INTO gradas VALUES ('grada 3', 'espectaculo 298', 'entrevista', '1989-03-12', 'productora 298', '2022-09-01 18:00:00', 'Calle de las flores número 298 puerta C');
INSERT INTO espectaculos VALUES ('espectaculo 299', 'teatro', '2020-08-25', 'productora 299', 'lista participantes 299', 5, '00:19:00', '00:42:00', '00:21:00');
INSERT INTO eventos VALUES ('espectaculo 299', 'teatro', '2020-08-25', 'productora 299', '2022-09-01 18:00:00', 'Calle de las flores número 299 puerta C','Abierto');
INSERT INTO eventos VALUES ('espectaculo 299', 'teatro', '2020-08-25', 'productora 299', '2020-09-01 03:00:00', 'Calle de las flores número 299 puerta C','Abierto');
INSERT INTO gradas VALUES ('grada 1', 'espectaculo 299', 'teatro', '2020-08-25', 'productora 299', '2022-09-01 18:00:00', 'Calle de las flores número 299 puerta C');
INSERT INTO gradas VALUES ('grada 2', 'espectaculo 299', 'teatro', '2020-08-25', 'productora 299', '2022-09-01 18:00:00', 'Calle de las flores número 299 puerta C');
INSERT INTO gradas VALUES ('grada 3', 'espectaculo 299', 'teatro', '2020-08-25', 'productora 299', '2022-09-01 18:00:00', 'Calle de las flores número 299 puerta C');
INSERT INTO espectaculos VALUES ('espectaculo 300', 'pelicula', '2005-10-15', 'productora 300', 'lista participantes 300', 5, '00:12:00', '00:40:00', '00:15:00');
INSERT INTO eventos VALUES ('espectaculo 300', 'pelicula', '2005-10-15', 'productora 300', '2022-09-01 18:00:00', 'Calle de las flores número 300 puerta C','Abierto');
INSERT INTO eventos VALUES ('espectaculo 300', 'pelicula', '2005-10-15', 'productora 300', '2020-09-01 03:00:00', 'Calle de las flores número 300 puerta C','Abierto');
INSERT INTO gradas VALUES ('grada 1', 'espectaculo 300', 'pelicula', '2005-10-15', 'productora 300', '2022-09-01 18:00:00', 'Calle de las flores número 300 puerta C');
INSERT INTO gradas VALUES ('grada 2', 'espectaculo 300', 'pelicula', '2005-10-15', 'productora 300', '2022-09-01 18:00:00', 'Calle de las flores número 300 puerta C');
INSERT INTO gradas VALUES ('grada 3', 'espectaculo 300', 'pelicula', '2005-10-15', 'productora 300', '2022-09-01 18:00:00', 'Calle de las flores número 300 puerta C');
INSERT INTO espectaculos VALUES ('espectaculo 301', 'teatro', '2007-06-07', 'productora 301', 'lista participantes 301', 6, '00:15:00', '00:42:00', '00:22:00');
INSERT INTO eventos VALUES ('espectaculo 301', 'teatro', '2007-06-07', 'productora 301', '2022-09-01 18:00:00', 'Calle de las flores número 301 puerta C','Abierto');
INSERT INTO eventos VALUES ('espectaculo 301', 'teatro', '2007-06-07', 'productora 301', '2020-09-01 03:00:00', 'Calle de las flores número 301 puerta C','Abierto');
INSERT INTO gradas VALUES ('grada 1', 'espectaculo 301', 'teatro', '2007-06-07', 'productora 301', '2022-09-01 18:00:00', 'Calle de las flores número 301 puerta C');
INSERT INTO gradas VALUES ('grada 2', 'espectaculo 301', 'teatro', '2007-06-07', 'productora 301', '2022-09-01 18:00:00', 'Calle de las flores número 301 puerta C');
INSERT INTO gradas VALUES ('grada 3', 'espectaculo 301', 'teatro', '2007-06-07', 'productora 301', '2022-09-01 18:00:00', 'Calle de las flores número 301 puerta C');
INSERT INTO espectaculos VALUES ('espectaculo 302', 'teatro', '2009-01-24', 'productora 302', 'lista participantes 302', 3, '00:12:00', '00:21:00', '00:21:00');
INSERT INTO eventos VALUES ('espectaculo 302', 'teatro', '2009-01-24', 'productora 302', '2022-09-01 18:00:00', 'Calle de las flores número 302 puerta C','Abierto');
INSERT INTO eventos VALUES ('espectaculo 302', 'teatro', '2009-01-24', 'productora 302', '2020-09-01 03:00:00', 'Calle de las flores número 302 puerta C','Abierto');
INSERT INTO gradas VALUES ('grada 1', 'espectaculo 302', 'teatro', '2009-01-24', 'productora 302', '2022-09-01 18:00:00', 'Calle de las flores número 302 puerta C');
INSERT INTO gradas VALUES ('grada 2', 'espectaculo 302', 'teatro', '2009-01-24', 'productora 302', '2022-09-01 18:00:00', 'Calle de las flores número 302 puerta C');
INSERT INTO gradas VALUES ('grada 3', 'espectaculo 302', 'teatro', '2009-01-24', 'productora 302', '2022-09-01 18:00:00', 'Calle de las flores número 302 puerta C');
INSERT INTO espectaculos VALUES ('espectaculo 303', 'entrevista', '1986-11-16', 'productora 303', 'lista participantes 303', 1, '00:16:00', '00:48:00', '00:17:00');
INSERT INTO eventos VALUES ('espectaculo 303', 'entrevista', '1986-11-16', 'productora 303', '2022-09-01 18:00:00', 'Calle de las flores número 303 puerta C','Abierto');
INSERT INTO eventos VALUES ('espectaculo 303', 'entrevista', '1986-11-16', 'productora 303', '2020-09-01 03:00:00', 'Calle de las flores número 303 puerta C','Abierto');
INSERT INTO gradas VALUES ('grada 1', 'espectaculo 303', 'entrevista', '1986-11-16', 'productora 303', '2022-09-01 18:00:00', 'Calle de las flores número 303 puerta C');
INSERT INTO gradas VALUES ('grada 2', 'espectaculo 303', 'entrevista', '1986-11-16', 'productora 303', '2022-09-01 18:00:00', 'Calle de las flores número 303 puerta C');
INSERT INTO gradas VALUES ('grada 3', 'espectaculo 303', 'entrevista', '1986-11-16', 'productora 303', '2022-09-01 18:00:00', 'Calle de las flores número 303 puerta C');
INSERT INTO espectaculos VALUES ('espectaculo 304', 'teatro', '2000-02-04', 'productora 304', 'lista participantes 304', 7, '00:14:00', '00:20:00', '00:26:00');
INSERT INTO eventos VALUES ('espectaculo 304', 'teatro', '2000-02-04', 'productora 304', '2022-09-01 18:00:00', 'Calle de las flores número 304 puerta C','Abierto');
INSERT INTO eventos VALUES ('espectaculo 304', 'teatro', '2000-02-04', 'productora 304', '2020-09-01 03:00:00', 'Calle de las flores número 304 puerta C','Abierto');
INSERT INTO gradas VALUES ('grada 1', 'espectaculo 304', 'teatro', '2000-02-04', 'productora 304', '2022-09-01 18:00:00', 'Calle de las flores número 304 puerta C');
INSERT INTO gradas VALUES ('grada 2', 'espectaculo 304', 'teatro', '2000-02-04', 'productora 304', '2022-09-01 18:00:00', 'Calle de las flores número 304 puerta C');
INSERT INTO gradas VALUES ('grada 3', 'espectaculo 304', 'teatro', '2000-02-04', 'productora 304', '2022-09-01 18:00:00', 'Calle de las flores número 304 puerta C');
INSERT INTO espectaculos VALUES ('espectaculo 305', 'teatro', '2003-09-02', 'productora 305', 'lista participantes 305', 2, '00:19:00', '00:57:00', '00:19:00');
INSERT INTO eventos VALUES ('espectaculo 305', 'teatro', '2003-09-02', 'productora 305', '2022-09-01 18:00:00', 'Calle de las flores número 305 puerta C','Abierto');
INSERT INTO eventos VALUES ('espectaculo 305', 'teatro', '2003-09-02', 'productora 305', '2020-09-01 03:00:00', 'Calle de las flores número 305 puerta C','Abierto');
INSERT INTO gradas VALUES ('grada 1', 'espectaculo 305', 'teatro', '2003-09-02', 'productora 305', '2022-09-01 18:00:00', 'Calle de las flores número 305 puerta C');
INSERT INTO gradas VALUES ('grada 2', 'espectaculo 305', 'teatro', '2003-09-02', 'productora 305', '2022-09-01 18:00:00', 'Calle de las flores número 305 puerta C');
INSERT INTO gradas VALUES ('grada 3', 'espectaculo 305', 'teatro', '2003-09-02', 'productora 305', '2022-09-01 18:00:00', 'Calle de las flores número 305 puerta C');
INSERT INTO espectaculos VALUES ('espectaculo 306', 'entrevista', '2013-05-05', 'productora 306', 'lista participantes 306', 5, '00:15:00', '00:46:00', '00:26:00');
INSERT INTO eventos VALUES ('espectaculo 306', 'entrevista', '2013-05-05', 'productora 306', '2022-09-01 18:00:00', 'Calle de las flores número 306 puerta C','Abierto');
INSERT INTO eventos VALUES ('espectaculo 306', 'entrevista', '2013-05-05', 'productora 306', '2020-09-01 03:00:00', 'Calle de las flores número 306 puerta C','Abierto');
INSERT INTO gradas VALUES ('grada 1', 'espectaculo 306', 'entrevista', '2013-05-05', 'productora 306', '2022-09-01 18:00:00', 'Calle de las flores número 306 puerta C');
INSERT INTO gradas VALUES ('grada 2', 'espectaculo 306', 'entrevista', '2013-05-05', 'productora 306', '2022-09-01 18:00:00', 'Calle de las flores número 306 puerta C');
INSERT INTO gradas VALUES ('grada 3', 'espectaculo 306', 'entrevista', '2013-05-05', 'productora 306', '2022-09-01 18:00:00', 'Calle de las flores número 306 puerta C');
INSERT INTO espectaculos VALUES ('espectaculo 307', 'teatro', '2013-02-21', 'productora 307', 'lista participantes 307', 9, '00:12:00', '00:25:00', '00:18:00');
INSERT INTO eventos VALUES ('espectaculo 307', 'teatro', '2013-02-21', 'productora 307', '2022-09-01 18:00:00', 'Calle de las flores número 307 puerta C','Abierto');
INSERT INTO eventos VALUES ('espectaculo 307', 'teatro', '2013-02-21', 'productora 307', '2020-09-01 03:00:00', 'Calle de las flores número 307 puerta C','Abierto');
INSERT INTO gradas VALUES ('grada 1', 'espectaculo 307', 'teatro', '2013-02-21', 'productora 307', '2022-09-01 18:00:00', 'Calle de las flores número 307 puerta C');
INSERT INTO gradas VALUES ('grada 2', 'espectaculo 307', 'teatro', '2013-02-21', 'productora 307', '2022-09-01 18:00:00', 'Calle de las flores número 307 puerta C');
INSERT INTO gradas VALUES ('grada 3', 'espectaculo 307', 'teatro', '2013-02-21', 'productora 307', '2022-09-01 18:00:00', 'Calle de las flores número 307 puerta C');
INSERT INTO espectaculos VALUES ('espectaculo 308', 'teatro', '1996-11-05', 'productora 308', 'lista participantes 308', 3, '00:18:00', '00:37:00', '00:16:00');
INSERT INTO eventos VALUES ('espectaculo 308', 'teatro', '1996-11-05', 'productora 308', '2022-09-01 18:00:00', 'Calle de las flores número 308 puerta C','Abierto');
INSERT INTO eventos VALUES ('espectaculo 308', 'teatro', '1996-11-05', 'productora 308', '2020-09-01 03:00:00', 'Calle de las flores número 308 puerta C','Abierto');
INSERT INTO gradas VALUES ('grada 1', 'espectaculo 308', 'teatro', '1996-11-05', 'productora 308', '2022-09-01 18:00:00', 'Calle de las flores número 308 puerta C');
INSERT INTO gradas VALUES ('grada 2', 'espectaculo 308', 'teatro', '1996-11-05', 'productora 308', '2022-09-01 18:00:00', 'Calle de las flores número 308 puerta C');
INSERT INTO gradas VALUES ('grada 3', 'espectaculo 308', 'teatro', '1996-11-05', 'productora 308', '2022-09-01 18:00:00', 'Calle de las flores número 308 puerta C');
INSERT INTO espectaculos VALUES ('espectaculo 309', 'concierto', '2003-01-08', 'productora 309', 'lista participantes 309', 2, '00:18:00', '00:27:00', '00:29:00');
INSERT INTO eventos VALUES ('espectaculo 309', 'concierto', '2003-01-08', 'productora 309', '2022-09-01 18:00:00', 'Calle de las flores número 309 puerta C','Abierto');
INSERT INTO eventos VALUES ('espectaculo 309', 'concierto', '2003-01-08', 'productora 309', '2020-09-01 03:00:00', 'Calle de las flores número 309 puerta C','Abierto');
INSERT INTO gradas VALUES ('grada 1', 'espectaculo 309', 'concierto', '2003-01-08', 'productora 309', '2022-09-01 18:00:00', 'Calle de las flores número 309 puerta C');
INSERT INTO gradas VALUES ('grada 2', 'espectaculo 309', 'concierto', '2003-01-08', 'productora 309', '2022-09-01 18:00:00', 'Calle de las flores número 309 puerta C');
INSERT INTO gradas VALUES ('grada 3', 'espectaculo 309', 'concierto', '2003-01-08', 'productora 309', '2022-09-01 18:00:00', 'Calle de las flores número 309 puerta C');
INSERT INTO espectaculos VALUES ('espectaculo 310', 'pelicula', '1991-07-04', 'productora 310', 'lista participantes 310', 4, '00:12:00', '00:24:00', '00:16:00');
INSERT INTO eventos VALUES ('espectaculo 310', 'pelicula', '1991-07-04', 'productora 310', '2022-09-01 18:00:00', 'Calle de las flores número 310 puerta C','Abierto');
INSERT INTO eventos VALUES ('espectaculo 310', 'pelicula', '1991-07-04', 'productora 310', '2020-09-01 03:00:00', 'Calle de las flores número 310 puerta C','Abierto');
INSERT INTO gradas VALUES ('grada 1', 'espectaculo 310', 'pelicula', '1991-07-04', 'productora 310', '2022-09-01 18:00:00', 'Calle de las flores número 310 puerta C');
INSERT INTO gradas VALUES ('grada 2', 'espectaculo 310', 'pelicula', '1991-07-04', 'productora 310', '2022-09-01 18:00:00', 'Calle de las flores número 310 puerta C');
INSERT INTO gradas VALUES ('grada 3', 'espectaculo 310', 'pelicula', '1991-07-04', 'productora 310', '2022-09-01 18:00:00', 'Calle de las flores número 310 puerta C');
INSERT INTO espectaculos VALUES ('espectaculo 311', 'concierto', '1993-09-12', 'productora 311', 'lista participantes 311', 1, '00:12:00', '00:37:00', '00:24:00');
INSERT INTO eventos VALUES ('espectaculo 311', 'concierto', '1993-09-12', 'productora 311', '2022-09-01 18:00:00', 'Calle de las flores número 311 puerta C','Abierto');
INSERT INTO eventos VALUES ('espectaculo 311', 'concierto', '1993-09-12', 'productora 311', '2020-09-01 03:00:00', 'Calle de las flores número 311 puerta C','Abierto');
INSERT INTO gradas VALUES ('grada 1', 'espectaculo 311', 'concierto', '1993-09-12', 'productora 311', '2022-09-01 18:00:00', 'Calle de las flores número 311 puerta C');
INSERT INTO gradas VALUES ('grada 2', 'espectaculo 311', 'concierto', '1993-09-12', 'productora 311', '2022-09-01 18:00:00', 'Calle de las flores número 311 puerta C');
INSERT INTO gradas VALUES ('grada 3', 'espectaculo 311', 'concierto', '1993-09-12', 'productora 311', '2022-09-01 18:00:00', 'Calle de las flores número 311 puerta C');
INSERT INTO espectaculos VALUES ('espectaculo 312', 'teatro', '1991-04-12', 'productora 312', 'lista participantes 312', 4, '00:10:00', '00:49:00', '00:29:00');
INSERT INTO eventos VALUES ('espectaculo 312', 'teatro', '1991-04-12', 'productora 312', '2022-09-01 18:00:00', 'Calle de las flores número 312 puerta C','Abierto');
INSERT INTO eventos VALUES ('espectaculo 312', 'teatro', '1991-04-12', 'productora 312', '2020-09-01 03:00:00', 'Calle de las flores número 312 puerta C','Abierto');
INSERT INTO gradas VALUES ('grada 1', 'espectaculo 312', 'teatro', '1991-04-12', 'productora 312', '2022-09-01 18:00:00', 'Calle de las flores número 312 puerta C');
INSERT INTO gradas VALUES ('grada 2', 'espectaculo 312', 'teatro', '1991-04-12', 'productora 312', '2022-09-01 18:00:00', 'Calle de las flores número 312 puerta C');
INSERT INTO gradas VALUES ('grada 3', 'espectaculo 312', 'teatro', '1991-04-12', 'productora 312', '2022-09-01 18:00:00', 'Calle de las flores número 312 puerta C');
INSERT INTO espectaculos VALUES ('espectaculo 313', 'entrevista', '1992-08-11', 'productora 313', 'lista participantes 313', 8, '00:10:00', '00:58:00', '00:22:00');
INSERT INTO eventos VALUES ('espectaculo 313', 'entrevista', '1992-08-11', 'productora 313', '2022-09-01 18:00:00', 'Calle de las flores número 313 puerta C','Abierto');
INSERT INTO eventos VALUES ('espectaculo 313', 'entrevista', '1992-08-11', 'productora 313', '2020-09-01 03:00:00', 'Calle de las flores número 313 puerta C','Abierto');
INSERT INTO gradas VALUES ('grada 1', 'espectaculo 313', 'entrevista', '1992-08-11', 'productora 313', '2022-09-01 18:00:00', 'Calle de las flores número 313 puerta C');
INSERT INTO gradas VALUES ('grada 2', 'espectaculo 313', 'entrevista', '1992-08-11', 'productora 313', '2022-09-01 18:00:00', 'Calle de las flores número 313 puerta C');
INSERT INTO gradas VALUES ('grada 3', 'espectaculo 313', 'entrevista', '1992-08-11', 'productora 313', '2022-09-01 18:00:00', 'Calle de las flores número 313 puerta C');
INSERT INTO espectaculos VALUES ('espectaculo 314', 'teatro', '1994-05-02', 'productora 314', 'lista participantes 314', 8, '00:15:00', '00:45:00', '00:18:00');
INSERT INTO eventos VALUES ('espectaculo 314', 'teatro', '1994-05-02', 'productora 314', '2022-09-01 18:00:00', 'Calle de las flores número 314 puerta C','Abierto');
INSERT INTO eventos VALUES ('espectaculo 314', 'teatro', '1994-05-02', 'productora 314', '2020-09-01 03:00:00', 'Calle de las flores número 314 puerta C','Abierto');
INSERT INTO gradas VALUES ('grada 1', 'espectaculo 314', 'teatro', '1994-05-02', 'productora 314', '2022-09-01 18:00:00', 'Calle de las flores número 314 puerta C');
INSERT INTO gradas VALUES ('grada 2', 'espectaculo 314', 'teatro', '1994-05-02', 'productora 314', '2022-09-01 18:00:00', 'Calle de las flores número 314 puerta C');
INSERT INTO gradas VALUES ('grada 3', 'espectaculo 314', 'teatro', '1994-05-02', 'productora 314', '2022-09-01 18:00:00', 'Calle de las flores número 314 puerta C');
INSERT INTO espectaculos VALUES ('espectaculo 315', 'concierto', '2014-11-11', 'productora 315', 'lista participantes 315', 1, '00:19:00', '00:33:00', '00:27:00');
INSERT INTO eventos VALUES ('espectaculo 315', 'concierto', '2014-11-11', 'productora 315', '2022-09-01 18:00:00', 'Calle de las flores número 315 puerta C','Abierto');
INSERT INTO eventos VALUES ('espectaculo 315', 'concierto', '2014-11-11', 'productora 315', '2020-09-01 03:00:00', 'Calle de las flores número 315 puerta C','Abierto');
INSERT INTO gradas VALUES ('grada 1', 'espectaculo 315', 'concierto', '2014-11-11', 'productora 315', '2022-09-01 18:00:00', 'Calle de las flores número 315 puerta C');
INSERT INTO gradas VALUES ('grada 2', 'espectaculo 315', 'concierto', '2014-11-11', 'productora 315', '2022-09-01 18:00:00', 'Calle de las flores número 315 puerta C');
INSERT INTO gradas VALUES ('grada 3', 'espectaculo 315', 'concierto', '2014-11-11', 'productora 315', '2022-09-01 18:00:00', 'Calle de las flores número 315 puerta C');
INSERT INTO espectaculos VALUES ('espectaculo 316', 'entrevista', '2012-02-25', 'productora 316', 'lista participantes 316', 6, '00:13:00', '00:34:00', '00:22:00');
INSERT INTO eventos VALUES ('espectaculo 316', 'entrevista', '2012-02-25', 'productora 316', '2022-09-01 18:00:00', 'Calle de las flores número 316 puerta C','Abierto');
INSERT INTO eventos VALUES ('espectaculo 316', 'entrevista', '2012-02-25', 'productora 316', '2020-09-01 03:00:00', 'Calle de las flores número 316 puerta C','Abierto');
INSERT INTO gradas VALUES ('grada 1', 'espectaculo 316', 'entrevista', '2012-02-25', 'productora 316', '2022-09-01 18:00:00', 'Calle de las flores número 316 puerta C');
INSERT INTO gradas VALUES ('grada 2', 'espectaculo 316', 'entrevista', '2012-02-25', 'productora 316', '2022-09-01 18:00:00', 'Calle de las flores número 316 puerta C');
INSERT INTO gradas VALUES ('grada 3', 'espectaculo 316', 'entrevista', '2012-02-25', 'productora 316', '2022-09-01 18:00:00', 'Calle de las flores número 316 puerta C');
INSERT INTO espectaculos VALUES ('espectaculo 317', 'pelicula', '1995-05-07', 'productora 317', 'lista participantes 317', 4, '00:18:00', '00:42:00', '00:25:00');
INSERT INTO eventos VALUES ('espectaculo 317', 'pelicula', '1995-05-07', 'productora 317', '2022-09-01 18:00:00', 'Calle de las flores número 317 puerta C','Abierto');
INSERT INTO eventos VALUES ('espectaculo 317', 'pelicula', '1995-05-07', 'productora 317', '2020-09-01 03:00:00', 'Calle de las flores número 317 puerta C','Abierto');
INSERT INTO gradas VALUES ('grada 1', 'espectaculo 317', 'pelicula', '1995-05-07', 'productora 317', '2022-09-01 18:00:00', 'Calle de las flores número 317 puerta C');
INSERT INTO gradas VALUES ('grada 2', 'espectaculo 317', 'pelicula', '1995-05-07', 'productora 317', '2022-09-01 18:00:00', 'Calle de las flores número 317 puerta C');
INSERT INTO gradas VALUES ('grada 3', 'espectaculo 317', 'pelicula', '1995-05-07', 'productora 317', '2022-09-01 18:00:00', 'Calle de las flores número 317 puerta C');
INSERT INTO espectaculos VALUES ('espectaculo 318', 'concierto', '2001-04-06', 'productora 318', 'lista participantes 318', 6, '00:14:00', '00:47:00', '00:28:00');
INSERT INTO eventos VALUES ('espectaculo 318', 'concierto', '2001-04-06', 'productora 318', '2022-09-01 18:00:00', 'Calle de las flores número 318 puerta C','Abierto');
INSERT INTO eventos VALUES ('espectaculo 318', 'concierto', '2001-04-06', 'productora 318', '2020-09-01 03:00:00', 'Calle de las flores número 318 puerta C','Abierto');
INSERT INTO gradas VALUES ('grada 1', 'espectaculo 318', 'concierto', '2001-04-06', 'productora 318', '2022-09-01 18:00:00', 'Calle de las flores número 318 puerta C');
INSERT INTO gradas VALUES ('grada 2', 'espectaculo 318', 'concierto', '2001-04-06', 'productora 318', '2022-09-01 18:00:00', 'Calle de las flores número 318 puerta C');
INSERT INTO gradas VALUES ('grada 3', 'espectaculo 318', 'concierto', '2001-04-06', 'productora 318', '2022-09-01 18:00:00', 'Calle de las flores número 318 puerta C');
INSERT INTO espectaculos VALUES ('espectaculo 319', 'teatro', '1990-01-02', 'productora 319', 'lista participantes 319', 4, '00:12:00', '00:25:00', '00:22:00');
INSERT INTO eventos VALUES ('espectaculo 319', 'teatro', '1990-01-02', 'productora 319', '2022-09-01 18:00:00', 'Calle de las flores número 319 puerta C','Abierto');
INSERT INTO eventos VALUES ('espectaculo 319', 'teatro', '1990-01-02', 'productora 319', '2020-09-01 03:00:00', 'Calle de las flores número 319 puerta C','Abierto');
INSERT INTO gradas VALUES ('grada 1', 'espectaculo 319', 'teatro', '1990-01-02', 'productora 319', '2022-09-01 18:00:00', 'Calle de las flores número 319 puerta C');
INSERT INTO gradas VALUES ('grada 2', 'espectaculo 319', 'teatro', '1990-01-02', 'productora 319', '2022-09-01 18:00:00', 'Calle de las flores número 319 puerta C');
INSERT INTO gradas VALUES ('grada 3', 'espectaculo 319', 'teatro', '1990-01-02', 'productora 319', '2022-09-01 18:00:00', 'Calle de las flores número 319 puerta C');
INSERT INTO espectaculos VALUES ('espectaculo 320', 'pelicula', '1989-04-03', 'productora 320', 'lista participantes 320', 3, '00:14:00', '00:31:00', '00:29:00');
INSERT INTO eventos VALUES ('espectaculo 320', 'pelicula', '1989-04-03', 'productora 320', '2022-09-01 18:00:00', 'Calle de las flores número 320 puerta C','Abierto');
INSERT INTO eventos VALUES ('espectaculo 320', 'pelicula', '1989-04-03', 'productora 320', '2020-09-01 03:00:00', 'Calle de las flores número 320 puerta C','Abierto');
INSERT INTO gradas VALUES ('grada 1', 'espectaculo 320', 'pelicula', '1989-04-03', 'productora 320', '2022-09-01 18:00:00', 'Calle de las flores número 320 puerta C');
INSERT INTO gradas VALUES ('grada 2', 'espectaculo 320', 'pelicula', '1989-04-03', 'productora 320', '2022-09-01 18:00:00', 'Calle de las flores número 320 puerta C');
INSERT INTO gradas VALUES ('grada 3', 'espectaculo 320', 'pelicula', '1989-04-03', 'productora 320', '2022-09-01 18:00:00', 'Calle de las flores número 320 puerta C');
INSERT INTO espectaculos VALUES ('espectaculo 321', 'pelicula', '2007-09-13', 'productora 321', 'lista participantes 321', 8, '00:14:00', '00:38:00', '00:15:00');
INSERT INTO eventos VALUES ('espectaculo 321', 'pelicula', '2007-09-13', 'productora 321', '2022-09-01 18:00:00', 'Calle de las flores número 321 puerta C','Abierto');
INSERT INTO eventos VALUES ('espectaculo 321', 'pelicula', '2007-09-13', 'productora 321', '2020-09-01 03:00:00', 'Calle de las flores número 321 puerta C','Abierto');
INSERT INTO gradas VALUES ('grada 1', 'espectaculo 321', 'pelicula', '2007-09-13', 'productora 321', '2022-09-01 18:00:00', 'Calle de las flores número 321 puerta C');
INSERT INTO gradas VALUES ('grada 2', 'espectaculo 321', 'pelicula', '2007-09-13', 'productora 321', '2022-09-01 18:00:00', 'Calle de las flores número 321 puerta C');
INSERT INTO gradas VALUES ('grada 3', 'espectaculo 321', 'pelicula', '2007-09-13', 'productora 321', '2022-09-01 18:00:00', 'Calle de las flores número 321 puerta C');
INSERT INTO espectaculos VALUES ('espectaculo 322', 'entrevista', '1991-04-11', 'productora 322', 'lista participantes 322', 5, '00:15:00', '00:25:00', '00:25:00');
INSERT INTO eventos VALUES ('espectaculo 322', 'entrevista', '1991-04-11', 'productora 322', '2022-09-01 18:00:00', 'Calle de las flores número 322 puerta C','Abierto');
INSERT INTO eventos VALUES ('espectaculo 322', 'entrevista', '1991-04-11', 'productora 322', '2020-09-01 03:00:00', 'Calle de las flores número 322 puerta C','Abierto');
INSERT INTO gradas VALUES ('grada 1', 'espectaculo 322', 'entrevista', '1991-04-11', 'productora 322', '2022-09-01 18:00:00', 'Calle de las flores número 322 puerta C');
INSERT INTO gradas VALUES ('grada 2', 'espectaculo 322', 'entrevista', '1991-04-11', 'productora 322', '2022-09-01 18:00:00', 'Calle de las flores número 322 puerta C');
INSERT INTO gradas VALUES ('grada 3', 'espectaculo 322', 'entrevista', '1991-04-11', 'productora 322', '2022-09-01 18:00:00', 'Calle de las flores número 322 puerta C');
INSERT INTO espectaculos VALUES ('espectaculo 323', 'deportivo', '2003-04-10', 'productora 323', 'lista participantes 323', 4, '00:19:00', '00:20:00', '00:15:00');
INSERT INTO eventos VALUES ('espectaculo 323', 'deportivo', '2003-04-10', 'productora 323', '2022-09-01 18:00:00', 'Calle de las flores número 323 puerta C','Abierto');
INSERT INTO eventos VALUES ('espectaculo 323', 'deportivo', '2003-04-10', 'productora 323', '2020-09-01 03:00:00', 'Calle de las flores número 323 puerta C','Abierto');
INSERT INTO gradas VALUES ('grada 1', 'espectaculo 323', 'deportivo', '2003-04-10', 'productora 323', '2022-09-01 18:00:00', 'Calle de las flores número 323 puerta C');
INSERT INTO gradas VALUES ('grada 2', 'espectaculo 323', 'deportivo', '2003-04-10', 'productora 323', '2022-09-01 18:00:00', 'Calle de las flores número 323 puerta C');
INSERT INTO gradas VALUES ('grada 3', 'espectaculo 323', 'deportivo', '2003-04-10', 'productora 323', '2022-09-01 18:00:00', 'Calle de las flores número 323 puerta C');
INSERT INTO espectaculos VALUES ('espectaculo 324', 'concierto', '2013-02-18', 'productora 324', 'lista participantes 324', 9, '00:18:00', '00:18:00', '00:24:00');
INSERT INTO eventos VALUES ('espectaculo 324', 'concierto', '2013-02-18', 'productora 324', '2022-09-01 18:00:00', 'Calle de las flores número 324 puerta C','Abierto');
INSERT INTO eventos VALUES ('espectaculo 324', 'concierto', '2013-02-18', 'productora 324', '2020-09-01 03:00:00', 'Calle de las flores número 324 puerta C','Abierto');
INSERT INTO gradas VALUES ('grada 1', 'espectaculo 324', 'concierto', '2013-02-18', 'productora 324', '2022-09-01 18:00:00', 'Calle de las flores número 324 puerta C');
INSERT INTO gradas VALUES ('grada 2', 'espectaculo 324', 'concierto', '2013-02-18', 'productora 324', '2022-09-01 18:00:00', 'Calle de las flores número 324 puerta C');
INSERT INTO gradas VALUES ('grada 3', 'espectaculo 324', 'concierto', '2013-02-18', 'productora 324', '2022-09-01 18:00:00', 'Calle de las flores número 324 puerta C');
INSERT INTO espectaculos VALUES ('espectaculo 325', 'teatro', '1993-09-06', 'productora 325', 'lista participantes 325', 4, '00:14:00', '00:42:00', '00:17:00');
INSERT INTO eventos VALUES ('espectaculo 325', 'teatro', '1993-09-06', 'productora 325', '2022-09-01 18:00:00', 'Calle de las flores número 325 puerta C','Abierto');
INSERT INTO eventos VALUES ('espectaculo 325', 'teatro', '1993-09-06', 'productora 325', '2020-09-01 03:00:00', 'Calle de las flores número 325 puerta C','Abierto');
INSERT INTO gradas VALUES ('grada 1', 'espectaculo 325', 'teatro', '1993-09-06', 'productora 325', '2022-09-01 18:00:00', 'Calle de las flores número 325 puerta C');
INSERT INTO gradas VALUES ('grada 2', 'espectaculo 325', 'teatro', '1993-09-06', 'productora 325', '2022-09-01 18:00:00', 'Calle de las flores número 325 puerta C');
INSERT INTO gradas VALUES ('grada 3', 'espectaculo 325', 'teatro', '1993-09-06', 'productora 325', '2022-09-01 18:00:00', 'Calle de las flores número 325 puerta C');
INSERT INTO espectaculos VALUES ('espectaculo 326', 'deportivo', '2018-11-01', 'productora 326', 'lista participantes 326', 6, '00:19:00', '00:50:00', '00:15:00');
INSERT INTO eventos VALUES ('espectaculo 326', 'deportivo', '2018-11-01', 'productora 326', '2022-09-01 18:00:00', 'Calle de las flores número 326 puerta C','Abierto');
INSERT INTO eventos VALUES ('espectaculo 326', 'deportivo', '2018-11-01', 'productora 326', '2020-09-01 03:00:00', 'Calle de las flores número 326 puerta C','Abierto');
INSERT INTO gradas VALUES ('grada 1', 'espectaculo 326', 'deportivo', '2018-11-01', 'productora 326', '2022-09-01 18:00:00', 'Calle de las flores número 326 puerta C');
INSERT INTO gradas VALUES ('grada 2', 'espectaculo 326', 'deportivo', '2018-11-01', 'productora 326', '2022-09-01 18:00:00', 'Calle de las flores número 326 puerta C');
INSERT INTO gradas VALUES ('grada 3', 'espectaculo 326', 'deportivo', '2018-11-01', 'productora 326', '2022-09-01 18:00:00', 'Calle de las flores número 326 puerta C');
INSERT INTO espectaculos VALUES ('espectaculo 327', 'entrevista', '1992-07-26', 'productora 327', 'lista participantes 327', 1, '00:13:00', '00:29:00', '00:20:00');
INSERT INTO eventos VALUES ('espectaculo 327', 'entrevista', '1992-07-26', 'productora 327', '2022-09-01 18:00:00', 'Calle de las flores número 327 puerta C','Abierto');
INSERT INTO eventos VALUES ('espectaculo 327', 'entrevista', '1992-07-26', 'productora 327', '2020-09-01 03:00:00', 'Calle de las flores número 327 puerta C','Abierto');
INSERT INTO gradas VALUES ('grada 1', 'espectaculo 327', 'entrevista', '1992-07-26', 'productora 327', '2022-09-01 18:00:00', 'Calle de las flores número 327 puerta C');
INSERT INTO gradas VALUES ('grada 2', 'espectaculo 327', 'entrevista', '1992-07-26', 'productora 327', '2022-09-01 18:00:00', 'Calle de las flores número 327 puerta C');
INSERT INTO gradas VALUES ('grada 3', 'espectaculo 327', 'entrevista', '1992-07-26', 'productora 327', '2022-09-01 18:00:00', 'Calle de las flores número 327 puerta C');
INSERT INTO espectaculos VALUES ('espectaculo 328', 'deportivo', '1992-09-23', 'productora 328', 'lista participantes 328', 6, '00:19:00', '00:34:00', '00:28:00');
INSERT INTO eventos VALUES ('espectaculo 328', 'deportivo', '1992-09-23', 'productora 328', '2022-09-01 18:00:00', 'Calle de las flores número 328 puerta C','Abierto');
INSERT INTO eventos VALUES ('espectaculo 328', 'deportivo', '1992-09-23', 'productora 328', '2020-09-01 03:00:00', 'Calle de las flores número 328 puerta C','Abierto');
INSERT INTO gradas VALUES ('grada 1', 'espectaculo 328', 'deportivo', '1992-09-23', 'productora 328', '2022-09-01 18:00:00', 'Calle de las flores número 328 puerta C');
INSERT INTO gradas VALUES ('grada 2', 'espectaculo 328', 'deportivo', '1992-09-23', 'productora 328', '2022-09-01 18:00:00', 'Calle de las flores número 328 puerta C');
INSERT INTO gradas VALUES ('grada 3', 'espectaculo 328', 'deportivo', '1992-09-23', 'productora 328', '2022-09-01 18:00:00', 'Calle de las flores número 328 puerta C');
INSERT INTO espectaculos VALUES ('espectaculo 329', 'deportivo', '2012-08-22', 'productora 329', 'lista participantes 329', 4, '00:12:00', '00:56:00', '00:23:00');
INSERT INTO eventos VALUES ('espectaculo 329', 'deportivo', '2012-08-22', 'productora 329', '2022-09-01 18:00:00', 'Calle de las flores número 329 puerta C','Abierto');
INSERT INTO eventos VALUES ('espectaculo 329', 'deportivo', '2012-08-22', 'productora 329', '2020-09-01 03:00:00', 'Calle de las flores número 329 puerta C','Abierto');
INSERT INTO gradas VALUES ('grada 1', 'espectaculo 329', 'deportivo', '2012-08-22', 'productora 329', '2022-09-01 18:00:00', 'Calle de las flores número 329 puerta C');
INSERT INTO gradas VALUES ('grada 2', 'espectaculo 329', 'deportivo', '2012-08-22', 'productora 329', '2022-09-01 18:00:00', 'Calle de las flores número 329 puerta C');
INSERT INTO gradas VALUES ('grada 3', 'espectaculo 329', 'deportivo', '2012-08-22', 'productora 329', '2022-09-01 18:00:00', 'Calle de las flores número 329 puerta C');
INSERT INTO espectaculos VALUES ('espectaculo 330', 'pelicula', '1993-09-17', 'productora 330', 'lista participantes 330', 8, '00:15:00', '00:58:00', '00:23:00');
INSERT INTO eventos VALUES ('espectaculo 330', 'pelicula', '1993-09-17', 'productora 330', '2022-09-01 18:00:00', 'Calle de las flores número 330 puerta C','Abierto');
INSERT INTO eventos VALUES ('espectaculo 330', 'pelicula', '1993-09-17', 'productora 330', '2020-09-01 03:00:00', 'Calle de las flores número 330 puerta C','Abierto');
INSERT INTO gradas VALUES ('grada 1', 'espectaculo 330', 'pelicula', '1993-09-17', 'productora 330', '2022-09-01 18:00:00', 'Calle de las flores número 330 puerta C');
INSERT INTO gradas VALUES ('grada 2', 'espectaculo 330', 'pelicula', '1993-09-17', 'productora 330', '2022-09-01 18:00:00', 'Calle de las flores número 330 puerta C');
INSERT INTO gradas VALUES ('grada 3', 'espectaculo 330', 'pelicula', '1993-09-17', 'productora 330', '2022-09-01 18:00:00', 'Calle de las flores número 330 puerta C');
INSERT INTO espectaculos VALUES ('espectaculo 331', 'entrevista', '2020-07-04', 'productora 331', 'lista participantes 331', 9, '00:16:00', '00:42:00', '00:25:00');
INSERT INTO eventos VALUES ('espectaculo 331', 'entrevista', '2020-07-04', 'productora 331', '2022-09-01 18:00:00', 'Calle de las flores número 331 puerta C','Abierto');
INSERT INTO eventos VALUES ('espectaculo 331', 'entrevista', '2020-07-04', 'productora 331', '2020-09-01 03:00:00', 'Calle de las flores número 331 puerta C','Abierto');
INSERT INTO gradas VALUES ('grada 1', 'espectaculo 331', 'entrevista', '2020-07-04', 'productora 331', '2022-09-01 18:00:00', 'Calle de las flores número 331 puerta C');
INSERT INTO gradas VALUES ('grada 2', 'espectaculo 331', 'entrevista', '2020-07-04', 'productora 331', '2022-09-01 18:00:00', 'Calle de las flores número 331 puerta C');
INSERT INTO gradas VALUES ('grada 3', 'espectaculo 331', 'entrevista', '2020-07-04', 'productora 331', '2022-09-01 18:00:00', 'Calle de las flores número 331 puerta C');
INSERT INTO espectaculos VALUES ('espectaculo 332', 'deportivo', '1987-09-18', 'productora 332', 'lista participantes 332', 9, '00:19:00', '00:40:00', '00:19:00');
INSERT INTO eventos VALUES ('espectaculo 332', 'deportivo', '1987-09-18', 'productora 332', '2022-09-01 18:00:00', 'Calle de las flores número 332 puerta C','Abierto');
INSERT INTO eventos VALUES ('espectaculo 332', 'deportivo', '1987-09-18', 'productora 332', '2020-09-01 03:00:00', 'Calle de las flores número 332 puerta C','Abierto');
INSERT INTO gradas VALUES ('grada 1', 'espectaculo 332', 'deportivo', '1987-09-18', 'productora 332', '2022-09-01 18:00:00', 'Calle de las flores número 332 puerta C');
INSERT INTO gradas VALUES ('grada 2', 'espectaculo 332', 'deportivo', '1987-09-18', 'productora 332', '2022-09-01 18:00:00', 'Calle de las flores número 332 puerta C');
INSERT INTO gradas VALUES ('grada 3', 'espectaculo 332', 'deportivo', '1987-09-18', 'productora 332', '2022-09-01 18:00:00', 'Calle de las flores número 332 puerta C');
INSERT INTO espectaculos VALUES ('espectaculo 333', 'teatro', '1990-02-20', 'productora 333', 'lista participantes 333', 6, '00:14:00', '00:23:00', '00:24:00');
INSERT INTO eventos VALUES ('espectaculo 333', 'teatro', '1990-02-20', 'productora 333', '2022-09-01 18:00:00', 'Calle de las flores número 333 puerta C','Abierto');
INSERT INTO eventos VALUES ('espectaculo 333', 'teatro', '1990-02-20', 'productora 333', '2020-09-01 03:00:00', 'Calle de las flores número 333 puerta C','Abierto');
INSERT INTO gradas VALUES ('grada 1', 'espectaculo 333', 'teatro', '1990-02-20', 'productora 333', '2022-09-01 18:00:00', 'Calle de las flores número 333 puerta C');
INSERT INTO gradas VALUES ('grada 2', 'espectaculo 333', 'teatro', '1990-02-20', 'productora 333', '2022-09-01 18:00:00', 'Calle de las flores número 333 puerta C');
INSERT INTO gradas VALUES ('grada 3', 'espectaculo 333', 'teatro', '1990-02-20', 'productora 333', '2022-09-01 18:00:00', 'Calle de las flores número 333 puerta C');
INSERT INTO espectaculos VALUES ('espectaculo 334', 'teatro', '2003-02-03', 'productora 334', 'lista participantes 334', 2, '00:13:00', '00:36:00', '00:27:00');
INSERT INTO eventos VALUES ('espectaculo 334', 'teatro', '2003-02-03', 'productora 334', '2022-09-01 18:00:00', 'Calle de las flores número 334 puerta C','Abierto');
INSERT INTO eventos VALUES ('espectaculo 334', 'teatro', '2003-02-03', 'productora 334', '2020-09-01 03:00:00', 'Calle de las flores número 334 puerta C','Abierto');
INSERT INTO gradas VALUES ('grada 1', 'espectaculo 334', 'teatro', '2003-02-03', 'productora 334', '2022-09-01 18:00:00', 'Calle de las flores número 334 puerta C');
INSERT INTO gradas VALUES ('grada 2', 'espectaculo 334', 'teatro', '2003-02-03', 'productora 334', '2022-09-01 18:00:00', 'Calle de las flores número 334 puerta C');
INSERT INTO gradas VALUES ('grada 3', 'espectaculo 334', 'teatro', '2003-02-03', 'productora 334', '2022-09-01 18:00:00', 'Calle de las flores número 334 puerta C');
INSERT INTO espectaculos VALUES ('espectaculo 335', 'teatro', '2010-02-17', 'productora 335', 'lista participantes 335', 1, '00:15:00', '00:15:00', '00:16:00');
INSERT INTO eventos VALUES ('espectaculo 335', 'teatro', '2010-02-17', 'productora 335', '2022-09-01 18:00:00', 'Calle de las flores número 335 puerta C','Abierto');
INSERT INTO eventos VALUES ('espectaculo 335', 'teatro', '2010-02-17', 'productora 335', '2020-09-01 03:00:00', 'Calle de las flores número 335 puerta C','Abierto');
INSERT INTO gradas VALUES ('grada 1', 'espectaculo 335', 'teatro', '2010-02-17', 'productora 335', '2022-09-01 18:00:00', 'Calle de las flores número 335 puerta C');
INSERT INTO gradas VALUES ('grada 2', 'espectaculo 335', 'teatro', '2010-02-17', 'productora 335', '2022-09-01 18:00:00', 'Calle de las flores número 335 puerta C');
INSERT INTO gradas VALUES ('grada 3', 'espectaculo 335', 'teatro', '2010-02-17', 'productora 335', '2022-09-01 18:00:00', 'Calle de las flores número 335 puerta C');
INSERT INTO espectaculos VALUES ('espectaculo 336', 'pelicula', '1990-06-06', 'productora 336', 'lista participantes 336', 1, '00:11:00', '00:36:00', '00:28:00');
INSERT INTO eventos VALUES ('espectaculo 336', 'pelicula', '1990-06-06', 'productora 336', '2022-09-01 18:00:00', 'Calle de las flores número 336 puerta C','Abierto');
INSERT INTO eventos VALUES ('espectaculo 336', 'pelicula', '1990-06-06', 'productora 336', '2020-09-01 03:00:00', 'Calle de las flores número 336 puerta C','Abierto');
INSERT INTO gradas VALUES ('grada 1', 'espectaculo 336', 'pelicula', '1990-06-06', 'productora 336', '2022-09-01 18:00:00', 'Calle de las flores número 336 puerta C');
INSERT INTO gradas VALUES ('grada 2', 'espectaculo 336', 'pelicula', '1990-06-06', 'productora 336', '2022-09-01 18:00:00', 'Calle de las flores número 336 puerta C');
INSERT INTO gradas VALUES ('grada 3', 'espectaculo 336', 'pelicula', '1990-06-06', 'productora 336', '2022-09-01 18:00:00', 'Calle de las flores número 336 puerta C');
INSERT INTO espectaculos VALUES ('espectaculo 337', 'deportivo', '2005-09-26', 'productora 337', 'lista participantes 337', 7, '00:17:00', '00:23:00', '00:27:00');
INSERT INTO eventos VALUES ('espectaculo 337', 'deportivo', '2005-09-26', 'productora 337', '2022-09-01 18:00:00', 'Calle de las flores número 337 puerta C','Abierto');
INSERT INTO eventos VALUES ('espectaculo 337', 'deportivo', '2005-09-26', 'productora 337', '2020-09-01 03:00:00', 'Calle de las flores número 337 puerta C','Abierto');
INSERT INTO gradas VALUES ('grada 1', 'espectaculo 337', 'deportivo', '2005-09-26', 'productora 337', '2022-09-01 18:00:00', 'Calle de las flores número 337 puerta C');
INSERT INTO gradas VALUES ('grada 2', 'espectaculo 337', 'deportivo', '2005-09-26', 'productora 337', '2022-09-01 18:00:00', 'Calle de las flores número 337 puerta C');
INSERT INTO gradas VALUES ('grada 3', 'espectaculo 337', 'deportivo', '2005-09-26', 'productora 337', '2022-09-01 18:00:00', 'Calle de las flores número 337 puerta C');
INSERT INTO espectaculos VALUES ('espectaculo 338', 'entrevista', '1991-01-22', 'productora 338', 'lista participantes 338', 4, '00:14:00', '00:38:00', '00:19:00');
INSERT INTO eventos VALUES ('espectaculo 338', 'entrevista', '1991-01-22', 'productora 338', '2022-09-01 18:00:00', 'Calle de las flores número 338 puerta C','Abierto');
INSERT INTO eventos VALUES ('espectaculo 338', 'entrevista', '1991-01-22', 'productora 338', '2020-09-01 03:00:00', 'Calle de las flores número 338 puerta C','Abierto');
INSERT INTO gradas VALUES ('grada 1', 'espectaculo 338', 'entrevista', '1991-01-22', 'productora 338', '2022-09-01 18:00:00', 'Calle de las flores número 338 puerta C');
INSERT INTO gradas VALUES ('grada 2', 'espectaculo 338', 'entrevista', '1991-01-22', 'productora 338', '2022-09-01 18:00:00', 'Calle de las flores número 338 puerta C');
INSERT INTO gradas VALUES ('grada 3', 'espectaculo 338', 'entrevista', '1991-01-22', 'productora 338', '2022-09-01 18:00:00', 'Calle de las flores número 338 puerta C');
INSERT INTO espectaculos VALUES ('espectaculo 339', 'concierto', '1985-07-01', 'productora 339', 'lista participantes 339', 6, '00:16:00', '00:55:00', '00:23:00');
INSERT INTO eventos VALUES ('espectaculo 339', 'concierto', '1985-07-01', 'productora 339', '2022-09-01 18:00:00', 'Calle de las flores número 339 puerta C','Abierto');
INSERT INTO eventos VALUES ('espectaculo 339', 'concierto', '1985-07-01', 'productora 339', '2020-09-01 03:00:00', 'Calle de las flores número 339 puerta C','Abierto');
INSERT INTO gradas VALUES ('grada 1', 'espectaculo 339', 'concierto', '1985-07-01', 'productora 339', '2022-09-01 18:00:00', 'Calle de las flores número 339 puerta C');
INSERT INTO gradas VALUES ('grada 2', 'espectaculo 339', 'concierto', '1985-07-01', 'productora 339', '2022-09-01 18:00:00', 'Calle de las flores número 339 puerta C');
INSERT INTO gradas VALUES ('grada 3', 'espectaculo 339', 'concierto', '1985-07-01', 'productora 339', '2022-09-01 18:00:00', 'Calle de las flores número 339 puerta C');
INSERT INTO espectaculos VALUES ('espectaculo 340', 'deportivo', '1994-04-15', 'productora 340', 'lista participantes 340', 4, '00:16:00', '00:19:00', '00:21:00');
INSERT INTO eventos VALUES ('espectaculo 340', 'deportivo', '1994-04-15', 'productora 340', '2022-09-01 18:00:00', 'Calle de las flores número 340 puerta C','Abierto');
INSERT INTO eventos VALUES ('espectaculo 340', 'deportivo', '1994-04-15', 'productora 340', '2020-09-01 03:00:00', 'Calle de las flores número 340 puerta C','Abierto');
INSERT INTO gradas VALUES ('grada 1', 'espectaculo 340', 'deportivo', '1994-04-15', 'productora 340', '2022-09-01 18:00:00', 'Calle de las flores número 340 puerta C');
INSERT INTO gradas VALUES ('grada 2', 'espectaculo 340', 'deportivo', '1994-04-15', 'productora 340', '2022-09-01 18:00:00', 'Calle de las flores número 340 puerta C');
INSERT INTO gradas VALUES ('grada 3', 'espectaculo 340', 'deportivo', '1994-04-15', 'productora 340', '2022-09-01 18:00:00', 'Calle de las flores número 340 puerta C');
INSERT INTO espectaculos VALUES ('espectaculo 341', 'entrevista', '1994-09-08', 'productora 341', 'lista participantes 341', 9, '00:10:00', '00:30:00', '00:21:00');
INSERT INTO eventos VALUES ('espectaculo 341', 'entrevista', '1994-09-08', 'productora 341', '2022-09-01 18:00:00', 'Calle de las flores número 341 puerta C','Abierto');
INSERT INTO eventos VALUES ('espectaculo 341', 'entrevista', '1994-09-08', 'productora 341', '2020-09-01 03:00:00', 'Calle de las flores número 341 puerta C','Abierto');
INSERT INTO gradas VALUES ('grada 1', 'espectaculo 341', 'entrevista', '1994-09-08', 'productora 341', '2022-09-01 18:00:00', 'Calle de las flores número 341 puerta C');
INSERT INTO gradas VALUES ('grada 2', 'espectaculo 341', 'entrevista', '1994-09-08', 'productora 341', '2022-09-01 18:00:00', 'Calle de las flores número 341 puerta C');
INSERT INTO gradas VALUES ('grada 3', 'espectaculo 341', 'entrevista', '1994-09-08', 'productora 341', '2022-09-01 18:00:00', 'Calle de las flores número 341 puerta C');
INSERT INTO espectaculos VALUES ('espectaculo 342', 'pelicula', '2015-04-05', 'productora 342', 'lista participantes 342', 2, '00:18:00', '00:23:00', '00:27:00');
INSERT INTO eventos VALUES ('espectaculo 342', 'pelicula', '2015-04-05', 'productora 342', '2022-09-01 18:00:00', 'Calle de las flores número 342 puerta C','Abierto');
INSERT INTO eventos VALUES ('espectaculo 342', 'pelicula', '2015-04-05', 'productora 342', '2020-09-01 03:00:00', 'Calle de las flores número 342 puerta C','Abierto');
INSERT INTO gradas VALUES ('grada 1', 'espectaculo 342', 'pelicula', '2015-04-05', 'productora 342', '2022-09-01 18:00:00', 'Calle de las flores número 342 puerta C');
INSERT INTO gradas VALUES ('grada 2', 'espectaculo 342', 'pelicula', '2015-04-05', 'productora 342', '2022-09-01 18:00:00', 'Calle de las flores número 342 puerta C');
INSERT INTO gradas VALUES ('grada 3', 'espectaculo 342', 'pelicula', '2015-04-05', 'productora 342', '2022-09-01 18:00:00', 'Calle de las flores número 342 puerta C');
INSERT INTO espectaculos VALUES ('espectaculo 343', 'teatro', '1990-06-18', 'productora 343', 'lista participantes 343', 3, '00:11:00', '00:29:00', '00:21:00');
INSERT INTO eventos VALUES ('espectaculo 343', 'teatro', '1990-06-18', 'productora 343', '2022-09-01 18:00:00', 'Calle de las flores número 343 puerta C','Abierto');
INSERT INTO eventos VALUES ('espectaculo 343', 'teatro', '1990-06-18', 'productora 343', '2020-09-01 03:00:00', 'Calle de las flores número 343 puerta C','Abierto');
INSERT INTO gradas VALUES ('grada 1', 'espectaculo 343', 'teatro', '1990-06-18', 'productora 343', '2022-09-01 18:00:00', 'Calle de las flores número 343 puerta C');
INSERT INTO gradas VALUES ('grada 2', 'espectaculo 343', 'teatro', '1990-06-18', 'productora 343', '2022-09-01 18:00:00', 'Calle de las flores número 343 puerta C');
INSERT INTO gradas VALUES ('grada 3', 'espectaculo 343', 'teatro', '1990-06-18', 'productora 343', '2022-09-01 18:00:00', 'Calle de las flores número 343 puerta C');
INSERT INTO espectaculos VALUES ('espectaculo 344', 'deportivo', '1999-01-23', 'productora 344', 'lista participantes 344', 2, '00:16:00', '00:58:00', '00:16:00');
INSERT INTO eventos VALUES ('espectaculo 344', 'deportivo', '1999-01-23', 'productora 344', '2022-09-01 18:00:00', 'Calle de las flores número 344 puerta C','Abierto');
INSERT INTO eventos VALUES ('espectaculo 344', 'deportivo', '1999-01-23', 'productora 344', '2020-09-01 03:00:00', 'Calle de las flores número 344 puerta C','Abierto');
INSERT INTO gradas VALUES ('grada 1', 'espectaculo 344', 'deportivo', '1999-01-23', 'productora 344', '2022-09-01 18:00:00', 'Calle de las flores número 344 puerta C');
INSERT INTO gradas VALUES ('grada 2', 'espectaculo 344', 'deportivo', '1999-01-23', 'productora 344', '2022-09-01 18:00:00', 'Calle de las flores número 344 puerta C');
INSERT INTO gradas VALUES ('grada 3', 'espectaculo 344', 'deportivo', '1999-01-23', 'productora 344', '2022-09-01 18:00:00', 'Calle de las flores número 344 puerta C');
INSERT INTO espectaculos VALUES ('espectaculo 345', 'entrevista', '2009-10-22', 'productora 345', 'lista participantes 345', 9, '00:18:00', '00:44:00', '00:27:00');
INSERT INTO eventos VALUES ('espectaculo 345', 'entrevista', '2009-10-22', 'productora 345', '2022-09-01 18:00:00', 'Calle de las flores número 345 puerta C','Abierto');
INSERT INTO eventos VALUES ('espectaculo 345', 'entrevista', '2009-10-22', 'productora 345', '2020-09-01 03:00:00', 'Calle de las flores número 345 puerta C','Abierto');
INSERT INTO gradas VALUES ('grada 1', 'espectaculo 345', 'entrevista', '2009-10-22', 'productora 345', '2022-09-01 18:00:00', 'Calle de las flores número 345 puerta C');
INSERT INTO gradas VALUES ('grada 2', 'espectaculo 345', 'entrevista', '2009-10-22', 'productora 345', '2022-09-01 18:00:00', 'Calle de las flores número 345 puerta C');
INSERT INTO gradas VALUES ('grada 3', 'espectaculo 345', 'entrevista', '2009-10-22', 'productora 345', '2022-09-01 18:00:00', 'Calle de las flores número 345 puerta C');
INSERT INTO espectaculos VALUES ('espectaculo 346', 'teatro', '2000-02-22', 'productora 346', 'lista participantes 346', 9, '00:12:00', '00:28:00', '00:19:00');
INSERT INTO eventos VALUES ('espectaculo 346', 'teatro', '2000-02-22', 'productora 346', '2022-09-01 18:00:00', 'Calle de las flores número 346 puerta C','Abierto');
INSERT INTO eventos VALUES ('espectaculo 346', 'teatro', '2000-02-22', 'productora 346', '2020-09-01 03:00:00', 'Calle de las flores número 346 puerta C','Abierto');
INSERT INTO gradas VALUES ('grada 1', 'espectaculo 346', 'teatro', '2000-02-22', 'productora 346', '2022-09-01 18:00:00', 'Calle de las flores número 346 puerta C');
INSERT INTO gradas VALUES ('grada 2', 'espectaculo 346', 'teatro', '2000-02-22', 'productora 346', '2022-09-01 18:00:00', 'Calle de las flores número 346 puerta C');
INSERT INTO gradas VALUES ('grada 3', 'espectaculo 346', 'teatro', '2000-02-22', 'productora 346', '2022-09-01 18:00:00', 'Calle de las flores número 346 puerta C');
INSERT INTO espectaculos VALUES ('espectaculo 347', 'teatro', '2006-04-04', 'productora 347', 'lista participantes 347', 8, '00:15:00', '00:29:00', '00:27:00');
INSERT INTO eventos VALUES ('espectaculo 347', 'teatro', '2006-04-04', 'productora 347', '2022-09-01 18:00:00', 'Calle de las flores número 347 puerta C','Abierto');
INSERT INTO eventos VALUES ('espectaculo 347', 'teatro', '2006-04-04', 'productora 347', '2020-09-01 03:00:00', 'Calle de las flores número 347 puerta C','Abierto');
INSERT INTO gradas VALUES ('grada 1', 'espectaculo 347', 'teatro', '2006-04-04', 'productora 347', '2022-09-01 18:00:00', 'Calle de las flores número 347 puerta C');
INSERT INTO gradas VALUES ('grada 2', 'espectaculo 347', 'teatro', '2006-04-04', 'productora 347', '2022-09-01 18:00:00', 'Calle de las flores número 347 puerta C');
INSERT INTO gradas VALUES ('grada 3', 'espectaculo 347', 'teatro', '2006-04-04', 'productora 347', '2022-09-01 18:00:00', 'Calle de las flores número 347 puerta C');
INSERT INTO espectaculos VALUES ('espectaculo 348', 'teatro', '1991-11-06', 'productora 348', 'lista participantes 348', 8, '00:17:00', '00:53:00', '00:23:00');
INSERT INTO eventos VALUES ('espectaculo 348', 'teatro', '1991-11-06', 'productora 348', '2022-09-01 18:00:00', 'Calle de las flores número 348 puerta C','Abierto');
INSERT INTO eventos VALUES ('espectaculo 348', 'teatro', '1991-11-06', 'productora 348', '2020-09-01 03:00:00', 'Calle de las flores número 348 puerta C','Abierto');
INSERT INTO gradas VALUES ('grada 1', 'espectaculo 348', 'teatro', '1991-11-06', 'productora 348', '2022-09-01 18:00:00', 'Calle de las flores número 348 puerta C');
INSERT INTO gradas VALUES ('grada 2', 'espectaculo 348', 'teatro', '1991-11-06', 'productora 348', '2022-09-01 18:00:00', 'Calle de las flores número 348 puerta C');
INSERT INTO gradas VALUES ('grada 3', 'espectaculo 348', 'teatro', '1991-11-06', 'productora 348', '2022-09-01 18:00:00', 'Calle de las flores número 348 puerta C');
INSERT INTO espectaculos VALUES ('espectaculo 349', 'concierto', '1994-03-17', 'productora 349', 'lista participantes 349', 5, '00:17:00', '00:38:00', '00:22:00');
INSERT INTO eventos VALUES ('espectaculo 349', 'concierto', '1994-03-17', 'productora 349', '2022-09-01 18:00:00', 'Calle de las flores número 349 puerta C','Abierto');
INSERT INTO eventos VALUES ('espectaculo 349', 'concierto', '1994-03-17', 'productora 349', '2020-09-01 03:00:00', 'Calle de las flores número 349 puerta C','Abierto');
INSERT INTO gradas VALUES ('grada 1', 'espectaculo 349', 'concierto', '1994-03-17', 'productora 349', '2022-09-01 18:00:00', 'Calle de las flores número 349 puerta C');
INSERT INTO gradas VALUES ('grada 2', 'espectaculo 349', 'concierto', '1994-03-17', 'productora 349', '2022-09-01 18:00:00', 'Calle de las flores número 349 puerta C');
INSERT INTO gradas VALUES ('grada 3', 'espectaculo 349', 'concierto', '1994-03-17', 'productora 349', '2022-09-01 18:00:00', 'Calle de las flores número 349 puerta C');
INSERT INTO espectaculos VALUES ('espectaculo 350', 'teatro', '1987-03-03', 'productora 350', 'lista participantes 350', 4, '00:15:00', '00:17:00', '00:28:00');
INSERT INTO eventos VALUES ('espectaculo 350', 'teatro', '1987-03-03', 'productora 350', '2022-09-01 18:00:00', 'Calle de las flores número 350 puerta C','Abierto');
INSERT INTO eventos VALUES ('espectaculo 350', 'teatro', '1987-03-03', 'productora 350', '2020-09-01 03:00:00', 'Calle de las flores número 350 puerta C','Abierto');
INSERT INTO gradas VALUES ('grada 1', 'espectaculo 350', 'teatro', '1987-03-03', 'productora 350', '2022-09-01 18:00:00', 'Calle de las flores número 350 puerta C');
INSERT INTO gradas VALUES ('grada 2', 'espectaculo 350', 'teatro', '1987-03-03', 'productora 350', '2022-09-01 18:00:00', 'Calle de las flores número 350 puerta C');
INSERT INTO gradas VALUES ('grada 3', 'espectaculo 350', 'teatro', '1987-03-03', 'productora 350', '2022-09-01 18:00:00', 'Calle de las flores número 350 puerta C');
INSERT INTO espectaculos VALUES ('espectaculo 351', 'deportivo', '2002-08-22', 'productora 351', 'lista participantes 351', 8, '00:13:00', '00:59:00', '00:22:00');
INSERT INTO eventos VALUES ('espectaculo 351', 'deportivo', '2002-08-22', 'productora 351', '2022-09-01 18:00:00', 'Calle de las flores número 351 puerta C','Abierto');
INSERT INTO eventos VALUES ('espectaculo 351', 'deportivo', '2002-08-22', 'productora 351', '2020-09-01 03:00:00', 'Calle de las flores número 351 puerta C','Abierto');
INSERT INTO gradas VALUES ('grada 1', 'espectaculo 351', 'deportivo', '2002-08-22', 'productora 351', '2022-09-01 18:00:00', 'Calle de las flores número 351 puerta C');
INSERT INTO gradas VALUES ('grada 2', 'espectaculo 351', 'deportivo', '2002-08-22', 'productora 351', '2022-09-01 18:00:00', 'Calle de las flores número 351 puerta C');
INSERT INTO gradas VALUES ('grada 3', 'espectaculo 351', 'deportivo', '2002-08-22', 'productora 351', '2022-09-01 18:00:00', 'Calle de las flores número 351 puerta C');
INSERT INTO espectaculos VALUES ('espectaculo 352', 'teatro', '1990-03-06', 'productora 352', 'lista participantes 352', 9, '00:13:00', '00:32:00', '00:24:00');
INSERT INTO eventos VALUES ('espectaculo 352', 'teatro', '1990-03-06', 'productora 352', '2022-09-01 18:00:00', 'Calle de las flores número 352 puerta C','Abierto');
INSERT INTO eventos VALUES ('espectaculo 352', 'teatro', '1990-03-06', 'productora 352', '2020-09-01 03:00:00', 'Calle de las flores número 352 puerta C','Abierto');
INSERT INTO gradas VALUES ('grada 1', 'espectaculo 352', 'teatro', '1990-03-06', 'productora 352', '2022-09-01 18:00:00', 'Calle de las flores número 352 puerta C');
INSERT INTO gradas VALUES ('grada 2', 'espectaculo 352', 'teatro', '1990-03-06', 'productora 352', '2022-09-01 18:00:00', 'Calle de las flores número 352 puerta C');
INSERT INTO gradas VALUES ('grada 3', 'espectaculo 352', 'teatro', '1990-03-06', 'productora 352', '2022-09-01 18:00:00', 'Calle de las flores número 352 puerta C');
INSERT INTO espectaculos VALUES ('espectaculo 353', 'concierto', '1997-01-24', 'productora 353', 'lista participantes 353', 1, '00:12:00', '00:52:00', '00:15:00');
INSERT INTO eventos VALUES ('espectaculo 353', 'concierto', '1997-01-24', 'productora 353', '2022-09-01 18:00:00', 'Calle de las flores número 353 puerta C','Abierto');
INSERT INTO eventos VALUES ('espectaculo 353', 'concierto', '1997-01-24', 'productora 353', '2020-09-01 03:00:00', 'Calle de las flores número 353 puerta C','Abierto');
INSERT INTO gradas VALUES ('grada 1', 'espectaculo 353', 'concierto', '1997-01-24', 'productora 353', '2022-09-01 18:00:00', 'Calle de las flores número 353 puerta C');
INSERT INTO gradas VALUES ('grada 2', 'espectaculo 353', 'concierto', '1997-01-24', 'productora 353', '2022-09-01 18:00:00', 'Calle de las flores número 353 puerta C');
INSERT INTO gradas VALUES ('grada 3', 'espectaculo 353', 'concierto', '1997-01-24', 'productora 353', '2022-09-01 18:00:00', 'Calle de las flores número 353 puerta C');
INSERT INTO espectaculos VALUES ('espectaculo 354', 'deportivo', '1986-01-15', 'productora 354', 'lista participantes 354', 6, '00:10:00', '00:31:00', '00:23:00');
INSERT INTO eventos VALUES ('espectaculo 354', 'deportivo', '1986-01-15', 'productora 354', '2022-09-01 18:00:00', 'Calle de las flores número 354 puerta C','Abierto');
INSERT INTO eventos VALUES ('espectaculo 354', 'deportivo', '1986-01-15', 'productora 354', '2020-09-01 03:00:00', 'Calle de las flores número 354 puerta C','Abierto');
INSERT INTO gradas VALUES ('grada 1', 'espectaculo 354', 'deportivo', '1986-01-15', 'productora 354', '2022-09-01 18:00:00', 'Calle de las flores número 354 puerta C');
INSERT INTO gradas VALUES ('grada 2', 'espectaculo 354', 'deportivo', '1986-01-15', 'productora 354', '2022-09-01 18:00:00', 'Calle de las flores número 354 puerta C');
INSERT INTO gradas VALUES ('grada 3', 'espectaculo 354', 'deportivo', '1986-01-15', 'productora 354', '2022-09-01 18:00:00', 'Calle de las flores número 354 puerta C');
INSERT INTO espectaculos VALUES ('espectaculo 355', 'deportivo', '1993-10-21', 'productora 355', 'lista participantes 355', 7, '00:17:00', '00:30:00', '00:28:00');
INSERT INTO eventos VALUES ('espectaculo 355', 'deportivo', '1993-10-21', 'productora 355', '2022-09-01 18:00:00', 'Calle de las flores número 355 puerta C','Abierto');
INSERT INTO eventos VALUES ('espectaculo 355', 'deportivo', '1993-10-21', 'productora 355', '2020-09-01 03:00:00', 'Calle de las flores número 355 puerta C','Abierto');
INSERT INTO gradas VALUES ('grada 1', 'espectaculo 355', 'deportivo', '1993-10-21', 'productora 355', '2022-09-01 18:00:00', 'Calle de las flores número 355 puerta C');
INSERT INTO gradas VALUES ('grada 2', 'espectaculo 355', 'deportivo', '1993-10-21', 'productora 355', '2022-09-01 18:00:00', 'Calle de las flores número 355 puerta C');
INSERT INTO gradas VALUES ('grada 3', 'espectaculo 355', 'deportivo', '1993-10-21', 'productora 355', '2022-09-01 18:00:00', 'Calle de las flores número 355 puerta C');
INSERT INTO espectaculos VALUES ('espectaculo 356', 'pelicula', '1990-06-10', 'productora 356', 'lista participantes 356', 1, '00:12:00', '00:40:00', '00:26:00');
INSERT INTO eventos VALUES ('espectaculo 356', 'pelicula', '1990-06-10', 'productora 356', '2022-09-01 18:00:00', 'Calle de las flores número 356 puerta C','Abierto');
INSERT INTO eventos VALUES ('espectaculo 356', 'pelicula', '1990-06-10', 'productora 356', '2020-09-01 03:00:00', 'Calle de las flores número 356 puerta C','Abierto');
INSERT INTO gradas VALUES ('grada 1', 'espectaculo 356', 'pelicula', '1990-06-10', 'productora 356', '2022-09-01 18:00:00', 'Calle de las flores número 356 puerta C');
INSERT INTO gradas VALUES ('grada 2', 'espectaculo 356', 'pelicula', '1990-06-10', 'productora 356', '2022-09-01 18:00:00', 'Calle de las flores número 356 puerta C');
INSERT INTO gradas VALUES ('grada 3', 'espectaculo 356', 'pelicula', '1990-06-10', 'productora 356', '2022-09-01 18:00:00', 'Calle de las flores número 356 puerta C');
INSERT INTO espectaculos VALUES ('espectaculo 357', 'deportivo', '2016-02-25', 'productora 357', 'lista participantes 357', 4, '00:18:00', '00:49:00', '00:19:00');
INSERT INTO eventos VALUES ('espectaculo 357', 'deportivo', '2016-02-25', 'productora 357', '2022-09-01 18:00:00', 'Calle de las flores número 357 puerta C','Abierto');
INSERT INTO eventos VALUES ('espectaculo 357', 'deportivo', '2016-02-25', 'productora 357', '2020-09-01 03:00:00', 'Calle de las flores número 357 puerta C','Abierto');
INSERT INTO gradas VALUES ('grada 1', 'espectaculo 357', 'deportivo', '2016-02-25', 'productora 357', '2022-09-01 18:00:00', 'Calle de las flores número 357 puerta C');
INSERT INTO gradas VALUES ('grada 2', 'espectaculo 357', 'deportivo', '2016-02-25', 'productora 357', '2022-09-01 18:00:00', 'Calle de las flores número 357 puerta C');
INSERT INTO gradas VALUES ('grada 3', 'espectaculo 357', 'deportivo', '2016-02-25', 'productora 357', '2022-09-01 18:00:00', 'Calle de las flores número 357 puerta C');
INSERT INTO espectaculos VALUES ('espectaculo 358', 'deportivo', '2018-02-01', 'productora 358', 'lista participantes 358', 3, '00:10:00', '00:49:00', '00:17:00');
INSERT INTO eventos VALUES ('espectaculo 358', 'deportivo', '2018-02-01', 'productora 358', '2022-09-01 18:00:00', 'Calle de las flores número 358 puerta C','Abierto');
INSERT INTO eventos VALUES ('espectaculo 358', 'deportivo', '2018-02-01', 'productora 358', '2020-09-01 03:00:00', 'Calle de las flores número 358 puerta C','Abierto');
INSERT INTO gradas VALUES ('grada 1', 'espectaculo 358', 'deportivo', '2018-02-01', 'productora 358', '2022-09-01 18:00:00', 'Calle de las flores número 358 puerta C');
INSERT INTO gradas VALUES ('grada 2', 'espectaculo 358', 'deportivo', '2018-02-01', 'productora 358', '2022-09-01 18:00:00', 'Calle de las flores número 358 puerta C');
INSERT INTO gradas VALUES ('grada 3', 'espectaculo 358', 'deportivo', '2018-02-01', 'productora 358', '2022-09-01 18:00:00', 'Calle de las flores número 358 puerta C');
INSERT INTO espectaculos VALUES ('espectaculo 359', 'deportivo', '2002-11-22', 'productora 359', 'lista participantes 359', 6, '00:18:00', '00:33:00', '00:29:00');
INSERT INTO eventos VALUES ('espectaculo 359', 'deportivo', '2002-11-22', 'productora 359', '2022-09-01 18:00:00', 'Calle de las flores número 359 puerta C','Abierto');
INSERT INTO eventos VALUES ('espectaculo 359', 'deportivo', '2002-11-22', 'productora 359', '2020-09-01 03:00:00', 'Calle de las flores número 359 puerta C','Abierto');
INSERT INTO gradas VALUES ('grada 1', 'espectaculo 359', 'deportivo', '2002-11-22', 'productora 359', '2022-09-01 18:00:00', 'Calle de las flores número 359 puerta C');
INSERT INTO gradas VALUES ('grada 2', 'espectaculo 359', 'deportivo', '2002-11-22', 'productora 359', '2022-09-01 18:00:00', 'Calle de las flores número 359 puerta C');
INSERT INTO gradas VALUES ('grada 3', 'espectaculo 359', 'deportivo', '2002-11-22', 'productora 359', '2022-09-01 18:00:00', 'Calle de las flores número 359 puerta C');
INSERT INTO espectaculos VALUES ('espectaculo 360', 'deportivo', '1992-03-20', 'productora 360', 'lista participantes 360', 9, '00:15:00', '00:22:00', '00:20:00');
INSERT INTO eventos VALUES ('espectaculo 360', 'deportivo', '1992-03-20', 'productora 360', '2022-09-01 18:00:00', 'Calle de las flores número 360 puerta C','Abierto');
INSERT INTO eventos VALUES ('espectaculo 360', 'deportivo', '1992-03-20', 'productora 360', '2020-09-01 03:00:00', 'Calle de las flores número 360 puerta C','Abierto');
INSERT INTO gradas VALUES ('grada 1', 'espectaculo 360', 'deportivo', '1992-03-20', 'productora 360', '2022-09-01 18:00:00', 'Calle de las flores número 360 puerta C');
INSERT INTO gradas VALUES ('grada 2', 'espectaculo 360', 'deportivo', '1992-03-20', 'productora 360', '2022-09-01 18:00:00', 'Calle de las flores número 360 puerta C');
INSERT INTO gradas VALUES ('grada 3', 'espectaculo 360', 'deportivo', '1992-03-20', 'productora 360', '2022-09-01 18:00:00', 'Calle de las flores número 360 puerta C');
INSERT INTO espectaculos VALUES ('espectaculo 361', 'pelicula', '1991-02-02', 'productora 361', 'lista participantes 361', 8, '00:17:00', '00:28:00', '00:18:00');
INSERT INTO eventos VALUES ('espectaculo 361', 'pelicula', '1991-02-02', 'productora 361', '2022-09-01 18:00:00', 'Calle de las flores número 361 puerta C','Abierto');
INSERT INTO eventos VALUES ('espectaculo 361', 'pelicula', '1991-02-02', 'productora 361', '2020-09-01 03:00:00', 'Calle de las flores número 361 puerta C','Abierto');
INSERT INTO gradas VALUES ('grada 1', 'espectaculo 361', 'pelicula', '1991-02-02', 'productora 361', '2022-09-01 18:00:00', 'Calle de las flores número 361 puerta C');
INSERT INTO gradas VALUES ('grada 2', 'espectaculo 361', 'pelicula', '1991-02-02', 'productora 361', '2022-09-01 18:00:00', 'Calle de las flores número 361 puerta C');
INSERT INTO gradas VALUES ('grada 3', 'espectaculo 361', 'pelicula', '1991-02-02', 'productora 361', '2022-09-01 18:00:00', 'Calle de las flores número 361 puerta C');
INSERT INTO espectaculos VALUES ('espectaculo 362', 'concierto', '1985-06-09', 'productora 362', 'lista participantes 362', 2, '00:15:00', '00:37:00', '00:23:00');
INSERT INTO eventos VALUES ('espectaculo 362', 'concierto', '1985-06-09', 'productora 362', '2022-09-01 18:00:00', 'Calle de las flores número 362 puerta C','Abierto');
INSERT INTO eventos VALUES ('espectaculo 362', 'concierto', '1985-06-09', 'productora 362', '2020-09-01 03:00:00', 'Calle de las flores número 362 puerta C','Abierto');
INSERT INTO gradas VALUES ('grada 1', 'espectaculo 362', 'concierto', '1985-06-09', 'productora 362', '2022-09-01 18:00:00', 'Calle de las flores número 362 puerta C');
INSERT INTO gradas VALUES ('grada 2', 'espectaculo 362', 'concierto', '1985-06-09', 'productora 362', '2022-09-01 18:00:00', 'Calle de las flores número 362 puerta C');
INSERT INTO gradas VALUES ('grada 3', 'espectaculo 362', 'concierto', '1985-06-09', 'productora 362', '2022-09-01 18:00:00', 'Calle de las flores número 362 puerta C');
INSERT INTO espectaculos VALUES ('espectaculo 363', 'teatro', '2017-07-17', 'productora 363', 'lista participantes 363', 6, '00:13:00', '00:57:00', '00:24:00');
INSERT INTO eventos VALUES ('espectaculo 363', 'teatro', '2017-07-17', 'productora 363', '2022-09-01 18:00:00', 'Calle de las flores número 363 puerta C','Abierto');
INSERT INTO eventos VALUES ('espectaculo 363', 'teatro', '2017-07-17', 'productora 363', '2020-09-01 03:00:00', 'Calle de las flores número 363 puerta C','Abierto');
INSERT INTO gradas VALUES ('grada 1', 'espectaculo 363', 'teatro', '2017-07-17', 'productora 363', '2022-09-01 18:00:00', 'Calle de las flores número 363 puerta C');
INSERT INTO gradas VALUES ('grada 2', 'espectaculo 363', 'teatro', '2017-07-17', 'productora 363', '2022-09-01 18:00:00', 'Calle de las flores número 363 puerta C');
INSERT INTO gradas VALUES ('grada 3', 'espectaculo 363', 'teatro', '2017-07-17', 'productora 363', '2022-09-01 18:00:00', 'Calle de las flores número 363 puerta C');
INSERT INTO espectaculos VALUES ('espectaculo 364', 'entrevista', '1988-10-14', 'productora 364', 'lista participantes 364', 9, '00:11:00', '00:47:00', '00:24:00');
INSERT INTO eventos VALUES ('espectaculo 364', 'entrevista', '1988-10-14', 'productora 364', '2022-09-01 18:00:00', 'Calle de las flores número 364 puerta C','Abierto');
INSERT INTO eventos VALUES ('espectaculo 364', 'entrevista', '1988-10-14', 'productora 364', '2020-09-01 03:00:00', 'Calle de las flores número 364 puerta C','Abierto');
INSERT INTO gradas VALUES ('grada 1', 'espectaculo 364', 'entrevista', '1988-10-14', 'productora 364', '2022-09-01 18:00:00', 'Calle de las flores número 364 puerta C');
INSERT INTO gradas VALUES ('grada 2', 'espectaculo 364', 'entrevista', '1988-10-14', 'productora 364', '2022-09-01 18:00:00', 'Calle de las flores número 364 puerta C');
INSERT INTO gradas VALUES ('grada 3', 'espectaculo 364', 'entrevista', '1988-10-14', 'productora 364', '2022-09-01 18:00:00', 'Calle de las flores número 364 puerta C');
INSERT INTO espectaculos VALUES ('espectaculo 365', 'teatro', '2009-05-02', 'productora 365', 'lista participantes 365', 7, '00:14:00', '00:31:00', '00:17:00');
INSERT INTO eventos VALUES ('espectaculo 365', 'teatro', '2009-05-02', 'productora 365', '2022-09-01 18:00:00', 'Calle de las flores número 365 puerta C','Abierto');
INSERT INTO eventos VALUES ('espectaculo 365', 'teatro', '2009-05-02', 'productora 365', '2020-09-01 03:00:00', 'Calle de las flores número 365 puerta C','Abierto');
INSERT INTO gradas VALUES ('grada 1', 'espectaculo 365', 'teatro', '2009-05-02', 'productora 365', '2022-09-01 18:00:00', 'Calle de las flores número 365 puerta C');
INSERT INTO gradas VALUES ('grada 2', 'espectaculo 365', 'teatro', '2009-05-02', 'productora 365', '2022-09-01 18:00:00', 'Calle de las flores número 365 puerta C');
INSERT INTO gradas VALUES ('grada 3', 'espectaculo 365', 'teatro', '2009-05-02', 'productora 365', '2022-09-01 18:00:00', 'Calle de las flores número 365 puerta C');
INSERT INTO espectaculos VALUES ('espectaculo 366', 'pelicula', '1985-09-25', 'productora 366', 'lista participantes 366', 4, '00:14:00', '00:36:00', '00:25:00');
INSERT INTO eventos VALUES ('espectaculo 366', 'pelicula', '1985-09-25', 'productora 366', '2022-09-01 18:00:00', 'Calle de las flores número 366 puerta C','Abierto');
INSERT INTO eventos VALUES ('espectaculo 366', 'pelicula', '1985-09-25', 'productora 366', '2020-09-01 03:00:00', 'Calle de las flores número 366 puerta C','Abierto');
INSERT INTO gradas VALUES ('grada 1', 'espectaculo 366', 'pelicula', '1985-09-25', 'productora 366', '2022-09-01 18:00:00', 'Calle de las flores número 366 puerta C');
INSERT INTO gradas VALUES ('grada 2', 'espectaculo 366', 'pelicula', '1985-09-25', 'productora 366', '2022-09-01 18:00:00', 'Calle de las flores número 366 puerta C');
INSERT INTO gradas VALUES ('grada 3', 'espectaculo 366', 'pelicula', '1985-09-25', 'productora 366', '2022-09-01 18:00:00', 'Calle de las flores número 366 puerta C');
INSERT INTO espectaculos VALUES ('espectaculo 367', 'entrevista', '2007-06-10', 'productora 367', 'lista participantes 367', 5, '00:13:00', '00:32:00', '00:17:00');
INSERT INTO eventos VALUES ('espectaculo 367', 'entrevista', '2007-06-10', 'productora 367', '2022-09-01 18:00:00', 'Calle de las flores número 367 puerta C','Abierto');
INSERT INTO eventos VALUES ('espectaculo 367', 'entrevista', '2007-06-10', 'productora 367', '2020-09-01 03:00:00', 'Calle de las flores número 367 puerta C','Abierto');
INSERT INTO gradas VALUES ('grada 1', 'espectaculo 367', 'entrevista', '2007-06-10', 'productora 367', '2022-09-01 18:00:00', 'Calle de las flores número 367 puerta C');
INSERT INTO gradas VALUES ('grada 2', 'espectaculo 367', 'entrevista', '2007-06-10', 'productora 367', '2022-09-01 18:00:00', 'Calle de las flores número 367 puerta C');
INSERT INTO gradas VALUES ('grada 3', 'espectaculo 367', 'entrevista', '2007-06-10', 'productora 367', '2022-09-01 18:00:00', 'Calle de las flores número 367 puerta C');
INSERT INTO espectaculos VALUES ('espectaculo 368', 'teatro', '1997-11-09', 'productora 368', 'lista participantes 368', 4, '00:18:00', '00:28:00', '00:16:00');
INSERT INTO eventos VALUES ('espectaculo 368', 'teatro', '1997-11-09', 'productora 368', '2022-09-01 18:00:00', 'Calle de las flores número 368 puerta C','Abierto');
INSERT INTO eventos VALUES ('espectaculo 368', 'teatro', '1997-11-09', 'productora 368', '2020-09-01 03:00:00', 'Calle de las flores número 368 puerta C','Abierto');
INSERT INTO gradas VALUES ('grada 1', 'espectaculo 368', 'teatro', '1997-11-09', 'productora 368', '2022-09-01 18:00:00', 'Calle de las flores número 368 puerta C');
INSERT INTO gradas VALUES ('grada 2', 'espectaculo 368', 'teatro', '1997-11-09', 'productora 368', '2022-09-01 18:00:00', 'Calle de las flores número 368 puerta C');
INSERT INTO gradas VALUES ('grada 3', 'espectaculo 368', 'teatro', '1997-11-09', 'productora 368', '2022-09-01 18:00:00', 'Calle de las flores número 368 puerta C');
INSERT INTO espectaculos VALUES ('espectaculo 369', 'teatro', '2006-05-06', 'productora 369', 'lista participantes 369', 4, '00:14:00', '00:57:00', '00:16:00');
INSERT INTO eventos VALUES ('espectaculo 369', 'teatro', '2006-05-06', 'productora 369', '2022-09-01 18:00:00', 'Calle de las flores número 369 puerta C','Abierto');
INSERT INTO eventos VALUES ('espectaculo 369', 'teatro', '2006-05-06', 'productora 369', '2020-09-01 03:00:00', 'Calle de las flores número 369 puerta C','Abierto');
INSERT INTO gradas VALUES ('grada 1', 'espectaculo 369', 'teatro', '2006-05-06', 'productora 369', '2022-09-01 18:00:00', 'Calle de las flores número 369 puerta C');
INSERT INTO gradas VALUES ('grada 2', 'espectaculo 369', 'teatro', '2006-05-06', 'productora 369', '2022-09-01 18:00:00', 'Calle de las flores número 369 puerta C');
INSERT INTO gradas VALUES ('grada 3', 'espectaculo 369', 'teatro', '2006-05-06', 'productora 369', '2022-09-01 18:00:00', 'Calle de las flores número 369 puerta C');
INSERT INTO espectaculos VALUES ('espectaculo 370', 'deportivo', '2015-04-22', 'productora 370', 'lista participantes 370', 6, '00:10:00', '00:27:00', '00:21:00');
INSERT INTO eventos VALUES ('espectaculo 370', 'deportivo', '2015-04-22', 'productora 370', '2022-09-01 18:00:00', 'Calle de las flores número 370 puerta C','Abierto');
INSERT INTO eventos VALUES ('espectaculo 370', 'deportivo', '2015-04-22', 'productora 370', '2020-09-01 03:00:00', 'Calle de las flores número 370 puerta C','Abierto');
INSERT INTO gradas VALUES ('grada 1', 'espectaculo 370', 'deportivo', '2015-04-22', 'productora 370', '2022-09-01 18:00:00', 'Calle de las flores número 370 puerta C');
INSERT INTO gradas VALUES ('grada 2', 'espectaculo 370', 'deportivo', '2015-04-22', 'productora 370', '2022-09-01 18:00:00', 'Calle de las flores número 370 puerta C');
INSERT INTO gradas VALUES ('grada 3', 'espectaculo 370', 'deportivo', '2015-04-22', 'productora 370', '2022-09-01 18:00:00', 'Calle de las flores número 370 puerta C');
INSERT INTO espectaculos VALUES ('espectaculo 371', 'concierto', '2011-09-20', 'productora 371', 'lista participantes 371', 4, '00:12:00', '00:28:00', '00:22:00');
INSERT INTO eventos VALUES ('espectaculo 371', 'concierto', '2011-09-20', 'productora 371', '2022-09-01 18:00:00', 'Calle de las flores número 371 puerta C','Abierto');
INSERT INTO eventos VALUES ('espectaculo 371', 'concierto', '2011-09-20', 'productora 371', '2020-09-01 03:00:00', 'Calle de las flores número 371 puerta C','Abierto');
INSERT INTO gradas VALUES ('grada 1', 'espectaculo 371', 'concierto', '2011-09-20', 'productora 371', '2022-09-01 18:00:00', 'Calle de las flores número 371 puerta C');
INSERT INTO gradas VALUES ('grada 2', 'espectaculo 371', 'concierto', '2011-09-20', 'productora 371', '2022-09-01 18:00:00', 'Calle de las flores número 371 puerta C');
INSERT INTO gradas VALUES ('grada 3', 'espectaculo 371', 'concierto', '2011-09-20', 'productora 371', '2022-09-01 18:00:00', 'Calle de las flores número 371 puerta C');
INSERT INTO espectaculos VALUES ('espectaculo 372', 'concierto', '2005-07-27', 'productora 372', 'lista participantes 372', 2, '00:12:00', '00:22:00', '00:24:00');
INSERT INTO eventos VALUES ('espectaculo 372', 'concierto', '2005-07-27', 'productora 372', '2022-09-01 18:00:00', 'Calle de las flores número 372 puerta C','Abierto');
INSERT INTO eventos VALUES ('espectaculo 372', 'concierto', '2005-07-27', 'productora 372', '2020-09-01 03:00:00', 'Calle de las flores número 372 puerta C','Abierto');
INSERT INTO gradas VALUES ('grada 1', 'espectaculo 372', 'concierto', '2005-07-27', 'productora 372', '2022-09-01 18:00:00', 'Calle de las flores número 372 puerta C');
INSERT INTO gradas VALUES ('grada 2', 'espectaculo 372', 'concierto', '2005-07-27', 'productora 372', '2022-09-01 18:00:00', 'Calle de las flores número 372 puerta C');
INSERT INTO gradas VALUES ('grada 3', 'espectaculo 372', 'concierto', '2005-07-27', 'productora 372', '2022-09-01 18:00:00', 'Calle de las flores número 372 puerta C');
INSERT INTO espectaculos VALUES ('espectaculo 373', 'concierto', '2000-07-25', 'productora 373', 'lista participantes 373', 6, '00:10:00', '00:16:00', '00:15:00');
INSERT INTO eventos VALUES ('espectaculo 373', 'concierto', '2000-07-25', 'productora 373', '2022-09-01 18:00:00', 'Calle de las flores número 373 puerta C','Abierto');
INSERT INTO eventos VALUES ('espectaculo 373', 'concierto', '2000-07-25', 'productora 373', '2020-09-01 03:00:00', 'Calle de las flores número 373 puerta C','Abierto');
INSERT INTO gradas VALUES ('grada 1', 'espectaculo 373', 'concierto', '2000-07-25', 'productora 373', '2022-09-01 18:00:00', 'Calle de las flores número 373 puerta C');
INSERT INTO gradas VALUES ('grada 2', 'espectaculo 373', 'concierto', '2000-07-25', 'productora 373', '2022-09-01 18:00:00', 'Calle de las flores número 373 puerta C');
INSERT INTO gradas VALUES ('grada 3', 'espectaculo 373', 'concierto', '2000-07-25', 'productora 373', '2022-09-01 18:00:00', 'Calle de las flores número 373 puerta C');
INSERT INTO espectaculos VALUES ('espectaculo 374', 'pelicula', '1988-08-04', 'productora 374', 'lista participantes 374', 2, '00:10:00', '00:47:00', '00:17:00');
INSERT INTO eventos VALUES ('espectaculo 374', 'pelicula', '1988-08-04', 'productora 374', '2022-09-01 18:00:00', 'Calle de las flores número 374 puerta C','Abierto');
INSERT INTO eventos VALUES ('espectaculo 374', 'pelicula', '1988-08-04', 'productora 374', '2020-09-01 03:00:00', 'Calle de las flores número 374 puerta C','Abierto');
INSERT INTO gradas VALUES ('grada 1', 'espectaculo 374', 'pelicula', '1988-08-04', 'productora 374', '2022-09-01 18:00:00', 'Calle de las flores número 374 puerta C');
INSERT INTO gradas VALUES ('grada 2', 'espectaculo 374', 'pelicula', '1988-08-04', 'productora 374', '2022-09-01 18:00:00', 'Calle de las flores número 374 puerta C');
INSERT INTO gradas VALUES ('grada 3', 'espectaculo 374', 'pelicula', '1988-08-04', 'productora 374', '2022-09-01 18:00:00', 'Calle de las flores número 374 puerta C');
INSERT INTO espectaculos VALUES ('espectaculo 375', 'entrevista', '1986-01-15', 'productora 375', 'lista participantes 375', 9, '00:15:00', '00:40:00', '00:17:00');
INSERT INTO eventos VALUES ('espectaculo 375', 'entrevista', '1986-01-15', 'productora 375', '2022-09-01 18:00:00', 'Calle de las flores número 375 puerta C','Abierto');
INSERT INTO eventos VALUES ('espectaculo 375', 'entrevista', '1986-01-15', 'productora 375', '2020-09-01 03:00:00', 'Calle de las flores número 375 puerta C','Abierto');
INSERT INTO gradas VALUES ('grada 1', 'espectaculo 375', 'entrevista', '1986-01-15', 'productora 375', '2022-09-01 18:00:00', 'Calle de las flores número 375 puerta C');
INSERT INTO gradas VALUES ('grada 2', 'espectaculo 375', 'entrevista', '1986-01-15', 'productora 375', '2022-09-01 18:00:00', 'Calle de las flores número 375 puerta C');
INSERT INTO gradas VALUES ('grada 3', 'espectaculo 375', 'entrevista', '1986-01-15', 'productora 375', '2022-09-01 18:00:00', 'Calle de las flores número 375 puerta C');
INSERT INTO espectaculos VALUES ('espectaculo 376', 'concierto', '1986-05-01', 'productora 376', 'lista participantes 376', 7, '00:19:00', '00:52:00', '00:20:00');
INSERT INTO eventos VALUES ('espectaculo 376', 'concierto', '1986-05-01', 'productora 376', '2022-09-01 18:00:00', 'Calle de las flores número 376 puerta C','Abierto');
INSERT INTO eventos VALUES ('espectaculo 376', 'concierto', '1986-05-01', 'productora 376', '2020-09-01 03:00:00', 'Calle de las flores número 376 puerta C','Abierto');
INSERT INTO gradas VALUES ('grada 1', 'espectaculo 376', 'concierto', '1986-05-01', 'productora 376', '2022-09-01 18:00:00', 'Calle de las flores número 376 puerta C');
INSERT INTO gradas VALUES ('grada 2', 'espectaculo 376', 'concierto', '1986-05-01', 'productora 376', '2022-09-01 18:00:00', 'Calle de las flores número 376 puerta C');
INSERT INTO gradas VALUES ('grada 3', 'espectaculo 376', 'concierto', '1986-05-01', 'productora 376', '2022-09-01 18:00:00', 'Calle de las flores número 376 puerta C');
INSERT INTO espectaculos VALUES ('espectaculo 377', 'pelicula', '1995-01-21', 'productora 377', 'lista participantes 377', 6, '00:16:00', '00:33:00', '00:29:00');
INSERT INTO eventos VALUES ('espectaculo 377', 'pelicula', '1995-01-21', 'productora 377', '2022-09-01 18:00:00', 'Calle de las flores número 377 puerta C','Abierto');
INSERT INTO eventos VALUES ('espectaculo 377', 'pelicula', '1995-01-21', 'productora 377', '2020-09-01 03:00:00', 'Calle de las flores número 377 puerta C','Abierto');
INSERT INTO gradas VALUES ('grada 1', 'espectaculo 377', 'pelicula', '1995-01-21', 'productora 377', '2022-09-01 18:00:00', 'Calle de las flores número 377 puerta C');
INSERT INTO gradas VALUES ('grada 2', 'espectaculo 377', 'pelicula', '1995-01-21', 'productora 377', '2022-09-01 18:00:00', 'Calle de las flores número 377 puerta C');
INSERT INTO gradas VALUES ('grada 3', 'espectaculo 377', 'pelicula', '1995-01-21', 'productora 377', '2022-09-01 18:00:00', 'Calle de las flores número 377 puerta C');
INSERT INTO espectaculos VALUES ('espectaculo 378', 'teatro', '2017-01-05', 'productora 378', 'lista participantes 378', 5, '00:14:00', '00:55:00', '00:15:00');
INSERT INTO eventos VALUES ('espectaculo 378', 'teatro', '2017-01-05', 'productora 378', '2022-09-01 18:00:00', 'Calle de las flores número 378 puerta C','Abierto');
INSERT INTO eventos VALUES ('espectaculo 378', 'teatro', '2017-01-05', 'productora 378', '2020-09-01 03:00:00', 'Calle de las flores número 378 puerta C','Abierto');
INSERT INTO gradas VALUES ('grada 1', 'espectaculo 378', 'teatro', '2017-01-05', 'productora 378', '2022-09-01 18:00:00', 'Calle de las flores número 378 puerta C');
INSERT INTO gradas VALUES ('grada 2', 'espectaculo 378', 'teatro', '2017-01-05', 'productora 378', '2022-09-01 18:00:00', 'Calle de las flores número 378 puerta C');
INSERT INTO gradas VALUES ('grada 3', 'espectaculo 378', 'teatro', '2017-01-05', 'productora 378', '2022-09-01 18:00:00', 'Calle de las flores número 378 puerta C');
INSERT INTO espectaculos VALUES ('espectaculo 379', 'pelicula', '2016-02-04', 'productora 379', 'lista participantes 379', 7, '00:17:00', '00:51:00', '00:16:00');
INSERT INTO eventos VALUES ('espectaculo 379', 'pelicula', '2016-02-04', 'productora 379', '2022-09-01 18:00:00', 'Calle de las flores número 379 puerta C','Abierto');
INSERT INTO eventos VALUES ('espectaculo 379', 'pelicula', '2016-02-04', 'productora 379', '2020-09-01 03:00:00', 'Calle de las flores número 379 puerta C','Abierto');
INSERT INTO gradas VALUES ('grada 1', 'espectaculo 379', 'pelicula', '2016-02-04', 'productora 379', '2022-09-01 18:00:00', 'Calle de las flores número 379 puerta C');
INSERT INTO gradas VALUES ('grada 2', 'espectaculo 379', 'pelicula', '2016-02-04', 'productora 379', '2022-09-01 18:00:00', 'Calle de las flores número 379 puerta C');
INSERT INTO gradas VALUES ('grada 3', 'espectaculo 379', 'pelicula', '2016-02-04', 'productora 379', '2022-09-01 18:00:00', 'Calle de las flores número 379 puerta C');
INSERT INTO espectaculos VALUES ('espectaculo 380', 'concierto', '2015-08-24', 'productora 380', 'lista participantes 380', 3, '00:12:00', '00:53:00', '00:19:00');
INSERT INTO eventos VALUES ('espectaculo 380', 'concierto', '2015-08-24', 'productora 380', '2022-09-01 18:00:00', 'Calle de las flores número 380 puerta C','Abierto');
INSERT INTO eventos VALUES ('espectaculo 380', 'concierto', '2015-08-24', 'productora 380', '2020-09-01 03:00:00', 'Calle de las flores número 380 puerta C','Abierto');
INSERT INTO gradas VALUES ('grada 1', 'espectaculo 380', 'concierto', '2015-08-24', 'productora 380', '2022-09-01 18:00:00', 'Calle de las flores número 380 puerta C');
INSERT INTO gradas VALUES ('grada 2', 'espectaculo 380', 'concierto', '2015-08-24', 'productora 380', '2022-09-01 18:00:00', 'Calle de las flores número 380 puerta C');
INSERT INTO gradas VALUES ('grada 3', 'espectaculo 380', 'concierto', '2015-08-24', 'productora 380', '2022-09-01 18:00:00', 'Calle de las flores número 380 puerta C');
INSERT INTO espectaculos VALUES ('espectaculo 381', 'deportivo', '2000-10-05', 'productora 381', 'lista participantes 381', 3, '00:14:00', '00:54:00', '00:24:00');
INSERT INTO eventos VALUES ('espectaculo 381', 'deportivo', '2000-10-05', 'productora 381', '2022-09-01 18:00:00', 'Calle de las flores número 381 puerta C','Abierto');
INSERT INTO eventos VALUES ('espectaculo 381', 'deportivo', '2000-10-05', 'productora 381', '2020-09-01 03:00:00', 'Calle de las flores número 381 puerta C','Abierto');
INSERT INTO gradas VALUES ('grada 1', 'espectaculo 381', 'deportivo', '2000-10-05', 'productora 381', '2022-09-01 18:00:00', 'Calle de las flores número 381 puerta C');
INSERT INTO gradas VALUES ('grada 2', 'espectaculo 381', 'deportivo', '2000-10-05', 'productora 381', '2022-09-01 18:00:00', 'Calle de las flores número 381 puerta C');
INSERT INTO gradas VALUES ('grada 3', 'espectaculo 381', 'deportivo', '2000-10-05', 'productora 381', '2022-09-01 18:00:00', 'Calle de las flores número 381 puerta C');
INSERT INTO espectaculos VALUES ('espectaculo 382', 'teatro', '2011-08-03', 'productora 382', 'lista participantes 382', 3, '00:16:00', '00:19:00', '00:20:00');
INSERT INTO eventos VALUES ('espectaculo 382', 'teatro', '2011-08-03', 'productora 382', '2022-09-01 18:00:00', 'Calle de las flores número 382 puerta C','Abierto');
INSERT INTO eventos VALUES ('espectaculo 382', 'teatro', '2011-08-03', 'productora 382', '2020-09-01 03:00:00', 'Calle de las flores número 382 puerta C','Abierto');
INSERT INTO gradas VALUES ('grada 1', 'espectaculo 382', 'teatro', '2011-08-03', 'productora 382', '2022-09-01 18:00:00', 'Calle de las flores número 382 puerta C');
INSERT INTO gradas VALUES ('grada 2', 'espectaculo 382', 'teatro', '2011-08-03', 'productora 382', '2022-09-01 18:00:00', 'Calle de las flores número 382 puerta C');
INSERT INTO gradas VALUES ('grada 3', 'espectaculo 382', 'teatro', '2011-08-03', 'productora 382', '2022-09-01 18:00:00', 'Calle de las flores número 382 puerta C');
INSERT INTO espectaculos VALUES ('espectaculo 383', 'entrevista', '2016-07-20', 'productora 383', 'lista participantes 383', 1, '00:18:00', '00:36:00', '00:18:00');
INSERT INTO eventos VALUES ('espectaculo 383', 'entrevista', '2016-07-20', 'productora 383', '2022-09-01 18:00:00', 'Calle de las flores número 383 puerta C','Abierto');
INSERT INTO eventos VALUES ('espectaculo 383', 'entrevista', '2016-07-20', 'productora 383', '2020-09-01 03:00:00', 'Calle de las flores número 383 puerta C','Abierto');
INSERT INTO gradas VALUES ('grada 1', 'espectaculo 383', 'entrevista', '2016-07-20', 'productora 383', '2022-09-01 18:00:00', 'Calle de las flores número 383 puerta C');
INSERT INTO gradas VALUES ('grada 2', 'espectaculo 383', 'entrevista', '2016-07-20', 'productora 383', '2022-09-01 18:00:00', 'Calle de las flores número 383 puerta C');
INSERT INTO gradas VALUES ('grada 3', 'espectaculo 383', 'entrevista', '2016-07-20', 'productora 383', '2022-09-01 18:00:00', 'Calle de las flores número 383 puerta C');
INSERT INTO espectaculos VALUES ('espectaculo 384', 'deportivo', '1994-09-15', 'productora 384', 'lista participantes 384', 1, '00:18:00', '00:36:00', '00:25:00');
INSERT INTO eventos VALUES ('espectaculo 384', 'deportivo', '1994-09-15', 'productora 384', '2022-09-01 18:00:00', 'Calle de las flores número 384 puerta C','Abierto');
INSERT INTO eventos VALUES ('espectaculo 384', 'deportivo', '1994-09-15', 'productora 384', '2020-09-01 03:00:00', 'Calle de las flores número 384 puerta C','Abierto');
INSERT INTO gradas VALUES ('grada 1', 'espectaculo 384', 'deportivo', '1994-09-15', 'productora 384', '2022-09-01 18:00:00', 'Calle de las flores número 384 puerta C');
INSERT INTO gradas VALUES ('grada 2', 'espectaculo 384', 'deportivo', '1994-09-15', 'productora 384', '2022-09-01 18:00:00', 'Calle de las flores número 384 puerta C');
INSERT INTO gradas VALUES ('grada 3', 'espectaculo 384', 'deportivo', '1994-09-15', 'productora 384', '2022-09-01 18:00:00', 'Calle de las flores número 384 puerta C');
INSERT INTO espectaculos VALUES ('espectaculo 385', 'concierto', '1988-01-09', 'productora 385', 'lista participantes 385', 1, '00:13:00', '00:52:00', '00:26:00');
INSERT INTO eventos VALUES ('espectaculo 385', 'concierto', '1988-01-09', 'productora 385', '2022-09-01 18:00:00', 'Calle de las flores número 385 puerta C','Abierto');
INSERT INTO eventos VALUES ('espectaculo 385', 'concierto', '1988-01-09', 'productora 385', '2020-09-01 03:00:00', 'Calle de las flores número 385 puerta C','Abierto');
INSERT INTO gradas VALUES ('grada 1', 'espectaculo 385', 'concierto', '1988-01-09', 'productora 385', '2022-09-01 18:00:00', 'Calle de las flores número 385 puerta C');
INSERT INTO gradas VALUES ('grada 2', 'espectaculo 385', 'concierto', '1988-01-09', 'productora 385', '2022-09-01 18:00:00', 'Calle de las flores número 385 puerta C');
INSERT INTO gradas VALUES ('grada 3', 'espectaculo 385', 'concierto', '1988-01-09', 'productora 385', '2022-09-01 18:00:00', 'Calle de las flores número 385 puerta C');
INSERT INTO espectaculos VALUES ('espectaculo 386', 'pelicula', '2002-01-21', 'productora 386', 'lista participantes 386', 1, '00:15:00', '00:23:00', '00:21:00');
INSERT INTO eventos VALUES ('espectaculo 386', 'pelicula', '2002-01-21', 'productora 386', '2022-09-01 18:00:00', 'Calle de las flores número 386 puerta C','Abierto');
INSERT INTO eventos VALUES ('espectaculo 386', 'pelicula', '2002-01-21', 'productora 386', '2020-09-01 03:00:00', 'Calle de las flores número 386 puerta C','Abierto');
INSERT INTO gradas VALUES ('grada 1', 'espectaculo 386', 'pelicula', '2002-01-21', 'productora 386', '2022-09-01 18:00:00', 'Calle de las flores número 386 puerta C');
INSERT INTO gradas VALUES ('grada 2', 'espectaculo 386', 'pelicula', '2002-01-21', 'productora 386', '2022-09-01 18:00:00', 'Calle de las flores número 386 puerta C');
INSERT INTO gradas VALUES ('grada 3', 'espectaculo 386', 'pelicula', '2002-01-21', 'productora 386', '2022-09-01 18:00:00', 'Calle de las flores número 386 puerta C');
INSERT INTO espectaculos VALUES ('espectaculo 387', 'concierto', '1994-10-02', 'productora 387', 'lista participantes 387', 6, '00:16:00', '00:30:00', '00:15:00');
INSERT INTO eventos VALUES ('espectaculo 387', 'concierto', '1994-10-02', 'productora 387', '2022-09-01 18:00:00', 'Calle de las flores número 387 puerta C','Abierto');
INSERT INTO eventos VALUES ('espectaculo 387', 'concierto', '1994-10-02', 'productora 387', '2020-09-01 03:00:00', 'Calle de las flores número 387 puerta C','Abierto');
INSERT INTO gradas VALUES ('grada 1', 'espectaculo 387', 'concierto', '1994-10-02', 'productora 387', '2022-09-01 18:00:00', 'Calle de las flores número 387 puerta C');
INSERT INTO gradas VALUES ('grada 2', 'espectaculo 387', 'concierto', '1994-10-02', 'productora 387', '2022-09-01 18:00:00', 'Calle de las flores número 387 puerta C');
INSERT INTO gradas VALUES ('grada 3', 'espectaculo 387', 'concierto', '1994-10-02', 'productora 387', '2022-09-01 18:00:00', 'Calle de las flores número 387 puerta C');
INSERT INTO espectaculos VALUES ('espectaculo 388', 'entrevista', '1991-11-18', 'productora 388', 'lista participantes 388', 3, '00:11:00', '00:15:00', '00:26:00');
INSERT INTO eventos VALUES ('espectaculo 388', 'entrevista', '1991-11-18', 'productora 388', '2022-09-01 18:00:00', 'Calle de las flores número 388 puerta C','Abierto');
INSERT INTO eventos VALUES ('espectaculo 388', 'entrevista', '1991-11-18', 'productora 388', '2020-09-01 03:00:00', 'Calle de las flores número 388 puerta C','Abierto');
INSERT INTO gradas VALUES ('grada 1', 'espectaculo 388', 'entrevista', '1991-11-18', 'productora 388', '2022-09-01 18:00:00', 'Calle de las flores número 388 puerta C');
INSERT INTO gradas VALUES ('grada 2', 'espectaculo 388', 'entrevista', '1991-11-18', 'productora 388', '2022-09-01 18:00:00', 'Calle de las flores número 388 puerta C');
INSERT INTO gradas VALUES ('grada 3', 'espectaculo 388', 'entrevista', '1991-11-18', 'productora 388', '2022-09-01 18:00:00', 'Calle de las flores número 388 puerta C');
INSERT INTO espectaculos VALUES ('espectaculo 389', 'deportivo', '1991-11-18', 'productora 389', 'lista participantes 389', 2, '00:11:00', '00:42:00', '00:21:00');
INSERT INTO eventos VALUES ('espectaculo 389', 'deportivo', '1991-11-18', 'productora 389', '2022-09-01 18:00:00', 'Calle de las flores número 389 puerta C','Abierto');
INSERT INTO eventos VALUES ('espectaculo 389', 'deportivo', '1991-11-18', 'productora 389', '2020-09-01 03:00:00', 'Calle de las flores número 389 puerta C','Abierto');
INSERT INTO gradas VALUES ('grada 1', 'espectaculo 389', 'deportivo', '1991-11-18', 'productora 389', '2022-09-01 18:00:00', 'Calle de las flores número 389 puerta C');
INSERT INTO gradas VALUES ('grada 2', 'espectaculo 389', 'deportivo', '1991-11-18', 'productora 389', '2022-09-01 18:00:00', 'Calle de las flores número 389 puerta C');
INSERT INTO gradas VALUES ('grada 3', 'espectaculo 389', 'deportivo', '1991-11-18', 'productora 389', '2022-09-01 18:00:00', 'Calle de las flores número 389 puerta C');
INSERT INTO espectaculos VALUES ('espectaculo 390', 'deportivo', '2015-01-02', 'productora 390', 'lista participantes 390', 9, '00:12:00', '00:24:00', '00:15:00');
INSERT INTO eventos VALUES ('espectaculo 390', 'deportivo', '2015-01-02', 'productora 390', '2022-09-01 18:00:00', 'Calle de las flores número 390 puerta C','Abierto');
INSERT INTO eventos VALUES ('espectaculo 390', 'deportivo', '2015-01-02', 'productora 390', '2020-09-01 03:00:00', 'Calle de las flores número 390 puerta C','Abierto');
INSERT INTO gradas VALUES ('grada 1', 'espectaculo 390', 'deportivo', '2015-01-02', 'productora 390', '2022-09-01 18:00:00', 'Calle de las flores número 390 puerta C');
INSERT INTO gradas VALUES ('grada 2', 'espectaculo 390', 'deportivo', '2015-01-02', 'productora 390', '2022-09-01 18:00:00', 'Calle de las flores número 390 puerta C');
INSERT INTO gradas VALUES ('grada 3', 'espectaculo 390', 'deportivo', '2015-01-02', 'productora 390', '2022-09-01 18:00:00', 'Calle de las flores número 390 puerta C');
INSERT INTO espectaculos VALUES ('espectaculo 391', 'pelicula', '1988-10-07', 'productora 391', 'lista participantes 391', 5, '00:19:00', '00:51:00', '00:26:00');
INSERT INTO eventos VALUES ('espectaculo 391', 'pelicula', '1988-10-07', 'productora 391', '2022-09-01 18:00:00', 'Calle de las flores número 391 puerta C','Abierto');
INSERT INTO eventos VALUES ('espectaculo 391', 'pelicula', '1988-10-07', 'productora 391', '2020-09-01 03:00:00', 'Calle de las flores número 391 puerta C','Abierto');
INSERT INTO gradas VALUES ('grada 1', 'espectaculo 391', 'pelicula', '1988-10-07', 'productora 391', '2022-09-01 18:00:00', 'Calle de las flores número 391 puerta C');
INSERT INTO gradas VALUES ('grada 2', 'espectaculo 391', 'pelicula', '1988-10-07', 'productora 391', '2022-09-01 18:00:00', 'Calle de las flores número 391 puerta C');
INSERT INTO gradas VALUES ('grada 3', 'espectaculo 391', 'pelicula', '1988-10-07', 'productora 391', '2022-09-01 18:00:00', 'Calle de las flores número 391 puerta C');
INSERT INTO espectaculos VALUES ('espectaculo 392', 'concierto', '2017-08-06', 'productora 392', 'lista participantes 392', 8, '00:17:00', '00:41:00', '00:26:00');
INSERT INTO eventos VALUES ('espectaculo 392', 'concierto', '2017-08-06', 'productora 392', '2022-09-01 18:00:00', 'Calle de las flores número 392 puerta C','Abierto');
INSERT INTO eventos VALUES ('espectaculo 392', 'concierto', '2017-08-06', 'productora 392', '2020-09-01 03:00:00', 'Calle de las flores número 392 puerta C','Abierto');
INSERT INTO gradas VALUES ('grada 1', 'espectaculo 392', 'concierto', '2017-08-06', 'productora 392', '2022-09-01 18:00:00', 'Calle de las flores número 392 puerta C');
INSERT INTO gradas VALUES ('grada 2', 'espectaculo 392', 'concierto', '2017-08-06', 'productora 392', '2022-09-01 18:00:00', 'Calle de las flores número 392 puerta C');
INSERT INTO gradas VALUES ('grada 3', 'espectaculo 392', 'concierto', '2017-08-06', 'productora 392', '2022-09-01 18:00:00', 'Calle de las flores número 392 puerta C');
INSERT INTO espectaculos VALUES ('espectaculo 393', 'pelicula', '1989-01-08', 'productora 393', 'lista participantes 393', 7, '00:14:00', '00:22:00', '00:26:00');
INSERT INTO eventos VALUES ('espectaculo 393', 'pelicula', '1989-01-08', 'productora 393', '2022-09-01 18:00:00', 'Calle de las flores número 393 puerta C','Abierto');
INSERT INTO eventos VALUES ('espectaculo 393', 'pelicula', '1989-01-08', 'productora 393', '2020-09-01 03:00:00', 'Calle de las flores número 393 puerta C','Abierto');
INSERT INTO gradas VALUES ('grada 1', 'espectaculo 393', 'pelicula', '1989-01-08', 'productora 393', '2022-09-01 18:00:00', 'Calle de las flores número 393 puerta C');
INSERT INTO gradas VALUES ('grada 2', 'espectaculo 393', 'pelicula', '1989-01-08', 'productora 393', '2022-09-01 18:00:00', 'Calle de las flores número 393 puerta C');
INSERT INTO gradas VALUES ('grada 3', 'espectaculo 393', 'pelicula', '1989-01-08', 'productora 393', '2022-09-01 18:00:00', 'Calle de las flores número 393 puerta C');
INSERT INTO espectaculos VALUES ('espectaculo 394', 'pelicula', '2001-07-08', 'productora 394', 'lista participantes 394', 7, '00:19:00', '00:35:00', '00:27:00');
INSERT INTO eventos VALUES ('espectaculo 394', 'pelicula', '2001-07-08', 'productora 394', '2022-09-01 18:00:00', 'Calle de las flores número 394 puerta C','Abierto');
INSERT INTO eventos VALUES ('espectaculo 394', 'pelicula', '2001-07-08', 'productora 394', '2020-09-01 03:00:00', 'Calle de las flores número 394 puerta C','Abierto');
INSERT INTO gradas VALUES ('grada 1', 'espectaculo 394', 'pelicula', '2001-07-08', 'productora 394', '2022-09-01 18:00:00', 'Calle de las flores número 394 puerta C');
INSERT INTO gradas VALUES ('grada 2', 'espectaculo 394', 'pelicula', '2001-07-08', 'productora 394', '2022-09-01 18:00:00', 'Calle de las flores número 394 puerta C');
INSERT INTO gradas VALUES ('grada 3', 'espectaculo 394', 'pelicula', '2001-07-08', 'productora 394', '2022-09-01 18:00:00', 'Calle de las flores número 394 puerta C');
INSERT INTO espectaculos VALUES ('espectaculo 395', 'entrevista', '2005-10-15', 'productora 395', 'lista participantes 395', 2, '00:11:00', '00:55:00', '00:29:00');
INSERT INTO eventos VALUES ('espectaculo 395', 'entrevista', '2005-10-15', 'productora 395', '2022-09-01 18:00:00', 'Calle de las flores número 395 puerta C','Abierto');
INSERT INTO eventos VALUES ('espectaculo 395', 'entrevista', '2005-10-15', 'productora 395', '2020-09-01 03:00:00', 'Calle de las flores número 395 puerta C','Abierto');
INSERT INTO gradas VALUES ('grada 1', 'espectaculo 395', 'entrevista', '2005-10-15', 'productora 395', '2022-09-01 18:00:00', 'Calle de las flores número 395 puerta C');
INSERT INTO gradas VALUES ('grada 2', 'espectaculo 395', 'entrevista', '2005-10-15', 'productora 395', '2022-09-01 18:00:00', 'Calle de las flores número 395 puerta C');
INSERT INTO gradas VALUES ('grada 3', 'espectaculo 395', 'entrevista', '2005-10-15', 'productora 395', '2022-09-01 18:00:00', 'Calle de las flores número 395 puerta C');
INSERT INTO espectaculos VALUES ('espectaculo 396', 'concierto', '1999-05-05', 'productora 396', 'lista participantes 396', 2, '00:18:00', '00:36:00', '00:18:00');
INSERT INTO eventos VALUES ('espectaculo 396', 'concierto', '1999-05-05', 'productora 396', '2022-09-01 18:00:00', 'Calle de las flores número 396 puerta C','Abierto');
INSERT INTO eventos VALUES ('espectaculo 396', 'concierto', '1999-05-05', 'productora 396', '2020-09-01 03:00:00', 'Calle de las flores número 396 puerta C','Abierto');
INSERT INTO gradas VALUES ('grada 1', 'espectaculo 396', 'concierto', '1999-05-05', 'productora 396', '2022-09-01 18:00:00', 'Calle de las flores número 396 puerta C');
INSERT INTO gradas VALUES ('grada 2', 'espectaculo 396', 'concierto', '1999-05-05', 'productora 396', '2022-09-01 18:00:00', 'Calle de las flores número 396 puerta C');
INSERT INTO gradas VALUES ('grada 3', 'espectaculo 396', 'concierto', '1999-05-05', 'productora 396', '2022-09-01 18:00:00', 'Calle de las flores número 396 puerta C');
INSERT INTO espectaculos VALUES ('espectaculo 397', 'teatro', '2002-11-22', 'productora 397', 'lista participantes 397', 3, '00:17:00', '00:46:00', '00:17:00');
INSERT INTO eventos VALUES ('espectaculo 397', 'teatro', '2002-11-22', 'productora 397', '2022-09-01 18:00:00', 'Calle de las flores número 397 puerta C','Abierto');
INSERT INTO eventos VALUES ('espectaculo 397', 'teatro', '2002-11-22', 'productora 397', '2020-09-01 03:00:00', 'Calle de las flores número 397 puerta C','Abierto');
INSERT INTO gradas VALUES ('grada 1', 'espectaculo 397', 'teatro', '2002-11-22', 'productora 397', '2022-09-01 18:00:00', 'Calle de las flores número 397 puerta C');
INSERT INTO gradas VALUES ('grada 2', 'espectaculo 397', 'teatro', '2002-11-22', 'productora 397', '2022-09-01 18:00:00', 'Calle de las flores número 397 puerta C');
INSERT INTO gradas VALUES ('grada 3', 'espectaculo 397', 'teatro', '2002-11-22', 'productora 397', '2022-09-01 18:00:00', 'Calle de las flores número 397 puerta C');
INSERT INTO espectaculos VALUES ('espectaculo 398', 'teatro', '2018-07-02', 'productora 398', 'lista participantes 398', 6, '00:11:00', '00:58:00', '00:20:00');
INSERT INTO eventos VALUES ('espectaculo 398', 'teatro', '2018-07-02', 'productora 398', '2022-09-01 18:00:00', 'Calle de las flores número 398 puerta C','Abierto');
INSERT INTO eventos VALUES ('espectaculo 398', 'teatro', '2018-07-02', 'productora 398', '2020-09-01 03:00:00', 'Calle de las flores número 398 puerta C','Abierto');
INSERT INTO gradas VALUES ('grada 1', 'espectaculo 398', 'teatro', '2018-07-02', 'productora 398', '2022-09-01 18:00:00', 'Calle de las flores número 398 puerta C');
INSERT INTO gradas VALUES ('grada 2', 'espectaculo 398', 'teatro', '2018-07-02', 'productora 398', '2022-09-01 18:00:00', 'Calle de las flores número 398 puerta C');
INSERT INTO gradas VALUES ('grada 3', 'espectaculo 398', 'teatro', '2018-07-02', 'productora 398', '2022-09-01 18:00:00', 'Calle de las flores número 398 puerta C');
INSERT INTO espectaculos VALUES ('espectaculo 399', 'pelicula', '1985-07-03', 'productora 399', 'lista participantes 399', 1, '00:15:00', '00:46:00', '00:29:00');
INSERT INTO eventos VALUES ('espectaculo 399', 'pelicula', '1985-07-03', 'productora 399', '2022-09-01 18:00:00', 'Calle de las flores número 399 puerta C','Abierto');
INSERT INTO eventos VALUES ('espectaculo 399', 'pelicula', '1985-07-03', 'productora 399', '2020-09-01 03:00:00', 'Calle de las flores número 399 puerta C','Abierto');
INSERT INTO gradas VALUES ('grada 1', 'espectaculo 399', 'pelicula', '1985-07-03', 'productora 399', '2022-09-01 18:00:00', 'Calle de las flores número 399 puerta C');
INSERT INTO gradas VALUES ('grada 2', 'espectaculo 399', 'pelicula', '1985-07-03', 'productora 399', '2022-09-01 18:00:00', 'Calle de las flores número 399 puerta C');
INSERT INTO gradas VALUES ('grada 3', 'espectaculo 399', 'pelicula', '1985-07-03', 'productora 399', '2022-09-01 18:00:00', 'Calle de las flores número 399 puerta C');
INSERT INTO espectaculos VALUES ('espectaculo 400', 'teatro', '1990-11-24', 'productora 400', 'lista participantes 400', 6, '00:19:00', '00:53:00', '00:24:00');
INSERT INTO eventos VALUES ('espectaculo 400', 'teatro', '1990-11-24', 'productora 400', '2022-09-01 18:00:00', 'Calle de las flores número 400 puerta C','Abierto');
INSERT INTO eventos VALUES ('espectaculo 400', 'teatro', '1990-11-24', 'productora 400', '2020-09-01 03:00:00', 'Calle de las flores número 400 puerta C','Abierto');
INSERT INTO gradas VALUES ('grada 1', 'espectaculo 400', 'teatro', '1990-11-24', 'productora 400', '2022-09-01 18:00:00', 'Calle de las flores número 400 puerta C');
INSERT INTO gradas VALUES ('grada 2', 'espectaculo 400', 'teatro', '1990-11-24', 'productora 400', '2022-09-01 18:00:00', 'Calle de las flores número 400 puerta C');
INSERT INTO gradas VALUES ('grada 3', 'espectaculo 400', 'teatro', '1990-11-24', 'productora 400', '2022-09-01 18:00:00', 'Calle de las flores número 400 puerta C');
INSERT INTO espectaculos VALUES ('espectaculo 401', 'deportivo', '2010-04-03', 'productora 401', 'lista participantes 401', 4, '00:17:00', '00:39:00', '00:24:00');
INSERT INTO eventos VALUES ('espectaculo 401', 'deportivo', '2010-04-03', 'productora 401', '2022-09-01 18:00:00', 'Calle de las flores número 401 puerta C','Abierto');
INSERT INTO eventos VALUES ('espectaculo 401', 'deportivo', '2010-04-03', 'productora 401', '2020-09-01 03:00:00', 'Calle de las flores número 401 puerta C','Abierto');
INSERT INTO gradas VALUES ('grada 1', 'espectaculo 401', 'deportivo', '2010-04-03', 'productora 401', '2022-09-01 18:00:00', 'Calle de las flores número 401 puerta C');
INSERT INTO gradas VALUES ('grada 2', 'espectaculo 401', 'deportivo', '2010-04-03', 'productora 401', '2022-09-01 18:00:00', 'Calle de las flores número 401 puerta C');
INSERT INTO gradas VALUES ('grada 3', 'espectaculo 401', 'deportivo', '2010-04-03', 'productora 401', '2022-09-01 18:00:00', 'Calle de las flores número 401 puerta C');
INSERT INTO espectaculos VALUES ('espectaculo 402', 'deportivo', '2000-04-11', 'productora 402', 'lista participantes 402', 1, '00:19:00', '00:55:00', '00:20:00');
INSERT INTO eventos VALUES ('espectaculo 402', 'deportivo', '2000-04-11', 'productora 402', '2022-09-01 18:00:00', 'Calle de las flores número 402 puerta C','Abierto');
INSERT INTO eventos VALUES ('espectaculo 402', 'deportivo', '2000-04-11', 'productora 402', '2020-09-01 03:00:00', 'Calle de las flores número 402 puerta C','Abierto');
INSERT INTO gradas VALUES ('grada 1', 'espectaculo 402', 'deportivo', '2000-04-11', 'productora 402', '2022-09-01 18:00:00', 'Calle de las flores número 402 puerta C');
INSERT INTO gradas VALUES ('grada 2', 'espectaculo 402', 'deportivo', '2000-04-11', 'productora 402', '2022-09-01 18:00:00', 'Calle de las flores número 402 puerta C');
INSERT INTO gradas VALUES ('grada 3', 'espectaculo 402', 'deportivo', '2000-04-11', 'productora 402', '2022-09-01 18:00:00', 'Calle de las flores número 402 puerta C');
INSERT INTO espectaculos VALUES ('espectaculo 403', 'teatro', '1993-09-24', 'productora 403', 'lista participantes 403', 1, '00:11:00', '00:33:00', '00:20:00');
INSERT INTO eventos VALUES ('espectaculo 403', 'teatro', '1993-09-24', 'productora 403', '2022-09-01 18:00:00', 'Calle de las flores número 403 puerta C','Abierto');
INSERT INTO eventos VALUES ('espectaculo 403', 'teatro', '1993-09-24', 'productora 403', '2020-09-01 03:00:00', 'Calle de las flores número 403 puerta C','Abierto');
INSERT INTO gradas VALUES ('grada 1', 'espectaculo 403', 'teatro', '1993-09-24', 'productora 403', '2022-09-01 18:00:00', 'Calle de las flores número 403 puerta C');
INSERT INTO gradas VALUES ('grada 2', 'espectaculo 403', 'teatro', '1993-09-24', 'productora 403', '2022-09-01 18:00:00', 'Calle de las flores número 403 puerta C');
INSERT INTO gradas VALUES ('grada 3', 'espectaculo 403', 'teatro', '1993-09-24', 'productora 403', '2022-09-01 18:00:00', 'Calle de las flores número 403 puerta C');
INSERT INTO espectaculos VALUES ('espectaculo 404', 'deportivo', '2006-05-08', 'productora 404', 'lista participantes 404', 8, '00:15:00', '00:50:00', '00:29:00');
INSERT INTO eventos VALUES ('espectaculo 404', 'deportivo', '2006-05-08', 'productora 404', '2022-09-01 18:00:00', 'Calle de las flores número 404 puerta C','Abierto');
INSERT INTO eventos VALUES ('espectaculo 404', 'deportivo', '2006-05-08', 'productora 404', '2020-09-01 03:00:00', 'Calle de las flores número 404 puerta C','Abierto');
INSERT INTO gradas VALUES ('grada 1', 'espectaculo 404', 'deportivo', '2006-05-08', 'productora 404', '2022-09-01 18:00:00', 'Calle de las flores número 404 puerta C');
INSERT INTO gradas VALUES ('grada 2', 'espectaculo 404', 'deportivo', '2006-05-08', 'productora 404', '2022-09-01 18:00:00', 'Calle de las flores número 404 puerta C');
INSERT INTO gradas VALUES ('grada 3', 'espectaculo 404', 'deportivo', '2006-05-08', 'productora 404', '2022-09-01 18:00:00', 'Calle de las flores número 404 puerta C');
INSERT INTO espectaculos VALUES ('espectaculo 405', 'entrevista', '2000-10-20', 'productora 405', 'lista participantes 405', 1, '00:15:00', '00:35:00', '00:16:00');
INSERT INTO eventos VALUES ('espectaculo 405', 'entrevista', '2000-10-20', 'productora 405', '2022-09-01 18:00:00', 'Calle de las flores número 405 puerta C','Abierto');
INSERT INTO eventos VALUES ('espectaculo 405', 'entrevista', '2000-10-20', 'productora 405', '2020-09-01 03:00:00', 'Calle de las flores número 405 puerta C','Abierto');
INSERT INTO gradas VALUES ('grada 1', 'espectaculo 405', 'entrevista', '2000-10-20', 'productora 405', '2022-09-01 18:00:00', 'Calle de las flores número 405 puerta C');
INSERT INTO gradas VALUES ('grada 2', 'espectaculo 405', 'entrevista', '2000-10-20', 'productora 405', '2022-09-01 18:00:00', 'Calle de las flores número 405 puerta C');
INSERT INTO gradas VALUES ('grada 3', 'espectaculo 405', 'entrevista', '2000-10-20', 'productora 405', '2022-09-01 18:00:00', 'Calle de las flores número 405 puerta C');
INSERT INTO espectaculos VALUES ('espectaculo 406', 'pelicula', '1995-08-08', 'productora 406', 'lista participantes 406', 6, '00:13:00', '00:17:00', '00:29:00');
INSERT INTO eventos VALUES ('espectaculo 406', 'pelicula', '1995-08-08', 'productora 406', '2022-09-01 18:00:00', 'Calle de las flores número 406 puerta C','Abierto');
INSERT INTO eventos VALUES ('espectaculo 406', 'pelicula', '1995-08-08', 'productora 406', '2020-09-01 03:00:00', 'Calle de las flores número 406 puerta C','Abierto');
INSERT INTO gradas VALUES ('grada 1', 'espectaculo 406', 'pelicula', '1995-08-08', 'productora 406', '2022-09-01 18:00:00', 'Calle de las flores número 406 puerta C');
INSERT INTO gradas VALUES ('grada 2', 'espectaculo 406', 'pelicula', '1995-08-08', 'productora 406', '2022-09-01 18:00:00', 'Calle de las flores número 406 puerta C');
INSERT INTO gradas VALUES ('grada 3', 'espectaculo 406', 'pelicula', '1995-08-08', 'productora 406', '2022-09-01 18:00:00', 'Calle de las flores número 406 puerta C');
INSERT INTO espectaculos VALUES ('espectaculo 407', 'pelicula', '1996-11-12', 'productora 407', 'lista participantes 407', 5, '00:17:00', '00:20:00', '00:27:00');
INSERT INTO eventos VALUES ('espectaculo 407', 'pelicula', '1996-11-12', 'productora 407', '2022-09-01 18:00:00', 'Calle de las flores número 407 puerta C','Abierto');
INSERT INTO eventos VALUES ('espectaculo 407', 'pelicula', '1996-11-12', 'productora 407', '2020-09-01 03:00:00', 'Calle de las flores número 407 puerta C','Abierto');
INSERT INTO gradas VALUES ('grada 1', 'espectaculo 407', 'pelicula', '1996-11-12', 'productora 407', '2022-09-01 18:00:00', 'Calle de las flores número 407 puerta C');
INSERT INTO gradas VALUES ('grada 2', 'espectaculo 407', 'pelicula', '1996-11-12', 'productora 407', '2022-09-01 18:00:00', 'Calle de las flores número 407 puerta C');
INSERT INTO gradas VALUES ('grada 3', 'espectaculo 407', 'pelicula', '1996-11-12', 'productora 407', '2022-09-01 18:00:00', 'Calle de las flores número 407 puerta C');
INSERT INTO espectaculos VALUES ('espectaculo 408', 'concierto', '1989-07-19', 'productora 408', 'lista participantes 408', 9, '00:15:00', '00:24:00', '00:18:00');
INSERT INTO eventos VALUES ('espectaculo 408', 'concierto', '1989-07-19', 'productora 408', '2022-09-01 18:00:00', 'Calle de las flores número 408 puerta C','Abierto');
INSERT INTO eventos VALUES ('espectaculo 408', 'concierto', '1989-07-19', 'productora 408', '2020-09-01 03:00:00', 'Calle de las flores número 408 puerta C','Abierto');
INSERT INTO gradas VALUES ('grada 1', 'espectaculo 408', 'concierto', '1989-07-19', 'productora 408', '2022-09-01 18:00:00', 'Calle de las flores número 408 puerta C');
INSERT INTO gradas VALUES ('grada 2', 'espectaculo 408', 'concierto', '1989-07-19', 'productora 408', '2022-09-01 18:00:00', 'Calle de las flores número 408 puerta C');
INSERT INTO gradas VALUES ('grada 3', 'espectaculo 408', 'concierto', '1989-07-19', 'productora 408', '2022-09-01 18:00:00', 'Calle de las flores número 408 puerta C');
INSERT INTO espectaculos VALUES ('espectaculo 409', 'teatro', '1994-10-10', 'productora 409', 'lista participantes 409', 2, '00:12:00', '00:33:00', '00:21:00');
INSERT INTO eventos VALUES ('espectaculo 409', 'teatro', '1994-10-10', 'productora 409', '2022-09-01 18:00:00', 'Calle de las flores número 409 puerta C','Abierto');
INSERT INTO eventos VALUES ('espectaculo 409', 'teatro', '1994-10-10', 'productora 409', '2020-09-01 03:00:00', 'Calle de las flores número 409 puerta C','Abierto');
INSERT INTO gradas VALUES ('grada 1', 'espectaculo 409', 'teatro', '1994-10-10', 'productora 409', '2022-09-01 18:00:00', 'Calle de las flores número 409 puerta C');
INSERT INTO gradas VALUES ('grada 2', 'espectaculo 409', 'teatro', '1994-10-10', 'productora 409', '2022-09-01 18:00:00', 'Calle de las flores número 409 puerta C');
INSERT INTO gradas VALUES ('grada 3', 'espectaculo 409', 'teatro', '1994-10-10', 'productora 409', '2022-09-01 18:00:00', 'Calle de las flores número 409 puerta C');
INSERT INTO espectaculos VALUES ('espectaculo 410', 'pelicula', '1986-01-24', 'productora 410', 'lista participantes 410', 3, '00:10:00', '00:44:00', '00:16:00');
INSERT INTO eventos VALUES ('espectaculo 410', 'pelicula', '1986-01-24', 'productora 410', '2022-09-01 18:00:00', 'Calle de las flores número 410 puerta C','Abierto');
INSERT INTO eventos VALUES ('espectaculo 410', 'pelicula', '1986-01-24', 'productora 410', '2020-09-01 03:00:00', 'Calle de las flores número 410 puerta C','Abierto');
INSERT INTO gradas VALUES ('grada 1', 'espectaculo 410', 'pelicula', '1986-01-24', 'productora 410', '2022-09-01 18:00:00', 'Calle de las flores número 410 puerta C');
INSERT INTO gradas VALUES ('grada 2', 'espectaculo 410', 'pelicula', '1986-01-24', 'productora 410', '2022-09-01 18:00:00', 'Calle de las flores número 410 puerta C');
INSERT INTO gradas VALUES ('grada 3', 'espectaculo 410', 'pelicula', '1986-01-24', 'productora 410', '2022-09-01 18:00:00', 'Calle de las flores número 410 puerta C');
INSERT INTO espectaculos VALUES ('espectaculo 411', 'concierto', '2012-06-17', 'productora 411', 'lista participantes 411', 6, '00:16:00', '00:16:00', '00:26:00');
INSERT INTO eventos VALUES ('espectaculo 411', 'concierto', '2012-06-17', 'productora 411', '2022-09-01 18:00:00', 'Calle de las flores número 411 puerta C','Abierto');
INSERT INTO eventos VALUES ('espectaculo 411', 'concierto', '2012-06-17', 'productora 411', '2020-09-01 03:00:00', 'Calle de las flores número 411 puerta C','Abierto');
INSERT INTO gradas VALUES ('grada 1', 'espectaculo 411', 'concierto', '2012-06-17', 'productora 411', '2022-09-01 18:00:00', 'Calle de las flores número 411 puerta C');
INSERT INTO gradas VALUES ('grada 2', 'espectaculo 411', 'concierto', '2012-06-17', 'productora 411', '2022-09-01 18:00:00', 'Calle de las flores número 411 puerta C');
INSERT INTO gradas VALUES ('grada 3', 'espectaculo 411', 'concierto', '2012-06-17', 'productora 411', '2022-09-01 18:00:00', 'Calle de las flores número 411 puerta C');
INSERT INTO espectaculos VALUES ('espectaculo 412', 'teatro', '2008-05-03', 'productora 412', 'lista participantes 412', 5, '00:15:00', '00:18:00', '00:19:00');
INSERT INTO eventos VALUES ('espectaculo 412', 'teatro', '2008-05-03', 'productora 412', '2022-09-01 18:00:00', 'Calle de las flores número 412 puerta C','Abierto');
INSERT INTO eventos VALUES ('espectaculo 412', 'teatro', '2008-05-03', 'productora 412', '2020-09-01 03:00:00', 'Calle de las flores número 412 puerta C','Abierto');
INSERT INTO gradas VALUES ('grada 1', 'espectaculo 412', 'teatro', '2008-05-03', 'productora 412', '2022-09-01 18:00:00', 'Calle de las flores número 412 puerta C');
INSERT INTO gradas VALUES ('grada 2', 'espectaculo 412', 'teatro', '2008-05-03', 'productora 412', '2022-09-01 18:00:00', 'Calle de las flores número 412 puerta C');
INSERT INTO gradas VALUES ('grada 3', 'espectaculo 412', 'teatro', '2008-05-03', 'productora 412', '2022-09-01 18:00:00', 'Calle de las flores número 412 puerta C');
INSERT INTO espectaculos VALUES ('espectaculo 413', 'entrevista', '2001-09-14', 'productora 413', 'lista participantes 413', 6, '00:17:00', '00:45:00', '00:17:00');
INSERT INTO eventos VALUES ('espectaculo 413', 'entrevista', '2001-09-14', 'productora 413', '2022-09-01 18:00:00', 'Calle de las flores número 413 puerta C','Abierto');
INSERT INTO eventos VALUES ('espectaculo 413', 'entrevista', '2001-09-14', 'productora 413', '2020-09-01 03:00:00', 'Calle de las flores número 413 puerta C','Abierto');
INSERT INTO gradas VALUES ('grada 1', 'espectaculo 413', 'entrevista', '2001-09-14', 'productora 413', '2022-09-01 18:00:00', 'Calle de las flores número 413 puerta C');
INSERT INTO gradas VALUES ('grada 2', 'espectaculo 413', 'entrevista', '2001-09-14', 'productora 413', '2022-09-01 18:00:00', 'Calle de las flores número 413 puerta C');
INSERT INTO gradas VALUES ('grada 3', 'espectaculo 413', 'entrevista', '2001-09-14', 'productora 413', '2022-09-01 18:00:00', 'Calle de las flores número 413 puerta C');
INSERT INTO espectaculos VALUES ('espectaculo 414', 'entrevista', '1987-06-12', 'productora 414', 'lista participantes 414', 5, '00:19:00', '00:53:00', '00:29:00');
INSERT INTO eventos VALUES ('espectaculo 414', 'entrevista', '1987-06-12', 'productora 414', '2022-09-01 18:00:00', 'Calle de las flores número 414 puerta C','Abierto');
INSERT INTO eventos VALUES ('espectaculo 414', 'entrevista', '1987-06-12', 'productora 414', '2020-09-01 03:00:00', 'Calle de las flores número 414 puerta C','Abierto');
INSERT INTO gradas VALUES ('grada 1', 'espectaculo 414', 'entrevista', '1987-06-12', 'productora 414', '2022-09-01 18:00:00', 'Calle de las flores número 414 puerta C');
INSERT INTO gradas VALUES ('grada 2', 'espectaculo 414', 'entrevista', '1987-06-12', 'productora 414', '2022-09-01 18:00:00', 'Calle de las flores número 414 puerta C');
INSERT INTO gradas VALUES ('grada 3', 'espectaculo 414', 'entrevista', '1987-06-12', 'productora 414', '2022-09-01 18:00:00', 'Calle de las flores número 414 puerta C');
INSERT INTO espectaculos VALUES ('espectaculo 415', 'teatro', '1997-06-02', 'productora 415', 'lista participantes 415', 9, '00:14:00', '00:29:00', '00:18:00');
INSERT INTO eventos VALUES ('espectaculo 415', 'teatro', '1997-06-02', 'productora 415', '2022-09-01 18:00:00', 'Calle de las flores número 415 puerta C','Abierto');
INSERT INTO eventos VALUES ('espectaculo 415', 'teatro', '1997-06-02', 'productora 415', '2020-09-01 03:00:00', 'Calle de las flores número 415 puerta C','Abierto');
INSERT INTO gradas VALUES ('grada 1', 'espectaculo 415', 'teatro', '1997-06-02', 'productora 415', '2022-09-01 18:00:00', 'Calle de las flores número 415 puerta C');
INSERT INTO gradas VALUES ('grada 2', 'espectaculo 415', 'teatro', '1997-06-02', 'productora 415', '2022-09-01 18:00:00', 'Calle de las flores número 415 puerta C');
INSERT INTO gradas VALUES ('grada 3', 'espectaculo 415', 'teatro', '1997-06-02', 'productora 415', '2022-09-01 18:00:00', 'Calle de las flores número 415 puerta C');
INSERT INTO espectaculos VALUES ('espectaculo 416', 'pelicula', '1999-08-23', 'productora 416', 'lista participantes 416', 9, '00:19:00', '00:26:00', '00:21:00');
INSERT INTO eventos VALUES ('espectaculo 416', 'pelicula', '1999-08-23', 'productora 416', '2022-09-01 18:00:00', 'Calle de las flores número 416 puerta C','Abierto');
INSERT INTO eventos VALUES ('espectaculo 416', 'pelicula', '1999-08-23', 'productora 416', '2020-09-01 03:00:00', 'Calle de las flores número 416 puerta C','Abierto');
INSERT INTO gradas VALUES ('grada 1', 'espectaculo 416', 'pelicula', '1999-08-23', 'productora 416', '2022-09-01 18:00:00', 'Calle de las flores número 416 puerta C');
INSERT INTO gradas VALUES ('grada 2', 'espectaculo 416', 'pelicula', '1999-08-23', 'productora 416', '2022-09-01 18:00:00', 'Calle de las flores número 416 puerta C');
INSERT INTO gradas VALUES ('grada 3', 'espectaculo 416', 'pelicula', '1999-08-23', 'productora 416', '2022-09-01 18:00:00', 'Calle de las flores número 416 puerta C');
INSERT INTO espectaculos VALUES ('espectaculo 417', 'concierto', '2010-11-04', 'productora 417', 'lista participantes 417', 1, '00:17:00', '00:42:00', '00:18:00');
INSERT INTO eventos VALUES ('espectaculo 417', 'concierto', '2010-11-04', 'productora 417', '2022-09-01 18:00:00', 'Calle de las flores número 417 puerta C','Abierto');
INSERT INTO eventos VALUES ('espectaculo 417', 'concierto', '2010-11-04', 'productora 417', '2020-09-01 03:00:00', 'Calle de las flores número 417 puerta C','Abierto');
INSERT INTO gradas VALUES ('grada 1', 'espectaculo 417', 'concierto', '2010-11-04', 'productora 417', '2022-09-01 18:00:00', 'Calle de las flores número 417 puerta C');
INSERT INTO gradas VALUES ('grada 2', 'espectaculo 417', 'concierto', '2010-11-04', 'productora 417', '2022-09-01 18:00:00', 'Calle de las flores número 417 puerta C');
INSERT INTO gradas VALUES ('grada 3', 'espectaculo 417', 'concierto', '2010-11-04', 'productora 417', '2022-09-01 18:00:00', 'Calle de las flores número 417 puerta C');
INSERT INTO espectaculos VALUES ('espectaculo 418', 'entrevista', '2005-09-06', 'productora 418', 'lista participantes 418', 9, '00:15:00', '00:25:00', '00:29:00');
INSERT INTO eventos VALUES ('espectaculo 418', 'entrevista', '2005-09-06', 'productora 418', '2022-09-01 18:00:00', 'Calle de las flores número 418 puerta C','Abierto');
INSERT INTO eventos VALUES ('espectaculo 418', 'entrevista', '2005-09-06', 'productora 418', '2020-09-01 03:00:00', 'Calle de las flores número 418 puerta C','Abierto');
INSERT INTO gradas VALUES ('grada 1', 'espectaculo 418', 'entrevista', '2005-09-06', 'productora 418', '2022-09-01 18:00:00', 'Calle de las flores número 418 puerta C');
INSERT INTO gradas VALUES ('grada 2', 'espectaculo 418', 'entrevista', '2005-09-06', 'productora 418', '2022-09-01 18:00:00', 'Calle de las flores número 418 puerta C');
INSERT INTO gradas VALUES ('grada 3', 'espectaculo 418', 'entrevista', '2005-09-06', 'productora 418', '2022-09-01 18:00:00', 'Calle de las flores número 418 puerta C');
INSERT INTO espectaculos VALUES ('espectaculo 419', 'concierto', '2000-06-24', 'productora 419', 'lista participantes 419', 5, '00:17:00', '00:52:00', '00:20:00');
INSERT INTO eventos VALUES ('espectaculo 419', 'concierto', '2000-06-24', 'productora 419', '2022-09-01 18:00:00', 'Calle de las flores número 419 puerta C','Abierto');
INSERT INTO eventos VALUES ('espectaculo 419', 'concierto', '2000-06-24', 'productora 419', '2020-09-01 03:00:00', 'Calle de las flores número 419 puerta C','Abierto');
INSERT INTO gradas VALUES ('grada 1', 'espectaculo 419', 'concierto', '2000-06-24', 'productora 419', '2022-09-01 18:00:00', 'Calle de las flores número 419 puerta C');
INSERT INTO gradas VALUES ('grada 2', 'espectaculo 419', 'concierto', '2000-06-24', 'productora 419', '2022-09-01 18:00:00', 'Calle de las flores número 419 puerta C');
INSERT INTO gradas VALUES ('grada 3', 'espectaculo 419', 'concierto', '2000-06-24', 'productora 419', '2022-09-01 18:00:00', 'Calle de las flores número 419 puerta C');
INSERT INTO espectaculos VALUES ('espectaculo 420', 'deportivo', '2018-01-25', 'productora 420', 'lista participantes 420', 1, '00:10:00', '00:24:00', '00:26:00');
INSERT INTO eventos VALUES ('espectaculo 420', 'deportivo', '2018-01-25', 'productora 420', '2022-09-01 18:00:00', 'Calle de las flores número 420 puerta C','Abierto');
INSERT INTO eventos VALUES ('espectaculo 420', 'deportivo', '2018-01-25', 'productora 420', '2020-09-01 03:00:00', 'Calle de las flores número 420 puerta C','Abierto');
INSERT INTO gradas VALUES ('grada 1', 'espectaculo 420', 'deportivo', '2018-01-25', 'productora 420', '2022-09-01 18:00:00', 'Calle de las flores número 420 puerta C');
INSERT INTO gradas VALUES ('grada 2', 'espectaculo 420', 'deportivo', '2018-01-25', 'productora 420', '2022-09-01 18:00:00', 'Calle de las flores número 420 puerta C');
INSERT INTO gradas VALUES ('grada 3', 'espectaculo 420', 'deportivo', '2018-01-25', 'productora 420', '2022-09-01 18:00:00', 'Calle de las flores número 420 puerta C');
INSERT INTO espectaculos VALUES ('espectaculo 421', 'entrevista', '2015-04-25', 'productora 421', 'lista participantes 421', 5, '00:10:00', '00:27:00', '00:18:00');
INSERT INTO eventos VALUES ('espectaculo 421', 'entrevista', '2015-04-25', 'productora 421', '2022-09-01 18:00:00', 'Calle de las flores número 421 puerta C','Abierto');
INSERT INTO eventos VALUES ('espectaculo 421', 'entrevista', '2015-04-25', 'productora 421', '2020-09-01 03:00:00', 'Calle de las flores número 421 puerta C','Abierto');
INSERT INTO gradas VALUES ('grada 1', 'espectaculo 421', 'entrevista', '2015-04-25', 'productora 421', '2022-09-01 18:00:00', 'Calle de las flores número 421 puerta C');
INSERT INTO gradas VALUES ('grada 2', 'espectaculo 421', 'entrevista', '2015-04-25', 'productora 421', '2022-09-01 18:00:00', 'Calle de las flores número 421 puerta C');
INSERT INTO gradas VALUES ('grada 3', 'espectaculo 421', 'entrevista', '2015-04-25', 'productora 421', '2022-09-01 18:00:00', 'Calle de las flores número 421 puerta C');
INSERT INTO espectaculos VALUES ('espectaculo 422', 'deportivo', '1992-06-21', 'productora 422', 'lista participantes 422', 5, '00:15:00', '00:20:00', '00:29:00');
INSERT INTO eventos VALUES ('espectaculo 422', 'deportivo', '1992-06-21', 'productora 422', '2022-09-01 18:00:00', 'Calle de las flores número 422 puerta C','Abierto');
INSERT INTO eventos VALUES ('espectaculo 422', 'deportivo', '1992-06-21', 'productora 422', '2020-09-01 03:00:00', 'Calle de las flores número 422 puerta C','Abierto');
INSERT INTO gradas VALUES ('grada 1', 'espectaculo 422', 'deportivo', '1992-06-21', 'productora 422', '2022-09-01 18:00:00', 'Calle de las flores número 422 puerta C');
INSERT INTO gradas VALUES ('grada 2', 'espectaculo 422', 'deportivo', '1992-06-21', 'productora 422', '2022-09-01 18:00:00', 'Calle de las flores número 422 puerta C');
INSERT INTO gradas VALUES ('grada 3', 'espectaculo 422', 'deportivo', '1992-06-21', 'productora 422', '2022-09-01 18:00:00', 'Calle de las flores número 422 puerta C');
INSERT INTO espectaculos VALUES ('espectaculo 423', 'entrevista', '2008-03-14', 'productora 423', 'lista participantes 423', 2, '00:14:00', '00:18:00', '00:16:00');
INSERT INTO eventos VALUES ('espectaculo 423', 'entrevista', '2008-03-14', 'productora 423', '2022-09-01 18:00:00', 'Calle de las flores número 423 puerta C','Abierto');
INSERT INTO eventos VALUES ('espectaculo 423', 'entrevista', '2008-03-14', 'productora 423', '2020-09-01 03:00:00', 'Calle de las flores número 423 puerta C','Abierto');
INSERT INTO gradas VALUES ('grada 1', 'espectaculo 423', 'entrevista', '2008-03-14', 'productora 423', '2022-09-01 18:00:00', 'Calle de las flores número 423 puerta C');
INSERT INTO gradas VALUES ('grada 2', 'espectaculo 423', 'entrevista', '2008-03-14', 'productora 423', '2022-09-01 18:00:00', 'Calle de las flores número 423 puerta C');
INSERT INTO gradas VALUES ('grada 3', 'espectaculo 423', 'entrevista', '2008-03-14', 'productora 423', '2022-09-01 18:00:00', 'Calle de las flores número 423 puerta C');
INSERT INTO espectaculos VALUES ('espectaculo 424', 'deportivo', '2000-10-02', 'productora 424', 'lista participantes 424', 6, '00:13:00', '00:29:00', '00:20:00');
INSERT INTO eventos VALUES ('espectaculo 424', 'deportivo', '2000-10-02', 'productora 424', '2022-09-01 18:00:00', 'Calle de las flores número 424 puerta C','Abierto');
INSERT INTO eventos VALUES ('espectaculo 424', 'deportivo', '2000-10-02', 'productora 424', '2020-09-01 03:00:00', 'Calle de las flores número 424 puerta C','Abierto');
INSERT INTO gradas VALUES ('grada 1', 'espectaculo 424', 'deportivo', '2000-10-02', 'productora 424', '2022-09-01 18:00:00', 'Calle de las flores número 424 puerta C');
INSERT INTO gradas VALUES ('grada 2', 'espectaculo 424', 'deportivo', '2000-10-02', 'productora 424', '2022-09-01 18:00:00', 'Calle de las flores número 424 puerta C');
INSERT INTO gradas VALUES ('grada 3', 'espectaculo 424', 'deportivo', '2000-10-02', 'productora 424', '2022-09-01 18:00:00', 'Calle de las flores número 424 puerta C');
INSERT INTO espectaculos VALUES ('espectaculo 425', 'entrevista', '1992-03-03', 'productora 425', 'lista participantes 425', 2, '00:16:00', '00:48:00', '00:25:00');
INSERT INTO eventos VALUES ('espectaculo 425', 'entrevista', '1992-03-03', 'productora 425', '2022-09-01 18:00:00', 'Calle de las flores número 425 puerta C','Abierto');
INSERT INTO eventos VALUES ('espectaculo 425', 'entrevista', '1992-03-03', 'productora 425', '2020-09-01 03:00:00', 'Calle de las flores número 425 puerta C','Abierto');
INSERT INTO gradas VALUES ('grada 1', 'espectaculo 425', 'entrevista', '1992-03-03', 'productora 425', '2022-09-01 18:00:00', 'Calle de las flores número 425 puerta C');
INSERT INTO gradas VALUES ('grada 2', 'espectaculo 425', 'entrevista', '1992-03-03', 'productora 425', '2022-09-01 18:00:00', 'Calle de las flores número 425 puerta C');
INSERT INTO gradas VALUES ('grada 3', 'espectaculo 425', 'entrevista', '1992-03-03', 'productora 425', '2022-09-01 18:00:00', 'Calle de las flores número 425 puerta C');
INSERT INTO espectaculos VALUES ('espectaculo 426', 'deportivo', '2005-10-08', 'productora 426', 'lista participantes 426', 8, '00:17:00', '00:32:00', '00:29:00');
INSERT INTO eventos VALUES ('espectaculo 426', 'deportivo', '2005-10-08', 'productora 426', '2022-09-01 18:00:00', 'Calle de las flores número 426 puerta C','Abierto');
INSERT INTO eventos VALUES ('espectaculo 426', 'deportivo', '2005-10-08', 'productora 426', '2020-09-01 03:00:00', 'Calle de las flores número 426 puerta C','Abierto');
INSERT INTO gradas VALUES ('grada 1', 'espectaculo 426', 'deportivo', '2005-10-08', 'productora 426', '2022-09-01 18:00:00', 'Calle de las flores número 426 puerta C');
INSERT INTO gradas VALUES ('grada 2', 'espectaculo 426', 'deportivo', '2005-10-08', 'productora 426', '2022-09-01 18:00:00', 'Calle de las flores número 426 puerta C');
INSERT INTO gradas VALUES ('grada 3', 'espectaculo 426', 'deportivo', '2005-10-08', 'productora 426', '2022-09-01 18:00:00', 'Calle de las flores número 426 puerta C');
INSERT INTO espectaculos VALUES ('espectaculo 427', 'deportivo', '1991-10-09', 'productora 427', 'lista participantes 427', 9, '00:10:00', '00:35:00', '00:23:00');
INSERT INTO eventos VALUES ('espectaculo 427', 'deportivo', '1991-10-09', 'productora 427', '2022-09-01 18:00:00', 'Calle de las flores número 427 puerta C','Abierto');
INSERT INTO eventos VALUES ('espectaculo 427', 'deportivo', '1991-10-09', 'productora 427', '2020-09-01 03:00:00', 'Calle de las flores número 427 puerta C','Abierto');
INSERT INTO gradas VALUES ('grada 1', 'espectaculo 427', 'deportivo', '1991-10-09', 'productora 427', '2022-09-01 18:00:00', 'Calle de las flores número 427 puerta C');
INSERT INTO gradas VALUES ('grada 2', 'espectaculo 427', 'deportivo', '1991-10-09', 'productora 427', '2022-09-01 18:00:00', 'Calle de las flores número 427 puerta C');
INSERT INTO gradas VALUES ('grada 3', 'espectaculo 427', 'deportivo', '1991-10-09', 'productora 427', '2022-09-01 18:00:00', 'Calle de las flores número 427 puerta C');
INSERT INTO espectaculos VALUES ('espectaculo 428', 'pelicula', '1986-10-22', 'productora 428', 'lista participantes 428', 5, '00:18:00', '00:41:00', '00:17:00');
INSERT INTO eventos VALUES ('espectaculo 428', 'pelicula', '1986-10-22', 'productora 428', '2022-09-01 18:00:00', 'Calle de las flores número 428 puerta C','Abierto');
INSERT INTO eventos VALUES ('espectaculo 428', 'pelicula', '1986-10-22', 'productora 428', '2020-09-01 03:00:00', 'Calle de las flores número 428 puerta C','Abierto');
INSERT INTO gradas VALUES ('grada 1', 'espectaculo 428', 'pelicula', '1986-10-22', 'productora 428', '2022-09-01 18:00:00', 'Calle de las flores número 428 puerta C');
INSERT INTO gradas VALUES ('grada 2', 'espectaculo 428', 'pelicula', '1986-10-22', 'productora 428', '2022-09-01 18:00:00', 'Calle de las flores número 428 puerta C');
INSERT INTO gradas VALUES ('grada 3', 'espectaculo 428', 'pelicula', '1986-10-22', 'productora 428', '2022-09-01 18:00:00', 'Calle de las flores número 428 puerta C');
INSERT INTO espectaculos VALUES ('espectaculo 429', 'entrevista', '2012-01-14', 'productora 429', 'lista participantes 429', 8, '00:15:00', '00:15:00', '00:15:00');
INSERT INTO eventos VALUES ('espectaculo 429', 'entrevista', '2012-01-14', 'productora 429', '2022-09-01 18:00:00', 'Calle de las flores número 429 puerta C','Abierto');
INSERT INTO eventos VALUES ('espectaculo 429', 'entrevista', '2012-01-14', 'productora 429', '2020-09-01 03:00:00', 'Calle de las flores número 429 puerta C','Abierto');
INSERT INTO gradas VALUES ('grada 1', 'espectaculo 429', 'entrevista', '2012-01-14', 'productora 429', '2022-09-01 18:00:00', 'Calle de las flores número 429 puerta C');
INSERT INTO gradas VALUES ('grada 2', 'espectaculo 429', 'entrevista', '2012-01-14', 'productora 429', '2022-09-01 18:00:00', 'Calle de las flores número 429 puerta C');
INSERT INTO gradas VALUES ('grada 3', 'espectaculo 429', 'entrevista', '2012-01-14', 'productora 429', '2022-09-01 18:00:00', 'Calle de las flores número 429 puerta C');
INSERT INTO espectaculos VALUES ('espectaculo 430', 'pelicula', '2008-02-04', 'productora 430', 'lista participantes 430', 4, '00:19:00', '00:37:00', '00:26:00');
INSERT INTO eventos VALUES ('espectaculo 430', 'pelicula', '2008-02-04', 'productora 430', '2022-09-01 18:00:00', 'Calle de las flores número 430 puerta C','Abierto');
INSERT INTO eventos VALUES ('espectaculo 430', 'pelicula', '2008-02-04', 'productora 430', '2020-09-01 03:00:00', 'Calle de las flores número 430 puerta C','Abierto');
INSERT INTO gradas VALUES ('grada 1', 'espectaculo 430', 'pelicula', '2008-02-04', 'productora 430', '2022-09-01 18:00:00', 'Calle de las flores número 430 puerta C');
INSERT INTO gradas VALUES ('grada 2', 'espectaculo 430', 'pelicula', '2008-02-04', 'productora 430', '2022-09-01 18:00:00', 'Calle de las flores número 430 puerta C');
INSERT INTO gradas VALUES ('grada 3', 'espectaculo 430', 'pelicula', '2008-02-04', 'productora 430', '2022-09-01 18:00:00', 'Calle de las flores número 430 puerta C');
INSERT INTO espectaculos VALUES ('espectaculo 431', 'pelicula', '1995-05-08', 'productora 431', 'lista participantes 431', 5, '00:11:00', '00:31:00', '00:28:00');
INSERT INTO eventos VALUES ('espectaculo 431', 'pelicula', '1995-05-08', 'productora 431', '2022-09-01 18:00:00', 'Calle de las flores número 431 puerta C','Abierto');
INSERT INTO eventos VALUES ('espectaculo 431', 'pelicula', '1995-05-08', 'productora 431', '2020-09-01 03:00:00', 'Calle de las flores número 431 puerta C','Abierto');
INSERT INTO gradas VALUES ('grada 1', 'espectaculo 431', 'pelicula', '1995-05-08', 'productora 431', '2022-09-01 18:00:00', 'Calle de las flores número 431 puerta C');
INSERT INTO gradas VALUES ('grada 2', 'espectaculo 431', 'pelicula', '1995-05-08', 'productora 431', '2022-09-01 18:00:00', 'Calle de las flores número 431 puerta C');
INSERT INTO gradas VALUES ('grada 3', 'espectaculo 431', 'pelicula', '1995-05-08', 'productora 431', '2022-09-01 18:00:00', 'Calle de las flores número 431 puerta C');
INSERT INTO espectaculos VALUES ('espectaculo 432', 'concierto', '2020-08-27', 'productora 432', 'lista participantes 432', 7, '00:10:00', '00:33:00', '00:16:00');
INSERT INTO eventos VALUES ('espectaculo 432', 'concierto', '2020-08-27', 'productora 432', '2022-09-01 18:00:00', 'Calle de las flores número 432 puerta C','Abierto');
INSERT INTO eventos VALUES ('espectaculo 432', 'concierto', '2020-08-27', 'productora 432', '2020-09-01 03:00:00', 'Calle de las flores número 432 puerta C','Abierto');
INSERT INTO gradas VALUES ('grada 1', 'espectaculo 432', 'concierto', '2020-08-27', 'productora 432', '2022-09-01 18:00:00', 'Calle de las flores número 432 puerta C');
INSERT INTO gradas VALUES ('grada 2', 'espectaculo 432', 'concierto', '2020-08-27', 'productora 432', '2022-09-01 18:00:00', 'Calle de las flores número 432 puerta C');
INSERT INTO gradas VALUES ('grada 3', 'espectaculo 432', 'concierto', '2020-08-27', 'productora 432', '2022-09-01 18:00:00', 'Calle de las flores número 432 puerta C');
INSERT INTO espectaculos VALUES ('espectaculo 433', 'teatro', '2010-03-06', 'productora 433', 'lista participantes 433', 2, '00:10:00', '00:17:00', '00:20:00');
INSERT INTO eventos VALUES ('espectaculo 433', 'teatro', '2010-03-06', 'productora 433', '2022-09-01 18:00:00', 'Calle de las flores número 433 puerta C','Abierto');
INSERT INTO eventos VALUES ('espectaculo 433', 'teatro', '2010-03-06', 'productora 433', '2020-09-01 03:00:00', 'Calle de las flores número 433 puerta C','Abierto');
INSERT INTO gradas VALUES ('grada 1', 'espectaculo 433', 'teatro', '2010-03-06', 'productora 433', '2022-09-01 18:00:00', 'Calle de las flores número 433 puerta C');
INSERT INTO gradas VALUES ('grada 2', 'espectaculo 433', 'teatro', '2010-03-06', 'productora 433', '2022-09-01 18:00:00', 'Calle de las flores número 433 puerta C');
INSERT INTO gradas VALUES ('grada 3', 'espectaculo 433', 'teatro', '2010-03-06', 'productora 433', '2022-09-01 18:00:00', 'Calle de las flores número 433 puerta C');
INSERT INTO espectaculos VALUES ('espectaculo 434', 'pelicula', '2007-10-20', 'productora 434', 'lista participantes 434', 8, '00:11:00', '00:27:00', '00:22:00');
INSERT INTO eventos VALUES ('espectaculo 434', 'pelicula', '2007-10-20', 'productora 434', '2022-09-01 18:00:00', 'Calle de las flores número 434 puerta C','Abierto');
INSERT INTO eventos VALUES ('espectaculo 434', 'pelicula', '2007-10-20', 'productora 434', '2020-09-01 03:00:00', 'Calle de las flores número 434 puerta C','Abierto');
INSERT INTO gradas VALUES ('grada 1', 'espectaculo 434', 'pelicula', '2007-10-20', 'productora 434', '2022-09-01 18:00:00', 'Calle de las flores número 434 puerta C');
INSERT INTO gradas VALUES ('grada 2', 'espectaculo 434', 'pelicula', '2007-10-20', 'productora 434', '2022-09-01 18:00:00', 'Calle de las flores número 434 puerta C');
INSERT INTO gradas VALUES ('grada 3', 'espectaculo 434', 'pelicula', '2007-10-20', 'productora 434', '2022-09-01 18:00:00', 'Calle de las flores número 434 puerta C');
INSERT INTO espectaculos VALUES ('espectaculo 435', 'concierto', '1999-10-03', 'productora 435', 'lista participantes 435', 2, '00:19:00', '00:24:00', '00:24:00');
INSERT INTO eventos VALUES ('espectaculo 435', 'concierto', '1999-10-03', 'productora 435', '2022-09-01 18:00:00', 'Calle de las flores número 435 puerta C','Abierto');
INSERT INTO eventos VALUES ('espectaculo 435', 'concierto', '1999-10-03', 'productora 435', '2020-09-01 03:00:00', 'Calle de las flores número 435 puerta C','Abierto');
INSERT INTO gradas VALUES ('grada 1', 'espectaculo 435', 'concierto', '1999-10-03', 'productora 435', '2022-09-01 18:00:00', 'Calle de las flores número 435 puerta C');
INSERT INTO gradas VALUES ('grada 2', 'espectaculo 435', 'concierto', '1999-10-03', 'productora 435', '2022-09-01 18:00:00', 'Calle de las flores número 435 puerta C');
INSERT INTO gradas VALUES ('grada 3', 'espectaculo 435', 'concierto', '1999-10-03', 'productora 435', '2022-09-01 18:00:00', 'Calle de las flores número 435 puerta C');
INSERT INTO espectaculos VALUES ('espectaculo 436', 'deportivo', '1998-08-24', 'productora 436', 'lista participantes 436', 9, '00:16:00', '00:18:00', '00:26:00');
INSERT INTO eventos VALUES ('espectaculo 436', 'deportivo', '1998-08-24', 'productora 436', '2022-09-01 18:00:00', 'Calle de las flores número 436 puerta C','Abierto');
INSERT INTO eventos VALUES ('espectaculo 436', 'deportivo', '1998-08-24', 'productora 436', '2020-09-01 03:00:00', 'Calle de las flores número 436 puerta C','Abierto');
INSERT INTO gradas VALUES ('grada 1', 'espectaculo 436', 'deportivo', '1998-08-24', 'productora 436', '2022-09-01 18:00:00', 'Calle de las flores número 436 puerta C');
INSERT INTO gradas VALUES ('grada 2', 'espectaculo 436', 'deportivo', '1998-08-24', 'productora 436', '2022-09-01 18:00:00', 'Calle de las flores número 436 puerta C');
INSERT INTO gradas VALUES ('grada 3', 'espectaculo 436', 'deportivo', '1998-08-24', 'productora 436', '2022-09-01 18:00:00', 'Calle de las flores número 436 puerta C');
INSERT INTO espectaculos VALUES ('espectaculo 437', 'concierto', '2016-07-06', 'productora 437', 'lista participantes 437', 3, '00:15:00', '00:39:00', '00:15:00');
INSERT INTO eventos VALUES ('espectaculo 437', 'concierto', '2016-07-06', 'productora 437', '2022-09-01 18:00:00', 'Calle de las flores número 437 puerta C','Abierto');
INSERT INTO eventos VALUES ('espectaculo 437', 'concierto', '2016-07-06', 'productora 437', '2020-09-01 03:00:00', 'Calle de las flores número 437 puerta C','Abierto');
INSERT INTO gradas VALUES ('grada 1', 'espectaculo 437', 'concierto', '2016-07-06', 'productora 437', '2022-09-01 18:00:00', 'Calle de las flores número 437 puerta C');
INSERT INTO gradas VALUES ('grada 2', 'espectaculo 437', 'concierto', '2016-07-06', 'productora 437', '2022-09-01 18:00:00', 'Calle de las flores número 437 puerta C');
INSERT INTO gradas VALUES ('grada 3', 'espectaculo 437', 'concierto', '2016-07-06', 'productora 437', '2022-09-01 18:00:00', 'Calle de las flores número 437 puerta C');
INSERT INTO espectaculos VALUES ('espectaculo 438', 'entrevista', '2003-10-25', 'productora 438', 'lista participantes 438', 7, '00:12:00', '00:53:00', '00:22:00');
INSERT INTO eventos VALUES ('espectaculo 438', 'entrevista', '2003-10-25', 'productora 438', '2022-09-01 18:00:00', 'Calle de las flores número 438 puerta C','Abierto');
INSERT INTO eventos VALUES ('espectaculo 438', 'entrevista', '2003-10-25', 'productora 438', '2020-09-01 03:00:00', 'Calle de las flores número 438 puerta C','Abierto');
INSERT INTO gradas VALUES ('grada 1', 'espectaculo 438', 'entrevista', '2003-10-25', 'productora 438', '2022-09-01 18:00:00', 'Calle de las flores número 438 puerta C');
INSERT INTO gradas VALUES ('grada 2', 'espectaculo 438', 'entrevista', '2003-10-25', 'productora 438', '2022-09-01 18:00:00', 'Calle de las flores número 438 puerta C');
INSERT INTO gradas VALUES ('grada 3', 'espectaculo 438', 'entrevista', '2003-10-25', 'productora 438', '2022-09-01 18:00:00', 'Calle de las flores número 438 puerta C');
INSERT INTO espectaculos VALUES ('espectaculo 439', 'concierto', '2006-04-18', 'productora 439', 'lista participantes 439', 9, '00:11:00', '00:30:00', '00:24:00');
INSERT INTO eventos VALUES ('espectaculo 439', 'concierto', '2006-04-18', 'productora 439', '2022-09-01 18:00:00', 'Calle de las flores número 439 puerta C','Abierto');
INSERT INTO eventos VALUES ('espectaculo 439', 'concierto', '2006-04-18', 'productora 439', '2020-09-01 03:00:00', 'Calle de las flores número 439 puerta C','Abierto');
INSERT INTO gradas VALUES ('grada 1', 'espectaculo 439', 'concierto', '2006-04-18', 'productora 439', '2022-09-01 18:00:00', 'Calle de las flores número 439 puerta C');
INSERT INTO gradas VALUES ('grada 2', 'espectaculo 439', 'concierto', '2006-04-18', 'productora 439', '2022-09-01 18:00:00', 'Calle de las flores número 439 puerta C');
INSERT INTO gradas VALUES ('grada 3', 'espectaculo 439', 'concierto', '2006-04-18', 'productora 439', '2022-09-01 18:00:00', 'Calle de las flores número 439 puerta C');
INSERT INTO espectaculos VALUES ('espectaculo 440', 'entrevista', '1987-07-19', 'productora 440', 'lista participantes 440', 7, '00:11:00', '00:44:00', '00:18:00');
INSERT INTO eventos VALUES ('espectaculo 440', 'entrevista', '1987-07-19', 'productora 440', '2022-09-01 18:00:00', 'Calle de las flores número 440 puerta C','Abierto');
INSERT INTO eventos VALUES ('espectaculo 440', 'entrevista', '1987-07-19', 'productora 440', '2020-09-01 03:00:00', 'Calle de las flores número 440 puerta C','Abierto');
INSERT INTO gradas VALUES ('grada 1', 'espectaculo 440', 'entrevista', '1987-07-19', 'productora 440', '2022-09-01 18:00:00', 'Calle de las flores número 440 puerta C');
INSERT INTO gradas VALUES ('grada 2', 'espectaculo 440', 'entrevista', '1987-07-19', 'productora 440', '2022-09-01 18:00:00', 'Calle de las flores número 440 puerta C');
INSERT INTO gradas VALUES ('grada 3', 'espectaculo 440', 'entrevista', '1987-07-19', 'productora 440', '2022-09-01 18:00:00', 'Calle de las flores número 440 puerta C');
INSERT INTO espectaculos VALUES ('espectaculo 441', 'teatro', '2006-01-04', 'productora 441', 'lista participantes 441', 1, '00:12:00', '00:34:00', '00:22:00');
INSERT INTO eventos VALUES ('espectaculo 441', 'teatro', '2006-01-04', 'productora 441', '2022-09-01 18:00:00', 'Calle de las flores número 441 puerta C','Abierto');
INSERT INTO eventos VALUES ('espectaculo 441', 'teatro', '2006-01-04', 'productora 441', '2020-09-01 03:00:00', 'Calle de las flores número 441 puerta C','Abierto');
INSERT INTO gradas VALUES ('grada 1', 'espectaculo 441', 'teatro', '2006-01-04', 'productora 441', '2022-09-01 18:00:00', 'Calle de las flores número 441 puerta C');
INSERT INTO gradas VALUES ('grada 2', 'espectaculo 441', 'teatro', '2006-01-04', 'productora 441', '2022-09-01 18:00:00', 'Calle de las flores número 441 puerta C');
INSERT INTO gradas VALUES ('grada 3', 'espectaculo 441', 'teatro', '2006-01-04', 'productora 441', '2022-09-01 18:00:00', 'Calle de las flores número 441 puerta C');
INSERT INTO espectaculos VALUES ('espectaculo 442', 'deportivo', '2016-03-12', 'productora 442', 'lista participantes 442', 2, '00:14:00', '00:33:00', '00:17:00');
INSERT INTO eventos VALUES ('espectaculo 442', 'deportivo', '2016-03-12', 'productora 442', '2022-09-01 18:00:00', 'Calle de las flores número 442 puerta C','Abierto');
INSERT INTO eventos VALUES ('espectaculo 442', 'deportivo', '2016-03-12', 'productora 442', '2020-09-01 03:00:00', 'Calle de las flores número 442 puerta C','Abierto');
INSERT INTO gradas VALUES ('grada 1', 'espectaculo 442', 'deportivo', '2016-03-12', 'productora 442', '2022-09-01 18:00:00', 'Calle de las flores número 442 puerta C');
INSERT INTO gradas VALUES ('grada 2', 'espectaculo 442', 'deportivo', '2016-03-12', 'productora 442', '2022-09-01 18:00:00', 'Calle de las flores número 442 puerta C');
INSERT INTO gradas VALUES ('grada 3', 'espectaculo 442', 'deportivo', '2016-03-12', 'productora 442', '2022-09-01 18:00:00', 'Calle de las flores número 442 puerta C');
INSERT INTO espectaculos VALUES ('espectaculo 443', 'entrevista', '2014-04-23', 'productora 443', 'lista participantes 443', 6, '00:13:00', '00:21:00', '00:15:00');
INSERT INTO eventos VALUES ('espectaculo 443', 'entrevista', '2014-04-23', 'productora 443', '2022-09-01 18:00:00', 'Calle de las flores número 443 puerta C','Abierto');
INSERT INTO eventos VALUES ('espectaculo 443', 'entrevista', '2014-04-23', 'productora 443', '2020-09-01 03:00:00', 'Calle de las flores número 443 puerta C','Abierto');
INSERT INTO gradas VALUES ('grada 1', 'espectaculo 443', 'entrevista', '2014-04-23', 'productora 443', '2022-09-01 18:00:00', 'Calle de las flores número 443 puerta C');
INSERT INTO gradas VALUES ('grada 2', 'espectaculo 443', 'entrevista', '2014-04-23', 'productora 443', '2022-09-01 18:00:00', 'Calle de las flores número 443 puerta C');
INSERT INTO gradas VALUES ('grada 3', 'espectaculo 443', 'entrevista', '2014-04-23', 'productora 443', '2022-09-01 18:00:00', 'Calle de las flores número 443 puerta C');
INSERT INTO espectaculos VALUES ('espectaculo 444', 'teatro', '2008-11-26', 'productora 444', 'lista participantes 444', 3, '00:14:00', '00:28:00', '00:17:00');
INSERT INTO eventos VALUES ('espectaculo 444', 'teatro', '2008-11-26', 'productora 444', '2022-09-01 18:00:00', 'Calle de las flores número 444 puerta C','Abierto');
INSERT INTO eventos VALUES ('espectaculo 444', 'teatro', '2008-11-26', 'productora 444', '2020-09-01 03:00:00', 'Calle de las flores número 444 puerta C','Abierto');
INSERT INTO gradas VALUES ('grada 1', 'espectaculo 444', 'teatro', '2008-11-26', 'productora 444', '2022-09-01 18:00:00', 'Calle de las flores número 444 puerta C');
INSERT INTO gradas VALUES ('grada 2', 'espectaculo 444', 'teatro', '2008-11-26', 'productora 444', '2022-09-01 18:00:00', 'Calle de las flores número 444 puerta C');
INSERT INTO gradas VALUES ('grada 3', 'espectaculo 444', 'teatro', '2008-11-26', 'productora 444', '2022-09-01 18:00:00', 'Calle de las flores número 444 puerta C');
INSERT INTO espectaculos VALUES ('espectaculo 445', 'teatro', '2006-03-24', 'productora 445', 'lista participantes 445', 8, '00:14:00', '00:53:00', '00:27:00');
INSERT INTO eventos VALUES ('espectaculo 445', 'teatro', '2006-03-24', 'productora 445', '2022-09-01 18:00:00', 'Calle de las flores número 445 puerta C','Abierto');
INSERT INTO eventos VALUES ('espectaculo 445', 'teatro', '2006-03-24', 'productora 445', '2020-09-01 03:00:00', 'Calle de las flores número 445 puerta C','Abierto');
INSERT INTO gradas VALUES ('grada 1', 'espectaculo 445', 'teatro', '2006-03-24', 'productora 445', '2022-09-01 18:00:00', 'Calle de las flores número 445 puerta C');
INSERT INTO gradas VALUES ('grada 2', 'espectaculo 445', 'teatro', '2006-03-24', 'productora 445', '2022-09-01 18:00:00', 'Calle de las flores número 445 puerta C');
INSERT INTO gradas VALUES ('grada 3', 'espectaculo 445', 'teatro', '2006-03-24', 'productora 445', '2022-09-01 18:00:00', 'Calle de las flores número 445 puerta C');
INSERT INTO espectaculos VALUES ('espectaculo 446', 'deportivo', '2012-06-06', 'productora 446', 'lista participantes 446', 2, '00:16:00', '00:53:00', '00:15:00');
INSERT INTO eventos VALUES ('espectaculo 446', 'deportivo', '2012-06-06', 'productora 446', '2022-09-01 18:00:00', 'Calle de las flores número 446 puerta C','Abierto');
INSERT INTO eventos VALUES ('espectaculo 446', 'deportivo', '2012-06-06', 'productora 446', '2020-09-01 03:00:00', 'Calle de las flores número 446 puerta C','Abierto');
INSERT INTO gradas VALUES ('grada 1', 'espectaculo 446', 'deportivo', '2012-06-06', 'productora 446', '2022-09-01 18:00:00', 'Calle de las flores número 446 puerta C');
INSERT INTO gradas VALUES ('grada 2', 'espectaculo 446', 'deportivo', '2012-06-06', 'productora 446', '2022-09-01 18:00:00', 'Calle de las flores número 446 puerta C');
INSERT INTO gradas VALUES ('grada 3', 'espectaculo 446', 'deportivo', '2012-06-06', 'productora 446', '2022-09-01 18:00:00', 'Calle de las flores número 446 puerta C');
INSERT INTO espectaculos VALUES ('espectaculo 447', 'concierto', '2004-11-17', 'productora 447', 'lista participantes 447', 6, '00:14:00', '00:51:00', '00:27:00');
INSERT INTO eventos VALUES ('espectaculo 447', 'concierto', '2004-11-17', 'productora 447', '2022-09-01 18:00:00', 'Calle de las flores número 447 puerta C','Abierto');
INSERT INTO eventos VALUES ('espectaculo 447', 'concierto', '2004-11-17', 'productora 447', '2020-09-01 03:00:00', 'Calle de las flores número 447 puerta C','Abierto');
INSERT INTO gradas VALUES ('grada 1', 'espectaculo 447', 'concierto', '2004-11-17', 'productora 447', '2022-09-01 18:00:00', 'Calle de las flores número 447 puerta C');
INSERT INTO gradas VALUES ('grada 2', 'espectaculo 447', 'concierto', '2004-11-17', 'productora 447', '2022-09-01 18:00:00', 'Calle de las flores número 447 puerta C');
INSERT INTO gradas VALUES ('grada 3', 'espectaculo 447', 'concierto', '2004-11-17', 'productora 447', '2022-09-01 18:00:00', 'Calle de las flores número 447 puerta C');
INSERT INTO espectaculos VALUES ('espectaculo 448', 'concierto', '2010-04-08', 'productora 448', 'lista participantes 448', 1, '00:18:00', '00:26:00', '00:19:00');
INSERT INTO eventos VALUES ('espectaculo 448', 'concierto', '2010-04-08', 'productora 448', '2022-09-01 18:00:00', 'Calle de las flores número 448 puerta C','Abierto');
INSERT INTO eventos VALUES ('espectaculo 448', 'concierto', '2010-04-08', 'productora 448', '2020-09-01 03:00:00', 'Calle de las flores número 448 puerta C','Abierto');
INSERT INTO gradas VALUES ('grada 1', 'espectaculo 448', 'concierto', '2010-04-08', 'productora 448', '2022-09-01 18:00:00', 'Calle de las flores número 448 puerta C');
INSERT INTO gradas VALUES ('grada 2', 'espectaculo 448', 'concierto', '2010-04-08', 'productora 448', '2022-09-01 18:00:00', 'Calle de las flores número 448 puerta C');
INSERT INTO gradas VALUES ('grada 3', 'espectaculo 448', 'concierto', '2010-04-08', 'productora 448', '2022-09-01 18:00:00', 'Calle de las flores número 448 puerta C');
INSERT INTO espectaculos VALUES ('espectaculo 449', 'deportivo', '1991-01-19', 'productora 449', 'lista participantes 449', 9, '00:17:00', '00:28:00', '00:29:00');
INSERT INTO eventos VALUES ('espectaculo 449', 'deportivo', '1991-01-19', 'productora 449', '2022-09-01 18:00:00', 'Calle de las flores número 449 puerta C','Abierto');
INSERT INTO eventos VALUES ('espectaculo 449', 'deportivo', '1991-01-19', 'productora 449', '2020-09-01 03:00:00', 'Calle de las flores número 449 puerta C','Abierto');
INSERT INTO gradas VALUES ('grada 1', 'espectaculo 449', 'deportivo', '1991-01-19', 'productora 449', '2022-09-01 18:00:00', 'Calle de las flores número 449 puerta C');
INSERT INTO gradas VALUES ('grada 2', 'espectaculo 449', 'deportivo', '1991-01-19', 'productora 449', '2022-09-01 18:00:00', 'Calle de las flores número 449 puerta C');
INSERT INTO gradas VALUES ('grada 3', 'espectaculo 449', 'deportivo', '1991-01-19', 'productora 449', '2022-09-01 18:00:00', 'Calle de las flores número 449 puerta C');
INSERT INTO espectaculos VALUES ('espectaculo 450', 'entrevista', '2007-09-05', 'productora 450', 'lista participantes 450', 7, '00:18:00', '00:25:00', '00:26:00');
INSERT INTO eventos VALUES ('espectaculo 450', 'entrevista', '2007-09-05', 'productora 450', '2022-09-01 18:00:00', 'Calle de las flores número 450 puerta C','Abierto');
INSERT INTO eventos VALUES ('espectaculo 450', 'entrevista', '2007-09-05', 'productora 450', '2020-09-01 03:00:00', 'Calle de las flores número 450 puerta C','Abierto');
INSERT INTO gradas VALUES ('grada 1', 'espectaculo 450', 'entrevista', '2007-09-05', 'productora 450', '2022-09-01 18:00:00', 'Calle de las flores número 450 puerta C');
INSERT INTO gradas VALUES ('grada 2', 'espectaculo 450', 'entrevista', '2007-09-05', 'productora 450', '2022-09-01 18:00:00', 'Calle de las flores número 450 puerta C');
INSERT INTO gradas VALUES ('grada 3', 'espectaculo 450', 'entrevista', '2007-09-05', 'productora 450', '2022-09-01 18:00:00', 'Calle de las flores número 450 puerta C');
INSERT INTO espectaculos VALUES ('espectaculo 451', 'concierto', '2019-02-10', 'productora 451', 'lista participantes 451', 5, '00:12:00', '00:47:00', '00:26:00');
INSERT INTO eventos VALUES ('espectaculo 451', 'concierto', '2019-02-10', 'productora 451', '2022-09-01 18:00:00', 'Calle de las flores número 451 puerta C','Abierto');
INSERT INTO eventos VALUES ('espectaculo 451', 'concierto', '2019-02-10', 'productora 451', '2020-09-01 03:00:00', 'Calle de las flores número 451 puerta C','Abierto');
INSERT INTO gradas VALUES ('grada 1', 'espectaculo 451', 'concierto', '2019-02-10', 'productora 451', '2022-09-01 18:00:00', 'Calle de las flores número 451 puerta C');
INSERT INTO gradas VALUES ('grada 2', 'espectaculo 451', 'concierto', '2019-02-10', 'productora 451', '2022-09-01 18:00:00', 'Calle de las flores número 451 puerta C');
INSERT INTO gradas VALUES ('grada 3', 'espectaculo 451', 'concierto', '2019-02-10', 'productora 451', '2022-09-01 18:00:00', 'Calle de las flores número 451 puerta C');
INSERT INTO espectaculos VALUES ('espectaculo 452', 'deportivo', '2014-06-11', 'productora 452', 'lista participantes 452', 8, '00:11:00', '00:46:00', '00:16:00');
INSERT INTO eventos VALUES ('espectaculo 452', 'deportivo', '2014-06-11', 'productora 452', '2022-09-01 18:00:00', 'Calle de las flores número 452 puerta C','Abierto');
INSERT INTO eventos VALUES ('espectaculo 452', 'deportivo', '2014-06-11', 'productora 452', '2020-09-01 03:00:00', 'Calle de las flores número 452 puerta C','Abierto');
INSERT INTO gradas VALUES ('grada 1', 'espectaculo 452', 'deportivo', '2014-06-11', 'productora 452', '2022-09-01 18:00:00', 'Calle de las flores número 452 puerta C');
INSERT INTO gradas VALUES ('grada 2', 'espectaculo 452', 'deportivo', '2014-06-11', 'productora 452', '2022-09-01 18:00:00', 'Calle de las flores número 452 puerta C');
INSERT INTO gradas VALUES ('grada 3', 'espectaculo 452', 'deportivo', '2014-06-11', 'productora 452', '2022-09-01 18:00:00', 'Calle de las flores número 452 puerta C');
INSERT INTO espectaculos VALUES ('espectaculo 453', 'concierto', '2013-11-06', 'productora 453', 'lista participantes 453', 1, '00:15:00', '00:33:00', '00:15:00');
INSERT INTO eventos VALUES ('espectaculo 453', 'concierto', '2013-11-06', 'productora 453', '2022-09-01 18:00:00', 'Calle de las flores número 453 puerta C','Abierto');
INSERT INTO eventos VALUES ('espectaculo 453', 'concierto', '2013-11-06', 'productora 453', '2020-09-01 03:00:00', 'Calle de las flores número 453 puerta C','Abierto');
INSERT INTO gradas VALUES ('grada 1', 'espectaculo 453', 'concierto', '2013-11-06', 'productora 453', '2022-09-01 18:00:00', 'Calle de las flores número 453 puerta C');
INSERT INTO gradas VALUES ('grada 2', 'espectaculo 453', 'concierto', '2013-11-06', 'productora 453', '2022-09-01 18:00:00', 'Calle de las flores número 453 puerta C');
INSERT INTO gradas VALUES ('grada 3', 'espectaculo 453', 'concierto', '2013-11-06', 'productora 453', '2022-09-01 18:00:00', 'Calle de las flores número 453 puerta C');
INSERT INTO espectaculos VALUES ('espectaculo 454', 'teatro', '2001-06-18', 'productora 454', 'lista participantes 454', 3, '00:12:00', '00:58:00', '00:24:00');
INSERT INTO eventos VALUES ('espectaculo 454', 'teatro', '2001-06-18', 'productora 454', '2022-09-01 18:00:00', 'Calle de las flores número 454 puerta C','Abierto');
INSERT INTO eventos VALUES ('espectaculo 454', 'teatro', '2001-06-18', 'productora 454', '2020-09-01 03:00:00', 'Calle de las flores número 454 puerta C','Abierto');
INSERT INTO gradas VALUES ('grada 1', 'espectaculo 454', 'teatro', '2001-06-18', 'productora 454', '2022-09-01 18:00:00', 'Calle de las flores número 454 puerta C');
INSERT INTO gradas VALUES ('grada 2', 'espectaculo 454', 'teatro', '2001-06-18', 'productora 454', '2022-09-01 18:00:00', 'Calle de las flores número 454 puerta C');
INSERT INTO gradas VALUES ('grada 3', 'espectaculo 454', 'teatro', '2001-06-18', 'productora 454', '2022-09-01 18:00:00', 'Calle de las flores número 454 puerta C');
INSERT INTO espectaculos VALUES ('espectaculo 455', 'concierto', '2010-08-08', 'productora 455', 'lista participantes 455', 5, '00:11:00', '00:41:00', '00:19:00');
INSERT INTO eventos VALUES ('espectaculo 455', 'concierto', '2010-08-08', 'productora 455', '2022-09-01 18:00:00', 'Calle de las flores número 455 puerta C','Abierto');
INSERT INTO eventos VALUES ('espectaculo 455', 'concierto', '2010-08-08', 'productora 455', '2020-09-01 03:00:00', 'Calle de las flores número 455 puerta C','Abierto');
INSERT INTO gradas VALUES ('grada 1', 'espectaculo 455', 'concierto', '2010-08-08', 'productora 455', '2022-09-01 18:00:00', 'Calle de las flores número 455 puerta C');
INSERT INTO gradas VALUES ('grada 2', 'espectaculo 455', 'concierto', '2010-08-08', 'productora 455', '2022-09-01 18:00:00', 'Calle de las flores número 455 puerta C');
INSERT INTO gradas VALUES ('grada 3', 'espectaculo 455', 'concierto', '2010-08-08', 'productora 455', '2022-09-01 18:00:00', 'Calle de las flores número 455 puerta C');
INSERT INTO espectaculos VALUES ('espectaculo 456', 'deportivo', '2007-10-07', 'productora 456', 'lista participantes 456', 8, '00:10:00', '00:57:00', '00:29:00');
INSERT INTO eventos VALUES ('espectaculo 456', 'deportivo', '2007-10-07', 'productora 456', '2022-09-01 18:00:00', 'Calle de las flores número 456 puerta C','Abierto');
INSERT INTO eventos VALUES ('espectaculo 456', 'deportivo', '2007-10-07', 'productora 456', '2020-09-01 03:00:00', 'Calle de las flores número 456 puerta C','Abierto');
INSERT INTO gradas VALUES ('grada 1', 'espectaculo 456', 'deportivo', '2007-10-07', 'productora 456', '2022-09-01 18:00:00', 'Calle de las flores número 456 puerta C');
INSERT INTO gradas VALUES ('grada 2', 'espectaculo 456', 'deportivo', '2007-10-07', 'productora 456', '2022-09-01 18:00:00', 'Calle de las flores número 456 puerta C');
INSERT INTO gradas VALUES ('grada 3', 'espectaculo 456', 'deportivo', '2007-10-07', 'productora 456', '2022-09-01 18:00:00', 'Calle de las flores número 456 puerta C');
INSERT INTO espectaculos VALUES ('espectaculo 457', 'deportivo', '2013-08-03', 'productora 457', 'lista participantes 457', 4, '00:17:00', '00:42:00', '00:27:00');
INSERT INTO eventos VALUES ('espectaculo 457', 'deportivo', '2013-08-03', 'productora 457', '2022-09-01 18:00:00', 'Calle de las flores número 457 puerta C','Abierto');
INSERT INTO eventos VALUES ('espectaculo 457', 'deportivo', '2013-08-03', 'productora 457', '2020-09-01 03:00:00', 'Calle de las flores número 457 puerta C','Abierto');
INSERT INTO gradas VALUES ('grada 1', 'espectaculo 457', 'deportivo', '2013-08-03', 'productora 457', '2022-09-01 18:00:00', 'Calle de las flores número 457 puerta C');
INSERT INTO gradas VALUES ('grada 2', 'espectaculo 457', 'deportivo', '2013-08-03', 'productora 457', '2022-09-01 18:00:00', 'Calle de las flores número 457 puerta C');
INSERT INTO gradas VALUES ('grada 3', 'espectaculo 457', 'deportivo', '2013-08-03', 'productora 457', '2022-09-01 18:00:00', 'Calle de las flores número 457 puerta C');
INSERT INTO espectaculos VALUES ('espectaculo 458', 'concierto', '1997-10-03', 'productora 458', 'lista participantes 458', 6, '00:12:00', '00:19:00', '00:24:00');
INSERT INTO eventos VALUES ('espectaculo 458', 'concierto', '1997-10-03', 'productora 458', '2022-09-01 18:00:00', 'Calle de las flores número 458 puerta C','Abierto');
INSERT INTO eventos VALUES ('espectaculo 458', 'concierto', '1997-10-03', 'productora 458', '2020-09-01 03:00:00', 'Calle de las flores número 458 puerta C','Abierto');
INSERT INTO gradas VALUES ('grada 1', 'espectaculo 458', 'concierto', '1997-10-03', 'productora 458', '2022-09-01 18:00:00', 'Calle de las flores número 458 puerta C');
INSERT INTO gradas VALUES ('grada 2', 'espectaculo 458', 'concierto', '1997-10-03', 'productora 458', '2022-09-01 18:00:00', 'Calle de las flores número 458 puerta C');
INSERT INTO gradas VALUES ('grada 3', 'espectaculo 458', 'concierto', '1997-10-03', 'productora 458', '2022-09-01 18:00:00', 'Calle de las flores número 458 puerta C');
INSERT INTO espectaculos VALUES ('espectaculo 459', 'deportivo', '2003-11-26', 'productora 459', 'lista participantes 459', 1, '00:18:00', '00:49:00', '00:20:00');
INSERT INTO eventos VALUES ('espectaculo 459', 'deportivo', '2003-11-26', 'productora 459', '2022-09-01 18:00:00', 'Calle de las flores número 459 puerta C','Abierto');
INSERT INTO eventos VALUES ('espectaculo 459', 'deportivo', '2003-11-26', 'productora 459', '2020-09-01 03:00:00', 'Calle de las flores número 459 puerta C','Abierto');
INSERT INTO gradas VALUES ('grada 1', 'espectaculo 459', 'deportivo', '2003-11-26', 'productora 459', '2022-09-01 18:00:00', 'Calle de las flores número 459 puerta C');
INSERT INTO gradas VALUES ('grada 2', 'espectaculo 459', 'deportivo', '2003-11-26', 'productora 459', '2022-09-01 18:00:00', 'Calle de las flores número 459 puerta C');
INSERT INTO gradas VALUES ('grada 3', 'espectaculo 459', 'deportivo', '2003-11-26', 'productora 459', '2022-09-01 18:00:00', 'Calle de las flores número 459 puerta C');
INSERT INTO espectaculos VALUES ('espectaculo 460', 'teatro', '2020-10-18', 'productora 460', 'lista participantes 460', 9, '00:13:00', '00:28:00', '00:24:00');
INSERT INTO eventos VALUES ('espectaculo 460', 'teatro', '2020-10-18', 'productora 460', '2022-09-01 18:00:00', 'Calle de las flores número 460 puerta C','Abierto');
INSERT INTO eventos VALUES ('espectaculo 460', 'teatro', '2020-10-18', 'productora 460', '2020-09-01 03:00:00', 'Calle de las flores número 460 puerta C','Abierto');
INSERT INTO gradas VALUES ('grada 1', 'espectaculo 460', 'teatro', '2020-10-18', 'productora 460', '2022-09-01 18:00:00', 'Calle de las flores número 460 puerta C');
INSERT INTO gradas VALUES ('grada 2', 'espectaculo 460', 'teatro', '2020-10-18', 'productora 460', '2022-09-01 18:00:00', 'Calle de las flores número 460 puerta C');
INSERT INTO gradas VALUES ('grada 3', 'espectaculo 460', 'teatro', '2020-10-18', 'productora 460', '2022-09-01 18:00:00', 'Calle de las flores número 460 puerta C');
INSERT INTO espectaculos VALUES ('espectaculo 461', 'entrevista', '1994-06-08', 'productora 461', 'lista participantes 461', 2, '00:19:00', '00:20:00', '00:25:00');
INSERT INTO eventos VALUES ('espectaculo 461', 'entrevista', '1994-06-08', 'productora 461', '2022-09-01 18:00:00', 'Calle de las flores número 461 puerta C','Abierto');
INSERT INTO eventos VALUES ('espectaculo 461', 'entrevista', '1994-06-08', 'productora 461', '2020-09-01 03:00:00', 'Calle de las flores número 461 puerta C','Abierto');
INSERT INTO gradas VALUES ('grada 1', 'espectaculo 461', 'entrevista', '1994-06-08', 'productora 461', '2022-09-01 18:00:00', 'Calle de las flores número 461 puerta C');
INSERT INTO gradas VALUES ('grada 2', 'espectaculo 461', 'entrevista', '1994-06-08', 'productora 461', '2022-09-01 18:00:00', 'Calle de las flores número 461 puerta C');
INSERT INTO gradas VALUES ('grada 3', 'espectaculo 461', 'entrevista', '1994-06-08', 'productora 461', '2022-09-01 18:00:00', 'Calle de las flores número 461 puerta C');
INSERT INTO espectaculos VALUES ('espectaculo 462', 'pelicula', '2019-10-11', 'productora 462', 'lista participantes 462', 6, '00:10:00', '00:38:00', '00:19:00');
INSERT INTO eventos VALUES ('espectaculo 462', 'pelicula', '2019-10-11', 'productora 462', '2022-09-01 18:00:00', 'Calle de las flores número 462 puerta C','Abierto');
INSERT INTO eventos VALUES ('espectaculo 462', 'pelicula', '2019-10-11', 'productora 462', '2020-09-01 03:00:00', 'Calle de las flores número 462 puerta C','Abierto');
INSERT INTO gradas VALUES ('grada 1', 'espectaculo 462', 'pelicula', '2019-10-11', 'productora 462', '2022-09-01 18:00:00', 'Calle de las flores número 462 puerta C');
INSERT INTO gradas VALUES ('grada 2', 'espectaculo 462', 'pelicula', '2019-10-11', 'productora 462', '2022-09-01 18:00:00', 'Calle de las flores número 462 puerta C');
INSERT INTO gradas VALUES ('grada 3', 'espectaculo 462', 'pelicula', '2019-10-11', 'productora 462', '2022-09-01 18:00:00', 'Calle de las flores número 462 puerta C');
INSERT INTO espectaculos VALUES ('espectaculo 463', 'pelicula', '2001-11-15', 'productora 463', 'lista participantes 463', 9, '00:11:00', '00:47:00', '00:17:00');
INSERT INTO eventos VALUES ('espectaculo 463', 'pelicula', '2001-11-15', 'productora 463', '2022-09-01 18:00:00', 'Calle de las flores número 463 puerta C','Abierto');
INSERT INTO eventos VALUES ('espectaculo 463', 'pelicula', '2001-11-15', 'productora 463', '2020-09-01 03:00:00', 'Calle de las flores número 463 puerta C','Abierto');
INSERT INTO gradas VALUES ('grada 1', 'espectaculo 463', 'pelicula', '2001-11-15', 'productora 463', '2022-09-01 18:00:00', 'Calle de las flores número 463 puerta C');
INSERT INTO gradas VALUES ('grada 2', 'espectaculo 463', 'pelicula', '2001-11-15', 'productora 463', '2022-09-01 18:00:00', 'Calle de las flores número 463 puerta C');
INSERT INTO gradas VALUES ('grada 3', 'espectaculo 463', 'pelicula', '2001-11-15', 'productora 463', '2022-09-01 18:00:00', 'Calle de las flores número 463 puerta C');
INSERT INTO espectaculos VALUES ('espectaculo 464', 'entrevista', '2017-10-01', 'productora 464', 'lista participantes 464', 6, '00:18:00', '00:43:00', '00:17:00');
INSERT INTO eventos VALUES ('espectaculo 464', 'entrevista', '2017-10-01', 'productora 464', '2022-09-01 18:00:00', 'Calle de las flores número 464 puerta C','Abierto');
INSERT INTO eventos VALUES ('espectaculo 464', 'entrevista', '2017-10-01', 'productora 464', '2020-09-01 03:00:00', 'Calle de las flores número 464 puerta C','Abierto');
INSERT INTO gradas VALUES ('grada 1', 'espectaculo 464', 'entrevista', '2017-10-01', 'productora 464', '2022-09-01 18:00:00', 'Calle de las flores número 464 puerta C');
INSERT INTO gradas VALUES ('grada 2', 'espectaculo 464', 'entrevista', '2017-10-01', 'productora 464', '2022-09-01 18:00:00', 'Calle de las flores número 464 puerta C');
INSERT INTO gradas VALUES ('grada 3', 'espectaculo 464', 'entrevista', '2017-10-01', 'productora 464', '2022-09-01 18:00:00', 'Calle de las flores número 464 puerta C');
INSERT INTO espectaculos VALUES ('espectaculo 465', 'teatro', '2002-01-15', 'productora 465', 'lista participantes 465', 6, '00:18:00', '00:33:00', '00:26:00');
INSERT INTO eventos VALUES ('espectaculo 465', 'teatro', '2002-01-15', 'productora 465', '2022-09-01 18:00:00', 'Calle de las flores número 465 puerta C','Abierto');
INSERT INTO eventos VALUES ('espectaculo 465', 'teatro', '2002-01-15', 'productora 465', '2020-09-01 03:00:00', 'Calle de las flores número 465 puerta C','Abierto');
INSERT INTO gradas VALUES ('grada 1', 'espectaculo 465', 'teatro', '2002-01-15', 'productora 465', '2022-09-01 18:00:00', 'Calle de las flores número 465 puerta C');
INSERT INTO gradas VALUES ('grada 2', 'espectaculo 465', 'teatro', '2002-01-15', 'productora 465', '2022-09-01 18:00:00', 'Calle de las flores número 465 puerta C');
INSERT INTO gradas VALUES ('grada 3', 'espectaculo 465', 'teatro', '2002-01-15', 'productora 465', '2022-09-01 18:00:00', 'Calle de las flores número 465 puerta C');
INSERT INTO espectaculos VALUES ('espectaculo 466', 'teatro', '2013-02-06', 'productora 466', 'lista participantes 466', 9, '00:13:00', '00:35:00', '00:20:00');
INSERT INTO eventos VALUES ('espectaculo 466', 'teatro', '2013-02-06', 'productora 466', '2022-09-01 18:00:00', 'Calle de las flores número 466 puerta C','Abierto');
INSERT INTO eventos VALUES ('espectaculo 466', 'teatro', '2013-02-06', 'productora 466', '2020-09-01 03:00:00', 'Calle de las flores número 466 puerta C','Abierto');
INSERT INTO gradas VALUES ('grada 1', 'espectaculo 466', 'teatro', '2013-02-06', 'productora 466', '2022-09-01 18:00:00', 'Calle de las flores número 466 puerta C');
INSERT INTO gradas VALUES ('grada 2', 'espectaculo 466', 'teatro', '2013-02-06', 'productora 466', '2022-09-01 18:00:00', 'Calle de las flores número 466 puerta C');
INSERT INTO gradas VALUES ('grada 3', 'espectaculo 466', 'teatro', '2013-02-06', 'productora 466', '2022-09-01 18:00:00', 'Calle de las flores número 466 puerta C');
INSERT INTO espectaculos VALUES ('espectaculo 467', 'deportivo', '1990-09-24', 'productora 467', 'lista participantes 467', 3, '00:17:00', '00:22:00', '00:29:00');
INSERT INTO eventos VALUES ('espectaculo 467', 'deportivo', '1990-09-24', 'productora 467', '2022-09-01 18:00:00', 'Calle de las flores número 467 puerta C','Abierto');
INSERT INTO eventos VALUES ('espectaculo 467', 'deportivo', '1990-09-24', 'productora 467', '2020-09-01 03:00:00', 'Calle de las flores número 467 puerta C','Abierto');
INSERT INTO gradas VALUES ('grada 1', 'espectaculo 467', 'deportivo', '1990-09-24', 'productora 467', '2022-09-01 18:00:00', 'Calle de las flores número 467 puerta C');
INSERT INTO gradas VALUES ('grada 2', 'espectaculo 467', 'deportivo', '1990-09-24', 'productora 467', '2022-09-01 18:00:00', 'Calle de las flores número 467 puerta C');
INSERT INTO gradas VALUES ('grada 3', 'espectaculo 467', 'deportivo', '1990-09-24', 'productora 467', '2022-09-01 18:00:00', 'Calle de las flores número 467 puerta C');
INSERT INTO espectaculos VALUES ('espectaculo 468', 'deportivo', '1985-10-23', 'productora 468', 'lista participantes 468', 6, '00:10:00', '00:53:00', '00:22:00');
INSERT INTO eventos VALUES ('espectaculo 468', 'deportivo', '1985-10-23', 'productora 468', '2022-09-01 18:00:00', 'Calle de las flores número 468 puerta C','Abierto');
INSERT INTO eventos VALUES ('espectaculo 468', 'deportivo', '1985-10-23', 'productora 468', '2020-09-01 03:00:00', 'Calle de las flores número 468 puerta C','Abierto');
INSERT INTO gradas VALUES ('grada 1', 'espectaculo 468', 'deportivo', '1985-10-23', 'productora 468', '2022-09-01 18:00:00', 'Calle de las flores número 468 puerta C');
INSERT INTO gradas VALUES ('grada 2', 'espectaculo 468', 'deportivo', '1985-10-23', 'productora 468', '2022-09-01 18:00:00', 'Calle de las flores número 468 puerta C');
INSERT INTO gradas VALUES ('grada 3', 'espectaculo 468', 'deportivo', '1985-10-23', 'productora 468', '2022-09-01 18:00:00', 'Calle de las flores número 468 puerta C');
INSERT INTO espectaculos VALUES ('espectaculo 469', 'teatro', '2003-02-10', 'productora 469', 'lista participantes 469', 7, '00:18:00', '00:35:00', '00:26:00');
INSERT INTO eventos VALUES ('espectaculo 469', 'teatro', '2003-02-10', 'productora 469', '2022-09-01 18:00:00', 'Calle de las flores número 469 puerta C','Abierto');
INSERT INTO eventos VALUES ('espectaculo 469', 'teatro', '2003-02-10', 'productora 469', '2020-09-01 03:00:00', 'Calle de las flores número 469 puerta C','Abierto');
INSERT INTO gradas VALUES ('grada 1', 'espectaculo 469', 'teatro', '2003-02-10', 'productora 469', '2022-09-01 18:00:00', 'Calle de las flores número 469 puerta C');
INSERT INTO gradas VALUES ('grada 2', 'espectaculo 469', 'teatro', '2003-02-10', 'productora 469', '2022-09-01 18:00:00', 'Calle de las flores número 469 puerta C');
INSERT INTO gradas VALUES ('grada 3', 'espectaculo 469', 'teatro', '2003-02-10', 'productora 469', '2022-09-01 18:00:00', 'Calle de las flores número 469 puerta C');
INSERT INTO espectaculos VALUES ('espectaculo 470', 'teatro', '2008-03-27', 'productora 470', 'lista participantes 470', 5, '00:12:00', '00:30:00', '00:18:00');
INSERT INTO eventos VALUES ('espectaculo 470', 'teatro', '2008-03-27', 'productora 470', '2022-09-01 18:00:00', 'Calle de las flores número 470 puerta C','Abierto');
INSERT INTO eventos VALUES ('espectaculo 470', 'teatro', '2008-03-27', 'productora 470', '2020-09-01 03:00:00', 'Calle de las flores número 470 puerta C','Abierto');
INSERT INTO gradas VALUES ('grada 1', 'espectaculo 470', 'teatro', '2008-03-27', 'productora 470', '2022-09-01 18:00:00', 'Calle de las flores número 470 puerta C');
INSERT INTO gradas VALUES ('grada 2', 'espectaculo 470', 'teatro', '2008-03-27', 'productora 470', '2022-09-01 18:00:00', 'Calle de las flores número 470 puerta C');
INSERT INTO gradas VALUES ('grada 3', 'espectaculo 470', 'teatro', '2008-03-27', 'productora 470', '2022-09-01 18:00:00', 'Calle de las flores número 470 puerta C');
INSERT INTO espectaculos VALUES ('espectaculo 471', 'pelicula', '1990-06-19', 'productora 471', 'lista participantes 471', 9, '00:12:00', '00:59:00', '00:20:00');
INSERT INTO eventos VALUES ('espectaculo 471', 'pelicula', '1990-06-19', 'productora 471', '2022-09-01 18:00:00', 'Calle de las flores número 471 puerta C','Abierto');
INSERT INTO eventos VALUES ('espectaculo 471', 'pelicula', '1990-06-19', 'productora 471', '2020-09-01 03:00:00', 'Calle de las flores número 471 puerta C','Abierto');
INSERT INTO gradas VALUES ('grada 1', 'espectaculo 471', 'pelicula', '1990-06-19', 'productora 471', '2022-09-01 18:00:00', 'Calle de las flores número 471 puerta C');
INSERT INTO gradas VALUES ('grada 2', 'espectaculo 471', 'pelicula', '1990-06-19', 'productora 471', '2022-09-01 18:00:00', 'Calle de las flores número 471 puerta C');
INSERT INTO gradas VALUES ('grada 3', 'espectaculo 471', 'pelicula', '1990-06-19', 'productora 471', '2022-09-01 18:00:00', 'Calle de las flores número 471 puerta C');
INSERT INTO espectaculos VALUES ('espectaculo 472', 'pelicula', '2008-11-06', 'productora 472', 'lista participantes 472', 4, '00:18:00', '00:42:00', '00:22:00');
INSERT INTO eventos VALUES ('espectaculo 472', 'pelicula', '2008-11-06', 'productora 472', '2022-09-01 18:00:00', 'Calle de las flores número 472 puerta C','Abierto');
INSERT INTO eventos VALUES ('espectaculo 472', 'pelicula', '2008-11-06', 'productora 472', '2020-09-01 03:00:00', 'Calle de las flores número 472 puerta C','Abierto');
INSERT INTO gradas VALUES ('grada 1', 'espectaculo 472', 'pelicula', '2008-11-06', 'productora 472', '2022-09-01 18:00:00', 'Calle de las flores número 472 puerta C');
INSERT INTO gradas VALUES ('grada 2', 'espectaculo 472', 'pelicula', '2008-11-06', 'productora 472', '2022-09-01 18:00:00', 'Calle de las flores número 472 puerta C');
INSERT INTO gradas VALUES ('grada 3', 'espectaculo 472', 'pelicula', '2008-11-06', 'productora 472', '2022-09-01 18:00:00', 'Calle de las flores número 472 puerta C');
INSERT INTO espectaculos VALUES ('espectaculo 473', 'deportivo', '2005-08-06', 'productora 473', 'lista participantes 473', 8, '00:16:00', '00:33:00', '00:17:00');
INSERT INTO eventos VALUES ('espectaculo 473', 'deportivo', '2005-08-06', 'productora 473', '2022-09-01 18:00:00', 'Calle de las flores número 473 puerta C','Abierto');
INSERT INTO eventos VALUES ('espectaculo 473', 'deportivo', '2005-08-06', 'productora 473', '2020-09-01 03:00:00', 'Calle de las flores número 473 puerta C','Abierto');
INSERT INTO gradas VALUES ('grada 1', 'espectaculo 473', 'deportivo', '2005-08-06', 'productora 473', '2022-09-01 18:00:00', 'Calle de las flores número 473 puerta C');
INSERT INTO gradas VALUES ('grada 2', 'espectaculo 473', 'deportivo', '2005-08-06', 'productora 473', '2022-09-01 18:00:00', 'Calle de las flores número 473 puerta C');
INSERT INTO gradas VALUES ('grada 3', 'espectaculo 473', 'deportivo', '2005-08-06', 'productora 473', '2022-09-01 18:00:00', 'Calle de las flores número 473 puerta C');
INSERT INTO espectaculos VALUES ('espectaculo 474', 'concierto', '2004-10-08', 'productora 474', 'lista participantes 474', 5, '00:12:00', '00:52:00', '00:22:00');
INSERT INTO eventos VALUES ('espectaculo 474', 'concierto', '2004-10-08', 'productora 474', '2022-09-01 18:00:00', 'Calle de las flores número 474 puerta C','Abierto');
INSERT INTO eventos VALUES ('espectaculo 474', 'concierto', '2004-10-08', 'productora 474', '2020-09-01 03:00:00', 'Calle de las flores número 474 puerta C','Abierto');
INSERT INTO gradas VALUES ('grada 1', 'espectaculo 474', 'concierto', '2004-10-08', 'productora 474', '2022-09-01 18:00:00', 'Calle de las flores número 474 puerta C');
INSERT INTO gradas VALUES ('grada 2', 'espectaculo 474', 'concierto', '2004-10-08', 'productora 474', '2022-09-01 18:00:00', 'Calle de las flores número 474 puerta C');
INSERT INTO gradas VALUES ('grada 3', 'espectaculo 474', 'concierto', '2004-10-08', 'productora 474', '2022-09-01 18:00:00', 'Calle de las flores número 474 puerta C');
INSERT INTO espectaculos VALUES ('espectaculo 475', 'concierto', '1992-04-08', 'productora 475', 'lista participantes 475', 3, '00:12:00', '00:33:00', '00:24:00');
INSERT INTO eventos VALUES ('espectaculo 475', 'concierto', '1992-04-08', 'productora 475', '2022-09-01 18:00:00', 'Calle de las flores número 475 puerta C','Abierto');
INSERT INTO eventos VALUES ('espectaculo 475', 'concierto', '1992-04-08', 'productora 475', '2020-09-01 03:00:00', 'Calle de las flores número 475 puerta C','Abierto');
INSERT INTO gradas VALUES ('grada 1', 'espectaculo 475', 'concierto', '1992-04-08', 'productora 475', '2022-09-01 18:00:00', 'Calle de las flores número 475 puerta C');
INSERT INTO gradas VALUES ('grada 2', 'espectaculo 475', 'concierto', '1992-04-08', 'productora 475', '2022-09-01 18:00:00', 'Calle de las flores número 475 puerta C');
INSERT INTO gradas VALUES ('grada 3', 'espectaculo 475', 'concierto', '1992-04-08', 'productora 475', '2022-09-01 18:00:00', 'Calle de las flores número 475 puerta C');
INSERT INTO espectaculos VALUES ('espectaculo 476', 'pelicula', '2014-03-03', 'productora 476', 'lista participantes 476', 7, '00:10:00', '00:23:00', '00:26:00');
INSERT INTO eventos VALUES ('espectaculo 476', 'pelicula', '2014-03-03', 'productora 476', '2022-09-01 18:00:00', 'Calle de las flores número 476 puerta C','Abierto');
INSERT INTO eventos VALUES ('espectaculo 476', 'pelicula', '2014-03-03', 'productora 476', '2020-09-01 03:00:00', 'Calle de las flores número 476 puerta C','Abierto');
INSERT INTO gradas VALUES ('grada 1', 'espectaculo 476', 'pelicula', '2014-03-03', 'productora 476', '2022-09-01 18:00:00', 'Calle de las flores número 476 puerta C');
INSERT INTO gradas VALUES ('grada 2', 'espectaculo 476', 'pelicula', '2014-03-03', 'productora 476', '2022-09-01 18:00:00', 'Calle de las flores número 476 puerta C');
INSERT INTO gradas VALUES ('grada 3', 'espectaculo 476', 'pelicula', '2014-03-03', 'productora 476', '2022-09-01 18:00:00', 'Calle de las flores número 476 puerta C');
INSERT INTO espectaculos VALUES ('espectaculo 477', 'deportivo', '2020-06-26', 'productora 477', 'lista participantes 477', 9, '00:10:00', '00:38:00', '00:18:00');
INSERT INTO eventos VALUES ('espectaculo 477', 'deportivo', '2020-06-26', 'productora 477', '2022-09-01 18:00:00', 'Calle de las flores número 477 puerta C','Abierto');
INSERT INTO eventos VALUES ('espectaculo 477', 'deportivo', '2020-06-26', 'productora 477', '2020-09-01 03:00:00', 'Calle de las flores número 477 puerta C','Abierto');
INSERT INTO gradas VALUES ('grada 1', 'espectaculo 477', 'deportivo', '2020-06-26', 'productora 477', '2022-09-01 18:00:00', 'Calle de las flores número 477 puerta C');
INSERT INTO gradas VALUES ('grada 2', 'espectaculo 477', 'deportivo', '2020-06-26', 'productora 477', '2022-09-01 18:00:00', 'Calle de las flores número 477 puerta C');
INSERT INTO gradas VALUES ('grada 3', 'espectaculo 477', 'deportivo', '2020-06-26', 'productora 477', '2022-09-01 18:00:00', 'Calle de las flores número 477 puerta C');
INSERT INTO espectaculos VALUES ('espectaculo 478', 'concierto', '2010-06-09', 'productora 478', 'lista participantes 478', 7, '00:18:00', '00:23:00', '00:23:00');
INSERT INTO eventos VALUES ('espectaculo 478', 'concierto', '2010-06-09', 'productora 478', '2022-09-01 18:00:00', 'Calle de las flores número 478 puerta C','Abierto');
INSERT INTO eventos VALUES ('espectaculo 478', 'concierto', '2010-06-09', 'productora 478', '2020-09-01 03:00:00', 'Calle de las flores número 478 puerta C','Abierto');
INSERT INTO gradas VALUES ('grada 1', 'espectaculo 478', 'concierto', '2010-06-09', 'productora 478', '2022-09-01 18:00:00', 'Calle de las flores número 478 puerta C');
INSERT INTO gradas VALUES ('grada 2', 'espectaculo 478', 'concierto', '2010-06-09', 'productora 478', '2022-09-01 18:00:00', 'Calle de las flores número 478 puerta C');
INSERT INTO gradas VALUES ('grada 3', 'espectaculo 478', 'concierto', '2010-06-09', 'productora 478', '2022-09-01 18:00:00', 'Calle de las flores número 478 puerta C');
INSERT INTO espectaculos VALUES ('espectaculo 479', 'deportivo', '1991-06-22', 'productora 479', 'lista participantes 479', 6, '00:15:00', '00:56:00', '00:29:00');
INSERT INTO eventos VALUES ('espectaculo 479', 'deportivo', '1991-06-22', 'productora 479', '2022-09-01 18:00:00', 'Calle de las flores número 479 puerta C','Abierto');
INSERT INTO eventos VALUES ('espectaculo 479', 'deportivo', '1991-06-22', 'productora 479', '2020-09-01 03:00:00', 'Calle de las flores número 479 puerta C','Abierto');
INSERT INTO gradas VALUES ('grada 1', 'espectaculo 479', 'deportivo', '1991-06-22', 'productora 479', '2022-09-01 18:00:00', 'Calle de las flores número 479 puerta C');
INSERT INTO gradas VALUES ('grada 2', 'espectaculo 479', 'deportivo', '1991-06-22', 'productora 479', '2022-09-01 18:00:00', 'Calle de las flores número 479 puerta C');
INSERT INTO gradas VALUES ('grada 3', 'espectaculo 479', 'deportivo', '1991-06-22', 'productora 479', '2022-09-01 18:00:00', 'Calle de las flores número 479 puerta C');
INSERT INTO espectaculos VALUES ('espectaculo 480', 'deportivo', '2004-10-20', 'productora 480', 'lista participantes 480', 8, '00:10:00', '00:22:00', '00:20:00');
INSERT INTO eventos VALUES ('espectaculo 480', 'deportivo', '2004-10-20', 'productora 480', '2022-09-01 18:00:00', 'Calle de las flores número 480 puerta C','Abierto');
INSERT INTO eventos VALUES ('espectaculo 480', 'deportivo', '2004-10-20', 'productora 480', '2020-09-01 03:00:00', 'Calle de las flores número 480 puerta C','Abierto');
INSERT INTO gradas VALUES ('grada 1', 'espectaculo 480', 'deportivo', '2004-10-20', 'productora 480', '2022-09-01 18:00:00', 'Calle de las flores número 480 puerta C');
INSERT INTO gradas VALUES ('grada 2', 'espectaculo 480', 'deportivo', '2004-10-20', 'productora 480', '2022-09-01 18:00:00', 'Calle de las flores número 480 puerta C');
INSERT INTO gradas VALUES ('grada 3', 'espectaculo 480', 'deportivo', '2004-10-20', 'productora 480', '2022-09-01 18:00:00', 'Calle de las flores número 480 puerta C');
INSERT INTO espectaculos VALUES ('espectaculo 481', 'pelicula', '1987-03-02', 'productora 481', 'lista participantes 481', 1, '00:13:00', '00:47:00', '00:21:00');
INSERT INTO eventos VALUES ('espectaculo 481', 'pelicula', '1987-03-02', 'productora 481', '2022-09-01 18:00:00', 'Calle de las flores número 481 puerta C','Abierto');
INSERT INTO eventos VALUES ('espectaculo 481', 'pelicula', '1987-03-02', 'productora 481', '2020-09-01 03:00:00', 'Calle de las flores número 481 puerta C','Abierto');
INSERT INTO gradas VALUES ('grada 1', 'espectaculo 481', 'pelicula', '1987-03-02', 'productora 481', '2022-09-01 18:00:00', 'Calle de las flores número 481 puerta C');
INSERT INTO gradas VALUES ('grada 2', 'espectaculo 481', 'pelicula', '1987-03-02', 'productora 481', '2022-09-01 18:00:00', 'Calle de las flores número 481 puerta C');
INSERT INTO gradas VALUES ('grada 3', 'espectaculo 481', 'pelicula', '1987-03-02', 'productora 481', '2022-09-01 18:00:00', 'Calle de las flores número 481 puerta C');
INSERT INTO espectaculos VALUES ('espectaculo 482', 'entrevista', '2016-10-05', 'productora 482', 'lista participantes 482', 2, '00:16:00', '00:15:00', '00:17:00');
INSERT INTO eventos VALUES ('espectaculo 482', 'entrevista', '2016-10-05', 'productora 482', '2022-09-01 18:00:00', 'Calle de las flores número 482 puerta C','Abierto');
INSERT INTO eventos VALUES ('espectaculo 482', 'entrevista', '2016-10-05', 'productora 482', '2020-09-01 03:00:00', 'Calle de las flores número 482 puerta C','Abierto');
INSERT INTO gradas VALUES ('grada 1', 'espectaculo 482', 'entrevista', '2016-10-05', 'productora 482', '2022-09-01 18:00:00', 'Calle de las flores número 482 puerta C');
INSERT INTO gradas VALUES ('grada 2', 'espectaculo 482', 'entrevista', '2016-10-05', 'productora 482', '2022-09-01 18:00:00', 'Calle de las flores número 482 puerta C');
INSERT INTO gradas VALUES ('grada 3', 'espectaculo 482', 'entrevista', '2016-10-05', 'productora 482', '2022-09-01 18:00:00', 'Calle de las flores número 482 puerta C');
INSERT INTO espectaculos VALUES ('espectaculo 483', 'deportivo', '2019-09-05', 'productora 483', 'lista participantes 483', 7, '00:18:00', '00:45:00', '00:17:00');
INSERT INTO eventos VALUES ('espectaculo 483', 'deportivo', '2019-09-05', 'productora 483', '2022-09-01 18:00:00', 'Calle de las flores número 483 puerta C','Abierto');
INSERT INTO eventos VALUES ('espectaculo 483', 'deportivo', '2019-09-05', 'productora 483', '2020-09-01 03:00:00', 'Calle de las flores número 483 puerta C','Abierto');
INSERT INTO gradas VALUES ('grada 1', 'espectaculo 483', 'deportivo', '2019-09-05', 'productora 483', '2022-09-01 18:00:00', 'Calle de las flores número 483 puerta C');
INSERT INTO gradas VALUES ('grada 2', 'espectaculo 483', 'deportivo', '2019-09-05', 'productora 483', '2022-09-01 18:00:00', 'Calle de las flores número 483 puerta C');
INSERT INTO gradas VALUES ('grada 3', 'espectaculo 483', 'deportivo', '2019-09-05', 'productora 483', '2022-09-01 18:00:00', 'Calle de las flores número 483 puerta C');
INSERT INTO espectaculos VALUES ('espectaculo 484', 'pelicula', '2003-05-27', 'productora 484', 'lista participantes 484', 3, '00:18:00', '00:15:00', '00:22:00');
INSERT INTO eventos VALUES ('espectaculo 484', 'pelicula', '2003-05-27', 'productora 484', '2022-09-01 18:00:00', 'Calle de las flores número 484 puerta C','Abierto');
INSERT INTO eventos VALUES ('espectaculo 484', 'pelicula', '2003-05-27', 'productora 484', '2020-09-01 03:00:00', 'Calle de las flores número 484 puerta C','Abierto');
INSERT INTO gradas VALUES ('grada 1', 'espectaculo 484', 'pelicula', '2003-05-27', 'productora 484', '2022-09-01 18:00:00', 'Calle de las flores número 484 puerta C');
INSERT INTO gradas VALUES ('grada 2', 'espectaculo 484', 'pelicula', '2003-05-27', 'productora 484', '2022-09-01 18:00:00', 'Calle de las flores número 484 puerta C');
INSERT INTO gradas VALUES ('grada 3', 'espectaculo 484', 'pelicula', '2003-05-27', 'productora 484', '2022-09-01 18:00:00', 'Calle de las flores número 484 puerta C');
INSERT INTO espectaculos VALUES ('espectaculo 485', 'concierto', '2018-07-20', 'productora 485', 'lista participantes 485', 3, '00:14:00', '00:26:00', '00:27:00');
INSERT INTO eventos VALUES ('espectaculo 485', 'concierto', '2018-07-20', 'productora 485', '2022-09-01 18:00:00', 'Calle de las flores número 485 puerta C','Abierto');
INSERT INTO eventos VALUES ('espectaculo 485', 'concierto', '2018-07-20', 'productora 485', '2020-09-01 03:00:00', 'Calle de las flores número 485 puerta C','Abierto');
INSERT INTO gradas VALUES ('grada 1', 'espectaculo 485', 'concierto', '2018-07-20', 'productora 485', '2022-09-01 18:00:00', 'Calle de las flores número 485 puerta C');
INSERT INTO gradas VALUES ('grada 2', 'espectaculo 485', 'concierto', '2018-07-20', 'productora 485', '2022-09-01 18:00:00', 'Calle de las flores número 485 puerta C');
INSERT INTO gradas VALUES ('grada 3', 'espectaculo 485', 'concierto', '2018-07-20', 'productora 485', '2022-09-01 18:00:00', 'Calle de las flores número 485 puerta C');
INSERT INTO espectaculos VALUES ('espectaculo 486', 'concierto', '2001-04-06', 'productora 486', 'lista participantes 486', 4, '00:16:00', '00:55:00', '00:15:00');
INSERT INTO eventos VALUES ('espectaculo 486', 'concierto', '2001-04-06', 'productora 486', '2022-09-01 18:00:00', 'Calle de las flores número 486 puerta C','Abierto');
INSERT INTO eventos VALUES ('espectaculo 486', 'concierto', '2001-04-06', 'productora 486', '2020-09-01 03:00:00', 'Calle de las flores número 486 puerta C','Abierto');
INSERT INTO gradas VALUES ('grada 1', 'espectaculo 486', 'concierto', '2001-04-06', 'productora 486', '2022-09-01 18:00:00', 'Calle de las flores número 486 puerta C');
INSERT INTO gradas VALUES ('grada 2', 'espectaculo 486', 'concierto', '2001-04-06', 'productora 486', '2022-09-01 18:00:00', 'Calle de las flores número 486 puerta C');
INSERT INTO gradas VALUES ('grada 3', 'espectaculo 486', 'concierto', '2001-04-06', 'productora 486', '2022-09-01 18:00:00', 'Calle de las flores número 486 puerta C');
INSERT INTO espectaculos VALUES ('espectaculo 487', 'pelicula', '2014-08-14', 'productora 487', 'lista participantes 487', 6, '00:16:00', '00:41:00', '00:15:00');
INSERT INTO eventos VALUES ('espectaculo 487', 'pelicula', '2014-08-14', 'productora 487', '2022-09-01 18:00:00', 'Calle de las flores número 487 puerta C','Abierto');
INSERT INTO eventos VALUES ('espectaculo 487', 'pelicula', '2014-08-14', 'productora 487', '2020-09-01 03:00:00', 'Calle de las flores número 487 puerta C','Abierto');
INSERT INTO gradas VALUES ('grada 1', 'espectaculo 487', 'pelicula', '2014-08-14', 'productora 487', '2022-09-01 18:00:00', 'Calle de las flores número 487 puerta C');
INSERT INTO gradas VALUES ('grada 2', 'espectaculo 487', 'pelicula', '2014-08-14', 'productora 487', '2022-09-01 18:00:00', 'Calle de las flores número 487 puerta C');
INSERT INTO gradas VALUES ('grada 3', 'espectaculo 487', 'pelicula', '2014-08-14', 'productora 487', '2022-09-01 18:00:00', 'Calle de las flores número 487 puerta C');
INSERT INTO espectaculos VALUES ('espectaculo 488', 'concierto', '2014-02-25', 'productora 488', 'lista participantes 488', 2, '00:13:00', '00:46:00', '00:27:00');
INSERT INTO eventos VALUES ('espectaculo 488', 'concierto', '2014-02-25', 'productora 488', '2022-09-01 18:00:00', 'Calle de las flores número 488 puerta C','Abierto');
INSERT INTO eventos VALUES ('espectaculo 488', 'concierto', '2014-02-25', 'productora 488', '2020-09-01 03:00:00', 'Calle de las flores número 488 puerta C','Abierto');
INSERT INTO gradas VALUES ('grada 1', 'espectaculo 488', 'concierto', '2014-02-25', 'productora 488', '2022-09-01 18:00:00', 'Calle de las flores número 488 puerta C');
INSERT INTO gradas VALUES ('grada 2', 'espectaculo 488', 'concierto', '2014-02-25', 'productora 488', '2022-09-01 18:00:00', 'Calle de las flores número 488 puerta C');
INSERT INTO gradas VALUES ('grada 3', 'espectaculo 488', 'concierto', '2014-02-25', 'productora 488', '2022-09-01 18:00:00', 'Calle de las flores número 488 puerta C');
INSERT INTO espectaculos VALUES ('espectaculo 489', 'pelicula', '2013-09-08', 'productora 489', 'lista participantes 489', 9, '00:15:00', '00:27:00', '00:16:00');
INSERT INTO eventos VALUES ('espectaculo 489', 'pelicula', '2013-09-08', 'productora 489', '2022-09-01 18:00:00', 'Calle de las flores número 489 puerta C','Abierto');
INSERT INTO eventos VALUES ('espectaculo 489', 'pelicula', '2013-09-08', 'productora 489', '2020-09-01 03:00:00', 'Calle de las flores número 489 puerta C','Abierto');
INSERT INTO gradas VALUES ('grada 1', 'espectaculo 489', 'pelicula', '2013-09-08', 'productora 489', '2022-09-01 18:00:00', 'Calle de las flores número 489 puerta C');
INSERT INTO gradas VALUES ('grada 2', 'espectaculo 489', 'pelicula', '2013-09-08', 'productora 489', '2022-09-01 18:00:00', 'Calle de las flores número 489 puerta C');
INSERT INTO gradas VALUES ('grada 3', 'espectaculo 489', 'pelicula', '2013-09-08', 'productora 489', '2022-09-01 18:00:00', 'Calle de las flores número 489 puerta C');
INSERT INTO espectaculos VALUES ('espectaculo 490', 'concierto', '2002-09-07', 'productora 490', 'lista participantes 490', 2, '00:19:00', '00:51:00', '00:29:00');
INSERT INTO eventos VALUES ('espectaculo 490', 'concierto', '2002-09-07', 'productora 490', '2022-09-01 18:00:00', 'Calle de las flores número 490 puerta C','Abierto');
INSERT INTO eventos VALUES ('espectaculo 490', 'concierto', '2002-09-07', 'productora 490', '2020-09-01 03:00:00', 'Calle de las flores número 490 puerta C','Abierto');
INSERT INTO gradas VALUES ('grada 1', 'espectaculo 490', 'concierto', '2002-09-07', 'productora 490', '2022-09-01 18:00:00', 'Calle de las flores número 490 puerta C');
INSERT INTO gradas VALUES ('grada 2', 'espectaculo 490', 'concierto', '2002-09-07', 'productora 490', '2022-09-01 18:00:00', 'Calle de las flores número 490 puerta C');
INSERT INTO gradas VALUES ('grada 3', 'espectaculo 490', 'concierto', '2002-09-07', 'productora 490', '2022-09-01 18:00:00', 'Calle de las flores número 490 puerta C');
INSERT INTO espectaculos VALUES ('espectaculo 491', 'deportivo', '2019-04-24', 'productora 491', 'lista participantes 491', 9, '00:18:00', '00:56:00', '00:24:00');
INSERT INTO eventos VALUES ('espectaculo 491', 'deportivo', '2019-04-24', 'productora 491', '2022-09-01 18:00:00', 'Calle de las flores número 491 puerta C','Abierto');
INSERT INTO eventos VALUES ('espectaculo 491', 'deportivo', '2019-04-24', 'productora 491', '2020-09-01 03:00:00', 'Calle de las flores número 491 puerta C','Abierto');
INSERT INTO gradas VALUES ('grada 1', 'espectaculo 491', 'deportivo', '2019-04-24', 'productora 491', '2022-09-01 18:00:00', 'Calle de las flores número 491 puerta C');
INSERT INTO gradas VALUES ('grada 2', 'espectaculo 491', 'deportivo', '2019-04-24', 'productora 491', '2022-09-01 18:00:00', 'Calle de las flores número 491 puerta C');
INSERT INTO gradas VALUES ('grada 3', 'espectaculo 491', 'deportivo', '2019-04-24', 'productora 491', '2022-09-01 18:00:00', 'Calle de las flores número 491 puerta C');
INSERT INTO espectaculos VALUES ('espectaculo 492', 'pelicula', '2015-07-15', 'productora 492', 'lista participantes 492', 4, '00:10:00', '00:56:00', '00:17:00');
INSERT INTO eventos VALUES ('espectaculo 492', 'pelicula', '2015-07-15', 'productora 492', '2022-09-01 18:00:00', 'Calle de las flores número 492 puerta C','Abierto');
INSERT INTO eventos VALUES ('espectaculo 492', 'pelicula', '2015-07-15', 'productora 492', '2020-09-01 03:00:00', 'Calle de las flores número 492 puerta C','Abierto');
INSERT INTO gradas VALUES ('grada 1', 'espectaculo 492', 'pelicula', '2015-07-15', 'productora 492', '2022-09-01 18:00:00', 'Calle de las flores número 492 puerta C');
INSERT INTO gradas VALUES ('grada 2', 'espectaculo 492', 'pelicula', '2015-07-15', 'productora 492', '2022-09-01 18:00:00', 'Calle de las flores número 492 puerta C');
INSERT INTO gradas VALUES ('grada 3', 'espectaculo 492', 'pelicula', '2015-07-15', 'productora 492', '2022-09-01 18:00:00', 'Calle de las flores número 492 puerta C');
INSERT INTO espectaculos VALUES ('espectaculo 493', 'entrevista', '1992-10-05', 'productora 493', 'lista participantes 493', 8, '00:11:00', '00:53:00', '00:21:00');
INSERT INTO eventos VALUES ('espectaculo 493', 'entrevista', '1992-10-05', 'productora 493', '2022-09-01 18:00:00', 'Calle de las flores número 493 puerta C','Abierto');
INSERT INTO eventos VALUES ('espectaculo 493', 'entrevista', '1992-10-05', 'productora 493', '2020-09-01 03:00:00', 'Calle de las flores número 493 puerta C','Abierto');
INSERT INTO gradas VALUES ('grada 1', 'espectaculo 493', 'entrevista', '1992-10-05', 'productora 493', '2022-09-01 18:00:00', 'Calle de las flores número 493 puerta C');
INSERT INTO gradas VALUES ('grada 2', 'espectaculo 493', 'entrevista', '1992-10-05', 'productora 493', '2022-09-01 18:00:00', 'Calle de las flores número 493 puerta C');
INSERT INTO gradas VALUES ('grada 3', 'espectaculo 493', 'entrevista', '1992-10-05', 'productora 493', '2022-09-01 18:00:00', 'Calle de las flores número 493 puerta C');
INSERT INTO espectaculos VALUES ('espectaculo 494', 'deportivo', '1993-05-27', 'productora 494', 'lista participantes 494', 3, '00:18:00', '00:22:00', '00:15:00');
INSERT INTO eventos VALUES ('espectaculo 494', 'deportivo', '1993-05-27', 'productora 494', '2022-09-01 18:00:00', 'Calle de las flores número 494 puerta C','Abierto');
INSERT INTO eventos VALUES ('espectaculo 494', 'deportivo', '1993-05-27', 'productora 494', '2020-09-01 03:00:00', 'Calle de las flores número 494 puerta C','Abierto');
INSERT INTO gradas VALUES ('grada 1', 'espectaculo 494', 'deportivo', '1993-05-27', 'productora 494', '2022-09-01 18:00:00', 'Calle de las flores número 494 puerta C');
INSERT INTO gradas VALUES ('grada 2', 'espectaculo 494', 'deportivo', '1993-05-27', 'productora 494', '2022-09-01 18:00:00', 'Calle de las flores número 494 puerta C');
INSERT INTO gradas VALUES ('grada 3', 'espectaculo 494', 'deportivo', '1993-05-27', 'productora 494', '2022-09-01 18:00:00', 'Calle de las flores número 494 puerta C');
INSERT INTO espectaculos VALUES ('espectaculo 495', 'entrevista', '2006-11-08', 'productora 495', 'lista participantes 495', 1, '00:19:00', '00:46:00', '00:24:00');
INSERT INTO eventos VALUES ('espectaculo 495', 'entrevista', '2006-11-08', 'productora 495', '2022-09-01 18:00:00', 'Calle de las flores número 495 puerta C','Abierto');
INSERT INTO eventos VALUES ('espectaculo 495', 'entrevista', '2006-11-08', 'productora 495', '2020-09-01 03:00:00', 'Calle de las flores número 495 puerta C','Abierto');
INSERT INTO gradas VALUES ('grada 1', 'espectaculo 495', 'entrevista', '2006-11-08', 'productora 495', '2022-09-01 18:00:00', 'Calle de las flores número 495 puerta C');
INSERT INTO gradas VALUES ('grada 2', 'espectaculo 495', 'entrevista', '2006-11-08', 'productora 495', '2022-09-01 18:00:00', 'Calle de las flores número 495 puerta C');
INSERT INTO gradas VALUES ('grada 3', 'espectaculo 495', 'entrevista', '2006-11-08', 'productora 495', '2022-09-01 18:00:00', 'Calle de las flores número 495 puerta C');
INSERT INTO espectaculos VALUES ('espectaculo 496', 'pelicula', '1999-09-16', 'productora 496', 'lista participantes 496', 4, '00:13:00', '00:30:00', '00:26:00');
INSERT INTO eventos VALUES ('espectaculo 496', 'pelicula', '1999-09-16', 'productora 496', '2022-09-01 18:00:00', 'Calle de las flores número 496 puerta C','Abierto');
INSERT INTO eventos VALUES ('espectaculo 496', 'pelicula', '1999-09-16', 'productora 496', '2020-09-01 03:00:00', 'Calle de las flores número 496 puerta C','Abierto');
INSERT INTO gradas VALUES ('grada 1', 'espectaculo 496', 'pelicula', '1999-09-16', 'productora 496', '2022-09-01 18:00:00', 'Calle de las flores número 496 puerta C');
INSERT INTO gradas VALUES ('grada 2', 'espectaculo 496', 'pelicula', '1999-09-16', 'productora 496', '2022-09-01 18:00:00', 'Calle de las flores número 496 puerta C');
INSERT INTO gradas VALUES ('grada 3', 'espectaculo 496', 'pelicula', '1999-09-16', 'productora 496', '2022-09-01 18:00:00', 'Calle de las flores número 496 puerta C');
INSERT INTO espectaculos VALUES ('espectaculo 497', 'deportivo', '2011-05-12', 'productora 497', 'lista participantes 497', 6, '00:19:00', '00:15:00', '00:19:00');
INSERT INTO eventos VALUES ('espectaculo 497', 'deportivo', '2011-05-12', 'productora 497', '2022-09-01 18:00:00', 'Calle de las flores número 497 puerta C','Abierto');
INSERT INTO eventos VALUES ('espectaculo 497', 'deportivo', '2011-05-12', 'productora 497', '2020-09-01 03:00:00', 'Calle de las flores número 497 puerta C','Abierto');
INSERT INTO gradas VALUES ('grada 1', 'espectaculo 497', 'deportivo', '2011-05-12', 'productora 497', '2022-09-01 18:00:00', 'Calle de las flores número 497 puerta C');
INSERT INTO gradas VALUES ('grada 2', 'espectaculo 497', 'deportivo', '2011-05-12', 'productora 497', '2022-09-01 18:00:00', 'Calle de las flores número 497 puerta C');
INSERT INTO gradas VALUES ('grada 3', 'espectaculo 497', 'deportivo', '2011-05-12', 'productora 497', '2022-09-01 18:00:00', 'Calle de las flores número 497 puerta C');
INSERT INTO espectaculos VALUES ('espectaculo 498', 'teatro', '2015-05-06', 'productora 498', 'lista participantes 498', 6, '00:13:00', '00:51:00', '00:22:00');
INSERT INTO eventos VALUES ('espectaculo 498', 'teatro', '2015-05-06', 'productora 498', '2022-09-01 18:00:00', 'Calle de las flores número 498 puerta C','Abierto');
INSERT INTO eventos VALUES ('espectaculo 498', 'teatro', '2015-05-06', 'productora 498', '2020-09-01 03:00:00', 'Calle de las flores número 498 puerta C','Abierto');
INSERT INTO gradas VALUES ('grada 1', 'espectaculo 498', 'teatro', '2015-05-06', 'productora 498', '2022-09-01 18:00:00', 'Calle de las flores número 498 puerta C');
INSERT INTO gradas VALUES ('grada 2', 'espectaculo 498', 'teatro', '2015-05-06', 'productora 498', '2022-09-01 18:00:00', 'Calle de las flores número 498 puerta C');
INSERT INTO gradas VALUES ('grada 3', 'espectaculo 498', 'teatro', '2015-05-06', 'productora 498', '2022-09-01 18:00:00', 'Calle de las flores número 498 puerta C');
INSERT INTO espectaculos VALUES ('espectaculo 499', 'teatro', '1987-04-07', 'productora 499', 'lista participantes 499', 8, '00:16:00', '00:16:00', '00:17:00');
INSERT INTO eventos VALUES ('espectaculo 499', 'teatro', '1987-04-07', 'productora 499', '2022-09-01 18:00:00', 'Calle de las flores número 499 puerta C','Abierto');
INSERT INTO eventos VALUES ('espectaculo 499', 'teatro', '1987-04-07', 'productora 499', '2020-09-01 03:00:00', 'Calle de las flores número 499 puerta C','Abierto');
INSERT INTO gradas VALUES ('grada 1', 'espectaculo 499', 'teatro', '1987-04-07', 'productora 499', '2022-09-01 18:00:00', 'Calle de las flores número 499 puerta C');
INSERT INTO gradas VALUES ('grada 2', 'espectaculo 499', 'teatro', '1987-04-07', 'productora 499', '2022-09-01 18:00:00', 'Calle de las flores número 499 puerta C');
INSERT INTO gradas VALUES ('grada 3', 'espectaculo 499', 'teatro', '1987-04-07', 'productora 499', '2022-09-01 18:00:00', 'Calle de las flores número 499 puerta C');
INSERT INTO espectaculos VALUES ('espectaculo 500', 'concierto', '1991-07-08', 'productora 500', 'lista participantes 500', 7, '00:19:00', '00:43:00', '00:27:00');
INSERT INTO eventos VALUES ('espectaculo 500', 'concierto', '1991-07-08', 'productora 500', '2022-09-01 18:00:00', 'Calle de las flores número 500 puerta C','Abierto');
INSERT INTO eventos VALUES ('espectaculo 500', 'concierto', '1991-07-08', 'productora 500', '2020-09-01 03:00:00', 'Calle de las flores número 500 puerta C','Abierto');
INSERT INTO gradas VALUES ('grada 1', 'espectaculo 500', 'concierto', '1991-07-08', 'productora 500', '2022-09-01 18:00:00', 'Calle de las flores número 500 puerta C');
INSERT INTO gradas VALUES ('grada 2', 'espectaculo 500', 'concierto', '1991-07-08', 'productora 500', '2022-09-01 18:00:00', 'Calle de las flores número 500 puerta C');
INSERT INTO gradas VALUES ('grada 3', 'espectaculo 500', 'concierto', '1991-07-08', 'productora 500', '2022-09-01 18:00:00', 'Calle de las flores número 500 puerta C');
INSERT INTO espectaculos VALUES ('espectaculo 501', 'teatro', '1986-04-08', 'productora 501', 'lista participantes 501', 5, '00:11:00', '00:26:00', '00:28:00');
INSERT INTO eventos VALUES ('espectaculo 501', 'teatro', '1986-04-08', 'productora 501', '2022-09-01 18:00:00', 'Calle de las flores número 501 puerta C','Abierto');
INSERT INTO eventos VALUES ('espectaculo 501', 'teatro', '1986-04-08', 'productora 501', '2020-09-01 03:00:00', 'Calle de las flores número 501 puerta C','Abierto');
INSERT INTO gradas VALUES ('grada 1', 'espectaculo 501', 'teatro', '1986-04-08', 'productora 501', '2022-09-01 18:00:00', 'Calle de las flores número 501 puerta C');
INSERT INTO gradas VALUES ('grada 2', 'espectaculo 501', 'teatro', '1986-04-08', 'productora 501', '2022-09-01 18:00:00', 'Calle de las flores número 501 puerta C');
INSERT INTO gradas VALUES ('grada 3', 'espectaculo 501', 'teatro', '1986-04-08', 'productora 501', '2022-09-01 18:00:00', 'Calle de las flores número 501 puerta C');
INSERT INTO espectaculos VALUES ('espectaculo 502', 'teatro', '2018-05-21', 'productora 502', 'lista participantes 502', 1, '00:10:00', '00:55:00', '00:28:00');
INSERT INTO eventos VALUES ('espectaculo 502', 'teatro', '2018-05-21', 'productora 502', '2022-09-01 18:00:00', 'Calle de las flores número 502 puerta C','Abierto');
INSERT INTO eventos VALUES ('espectaculo 502', 'teatro', '2018-05-21', 'productora 502', '2020-09-01 03:00:00', 'Calle de las flores número 502 puerta C','Abierto');
INSERT INTO gradas VALUES ('grada 1', 'espectaculo 502', 'teatro', '2018-05-21', 'productora 502', '2022-09-01 18:00:00', 'Calle de las flores número 502 puerta C');
INSERT INTO gradas VALUES ('grada 2', 'espectaculo 502', 'teatro', '2018-05-21', 'productora 502', '2022-09-01 18:00:00', 'Calle de las flores número 502 puerta C');
INSERT INTO gradas VALUES ('grada 3', 'espectaculo 502', 'teatro', '2018-05-21', 'productora 502', '2022-09-01 18:00:00', 'Calle de las flores número 502 puerta C');
INSERT INTO espectaculos VALUES ('espectaculo 503', 'deportivo', '2009-04-12', 'productora 503', 'lista participantes 503', 3, '00:12:00', '00:29:00', '00:20:00');
INSERT INTO eventos VALUES ('espectaculo 503', 'deportivo', '2009-04-12', 'productora 503', '2022-09-01 18:00:00', 'Calle de las flores número 503 puerta C','Abierto');
INSERT INTO eventos VALUES ('espectaculo 503', 'deportivo', '2009-04-12', 'productora 503', '2020-09-01 03:00:00', 'Calle de las flores número 503 puerta C','Abierto');
INSERT INTO gradas VALUES ('grada 1', 'espectaculo 503', 'deportivo', '2009-04-12', 'productora 503', '2022-09-01 18:00:00', 'Calle de las flores número 503 puerta C');
INSERT INTO gradas VALUES ('grada 2', 'espectaculo 503', 'deportivo', '2009-04-12', 'productora 503', '2022-09-01 18:00:00', 'Calle de las flores número 503 puerta C');
INSERT INTO gradas VALUES ('grada 3', 'espectaculo 503', 'deportivo', '2009-04-12', 'productora 503', '2022-09-01 18:00:00', 'Calle de las flores número 503 puerta C');
INSERT INTO espectaculos VALUES ('espectaculo 504', 'teatro', '2002-05-07', 'productora 504', 'lista participantes 504', 5, '00:10:00', '00:28:00', '00:15:00');
INSERT INTO eventos VALUES ('espectaculo 504', 'teatro', '2002-05-07', 'productora 504', '2022-09-01 18:00:00', 'Calle de las flores número 504 puerta C','Abierto');
INSERT INTO eventos VALUES ('espectaculo 504', 'teatro', '2002-05-07', 'productora 504', '2020-09-01 03:00:00', 'Calle de las flores número 504 puerta C','Abierto');
INSERT INTO gradas VALUES ('grada 1', 'espectaculo 504', 'teatro', '2002-05-07', 'productora 504', '2022-09-01 18:00:00', 'Calle de las flores número 504 puerta C');
INSERT INTO gradas VALUES ('grada 2', 'espectaculo 504', 'teatro', '2002-05-07', 'productora 504', '2022-09-01 18:00:00', 'Calle de las flores número 504 puerta C');
INSERT INTO gradas VALUES ('grada 3', 'espectaculo 504', 'teatro', '2002-05-07', 'productora 504', '2022-09-01 18:00:00', 'Calle de las flores número 504 puerta C');
INSERT INTO espectaculos VALUES ('espectaculo 505', 'entrevista', '2012-07-15', 'productora 505', 'lista participantes 505', 6, '00:14:00', '00:55:00', '00:23:00');
INSERT INTO eventos VALUES ('espectaculo 505', 'entrevista', '2012-07-15', 'productora 505', '2022-09-01 18:00:00', 'Calle de las flores número 505 puerta C','Abierto');
INSERT INTO eventos VALUES ('espectaculo 505', 'entrevista', '2012-07-15', 'productora 505', '2020-09-01 03:00:00', 'Calle de las flores número 505 puerta C','Abierto');
INSERT INTO gradas VALUES ('grada 1', 'espectaculo 505', 'entrevista', '2012-07-15', 'productora 505', '2022-09-01 18:00:00', 'Calle de las flores número 505 puerta C');
INSERT INTO gradas VALUES ('grada 2', 'espectaculo 505', 'entrevista', '2012-07-15', 'productora 505', '2022-09-01 18:00:00', 'Calle de las flores número 505 puerta C');
INSERT INTO gradas VALUES ('grada 3', 'espectaculo 505', 'entrevista', '2012-07-15', 'productora 505', '2022-09-01 18:00:00', 'Calle de las flores número 505 puerta C');
INSERT INTO espectaculos VALUES ('espectaculo 506', 'deportivo', '1992-04-11', 'productora 506', 'lista participantes 506', 1, '00:10:00', '00:30:00', '00:24:00');
INSERT INTO eventos VALUES ('espectaculo 506', 'deportivo', '1992-04-11', 'productora 506', '2022-09-01 18:00:00', 'Calle de las flores número 506 puerta C','Abierto');
INSERT INTO eventos VALUES ('espectaculo 506', 'deportivo', '1992-04-11', 'productora 506', '2020-09-01 03:00:00', 'Calle de las flores número 506 puerta C','Abierto');
INSERT INTO gradas VALUES ('grada 1', 'espectaculo 506', 'deportivo', '1992-04-11', 'productora 506', '2022-09-01 18:00:00', 'Calle de las flores número 506 puerta C');
INSERT INTO gradas VALUES ('grada 2', 'espectaculo 506', 'deportivo', '1992-04-11', 'productora 506', '2022-09-01 18:00:00', 'Calle de las flores número 506 puerta C');
INSERT INTO gradas VALUES ('grada 3', 'espectaculo 506', 'deportivo', '1992-04-11', 'productora 506', '2022-09-01 18:00:00', 'Calle de las flores número 506 puerta C');
INSERT INTO espectaculos VALUES ('espectaculo 507', 'entrevista', '2003-06-11', 'productora 507', 'lista participantes 507', 3, '00:14:00', '00:37:00', '00:21:00');
INSERT INTO eventos VALUES ('espectaculo 507', 'entrevista', '2003-06-11', 'productora 507', '2022-09-01 18:00:00', 'Calle de las flores número 507 puerta C','Abierto');
INSERT INTO eventos VALUES ('espectaculo 507', 'entrevista', '2003-06-11', 'productora 507', '2020-09-01 03:00:00', 'Calle de las flores número 507 puerta C','Abierto');
INSERT INTO gradas VALUES ('grada 1', 'espectaculo 507', 'entrevista', '2003-06-11', 'productora 507', '2022-09-01 18:00:00', 'Calle de las flores número 507 puerta C');
INSERT INTO gradas VALUES ('grada 2', 'espectaculo 507', 'entrevista', '2003-06-11', 'productora 507', '2022-09-01 18:00:00', 'Calle de las flores número 507 puerta C');
INSERT INTO gradas VALUES ('grada 3', 'espectaculo 507', 'entrevista', '2003-06-11', 'productora 507', '2022-09-01 18:00:00', 'Calle de las flores número 507 puerta C');
INSERT INTO espectaculos VALUES ('espectaculo 508', 'teatro', '1998-08-20', 'productora 508', 'lista participantes 508', 4, '00:17:00', '00:52:00', '00:28:00');
INSERT INTO eventos VALUES ('espectaculo 508', 'teatro', '1998-08-20', 'productora 508', '2022-09-01 18:00:00', 'Calle de las flores número 508 puerta C','Abierto');
INSERT INTO eventos VALUES ('espectaculo 508', 'teatro', '1998-08-20', 'productora 508', '2020-09-01 03:00:00', 'Calle de las flores número 508 puerta C','Abierto');
INSERT INTO gradas VALUES ('grada 1', 'espectaculo 508', 'teatro', '1998-08-20', 'productora 508', '2022-09-01 18:00:00', 'Calle de las flores número 508 puerta C');
INSERT INTO gradas VALUES ('grada 2', 'espectaculo 508', 'teatro', '1998-08-20', 'productora 508', '2022-09-01 18:00:00', 'Calle de las flores número 508 puerta C');
INSERT INTO gradas VALUES ('grada 3', 'espectaculo 508', 'teatro', '1998-08-20', 'productora 508', '2022-09-01 18:00:00', 'Calle de las flores número 508 puerta C');
INSERT INTO espectaculos VALUES ('espectaculo 509', 'concierto', '1999-05-12', 'productora 509', 'lista participantes 509', 8, '00:11:00', '00:58:00', '00:24:00');
INSERT INTO eventos VALUES ('espectaculo 509', 'concierto', '1999-05-12', 'productora 509', '2022-09-01 18:00:00', 'Calle de las flores número 509 puerta C','Abierto');
INSERT INTO eventos VALUES ('espectaculo 509', 'concierto', '1999-05-12', 'productora 509', '2020-09-01 03:00:00', 'Calle de las flores número 509 puerta C','Abierto');
INSERT INTO gradas VALUES ('grada 1', 'espectaculo 509', 'concierto', '1999-05-12', 'productora 509', '2022-09-01 18:00:00', 'Calle de las flores número 509 puerta C');
INSERT INTO gradas VALUES ('grada 2', 'espectaculo 509', 'concierto', '1999-05-12', 'productora 509', '2022-09-01 18:00:00', 'Calle de las flores número 509 puerta C');
INSERT INTO gradas VALUES ('grada 3', 'espectaculo 509', 'concierto', '1999-05-12', 'productora 509', '2022-09-01 18:00:00', 'Calle de las flores número 509 puerta C');
INSERT INTO espectaculos VALUES ('espectaculo 510', 'pelicula', '2014-09-02', 'productora 510', 'lista participantes 510', 6, '00:15:00', '00:49:00', '00:28:00');
INSERT INTO eventos VALUES ('espectaculo 510', 'pelicula', '2014-09-02', 'productora 510', '2022-09-01 18:00:00', 'Calle de las flores número 510 puerta C','Abierto');
INSERT INTO eventos VALUES ('espectaculo 510', 'pelicula', '2014-09-02', 'productora 510', '2020-09-01 03:00:00', 'Calle de las flores número 510 puerta C','Abierto');
INSERT INTO gradas VALUES ('grada 1', 'espectaculo 510', 'pelicula', '2014-09-02', 'productora 510', '2022-09-01 18:00:00', 'Calle de las flores número 510 puerta C');
INSERT INTO gradas VALUES ('grada 2', 'espectaculo 510', 'pelicula', '2014-09-02', 'productora 510', '2022-09-01 18:00:00', 'Calle de las flores número 510 puerta C');
INSERT INTO gradas VALUES ('grada 3', 'espectaculo 510', 'pelicula', '2014-09-02', 'productora 510', '2022-09-01 18:00:00', 'Calle de las flores número 510 puerta C');
INSERT INTO espectaculos VALUES ('espectaculo 511', 'pelicula', '2020-04-14', 'productora 511', 'lista participantes 511', 8, '00:14:00', '00:33:00', '00:17:00');
INSERT INTO eventos VALUES ('espectaculo 511', 'pelicula', '2020-04-14', 'productora 511', '2022-09-01 18:00:00', 'Calle de las flores número 511 puerta C','Abierto');
INSERT INTO eventos VALUES ('espectaculo 511', 'pelicula', '2020-04-14', 'productora 511', '2020-09-01 03:00:00', 'Calle de las flores número 511 puerta C','Abierto');
INSERT INTO gradas VALUES ('grada 1', 'espectaculo 511', 'pelicula', '2020-04-14', 'productora 511', '2022-09-01 18:00:00', 'Calle de las flores número 511 puerta C');
INSERT INTO gradas VALUES ('grada 2', 'espectaculo 511', 'pelicula', '2020-04-14', 'productora 511', '2022-09-01 18:00:00', 'Calle de las flores número 511 puerta C');
INSERT INTO gradas VALUES ('grada 3', 'espectaculo 511', 'pelicula', '2020-04-14', 'productora 511', '2022-09-01 18:00:00', 'Calle de las flores número 511 puerta C');
INSERT INTO espectaculos VALUES ('espectaculo 512', 'deportivo', '2020-06-07', 'productora 512', 'lista participantes 512', 5, '00:15:00', '00:33:00', '00:27:00');
INSERT INTO eventos VALUES ('espectaculo 512', 'deportivo', '2020-06-07', 'productora 512', '2022-09-01 18:00:00', 'Calle de las flores número 512 puerta C','Abierto');
INSERT INTO eventos VALUES ('espectaculo 512', 'deportivo', '2020-06-07', 'productora 512', '2020-09-01 03:00:00', 'Calle de las flores número 512 puerta C','Abierto');
INSERT INTO gradas VALUES ('grada 1', 'espectaculo 512', 'deportivo', '2020-06-07', 'productora 512', '2022-09-01 18:00:00', 'Calle de las flores número 512 puerta C');
INSERT INTO gradas VALUES ('grada 2', 'espectaculo 512', 'deportivo', '2020-06-07', 'productora 512', '2022-09-01 18:00:00', 'Calle de las flores número 512 puerta C');
INSERT INTO gradas VALUES ('grada 3', 'espectaculo 512', 'deportivo', '2020-06-07', 'productora 512', '2022-09-01 18:00:00', 'Calle de las flores número 512 puerta C');
INSERT INTO espectaculos VALUES ('espectaculo 513', 'entrevista', '2005-09-26', 'productora 513', 'lista participantes 513', 1, '00:13:00', '00:28:00', '00:23:00');
INSERT INTO eventos VALUES ('espectaculo 513', 'entrevista', '2005-09-26', 'productora 513', '2022-09-01 18:00:00', 'Calle de las flores número 513 puerta C','Abierto');
INSERT INTO eventos VALUES ('espectaculo 513', 'entrevista', '2005-09-26', 'productora 513', '2020-09-01 03:00:00', 'Calle de las flores número 513 puerta C','Abierto');
INSERT INTO gradas VALUES ('grada 1', 'espectaculo 513', 'entrevista', '2005-09-26', 'productora 513', '2022-09-01 18:00:00', 'Calle de las flores número 513 puerta C');
INSERT INTO gradas VALUES ('grada 2', 'espectaculo 513', 'entrevista', '2005-09-26', 'productora 513', '2022-09-01 18:00:00', 'Calle de las flores número 513 puerta C');
INSERT INTO gradas VALUES ('grada 3', 'espectaculo 513', 'entrevista', '2005-09-26', 'productora 513', '2022-09-01 18:00:00', 'Calle de las flores número 513 puerta C');
INSERT INTO espectaculos VALUES ('espectaculo 514', 'teatro', '2008-04-22', 'productora 514', 'lista participantes 514', 3, '00:17:00', '00:40:00', '00:16:00');
INSERT INTO eventos VALUES ('espectaculo 514', 'teatro', '2008-04-22', 'productora 514', '2022-09-01 18:00:00', 'Calle de las flores número 514 puerta C','Abierto');
INSERT INTO eventos VALUES ('espectaculo 514', 'teatro', '2008-04-22', 'productora 514', '2020-09-01 03:00:00', 'Calle de las flores número 514 puerta C','Abierto');
INSERT INTO gradas VALUES ('grada 1', 'espectaculo 514', 'teatro', '2008-04-22', 'productora 514', '2022-09-01 18:00:00', 'Calle de las flores número 514 puerta C');
INSERT INTO gradas VALUES ('grada 2', 'espectaculo 514', 'teatro', '2008-04-22', 'productora 514', '2022-09-01 18:00:00', 'Calle de las flores número 514 puerta C');
INSERT INTO gradas VALUES ('grada 3', 'espectaculo 514', 'teatro', '2008-04-22', 'productora 514', '2022-09-01 18:00:00', 'Calle de las flores número 514 puerta C');
INSERT INTO espectaculos VALUES ('espectaculo 515', 'teatro', '2008-10-02', 'productora 515', 'lista participantes 515', 1, '00:16:00', '00:57:00', '00:21:00');
INSERT INTO eventos VALUES ('espectaculo 515', 'teatro', '2008-10-02', 'productora 515', '2022-09-01 18:00:00', 'Calle de las flores número 515 puerta C','Abierto');
INSERT INTO eventos VALUES ('espectaculo 515', 'teatro', '2008-10-02', 'productora 515', '2020-09-01 03:00:00', 'Calle de las flores número 515 puerta C','Abierto');
INSERT INTO gradas VALUES ('grada 1', 'espectaculo 515', 'teatro', '2008-10-02', 'productora 515', '2022-09-01 18:00:00', 'Calle de las flores número 515 puerta C');
INSERT INTO gradas VALUES ('grada 2', 'espectaculo 515', 'teatro', '2008-10-02', 'productora 515', '2022-09-01 18:00:00', 'Calle de las flores número 515 puerta C');
INSERT INTO gradas VALUES ('grada 3', 'espectaculo 515', 'teatro', '2008-10-02', 'productora 515', '2022-09-01 18:00:00', 'Calle de las flores número 515 puerta C');
INSERT INTO espectaculos VALUES ('espectaculo 516', 'entrevista', '1989-09-17', 'productora 516', 'lista participantes 516', 9, '00:14:00', '00:41:00', '00:26:00');
INSERT INTO eventos VALUES ('espectaculo 516', 'entrevista', '1989-09-17', 'productora 516', '2022-09-01 18:00:00', 'Calle de las flores número 516 puerta C','Abierto');
INSERT INTO eventos VALUES ('espectaculo 516', 'entrevista', '1989-09-17', 'productora 516', '2020-09-01 03:00:00', 'Calle de las flores número 516 puerta C','Abierto');
INSERT INTO gradas VALUES ('grada 1', 'espectaculo 516', 'entrevista', '1989-09-17', 'productora 516', '2022-09-01 18:00:00', 'Calle de las flores número 516 puerta C');
INSERT INTO gradas VALUES ('grada 2', 'espectaculo 516', 'entrevista', '1989-09-17', 'productora 516', '2022-09-01 18:00:00', 'Calle de las flores número 516 puerta C');
INSERT INTO gradas VALUES ('grada 3', 'espectaculo 516', 'entrevista', '1989-09-17', 'productora 516', '2022-09-01 18:00:00', 'Calle de las flores número 516 puerta C');
INSERT INTO espectaculos VALUES ('espectaculo 517', 'entrevista', '1994-05-27', 'productora 517', 'lista participantes 517', 8, '00:14:00', '00:28:00', '00:15:00');
INSERT INTO eventos VALUES ('espectaculo 517', 'entrevista', '1994-05-27', 'productora 517', '2022-09-01 18:00:00', 'Calle de las flores número 517 puerta C','Abierto');
INSERT INTO eventos VALUES ('espectaculo 517', 'entrevista', '1994-05-27', 'productora 517', '2020-09-01 03:00:00', 'Calle de las flores número 517 puerta C','Abierto');
INSERT INTO gradas VALUES ('grada 1', 'espectaculo 517', 'entrevista', '1994-05-27', 'productora 517', '2022-09-01 18:00:00', 'Calle de las flores número 517 puerta C');
INSERT INTO gradas VALUES ('grada 2', 'espectaculo 517', 'entrevista', '1994-05-27', 'productora 517', '2022-09-01 18:00:00', 'Calle de las flores número 517 puerta C');
INSERT INTO gradas VALUES ('grada 3', 'espectaculo 517', 'entrevista', '1994-05-27', 'productora 517', '2022-09-01 18:00:00', 'Calle de las flores número 517 puerta C');
INSERT INTO espectaculos VALUES ('espectaculo 518', 'entrevista', '2003-09-21', 'productora 518', 'lista participantes 518', 6, '00:10:00', '00:56:00', '00:29:00');
INSERT INTO eventos VALUES ('espectaculo 518', 'entrevista', '2003-09-21', 'productora 518', '2022-09-01 18:00:00', 'Calle de las flores número 518 puerta C','Abierto');
INSERT INTO eventos VALUES ('espectaculo 518', 'entrevista', '2003-09-21', 'productora 518', '2020-09-01 03:00:00', 'Calle de las flores número 518 puerta C','Abierto');
INSERT INTO gradas VALUES ('grada 1', 'espectaculo 518', 'entrevista', '2003-09-21', 'productora 518', '2022-09-01 18:00:00', 'Calle de las flores número 518 puerta C');
INSERT INTO gradas VALUES ('grada 2', 'espectaculo 518', 'entrevista', '2003-09-21', 'productora 518', '2022-09-01 18:00:00', 'Calle de las flores número 518 puerta C');
INSERT INTO gradas VALUES ('grada 3', 'espectaculo 518', 'entrevista', '2003-09-21', 'productora 518', '2022-09-01 18:00:00', 'Calle de las flores número 518 puerta C');
INSERT INTO espectaculos VALUES ('espectaculo 519', 'entrevista', '2013-11-06', 'productora 519', 'lista participantes 519', 6, '00:17:00', '00:21:00', '00:26:00');
INSERT INTO eventos VALUES ('espectaculo 519', 'entrevista', '2013-11-06', 'productora 519', '2022-09-01 18:00:00', 'Calle de las flores número 519 puerta C','Abierto');
INSERT INTO eventos VALUES ('espectaculo 519', 'entrevista', '2013-11-06', 'productora 519', '2020-09-01 03:00:00', 'Calle de las flores número 519 puerta C','Abierto');
INSERT INTO gradas VALUES ('grada 1', 'espectaculo 519', 'entrevista', '2013-11-06', 'productora 519', '2022-09-01 18:00:00', 'Calle de las flores número 519 puerta C');
INSERT INTO gradas VALUES ('grada 2', 'espectaculo 519', 'entrevista', '2013-11-06', 'productora 519', '2022-09-01 18:00:00', 'Calle de las flores número 519 puerta C');
INSERT INTO gradas VALUES ('grada 3', 'espectaculo 519', 'entrevista', '2013-11-06', 'productora 519', '2022-09-01 18:00:00', 'Calle de las flores número 519 puerta C');
INSERT INTO espectaculos VALUES ('espectaculo 520', 'entrevista', '2008-08-02', 'productora 520', 'lista participantes 520', 6, '00:10:00', '00:53:00', '00:29:00');
INSERT INTO eventos VALUES ('espectaculo 520', 'entrevista', '2008-08-02', 'productora 520', '2022-09-01 18:00:00', 'Calle de las flores número 520 puerta C','Abierto');
INSERT INTO eventos VALUES ('espectaculo 520', 'entrevista', '2008-08-02', 'productora 520', '2020-09-01 03:00:00', 'Calle de las flores número 520 puerta C','Abierto');
INSERT INTO gradas VALUES ('grada 1', 'espectaculo 520', 'entrevista', '2008-08-02', 'productora 520', '2022-09-01 18:00:00', 'Calle de las flores número 520 puerta C');
INSERT INTO gradas VALUES ('grada 2', 'espectaculo 520', 'entrevista', '2008-08-02', 'productora 520', '2022-09-01 18:00:00', 'Calle de las flores número 520 puerta C');
INSERT INTO gradas VALUES ('grada 3', 'espectaculo 520', 'entrevista', '2008-08-02', 'productora 520', '2022-09-01 18:00:00', 'Calle de las flores número 520 puerta C');
INSERT INTO espectaculos VALUES ('espectaculo 521', 'pelicula', '2004-05-17', 'productora 521', 'lista participantes 521', 8, '00:11:00', '00:20:00', '00:27:00');
INSERT INTO eventos VALUES ('espectaculo 521', 'pelicula', '2004-05-17', 'productora 521', '2022-09-01 18:00:00', 'Calle de las flores número 521 puerta C','Abierto');
INSERT INTO eventos VALUES ('espectaculo 521', 'pelicula', '2004-05-17', 'productora 521', '2020-09-01 03:00:00', 'Calle de las flores número 521 puerta C','Abierto');
INSERT INTO gradas VALUES ('grada 1', 'espectaculo 521', 'pelicula', '2004-05-17', 'productora 521', '2022-09-01 18:00:00', 'Calle de las flores número 521 puerta C');
INSERT INTO gradas VALUES ('grada 2', 'espectaculo 521', 'pelicula', '2004-05-17', 'productora 521', '2022-09-01 18:00:00', 'Calle de las flores número 521 puerta C');
INSERT INTO gradas VALUES ('grada 3', 'espectaculo 521', 'pelicula', '2004-05-17', 'productora 521', '2022-09-01 18:00:00', 'Calle de las flores número 521 puerta C');
INSERT INTO espectaculos VALUES ('espectaculo 522', 'pelicula', '2001-02-14', 'productora 522', 'lista participantes 522', 9, '00:10:00', '00:51:00', '00:16:00');
INSERT INTO eventos VALUES ('espectaculo 522', 'pelicula', '2001-02-14', 'productora 522', '2022-09-01 18:00:00', 'Calle de las flores número 522 puerta C','Abierto');
INSERT INTO eventos VALUES ('espectaculo 522', 'pelicula', '2001-02-14', 'productora 522', '2020-09-01 03:00:00', 'Calle de las flores número 522 puerta C','Abierto');
INSERT INTO gradas VALUES ('grada 1', 'espectaculo 522', 'pelicula', '2001-02-14', 'productora 522', '2022-09-01 18:00:00', 'Calle de las flores número 522 puerta C');
INSERT INTO gradas VALUES ('grada 2', 'espectaculo 522', 'pelicula', '2001-02-14', 'productora 522', '2022-09-01 18:00:00', 'Calle de las flores número 522 puerta C');
INSERT INTO gradas VALUES ('grada 3', 'espectaculo 522', 'pelicula', '2001-02-14', 'productora 522', '2022-09-01 18:00:00', 'Calle de las flores número 522 puerta C');
INSERT INTO espectaculos VALUES ('espectaculo 523', 'concierto', '1985-09-20', 'productora 523', 'lista participantes 523', 3, '00:11:00', '00:31:00', '00:21:00');
INSERT INTO eventos VALUES ('espectaculo 523', 'concierto', '1985-09-20', 'productora 523', '2022-09-01 18:00:00', 'Calle de las flores número 523 puerta C','Abierto');
INSERT INTO eventos VALUES ('espectaculo 523', 'concierto', '1985-09-20', 'productora 523', '2020-09-01 03:00:00', 'Calle de las flores número 523 puerta C','Abierto');
INSERT INTO gradas VALUES ('grada 1', 'espectaculo 523', 'concierto', '1985-09-20', 'productora 523', '2022-09-01 18:00:00', 'Calle de las flores número 523 puerta C');
INSERT INTO gradas VALUES ('grada 2', 'espectaculo 523', 'concierto', '1985-09-20', 'productora 523', '2022-09-01 18:00:00', 'Calle de las flores número 523 puerta C');
INSERT INTO gradas VALUES ('grada 3', 'espectaculo 523', 'concierto', '1985-09-20', 'productora 523', '2022-09-01 18:00:00', 'Calle de las flores número 523 puerta C');
INSERT INTO espectaculos VALUES ('espectaculo 524', 'concierto', '2001-11-10', 'productora 524', 'lista participantes 524', 9, '00:11:00', '00:56:00', '00:19:00');
INSERT INTO eventos VALUES ('espectaculo 524', 'concierto', '2001-11-10', 'productora 524', '2022-09-01 18:00:00', 'Calle de las flores número 524 puerta C','Abierto');
INSERT INTO eventos VALUES ('espectaculo 524', 'concierto', '2001-11-10', 'productora 524', '2020-09-01 03:00:00', 'Calle de las flores número 524 puerta C','Abierto');
INSERT INTO gradas VALUES ('grada 1', 'espectaculo 524', 'concierto', '2001-11-10', 'productora 524', '2022-09-01 18:00:00', 'Calle de las flores número 524 puerta C');
INSERT INTO gradas VALUES ('grada 2', 'espectaculo 524', 'concierto', '2001-11-10', 'productora 524', '2022-09-01 18:00:00', 'Calle de las flores número 524 puerta C');
INSERT INTO gradas VALUES ('grada 3', 'espectaculo 524', 'concierto', '2001-11-10', 'productora 524', '2022-09-01 18:00:00', 'Calle de las flores número 524 puerta C');
INSERT INTO espectaculos VALUES ('espectaculo 525', 'concierto', '2011-06-05', 'productora 525', 'lista participantes 525', 8, '00:19:00', '00:57:00', '00:16:00');
INSERT INTO eventos VALUES ('espectaculo 525', 'concierto', '2011-06-05', 'productora 525', '2022-09-01 18:00:00', 'Calle de las flores número 525 puerta C','Abierto');
INSERT INTO eventos VALUES ('espectaculo 525', 'concierto', '2011-06-05', 'productora 525', '2020-09-01 03:00:00', 'Calle de las flores número 525 puerta C','Abierto');
INSERT INTO gradas VALUES ('grada 1', 'espectaculo 525', 'concierto', '2011-06-05', 'productora 525', '2022-09-01 18:00:00', 'Calle de las flores número 525 puerta C');
INSERT INTO gradas VALUES ('grada 2', 'espectaculo 525', 'concierto', '2011-06-05', 'productora 525', '2022-09-01 18:00:00', 'Calle de las flores número 525 puerta C');
INSERT INTO gradas VALUES ('grada 3', 'espectaculo 525', 'concierto', '2011-06-05', 'productora 525', '2022-09-01 18:00:00', 'Calle de las flores número 525 puerta C');
INSERT INTO espectaculos VALUES ('espectaculo 526', 'concierto', '1998-03-07', 'productora 526', 'lista participantes 526', 3, '00:16:00', '00:40:00', '00:24:00');
INSERT INTO eventos VALUES ('espectaculo 526', 'concierto', '1998-03-07', 'productora 526', '2022-09-01 18:00:00', 'Calle de las flores número 526 puerta C','Abierto');
INSERT INTO eventos VALUES ('espectaculo 526', 'concierto', '1998-03-07', 'productora 526', '2020-09-01 03:00:00', 'Calle de las flores número 526 puerta C','Abierto');
INSERT INTO gradas VALUES ('grada 1', 'espectaculo 526', 'concierto', '1998-03-07', 'productora 526', '2022-09-01 18:00:00', 'Calle de las flores número 526 puerta C');
INSERT INTO gradas VALUES ('grada 2', 'espectaculo 526', 'concierto', '1998-03-07', 'productora 526', '2022-09-01 18:00:00', 'Calle de las flores número 526 puerta C');
INSERT INTO gradas VALUES ('grada 3', 'espectaculo 526', 'concierto', '1998-03-07', 'productora 526', '2022-09-01 18:00:00', 'Calle de las flores número 526 puerta C');
INSERT INTO espectaculos VALUES ('espectaculo 527', 'teatro', '1997-05-20', 'productora 527', 'lista participantes 527', 7, '00:19:00', '00:33:00', '00:21:00');
INSERT INTO eventos VALUES ('espectaculo 527', 'teatro', '1997-05-20', 'productora 527', '2022-09-01 18:00:00', 'Calle de las flores número 527 puerta C','Abierto');
INSERT INTO eventos VALUES ('espectaculo 527', 'teatro', '1997-05-20', 'productora 527', '2020-09-01 03:00:00', 'Calle de las flores número 527 puerta C','Abierto');
INSERT INTO gradas VALUES ('grada 1', 'espectaculo 527', 'teatro', '1997-05-20', 'productora 527', '2022-09-01 18:00:00', 'Calle de las flores número 527 puerta C');
INSERT INTO gradas VALUES ('grada 2', 'espectaculo 527', 'teatro', '1997-05-20', 'productora 527', '2022-09-01 18:00:00', 'Calle de las flores número 527 puerta C');
INSERT INTO gradas VALUES ('grada 3', 'espectaculo 527', 'teatro', '1997-05-20', 'productora 527', '2022-09-01 18:00:00', 'Calle de las flores número 527 puerta C');
INSERT INTO espectaculos VALUES ('espectaculo 528', 'teatro', '1990-09-04', 'productora 528', 'lista participantes 528', 9, '00:18:00', '00:38:00', '00:18:00');
INSERT INTO eventos VALUES ('espectaculo 528', 'teatro', '1990-09-04', 'productora 528', '2022-09-01 18:00:00', 'Calle de las flores número 528 puerta C','Abierto');
INSERT INTO eventos VALUES ('espectaculo 528', 'teatro', '1990-09-04', 'productora 528', '2020-09-01 03:00:00', 'Calle de las flores número 528 puerta C','Abierto');
INSERT INTO gradas VALUES ('grada 1', 'espectaculo 528', 'teatro', '1990-09-04', 'productora 528', '2022-09-01 18:00:00', 'Calle de las flores número 528 puerta C');
INSERT INTO gradas VALUES ('grada 2', 'espectaculo 528', 'teatro', '1990-09-04', 'productora 528', '2022-09-01 18:00:00', 'Calle de las flores número 528 puerta C');
INSERT INTO gradas VALUES ('grada 3', 'espectaculo 528', 'teatro', '1990-09-04', 'productora 528', '2022-09-01 18:00:00', 'Calle de las flores número 528 puerta C');
INSERT INTO espectaculos VALUES ('espectaculo 529', 'concierto', '1988-06-11', 'productora 529', 'lista participantes 529', 5, '00:16:00', '00:55:00', '00:19:00');
INSERT INTO eventos VALUES ('espectaculo 529', 'concierto', '1988-06-11', 'productora 529', '2022-09-01 18:00:00', 'Calle de las flores número 529 puerta C','Abierto');
INSERT INTO eventos VALUES ('espectaculo 529', 'concierto', '1988-06-11', 'productora 529', '2020-09-01 03:00:00', 'Calle de las flores número 529 puerta C','Abierto');
INSERT INTO gradas VALUES ('grada 1', 'espectaculo 529', 'concierto', '1988-06-11', 'productora 529', '2022-09-01 18:00:00', 'Calle de las flores número 529 puerta C');
INSERT INTO gradas VALUES ('grada 2', 'espectaculo 529', 'concierto', '1988-06-11', 'productora 529', '2022-09-01 18:00:00', 'Calle de las flores número 529 puerta C');
INSERT INTO gradas VALUES ('grada 3', 'espectaculo 529', 'concierto', '1988-06-11', 'productora 529', '2022-09-01 18:00:00', 'Calle de las flores número 529 puerta C');
INSERT INTO espectaculos VALUES ('espectaculo 530', 'teatro', '2004-03-19', 'productora 530', 'lista participantes 530', 2, '00:10:00', '00:45:00', '00:22:00');
INSERT INTO eventos VALUES ('espectaculo 530', 'teatro', '2004-03-19', 'productora 530', '2022-09-01 18:00:00', 'Calle de las flores número 530 puerta C','Abierto');
INSERT INTO eventos VALUES ('espectaculo 530', 'teatro', '2004-03-19', 'productora 530', '2020-09-01 03:00:00', 'Calle de las flores número 530 puerta C','Abierto');
INSERT INTO gradas VALUES ('grada 1', 'espectaculo 530', 'teatro', '2004-03-19', 'productora 530', '2022-09-01 18:00:00', 'Calle de las flores número 530 puerta C');
INSERT INTO gradas VALUES ('grada 2', 'espectaculo 530', 'teatro', '2004-03-19', 'productora 530', '2022-09-01 18:00:00', 'Calle de las flores número 530 puerta C');
INSERT INTO gradas VALUES ('grada 3', 'espectaculo 530', 'teatro', '2004-03-19', 'productora 530', '2022-09-01 18:00:00', 'Calle de las flores número 530 puerta C');
INSERT INTO espectaculos VALUES ('espectaculo 531', 'concierto', '1996-03-03', 'productora 531', 'lista participantes 531', 5, '00:15:00', '00:41:00', '00:15:00');
INSERT INTO eventos VALUES ('espectaculo 531', 'concierto', '1996-03-03', 'productora 531', '2022-09-01 18:00:00', 'Calle de las flores número 531 puerta C','Abierto');
INSERT INTO eventos VALUES ('espectaculo 531', 'concierto', '1996-03-03', 'productora 531', '2020-09-01 03:00:00', 'Calle de las flores número 531 puerta C','Abierto');
INSERT INTO gradas VALUES ('grada 1', 'espectaculo 531', 'concierto', '1996-03-03', 'productora 531', '2022-09-01 18:00:00', 'Calle de las flores número 531 puerta C');
INSERT INTO gradas VALUES ('grada 2', 'espectaculo 531', 'concierto', '1996-03-03', 'productora 531', '2022-09-01 18:00:00', 'Calle de las flores número 531 puerta C');
INSERT INTO gradas VALUES ('grada 3', 'espectaculo 531', 'concierto', '1996-03-03', 'productora 531', '2022-09-01 18:00:00', 'Calle de las flores número 531 puerta C');
INSERT INTO espectaculos VALUES ('espectaculo 532', 'deportivo', '2009-03-07', 'productora 532', 'lista participantes 532', 6, '00:17:00', '00:16:00', '00:25:00');
INSERT INTO eventos VALUES ('espectaculo 532', 'deportivo', '2009-03-07', 'productora 532', '2022-09-01 18:00:00', 'Calle de las flores número 532 puerta C','Abierto');
INSERT INTO eventos VALUES ('espectaculo 532', 'deportivo', '2009-03-07', 'productora 532', '2020-09-01 03:00:00', 'Calle de las flores número 532 puerta C','Abierto');
INSERT INTO gradas VALUES ('grada 1', 'espectaculo 532', 'deportivo', '2009-03-07', 'productora 532', '2022-09-01 18:00:00', 'Calle de las flores número 532 puerta C');
INSERT INTO gradas VALUES ('grada 2', 'espectaculo 532', 'deportivo', '2009-03-07', 'productora 532', '2022-09-01 18:00:00', 'Calle de las flores número 532 puerta C');
INSERT INTO gradas VALUES ('grada 3', 'espectaculo 532', 'deportivo', '2009-03-07', 'productora 532', '2022-09-01 18:00:00', 'Calle de las flores número 532 puerta C');
INSERT INTO espectaculos VALUES ('espectaculo 533', 'pelicula', '2002-03-27', 'productora 533', 'lista participantes 533', 9, '00:19:00', '00:17:00', '00:26:00');
INSERT INTO eventos VALUES ('espectaculo 533', 'pelicula', '2002-03-27', 'productora 533', '2022-09-01 18:00:00', 'Calle de las flores número 533 puerta C','Abierto');
INSERT INTO eventos VALUES ('espectaculo 533', 'pelicula', '2002-03-27', 'productora 533', '2020-09-01 03:00:00', 'Calle de las flores número 533 puerta C','Abierto');
INSERT INTO gradas VALUES ('grada 1', 'espectaculo 533', 'pelicula', '2002-03-27', 'productora 533', '2022-09-01 18:00:00', 'Calle de las flores número 533 puerta C');
INSERT INTO gradas VALUES ('grada 2', 'espectaculo 533', 'pelicula', '2002-03-27', 'productora 533', '2022-09-01 18:00:00', 'Calle de las flores número 533 puerta C');
INSERT INTO gradas VALUES ('grada 3', 'espectaculo 533', 'pelicula', '2002-03-27', 'productora 533', '2022-09-01 18:00:00', 'Calle de las flores número 533 puerta C');
INSERT INTO espectaculos VALUES ('espectaculo 534', 'entrevista', '1994-09-10', 'productora 534', 'lista participantes 534', 3, '00:17:00', '00:44:00', '00:26:00');
INSERT INTO eventos VALUES ('espectaculo 534', 'entrevista', '1994-09-10', 'productora 534', '2022-09-01 18:00:00', 'Calle de las flores número 534 puerta C','Abierto');
INSERT INTO eventos VALUES ('espectaculo 534', 'entrevista', '1994-09-10', 'productora 534', '2020-09-01 03:00:00', 'Calle de las flores número 534 puerta C','Abierto');
INSERT INTO gradas VALUES ('grada 1', 'espectaculo 534', 'entrevista', '1994-09-10', 'productora 534', '2022-09-01 18:00:00', 'Calle de las flores número 534 puerta C');
INSERT INTO gradas VALUES ('grada 2', 'espectaculo 534', 'entrevista', '1994-09-10', 'productora 534', '2022-09-01 18:00:00', 'Calle de las flores número 534 puerta C');
INSERT INTO gradas VALUES ('grada 3', 'espectaculo 534', 'entrevista', '1994-09-10', 'productora 534', '2022-09-01 18:00:00', 'Calle de las flores número 534 puerta C');
INSERT INTO espectaculos VALUES ('espectaculo 535', 'concierto', '2000-06-24', 'productora 535', 'lista participantes 535', 1, '00:11:00', '00:43:00', '00:26:00');
INSERT INTO eventos VALUES ('espectaculo 535', 'concierto', '2000-06-24', 'productora 535', '2022-09-01 18:00:00', 'Calle de las flores número 535 puerta C','Abierto');
INSERT INTO eventos VALUES ('espectaculo 535', 'concierto', '2000-06-24', 'productora 535', '2020-09-01 03:00:00', 'Calle de las flores número 535 puerta C','Abierto');
INSERT INTO gradas VALUES ('grada 1', 'espectaculo 535', 'concierto', '2000-06-24', 'productora 535', '2022-09-01 18:00:00', 'Calle de las flores número 535 puerta C');
INSERT INTO gradas VALUES ('grada 2', 'espectaculo 535', 'concierto', '2000-06-24', 'productora 535', '2022-09-01 18:00:00', 'Calle de las flores número 535 puerta C');
INSERT INTO gradas VALUES ('grada 3', 'espectaculo 535', 'concierto', '2000-06-24', 'productora 535', '2022-09-01 18:00:00', 'Calle de las flores número 535 puerta C');
INSERT INTO espectaculos VALUES ('espectaculo 536', 'pelicula', '2018-07-23', 'productora 536', 'lista participantes 536', 9, '00:14:00', '00:42:00', '00:22:00');
INSERT INTO eventos VALUES ('espectaculo 536', 'pelicula', '2018-07-23', 'productora 536', '2022-09-01 18:00:00', 'Calle de las flores número 536 puerta C','Abierto');
INSERT INTO eventos VALUES ('espectaculo 536', 'pelicula', '2018-07-23', 'productora 536', '2020-09-01 03:00:00', 'Calle de las flores número 536 puerta C','Abierto');
INSERT INTO gradas VALUES ('grada 1', 'espectaculo 536', 'pelicula', '2018-07-23', 'productora 536', '2022-09-01 18:00:00', 'Calle de las flores número 536 puerta C');
INSERT INTO gradas VALUES ('grada 2', 'espectaculo 536', 'pelicula', '2018-07-23', 'productora 536', '2022-09-01 18:00:00', 'Calle de las flores número 536 puerta C');
INSERT INTO gradas VALUES ('grada 3', 'espectaculo 536', 'pelicula', '2018-07-23', 'productora 536', '2022-09-01 18:00:00', 'Calle de las flores número 536 puerta C');
INSERT INTO espectaculos VALUES ('espectaculo 537', 'entrevista', '2006-10-15', 'productora 537', 'lista participantes 537', 4, '00:11:00', '00:41:00', '00:28:00');
INSERT INTO eventos VALUES ('espectaculo 537', 'entrevista', '2006-10-15', 'productora 537', '2022-09-01 18:00:00', 'Calle de las flores número 537 puerta C','Abierto');
INSERT INTO eventos VALUES ('espectaculo 537', 'entrevista', '2006-10-15', 'productora 537', '2020-09-01 03:00:00', 'Calle de las flores número 537 puerta C','Abierto');
INSERT INTO gradas VALUES ('grada 1', 'espectaculo 537', 'entrevista', '2006-10-15', 'productora 537', '2022-09-01 18:00:00', 'Calle de las flores número 537 puerta C');
INSERT INTO gradas VALUES ('grada 2', 'espectaculo 537', 'entrevista', '2006-10-15', 'productora 537', '2022-09-01 18:00:00', 'Calle de las flores número 537 puerta C');
INSERT INTO gradas VALUES ('grada 3', 'espectaculo 537', 'entrevista', '2006-10-15', 'productora 537', '2022-09-01 18:00:00', 'Calle de las flores número 537 puerta C');
INSERT INTO espectaculos VALUES ('espectaculo 538', 'entrevista', '2016-05-18', 'productora 538', 'lista participantes 538', 3, '00:16:00', '00:57:00', '00:24:00');
INSERT INTO eventos VALUES ('espectaculo 538', 'entrevista', '2016-05-18', 'productora 538', '2022-09-01 18:00:00', 'Calle de las flores número 538 puerta C','Abierto');
INSERT INTO eventos VALUES ('espectaculo 538', 'entrevista', '2016-05-18', 'productora 538', '2020-09-01 03:00:00', 'Calle de las flores número 538 puerta C','Abierto');
INSERT INTO gradas VALUES ('grada 1', 'espectaculo 538', 'entrevista', '2016-05-18', 'productora 538', '2022-09-01 18:00:00', 'Calle de las flores número 538 puerta C');
INSERT INTO gradas VALUES ('grada 2', 'espectaculo 538', 'entrevista', '2016-05-18', 'productora 538', '2022-09-01 18:00:00', 'Calle de las flores número 538 puerta C');
INSERT INTO gradas VALUES ('grada 3', 'espectaculo 538', 'entrevista', '2016-05-18', 'productora 538', '2022-09-01 18:00:00', 'Calle de las flores número 538 puerta C');
INSERT INTO espectaculos VALUES ('espectaculo 539', 'deportivo', '1993-03-19', 'productora 539', 'lista participantes 539', 6, '00:11:00', '00:49:00', '00:18:00');
INSERT INTO eventos VALUES ('espectaculo 539', 'deportivo', '1993-03-19', 'productora 539', '2022-09-01 18:00:00', 'Calle de las flores número 539 puerta C','Abierto');
INSERT INTO eventos VALUES ('espectaculo 539', 'deportivo', '1993-03-19', 'productora 539', '2020-09-01 03:00:00', 'Calle de las flores número 539 puerta C','Abierto');
INSERT INTO gradas VALUES ('grada 1', 'espectaculo 539', 'deportivo', '1993-03-19', 'productora 539', '2022-09-01 18:00:00', 'Calle de las flores número 539 puerta C');
INSERT INTO gradas VALUES ('grada 2', 'espectaculo 539', 'deportivo', '1993-03-19', 'productora 539', '2022-09-01 18:00:00', 'Calle de las flores número 539 puerta C');
INSERT INTO gradas VALUES ('grada 3', 'espectaculo 539', 'deportivo', '1993-03-19', 'productora 539', '2022-09-01 18:00:00', 'Calle de las flores número 539 puerta C');
INSERT INTO espectaculos VALUES ('espectaculo 540', 'pelicula', '2009-05-24', 'productora 540', 'lista participantes 540', 6, '00:14:00', '00:56:00', '00:15:00');
INSERT INTO eventos VALUES ('espectaculo 540', 'pelicula', '2009-05-24', 'productora 540', '2022-09-01 18:00:00', 'Calle de las flores número 540 puerta C','Abierto');
INSERT INTO eventos VALUES ('espectaculo 540', 'pelicula', '2009-05-24', 'productora 540', '2020-09-01 03:00:00', 'Calle de las flores número 540 puerta C','Abierto');
INSERT INTO gradas VALUES ('grada 1', 'espectaculo 540', 'pelicula', '2009-05-24', 'productora 540', '2022-09-01 18:00:00', 'Calle de las flores número 540 puerta C');
INSERT INTO gradas VALUES ('grada 2', 'espectaculo 540', 'pelicula', '2009-05-24', 'productora 540', '2022-09-01 18:00:00', 'Calle de las flores número 540 puerta C');
INSERT INTO gradas VALUES ('grada 3', 'espectaculo 540', 'pelicula', '2009-05-24', 'productora 540', '2022-09-01 18:00:00', 'Calle de las flores número 540 puerta C');
INSERT INTO espectaculos VALUES ('espectaculo 541', 'concierto', '2007-09-26', 'productora 541', 'lista participantes 541', 6, '00:15:00', '00:46:00', '00:15:00');
INSERT INTO eventos VALUES ('espectaculo 541', 'concierto', '2007-09-26', 'productora 541', '2022-09-01 18:00:00', 'Calle de las flores número 541 puerta C','Abierto');
INSERT INTO eventos VALUES ('espectaculo 541', 'concierto', '2007-09-26', 'productora 541', '2020-09-01 03:00:00', 'Calle de las flores número 541 puerta C','Abierto');
INSERT INTO gradas VALUES ('grada 1', 'espectaculo 541', 'concierto', '2007-09-26', 'productora 541', '2022-09-01 18:00:00', 'Calle de las flores número 541 puerta C');
INSERT INTO gradas VALUES ('grada 2', 'espectaculo 541', 'concierto', '2007-09-26', 'productora 541', '2022-09-01 18:00:00', 'Calle de las flores número 541 puerta C');
INSERT INTO gradas VALUES ('grada 3', 'espectaculo 541', 'concierto', '2007-09-26', 'productora 541', '2022-09-01 18:00:00', 'Calle de las flores número 541 puerta C');
INSERT INTO espectaculos VALUES ('espectaculo 542', 'pelicula', '2018-04-12', 'productora 542', 'lista participantes 542', 1, '00:12:00', '00:54:00', '00:26:00');
INSERT INTO eventos VALUES ('espectaculo 542', 'pelicula', '2018-04-12', 'productora 542', '2022-09-01 18:00:00', 'Calle de las flores número 542 puerta C','Abierto');
INSERT INTO eventos VALUES ('espectaculo 542', 'pelicula', '2018-04-12', 'productora 542', '2020-09-01 03:00:00', 'Calle de las flores número 542 puerta C','Abierto');
INSERT INTO gradas VALUES ('grada 1', 'espectaculo 542', 'pelicula', '2018-04-12', 'productora 542', '2022-09-01 18:00:00', 'Calle de las flores número 542 puerta C');
INSERT INTO gradas VALUES ('grada 2', 'espectaculo 542', 'pelicula', '2018-04-12', 'productora 542', '2022-09-01 18:00:00', 'Calle de las flores número 542 puerta C');
INSERT INTO gradas VALUES ('grada 3', 'espectaculo 542', 'pelicula', '2018-04-12', 'productora 542', '2022-09-01 18:00:00', 'Calle de las flores número 542 puerta C');
INSERT INTO espectaculos VALUES ('espectaculo 543', 'pelicula', '2020-05-24', 'productora 543', 'lista participantes 543', 9, '00:16:00', '00:49:00', '00:18:00');
INSERT INTO eventos VALUES ('espectaculo 543', 'pelicula', '2020-05-24', 'productora 543', '2022-09-01 18:00:00', 'Calle de las flores número 543 puerta C','Abierto');
INSERT INTO eventos VALUES ('espectaculo 543', 'pelicula', '2020-05-24', 'productora 543', '2020-09-01 03:00:00', 'Calle de las flores número 543 puerta C','Abierto');
INSERT INTO gradas VALUES ('grada 1', 'espectaculo 543', 'pelicula', '2020-05-24', 'productora 543', '2022-09-01 18:00:00', 'Calle de las flores número 543 puerta C');
INSERT INTO gradas VALUES ('grada 2', 'espectaculo 543', 'pelicula', '2020-05-24', 'productora 543', '2022-09-01 18:00:00', 'Calle de las flores número 543 puerta C');
INSERT INTO gradas VALUES ('grada 3', 'espectaculo 543', 'pelicula', '2020-05-24', 'productora 543', '2022-09-01 18:00:00', 'Calle de las flores número 543 puerta C');
INSERT INTO espectaculos VALUES ('espectaculo 544', 'entrevista', '2017-11-03', 'productora 544', 'lista participantes 544', 8, '00:10:00', '00:32:00', '00:19:00');
INSERT INTO eventos VALUES ('espectaculo 544', 'entrevista', '2017-11-03', 'productora 544', '2022-09-01 18:00:00', 'Calle de las flores número 544 puerta C','Abierto');
INSERT INTO eventos VALUES ('espectaculo 544', 'entrevista', '2017-11-03', 'productora 544', '2020-09-01 03:00:00', 'Calle de las flores número 544 puerta C','Abierto');
INSERT INTO gradas VALUES ('grada 1', 'espectaculo 544', 'entrevista', '2017-11-03', 'productora 544', '2022-09-01 18:00:00', 'Calle de las flores número 544 puerta C');
INSERT INTO gradas VALUES ('grada 2', 'espectaculo 544', 'entrevista', '2017-11-03', 'productora 544', '2022-09-01 18:00:00', 'Calle de las flores número 544 puerta C');
INSERT INTO gradas VALUES ('grada 3', 'espectaculo 544', 'entrevista', '2017-11-03', 'productora 544', '2022-09-01 18:00:00', 'Calle de las flores número 544 puerta C');
INSERT INTO espectaculos VALUES ('espectaculo 545', 'entrevista', '2002-08-18', 'productora 545', 'lista participantes 545', 9, '00:15:00', '00:39:00', '00:20:00');
INSERT INTO eventos VALUES ('espectaculo 545', 'entrevista', '2002-08-18', 'productora 545', '2022-09-01 18:00:00', 'Calle de las flores número 545 puerta C','Abierto');
INSERT INTO eventos VALUES ('espectaculo 545', 'entrevista', '2002-08-18', 'productora 545', '2020-09-01 03:00:00', 'Calle de las flores número 545 puerta C','Abierto');
INSERT INTO gradas VALUES ('grada 1', 'espectaculo 545', 'entrevista', '2002-08-18', 'productora 545', '2022-09-01 18:00:00', 'Calle de las flores número 545 puerta C');
INSERT INTO gradas VALUES ('grada 2', 'espectaculo 545', 'entrevista', '2002-08-18', 'productora 545', '2022-09-01 18:00:00', 'Calle de las flores número 545 puerta C');
INSERT INTO gradas VALUES ('grada 3', 'espectaculo 545', 'entrevista', '2002-08-18', 'productora 545', '2022-09-01 18:00:00', 'Calle de las flores número 545 puerta C');
INSERT INTO espectaculos VALUES ('espectaculo 546', 'concierto', '2016-06-13', 'productora 546', 'lista participantes 546', 9, '00:11:00', '00:58:00', '00:15:00');
INSERT INTO eventos VALUES ('espectaculo 546', 'concierto', '2016-06-13', 'productora 546', '2022-09-01 18:00:00', 'Calle de las flores número 546 puerta C','Abierto');
INSERT INTO eventos VALUES ('espectaculo 546', 'concierto', '2016-06-13', 'productora 546', '2020-09-01 03:00:00', 'Calle de las flores número 546 puerta C','Abierto');
INSERT INTO gradas VALUES ('grada 1', 'espectaculo 546', 'concierto', '2016-06-13', 'productora 546', '2022-09-01 18:00:00', 'Calle de las flores número 546 puerta C');
INSERT INTO gradas VALUES ('grada 2', 'espectaculo 546', 'concierto', '2016-06-13', 'productora 546', '2022-09-01 18:00:00', 'Calle de las flores número 546 puerta C');
INSERT INTO gradas VALUES ('grada 3', 'espectaculo 546', 'concierto', '2016-06-13', 'productora 546', '2022-09-01 18:00:00', 'Calle de las flores número 546 puerta C');
INSERT INTO espectaculos VALUES ('espectaculo 547', 'concierto', '1999-09-21', 'productora 547', 'lista participantes 547', 7, '00:10:00', '00:25:00', '00:16:00');
INSERT INTO eventos VALUES ('espectaculo 547', 'concierto', '1999-09-21', 'productora 547', '2022-09-01 18:00:00', 'Calle de las flores número 547 puerta C','Abierto');
INSERT INTO eventos VALUES ('espectaculo 547', 'concierto', '1999-09-21', 'productora 547', '2020-09-01 03:00:00', 'Calle de las flores número 547 puerta C','Abierto');
INSERT INTO gradas VALUES ('grada 1', 'espectaculo 547', 'concierto', '1999-09-21', 'productora 547', '2022-09-01 18:00:00', 'Calle de las flores número 547 puerta C');
INSERT INTO gradas VALUES ('grada 2', 'espectaculo 547', 'concierto', '1999-09-21', 'productora 547', '2022-09-01 18:00:00', 'Calle de las flores número 547 puerta C');
INSERT INTO gradas VALUES ('grada 3', 'espectaculo 547', 'concierto', '1999-09-21', 'productora 547', '2022-09-01 18:00:00', 'Calle de las flores número 547 puerta C');
INSERT INTO espectaculos VALUES ('espectaculo 548', 'pelicula', '1997-01-27', 'productora 548', 'lista participantes 548', 2, '00:14:00', '00:58:00', '00:21:00');
INSERT INTO eventos VALUES ('espectaculo 548', 'pelicula', '1997-01-27', 'productora 548', '2022-09-01 18:00:00', 'Calle de las flores número 548 puerta C','Abierto');
INSERT INTO eventos VALUES ('espectaculo 548', 'pelicula', '1997-01-27', 'productora 548', '2020-09-01 03:00:00', 'Calle de las flores número 548 puerta C','Abierto');
INSERT INTO gradas VALUES ('grada 1', 'espectaculo 548', 'pelicula', '1997-01-27', 'productora 548', '2022-09-01 18:00:00', 'Calle de las flores número 548 puerta C');
INSERT INTO gradas VALUES ('grada 2', 'espectaculo 548', 'pelicula', '1997-01-27', 'productora 548', '2022-09-01 18:00:00', 'Calle de las flores número 548 puerta C');
INSERT INTO gradas VALUES ('grada 3', 'espectaculo 548', 'pelicula', '1997-01-27', 'productora 548', '2022-09-01 18:00:00', 'Calle de las flores número 548 puerta C');
INSERT INTO espectaculos VALUES ('espectaculo 549', 'teatro', '1990-03-03', 'productora 549', 'lista participantes 549', 1, '00:14:00', '00:39:00', '00:24:00');
INSERT INTO eventos VALUES ('espectaculo 549', 'teatro', '1990-03-03', 'productora 549', '2022-09-01 18:00:00', 'Calle de las flores número 549 puerta C','Abierto');
INSERT INTO eventos VALUES ('espectaculo 549', 'teatro', '1990-03-03', 'productora 549', '2020-09-01 03:00:00', 'Calle de las flores número 549 puerta C','Abierto');
INSERT INTO gradas VALUES ('grada 1', 'espectaculo 549', 'teatro', '1990-03-03', 'productora 549', '2022-09-01 18:00:00', 'Calle de las flores número 549 puerta C');
INSERT INTO gradas VALUES ('grada 2', 'espectaculo 549', 'teatro', '1990-03-03', 'productora 549', '2022-09-01 18:00:00', 'Calle de las flores número 549 puerta C');
INSERT INTO gradas VALUES ('grada 3', 'espectaculo 549', 'teatro', '1990-03-03', 'productora 549', '2022-09-01 18:00:00', 'Calle de las flores número 549 puerta C');
INSERT INTO espectaculos VALUES ('espectaculo 550', 'deportivo', '2015-06-26', 'productora 550', 'lista participantes 550', 4, '00:15:00', '00:36:00', '00:21:00');
INSERT INTO eventos VALUES ('espectaculo 550', 'deportivo', '2015-06-26', 'productora 550', '2022-09-01 18:00:00', 'Calle de las flores número 550 puerta C','Abierto');
INSERT INTO eventos VALUES ('espectaculo 550', 'deportivo', '2015-06-26', 'productora 550', '2020-09-01 03:00:00', 'Calle de las flores número 550 puerta C','Abierto');
INSERT INTO gradas VALUES ('grada 1', 'espectaculo 550', 'deportivo', '2015-06-26', 'productora 550', '2022-09-01 18:00:00', 'Calle de las flores número 550 puerta C');
INSERT INTO gradas VALUES ('grada 2', 'espectaculo 550', 'deportivo', '2015-06-26', 'productora 550', '2022-09-01 18:00:00', 'Calle de las flores número 550 puerta C');
INSERT INTO gradas VALUES ('grada 3', 'espectaculo 550', 'deportivo', '2015-06-26', 'productora 550', '2022-09-01 18:00:00', 'Calle de las flores número 550 puerta C');
INSERT INTO espectaculos VALUES ('espectaculo 551', 'entrevista', '2012-07-14', 'productora 551', 'lista participantes 551', 6, '00:17:00', '00:57:00', '00:20:00');
INSERT INTO eventos VALUES ('espectaculo 551', 'entrevista', '2012-07-14', 'productora 551', '2022-09-01 18:00:00', 'Calle de las flores número 551 puerta C','Abierto');
INSERT INTO eventos VALUES ('espectaculo 551', 'entrevista', '2012-07-14', 'productora 551', '2020-09-01 03:00:00', 'Calle de las flores número 551 puerta C','Abierto');
INSERT INTO gradas VALUES ('grada 1', 'espectaculo 551', 'entrevista', '2012-07-14', 'productora 551', '2022-09-01 18:00:00', 'Calle de las flores número 551 puerta C');
INSERT INTO gradas VALUES ('grada 2', 'espectaculo 551', 'entrevista', '2012-07-14', 'productora 551', '2022-09-01 18:00:00', 'Calle de las flores número 551 puerta C');
INSERT INTO gradas VALUES ('grada 3', 'espectaculo 551', 'entrevista', '2012-07-14', 'productora 551', '2022-09-01 18:00:00', 'Calle de las flores número 551 puerta C');
INSERT INTO espectaculos VALUES ('espectaculo 552', 'deportivo', '2020-08-07', 'productora 552', 'lista participantes 552', 8, '00:19:00', '00:37:00', '00:17:00');
INSERT INTO eventos VALUES ('espectaculo 552', 'deportivo', '2020-08-07', 'productora 552', '2022-09-01 18:00:00', 'Calle de las flores número 552 puerta C','Abierto');
INSERT INTO eventos VALUES ('espectaculo 552', 'deportivo', '2020-08-07', 'productora 552', '2020-09-01 03:00:00', 'Calle de las flores número 552 puerta C','Abierto');
INSERT INTO gradas VALUES ('grada 1', 'espectaculo 552', 'deportivo', '2020-08-07', 'productora 552', '2022-09-01 18:00:00', 'Calle de las flores número 552 puerta C');
INSERT INTO gradas VALUES ('grada 2', 'espectaculo 552', 'deportivo', '2020-08-07', 'productora 552', '2022-09-01 18:00:00', 'Calle de las flores número 552 puerta C');
INSERT INTO gradas VALUES ('grada 3', 'espectaculo 552', 'deportivo', '2020-08-07', 'productora 552', '2022-09-01 18:00:00', 'Calle de las flores número 552 puerta C');
INSERT INTO espectaculos VALUES ('espectaculo 553', 'teatro', '2001-01-05', 'productora 553', 'lista participantes 553', 6, '00:17:00', '00:58:00', '00:18:00');
INSERT INTO eventos VALUES ('espectaculo 553', 'teatro', '2001-01-05', 'productora 553', '2022-09-01 18:00:00', 'Calle de las flores número 553 puerta C','Abierto');
INSERT INTO eventos VALUES ('espectaculo 553', 'teatro', '2001-01-05', 'productora 553', '2020-09-01 03:00:00', 'Calle de las flores número 553 puerta C','Abierto');
INSERT INTO gradas VALUES ('grada 1', 'espectaculo 553', 'teatro', '2001-01-05', 'productora 553', '2022-09-01 18:00:00', 'Calle de las flores número 553 puerta C');
INSERT INTO gradas VALUES ('grada 2', 'espectaculo 553', 'teatro', '2001-01-05', 'productora 553', '2022-09-01 18:00:00', 'Calle de las flores número 553 puerta C');
INSERT INTO gradas VALUES ('grada 3', 'espectaculo 553', 'teatro', '2001-01-05', 'productora 553', '2022-09-01 18:00:00', 'Calle de las flores número 553 puerta C');
INSERT INTO espectaculos VALUES ('espectaculo 554', 'entrevista', '2018-06-10', 'productora 554', 'lista participantes 554', 2, '00:10:00', '00:18:00', '00:21:00');
INSERT INTO eventos VALUES ('espectaculo 554', 'entrevista', '2018-06-10', 'productora 554', '2022-09-01 18:00:00', 'Calle de las flores número 554 puerta C','Abierto');
INSERT INTO eventos VALUES ('espectaculo 554', 'entrevista', '2018-06-10', 'productora 554', '2020-09-01 03:00:00', 'Calle de las flores número 554 puerta C','Abierto');
INSERT INTO gradas VALUES ('grada 1', 'espectaculo 554', 'entrevista', '2018-06-10', 'productora 554', '2022-09-01 18:00:00', 'Calle de las flores número 554 puerta C');
INSERT INTO gradas VALUES ('grada 2', 'espectaculo 554', 'entrevista', '2018-06-10', 'productora 554', '2022-09-01 18:00:00', 'Calle de las flores número 554 puerta C');
INSERT INTO gradas VALUES ('grada 3', 'espectaculo 554', 'entrevista', '2018-06-10', 'productora 554', '2022-09-01 18:00:00', 'Calle de las flores número 554 puerta C');
INSERT INTO espectaculos VALUES ('espectaculo 555', 'pelicula', '1992-01-05', 'productora 555', 'lista participantes 555', 9, '00:19:00', '00:55:00', '00:18:00');
INSERT INTO eventos VALUES ('espectaculo 555', 'pelicula', '1992-01-05', 'productora 555', '2022-09-01 18:00:00', 'Calle de las flores número 555 puerta C','Abierto');
INSERT INTO eventos VALUES ('espectaculo 555', 'pelicula', '1992-01-05', 'productora 555', '2020-09-01 03:00:00', 'Calle de las flores número 555 puerta C','Abierto');
INSERT INTO gradas VALUES ('grada 1', 'espectaculo 555', 'pelicula', '1992-01-05', 'productora 555', '2022-09-01 18:00:00', 'Calle de las flores número 555 puerta C');
INSERT INTO gradas VALUES ('grada 2', 'espectaculo 555', 'pelicula', '1992-01-05', 'productora 555', '2022-09-01 18:00:00', 'Calle de las flores número 555 puerta C');
INSERT INTO gradas VALUES ('grada 3', 'espectaculo 555', 'pelicula', '1992-01-05', 'productora 555', '2022-09-01 18:00:00', 'Calle de las flores número 555 puerta C');
INSERT INTO espectaculos VALUES ('espectaculo 556', 'concierto', '2015-04-06', 'productora 556', 'lista participantes 556', 2, '00:10:00', '00:46:00', '00:16:00');
INSERT INTO eventos VALUES ('espectaculo 556', 'concierto', '2015-04-06', 'productora 556', '2022-09-01 18:00:00', 'Calle de las flores número 556 puerta C','Abierto');
INSERT INTO eventos VALUES ('espectaculo 556', 'concierto', '2015-04-06', 'productora 556', '2020-09-01 03:00:00', 'Calle de las flores número 556 puerta C','Abierto');
INSERT INTO gradas VALUES ('grada 1', 'espectaculo 556', 'concierto', '2015-04-06', 'productora 556', '2022-09-01 18:00:00', 'Calle de las flores número 556 puerta C');
INSERT INTO gradas VALUES ('grada 2', 'espectaculo 556', 'concierto', '2015-04-06', 'productora 556', '2022-09-01 18:00:00', 'Calle de las flores número 556 puerta C');
INSERT INTO gradas VALUES ('grada 3', 'espectaculo 556', 'concierto', '2015-04-06', 'productora 556', '2022-09-01 18:00:00', 'Calle de las flores número 556 puerta C');
INSERT INTO espectaculos VALUES ('espectaculo 557', 'pelicula', '2006-06-17', 'productora 557', 'lista participantes 557', 2, '00:12:00', '00:54:00', '00:25:00');
INSERT INTO eventos VALUES ('espectaculo 557', 'pelicula', '2006-06-17', 'productora 557', '2022-09-01 18:00:00', 'Calle de las flores número 557 puerta C','Abierto');
INSERT INTO eventos VALUES ('espectaculo 557', 'pelicula', '2006-06-17', 'productora 557', '2020-09-01 03:00:00', 'Calle de las flores número 557 puerta C','Abierto');
INSERT INTO gradas VALUES ('grada 1', 'espectaculo 557', 'pelicula', '2006-06-17', 'productora 557', '2022-09-01 18:00:00', 'Calle de las flores número 557 puerta C');
INSERT INTO gradas VALUES ('grada 2', 'espectaculo 557', 'pelicula', '2006-06-17', 'productora 557', '2022-09-01 18:00:00', 'Calle de las flores número 557 puerta C');
INSERT INTO gradas VALUES ('grada 3', 'espectaculo 557', 'pelicula', '2006-06-17', 'productora 557', '2022-09-01 18:00:00', 'Calle de las flores número 557 puerta C');
INSERT INTO espectaculos VALUES ('espectaculo 558', 'pelicula', '2020-11-13', 'productora 558', 'lista participantes 558', 8, '00:19:00', '00:26:00', '00:16:00');
INSERT INTO eventos VALUES ('espectaculo 558', 'pelicula', '2020-11-13', 'productora 558', '2022-09-01 18:00:00', 'Calle de las flores número 558 puerta C','Abierto');
INSERT INTO eventos VALUES ('espectaculo 558', 'pelicula', '2020-11-13', 'productora 558', '2020-09-01 03:00:00', 'Calle de las flores número 558 puerta C','Abierto');
INSERT INTO gradas VALUES ('grada 1', 'espectaculo 558', 'pelicula', '2020-11-13', 'productora 558', '2022-09-01 18:00:00', 'Calle de las flores número 558 puerta C');
INSERT INTO gradas VALUES ('grada 2', 'espectaculo 558', 'pelicula', '2020-11-13', 'productora 558', '2022-09-01 18:00:00', 'Calle de las flores número 558 puerta C');
INSERT INTO gradas VALUES ('grada 3', 'espectaculo 558', 'pelicula', '2020-11-13', 'productora 558', '2022-09-01 18:00:00', 'Calle de las flores número 558 puerta C');
INSERT INTO espectaculos VALUES ('espectaculo 559', 'teatro', '1989-07-09', 'productora 559', 'lista participantes 559', 8, '00:13:00', '00:49:00', '00:20:00');
INSERT INTO eventos VALUES ('espectaculo 559', 'teatro', '1989-07-09', 'productora 559', '2022-09-01 18:00:00', 'Calle de las flores número 559 puerta C','Abierto');
INSERT INTO eventos VALUES ('espectaculo 559', 'teatro', '1989-07-09', 'productora 559', '2020-09-01 03:00:00', 'Calle de las flores número 559 puerta C','Abierto');
INSERT INTO gradas VALUES ('grada 1', 'espectaculo 559', 'teatro', '1989-07-09', 'productora 559', '2022-09-01 18:00:00', 'Calle de las flores número 559 puerta C');
INSERT INTO gradas VALUES ('grada 2', 'espectaculo 559', 'teatro', '1989-07-09', 'productora 559', '2022-09-01 18:00:00', 'Calle de las flores número 559 puerta C');
INSERT INTO gradas VALUES ('grada 3', 'espectaculo 559', 'teatro', '1989-07-09', 'productora 559', '2022-09-01 18:00:00', 'Calle de las flores número 559 puerta C');
INSERT INTO espectaculos VALUES ('espectaculo 560', 'concierto', '1985-05-13', 'productora 560', 'lista participantes 560', 6, '00:17:00', '00:25:00', '00:18:00');
INSERT INTO eventos VALUES ('espectaculo 560', 'concierto', '1985-05-13', 'productora 560', '2022-09-01 18:00:00', 'Calle de las flores número 560 puerta C','Abierto');
INSERT INTO eventos VALUES ('espectaculo 560', 'concierto', '1985-05-13', 'productora 560', '2020-09-01 03:00:00', 'Calle de las flores número 560 puerta C','Abierto');
INSERT INTO gradas VALUES ('grada 1', 'espectaculo 560', 'concierto', '1985-05-13', 'productora 560', '2022-09-01 18:00:00', 'Calle de las flores número 560 puerta C');
INSERT INTO gradas VALUES ('grada 2', 'espectaculo 560', 'concierto', '1985-05-13', 'productora 560', '2022-09-01 18:00:00', 'Calle de las flores número 560 puerta C');
INSERT INTO gradas VALUES ('grada 3', 'espectaculo 560', 'concierto', '1985-05-13', 'productora 560', '2022-09-01 18:00:00', 'Calle de las flores número 560 puerta C');
INSERT INTO espectaculos VALUES ('espectaculo 561', 'entrevista', '1995-11-11', 'productora 561', 'lista participantes 561', 2, '00:10:00', '00:46:00', '00:23:00');
INSERT INTO eventos VALUES ('espectaculo 561', 'entrevista', '1995-11-11', 'productora 561', '2022-09-01 18:00:00', 'Calle de las flores número 561 puerta C','Abierto');
INSERT INTO eventos VALUES ('espectaculo 561', 'entrevista', '1995-11-11', 'productora 561', '2020-09-01 03:00:00', 'Calle de las flores número 561 puerta C','Abierto');
INSERT INTO gradas VALUES ('grada 1', 'espectaculo 561', 'entrevista', '1995-11-11', 'productora 561', '2022-09-01 18:00:00', 'Calle de las flores número 561 puerta C');
INSERT INTO gradas VALUES ('grada 2', 'espectaculo 561', 'entrevista', '1995-11-11', 'productora 561', '2022-09-01 18:00:00', 'Calle de las flores número 561 puerta C');
INSERT INTO gradas VALUES ('grada 3', 'espectaculo 561', 'entrevista', '1995-11-11', 'productora 561', '2022-09-01 18:00:00', 'Calle de las flores número 561 puerta C');
INSERT INTO espectaculos VALUES ('espectaculo 562', 'concierto', '2011-03-04', 'productora 562', 'lista participantes 562', 4, '00:19:00', '00:38:00', '00:28:00');
INSERT INTO eventos VALUES ('espectaculo 562', 'concierto', '2011-03-04', 'productora 562', '2022-09-01 18:00:00', 'Calle de las flores número 562 puerta C','Abierto');
INSERT INTO eventos VALUES ('espectaculo 562', 'concierto', '2011-03-04', 'productora 562', '2020-09-01 03:00:00', 'Calle de las flores número 562 puerta C','Abierto');
INSERT INTO gradas VALUES ('grada 1', 'espectaculo 562', 'concierto', '2011-03-04', 'productora 562', '2022-09-01 18:00:00', 'Calle de las flores número 562 puerta C');
INSERT INTO gradas VALUES ('grada 2', 'espectaculo 562', 'concierto', '2011-03-04', 'productora 562', '2022-09-01 18:00:00', 'Calle de las flores número 562 puerta C');
INSERT INTO gradas VALUES ('grada 3', 'espectaculo 562', 'concierto', '2011-03-04', 'productora 562', '2022-09-01 18:00:00', 'Calle de las flores número 562 puerta C');
INSERT INTO espectaculos VALUES ('espectaculo 563', 'entrevista', '2012-05-11', 'productora 563', 'lista participantes 563', 1, '00:19:00', '00:34:00', '00:28:00');
INSERT INTO eventos VALUES ('espectaculo 563', 'entrevista', '2012-05-11', 'productora 563', '2022-09-01 18:00:00', 'Calle de las flores número 563 puerta C','Abierto');
INSERT INTO eventos VALUES ('espectaculo 563', 'entrevista', '2012-05-11', 'productora 563', '2020-09-01 03:00:00', 'Calle de las flores número 563 puerta C','Abierto');
INSERT INTO gradas VALUES ('grada 1', 'espectaculo 563', 'entrevista', '2012-05-11', 'productora 563', '2022-09-01 18:00:00', 'Calle de las flores número 563 puerta C');
INSERT INTO gradas VALUES ('grada 2', 'espectaculo 563', 'entrevista', '2012-05-11', 'productora 563', '2022-09-01 18:00:00', 'Calle de las flores número 563 puerta C');
INSERT INTO gradas VALUES ('grada 3', 'espectaculo 563', 'entrevista', '2012-05-11', 'productora 563', '2022-09-01 18:00:00', 'Calle de las flores número 563 puerta C');
INSERT INTO espectaculos VALUES ('espectaculo 564', 'entrevista', '1992-04-19', 'productora 564', 'lista participantes 564', 7, '00:13:00', '00:50:00', '00:15:00');
INSERT INTO eventos VALUES ('espectaculo 564', 'entrevista', '1992-04-19', 'productora 564', '2022-09-01 18:00:00', 'Calle de las flores número 564 puerta C','Abierto');
INSERT INTO eventos VALUES ('espectaculo 564', 'entrevista', '1992-04-19', 'productora 564', '2020-09-01 03:00:00', 'Calle de las flores número 564 puerta C','Abierto');
INSERT INTO gradas VALUES ('grada 1', 'espectaculo 564', 'entrevista', '1992-04-19', 'productora 564', '2022-09-01 18:00:00', 'Calle de las flores número 564 puerta C');
INSERT INTO gradas VALUES ('grada 2', 'espectaculo 564', 'entrevista', '1992-04-19', 'productora 564', '2022-09-01 18:00:00', 'Calle de las flores número 564 puerta C');
INSERT INTO gradas VALUES ('grada 3', 'espectaculo 564', 'entrevista', '1992-04-19', 'productora 564', '2022-09-01 18:00:00', 'Calle de las flores número 564 puerta C');
INSERT INTO espectaculos VALUES ('espectaculo 565', 'concierto', '2010-08-09', 'productora 565', 'lista participantes 565', 7, '00:16:00', '00:17:00', '00:18:00');
INSERT INTO eventos VALUES ('espectaculo 565', 'concierto', '2010-08-09', 'productora 565', '2022-09-01 18:00:00', 'Calle de las flores número 565 puerta C','Abierto');
INSERT INTO eventos VALUES ('espectaculo 565', 'concierto', '2010-08-09', 'productora 565', '2020-09-01 03:00:00', 'Calle de las flores número 565 puerta C','Abierto');
INSERT INTO gradas VALUES ('grada 1', 'espectaculo 565', 'concierto', '2010-08-09', 'productora 565', '2022-09-01 18:00:00', 'Calle de las flores número 565 puerta C');
INSERT INTO gradas VALUES ('grada 2', 'espectaculo 565', 'concierto', '2010-08-09', 'productora 565', '2022-09-01 18:00:00', 'Calle de las flores número 565 puerta C');
INSERT INTO gradas VALUES ('grada 3', 'espectaculo 565', 'concierto', '2010-08-09', 'productora 565', '2022-09-01 18:00:00', 'Calle de las flores número 565 puerta C');
INSERT INTO espectaculos VALUES ('espectaculo 566', 'pelicula', '1999-01-04', 'productora 566', 'lista participantes 566', 2, '00:19:00', '00:51:00', '00:17:00');
INSERT INTO eventos VALUES ('espectaculo 566', 'pelicula', '1999-01-04', 'productora 566', '2022-09-01 18:00:00', 'Calle de las flores número 566 puerta C','Abierto');
INSERT INTO eventos VALUES ('espectaculo 566', 'pelicula', '1999-01-04', 'productora 566', '2020-09-01 03:00:00', 'Calle de las flores número 566 puerta C','Abierto');
INSERT INTO gradas VALUES ('grada 1', 'espectaculo 566', 'pelicula', '1999-01-04', 'productora 566', '2022-09-01 18:00:00', 'Calle de las flores número 566 puerta C');
INSERT INTO gradas VALUES ('grada 2', 'espectaculo 566', 'pelicula', '1999-01-04', 'productora 566', '2022-09-01 18:00:00', 'Calle de las flores número 566 puerta C');
INSERT INTO gradas VALUES ('grada 3', 'espectaculo 566', 'pelicula', '1999-01-04', 'productora 566', '2022-09-01 18:00:00', 'Calle de las flores número 566 puerta C');
INSERT INTO espectaculos VALUES ('espectaculo 567', 'teatro', '1999-08-13', 'productora 567', 'lista participantes 567', 7, '00:18:00', '00:29:00', '00:24:00');
INSERT INTO eventos VALUES ('espectaculo 567', 'teatro', '1999-08-13', 'productora 567', '2022-09-01 18:00:00', 'Calle de las flores número 567 puerta C','Abierto');
INSERT INTO eventos VALUES ('espectaculo 567', 'teatro', '1999-08-13', 'productora 567', '2020-09-01 03:00:00', 'Calle de las flores número 567 puerta C','Abierto');
INSERT INTO gradas VALUES ('grada 1', 'espectaculo 567', 'teatro', '1999-08-13', 'productora 567', '2022-09-01 18:00:00', 'Calle de las flores número 567 puerta C');
INSERT INTO gradas VALUES ('grada 2', 'espectaculo 567', 'teatro', '1999-08-13', 'productora 567', '2022-09-01 18:00:00', 'Calle de las flores número 567 puerta C');
INSERT INTO gradas VALUES ('grada 3', 'espectaculo 567', 'teatro', '1999-08-13', 'productora 567', '2022-09-01 18:00:00', 'Calle de las flores número 567 puerta C');
INSERT INTO espectaculos VALUES ('espectaculo 568', 'deportivo', '1999-01-10', 'productora 568', 'lista participantes 568', 9, '00:14:00', '00:42:00', '00:29:00');
INSERT INTO eventos VALUES ('espectaculo 568', 'deportivo', '1999-01-10', 'productora 568', '2022-09-01 18:00:00', 'Calle de las flores número 568 puerta C','Abierto');
INSERT INTO eventos VALUES ('espectaculo 568', 'deportivo', '1999-01-10', 'productora 568', '2020-09-01 03:00:00', 'Calle de las flores número 568 puerta C','Abierto');
INSERT INTO gradas VALUES ('grada 1', 'espectaculo 568', 'deportivo', '1999-01-10', 'productora 568', '2022-09-01 18:00:00', 'Calle de las flores número 568 puerta C');
INSERT INTO gradas VALUES ('grada 2', 'espectaculo 568', 'deportivo', '1999-01-10', 'productora 568', '2022-09-01 18:00:00', 'Calle de las flores número 568 puerta C');
INSERT INTO gradas VALUES ('grada 3', 'espectaculo 568', 'deportivo', '1999-01-10', 'productora 568', '2022-09-01 18:00:00', 'Calle de las flores número 568 puerta C');
INSERT INTO espectaculos VALUES ('espectaculo 569', 'concierto', '1993-07-19', 'productora 569', 'lista participantes 569', 2, '00:11:00', '00:20:00', '00:16:00');
INSERT INTO eventos VALUES ('espectaculo 569', 'concierto', '1993-07-19', 'productora 569', '2022-09-01 18:00:00', 'Calle de las flores número 569 puerta C','Abierto');
INSERT INTO eventos VALUES ('espectaculo 569', 'concierto', '1993-07-19', 'productora 569', '2020-09-01 03:00:00', 'Calle de las flores número 569 puerta C','Abierto');
INSERT INTO gradas VALUES ('grada 1', 'espectaculo 569', 'concierto', '1993-07-19', 'productora 569', '2022-09-01 18:00:00', 'Calle de las flores número 569 puerta C');
INSERT INTO gradas VALUES ('grada 2', 'espectaculo 569', 'concierto', '1993-07-19', 'productora 569', '2022-09-01 18:00:00', 'Calle de las flores número 569 puerta C');
INSERT INTO gradas VALUES ('grada 3', 'espectaculo 569', 'concierto', '1993-07-19', 'productora 569', '2022-09-01 18:00:00', 'Calle de las flores número 569 puerta C');
INSERT INTO espectaculos VALUES ('espectaculo 570', 'pelicula', '2007-03-24', 'productora 570', 'lista participantes 570', 6, '00:18:00', '00:56:00', '00:16:00');
INSERT INTO eventos VALUES ('espectaculo 570', 'pelicula', '2007-03-24', 'productora 570', '2022-09-01 18:00:00', 'Calle de las flores número 570 puerta C','Abierto');
INSERT INTO eventos VALUES ('espectaculo 570', 'pelicula', '2007-03-24', 'productora 570', '2020-09-01 03:00:00', 'Calle de las flores número 570 puerta C','Abierto');
INSERT INTO gradas VALUES ('grada 1', 'espectaculo 570', 'pelicula', '2007-03-24', 'productora 570', '2022-09-01 18:00:00', 'Calle de las flores número 570 puerta C');
INSERT INTO gradas VALUES ('grada 2', 'espectaculo 570', 'pelicula', '2007-03-24', 'productora 570', '2022-09-01 18:00:00', 'Calle de las flores número 570 puerta C');
INSERT INTO gradas VALUES ('grada 3', 'espectaculo 570', 'pelicula', '2007-03-24', 'productora 570', '2022-09-01 18:00:00', 'Calle de las flores número 570 puerta C');
INSERT INTO espectaculos VALUES ('espectaculo 571', 'teatro', '1999-04-21', 'productora 571', 'lista participantes 571', 4, '00:13:00', '00:21:00', '00:21:00');
INSERT INTO eventos VALUES ('espectaculo 571', 'teatro', '1999-04-21', 'productora 571', '2022-09-01 18:00:00', 'Calle de las flores número 571 puerta C','Abierto');
INSERT INTO eventos VALUES ('espectaculo 571', 'teatro', '1999-04-21', 'productora 571', '2020-09-01 03:00:00', 'Calle de las flores número 571 puerta C','Abierto');
INSERT INTO gradas VALUES ('grada 1', 'espectaculo 571', 'teatro', '1999-04-21', 'productora 571', '2022-09-01 18:00:00', 'Calle de las flores número 571 puerta C');
INSERT INTO gradas VALUES ('grada 2', 'espectaculo 571', 'teatro', '1999-04-21', 'productora 571', '2022-09-01 18:00:00', 'Calle de las flores número 571 puerta C');
INSERT INTO gradas VALUES ('grada 3', 'espectaculo 571', 'teatro', '1999-04-21', 'productora 571', '2022-09-01 18:00:00', 'Calle de las flores número 571 puerta C');
INSERT INTO espectaculos VALUES ('espectaculo 572', 'deportivo', '1997-09-22', 'productora 572', 'lista participantes 572', 4, '00:12:00', '00:57:00', '00:19:00');
INSERT INTO eventos VALUES ('espectaculo 572', 'deportivo', '1997-09-22', 'productora 572', '2022-09-01 18:00:00', 'Calle de las flores número 572 puerta C','Abierto');
INSERT INTO eventos VALUES ('espectaculo 572', 'deportivo', '1997-09-22', 'productora 572', '2020-09-01 03:00:00', 'Calle de las flores número 572 puerta C','Abierto');
INSERT INTO gradas VALUES ('grada 1', 'espectaculo 572', 'deportivo', '1997-09-22', 'productora 572', '2022-09-01 18:00:00', 'Calle de las flores número 572 puerta C');
INSERT INTO gradas VALUES ('grada 2', 'espectaculo 572', 'deportivo', '1997-09-22', 'productora 572', '2022-09-01 18:00:00', 'Calle de las flores número 572 puerta C');
INSERT INTO gradas VALUES ('grada 3', 'espectaculo 572', 'deportivo', '1997-09-22', 'productora 572', '2022-09-01 18:00:00', 'Calle de las flores número 572 puerta C');
INSERT INTO espectaculos VALUES ('espectaculo 573', 'teatro', '2007-01-25', 'productora 573', 'lista participantes 573', 1, '00:14:00', '00:34:00', '00:17:00');
INSERT INTO eventos VALUES ('espectaculo 573', 'teatro', '2007-01-25', 'productora 573', '2022-09-01 18:00:00', 'Calle de las flores número 573 puerta C','Abierto');
INSERT INTO eventos VALUES ('espectaculo 573', 'teatro', '2007-01-25', 'productora 573', '2020-09-01 03:00:00', 'Calle de las flores número 573 puerta C','Abierto');
INSERT INTO gradas VALUES ('grada 1', 'espectaculo 573', 'teatro', '2007-01-25', 'productora 573', '2022-09-01 18:00:00', 'Calle de las flores número 573 puerta C');
INSERT INTO gradas VALUES ('grada 2', 'espectaculo 573', 'teatro', '2007-01-25', 'productora 573', '2022-09-01 18:00:00', 'Calle de las flores número 573 puerta C');
INSERT INTO gradas VALUES ('grada 3', 'espectaculo 573', 'teatro', '2007-01-25', 'productora 573', '2022-09-01 18:00:00', 'Calle de las flores número 573 puerta C');
INSERT INTO espectaculos VALUES ('espectaculo 574', 'teatro', '1991-10-01', 'productora 574', 'lista participantes 574', 6, '00:19:00', '00:16:00', '00:19:00');
INSERT INTO eventos VALUES ('espectaculo 574', 'teatro', '1991-10-01', 'productora 574', '2022-09-01 18:00:00', 'Calle de las flores número 574 puerta C','Abierto');
INSERT INTO eventos VALUES ('espectaculo 574', 'teatro', '1991-10-01', 'productora 574', '2020-09-01 03:00:00', 'Calle de las flores número 574 puerta C','Abierto');
INSERT INTO gradas VALUES ('grada 1', 'espectaculo 574', 'teatro', '1991-10-01', 'productora 574', '2022-09-01 18:00:00', 'Calle de las flores número 574 puerta C');
INSERT INTO gradas VALUES ('grada 2', 'espectaculo 574', 'teatro', '1991-10-01', 'productora 574', '2022-09-01 18:00:00', 'Calle de las flores número 574 puerta C');
INSERT INTO gradas VALUES ('grada 3', 'espectaculo 574', 'teatro', '1991-10-01', 'productora 574', '2022-09-01 18:00:00', 'Calle de las flores número 574 puerta C');
INSERT INTO espectaculos VALUES ('espectaculo 575', 'entrevista', '1998-08-17', 'productora 575', 'lista participantes 575', 5, '00:11:00', '00:32:00', '00:28:00');
INSERT INTO eventos VALUES ('espectaculo 575', 'entrevista', '1998-08-17', 'productora 575', '2022-09-01 18:00:00', 'Calle de las flores número 575 puerta C','Abierto');
INSERT INTO eventos VALUES ('espectaculo 575', 'entrevista', '1998-08-17', 'productora 575', '2020-09-01 03:00:00', 'Calle de las flores número 575 puerta C','Abierto');
INSERT INTO gradas VALUES ('grada 1', 'espectaculo 575', 'entrevista', '1998-08-17', 'productora 575', '2022-09-01 18:00:00', 'Calle de las flores número 575 puerta C');
INSERT INTO gradas VALUES ('grada 2', 'espectaculo 575', 'entrevista', '1998-08-17', 'productora 575', '2022-09-01 18:00:00', 'Calle de las flores número 575 puerta C');
INSERT INTO gradas VALUES ('grada 3', 'espectaculo 575', 'entrevista', '1998-08-17', 'productora 575', '2022-09-01 18:00:00', 'Calle de las flores número 575 puerta C');
INSERT INTO espectaculos VALUES ('espectaculo 576', 'pelicula', '2019-03-16', 'productora 576', 'lista participantes 576', 4, '00:10:00', '00:34:00', '00:15:00');
INSERT INTO eventos VALUES ('espectaculo 576', 'pelicula', '2019-03-16', 'productora 576', '2022-09-01 18:00:00', 'Calle de las flores número 576 puerta C','Abierto');
INSERT INTO eventos VALUES ('espectaculo 576', 'pelicula', '2019-03-16', 'productora 576', '2020-09-01 03:00:00', 'Calle de las flores número 576 puerta C','Abierto');
INSERT INTO gradas VALUES ('grada 1', 'espectaculo 576', 'pelicula', '2019-03-16', 'productora 576', '2022-09-01 18:00:00', 'Calle de las flores número 576 puerta C');
INSERT INTO gradas VALUES ('grada 2', 'espectaculo 576', 'pelicula', '2019-03-16', 'productora 576', '2022-09-01 18:00:00', 'Calle de las flores número 576 puerta C');
INSERT INTO gradas VALUES ('grada 3', 'espectaculo 576', 'pelicula', '2019-03-16', 'productora 576', '2022-09-01 18:00:00', 'Calle de las flores número 576 puerta C');
INSERT INTO espectaculos VALUES ('espectaculo 577', 'deportivo', '1985-03-16', 'productora 577', 'lista participantes 577', 9, '00:11:00', '00:27:00', '00:22:00');
INSERT INTO eventos VALUES ('espectaculo 577', 'deportivo', '1985-03-16', 'productora 577', '2022-09-01 18:00:00', 'Calle de las flores número 577 puerta C','Abierto');
INSERT INTO eventos VALUES ('espectaculo 577', 'deportivo', '1985-03-16', 'productora 577', '2020-09-01 03:00:00', 'Calle de las flores número 577 puerta C','Abierto');
INSERT INTO gradas VALUES ('grada 1', 'espectaculo 577', 'deportivo', '1985-03-16', 'productora 577', '2022-09-01 18:00:00', 'Calle de las flores número 577 puerta C');
INSERT INTO gradas VALUES ('grada 2', 'espectaculo 577', 'deportivo', '1985-03-16', 'productora 577', '2022-09-01 18:00:00', 'Calle de las flores número 577 puerta C');
INSERT INTO gradas VALUES ('grada 3', 'espectaculo 577', 'deportivo', '1985-03-16', 'productora 577', '2022-09-01 18:00:00', 'Calle de las flores número 577 puerta C');
INSERT INTO espectaculos VALUES ('espectaculo 578', 'deportivo', '1986-01-13', 'productora 578', 'lista participantes 578', 5, '00:15:00', '00:20:00', '00:26:00');
INSERT INTO eventos VALUES ('espectaculo 578', 'deportivo', '1986-01-13', 'productora 578', '2022-09-01 18:00:00', 'Calle de las flores número 578 puerta C','Abierto');
INSERT INTO eventos VALUES ('espectaculo 578', 'deportivo', '1986-01-13', 'productora 578', '2020-09-01 03:00:00', 'Calle de las flores número 578 puerta C','Abierto');
INSERT INTO gradas VALUES ('grada 1', 'espectaculo 578', 'deportivo', '1986-01-13', 'productora 578', '2022-09-01 18:00:00', 'Calle de las flores número 578 puerta C');
INSERT INTO gradas VALUES ('grada 2', 'espectaculo 578', 'deportivo', '1986-01-13', 'productora 578', '2022-09-01 18:00:00', 'Calle de las flores número 578 puerta C');
INSERT INTO gradas VALUES ('grada 3', 'espectaculo 578', 'deportivo', '1986-01-13', 'productora 578', '2022-09-01 18:00:00', 'Calle de las flores número 578 puerta C');
INSERT INTO espectaculos VALUES ('espectaculo 579', 'concierto', '2018-02-02', 'productora 579', 'lista participantes 579', 8, '00:10:00', '00:51:00', '00:25:00');
INSERT INTO eventos VALUES ('espectaculo 579', 'concierto', '2018-02-02', 'productora 579', '2022-09-01 18:00:00', 'Calle de las flores número 579 puerta C','Abierto');
INSERT INTO eventos VALUES ('espectaculo 579', 'concierto', '2018-02-02', 'productora 579', '2020-09-01 03:00:00', 'Calle de las flores número 579 puerta C','Abierto');
INSERT INTO gradas VALUES ('grada 1', 'espectaculo 579', 'concierto', '2018-02-02', 'productora 579', '2022-09-01 18:00:00', 'Calle de las flores número 579 puerta C');
INSERT INTO gradas VALUES ('grada 2', 'espectaculo 579', 'concierto', '2018-02-02', 'productora 579', '2022-09-01 18:00:00', 'Calle de las flores número 579 puerta C');
INSERT INTO gradas VALUES ('grada 3', 'espectaculo 579', 'concierto', '2018-02-02', 'productora 579', '2022-09-01 18:00:00', 'Calle de las flores número 579 puerta C');
INSERT INTO espectaculos VALUES ('espectaculo 580', 'concierto', '1986-02-12', 'productora 580', 'lista participantes 580', 3, '00:19:00', '00:26:00', '00:23:00');
INSERT INTO eventos VALUES ('espectaculo 580', 'concierto', '1986-02-12', 'productora 580', '2022-09-01 18:00:00', 'Calle de las flores número 580 puerta C','Abierto');
INSERT INTO eventos VALUES ('espectaculo 580', 'concierto', '1986-02-12', 'productora 580', '2020-09-01 03:00:00', 'Calle de las flores número 580 puerta C','Abierto');
INSERT INTO gradas VALUES ('grada 1', 'espectaculo 580', 'concierto', '1986-02-12', 'productora 580', '2022-09-01 18:00:00', 'Calle de las flores número 580 puerta C');
INSERT INTO gradas VALUES ('grada 2', 'espectaculo 580', 'concierto', '1986-02-12', 'productora 580', '2022-09-01 18:00:00', 'Calle de las flores número 580 puerta C');
INSERT INTO gradas VALUES ('grada 3', 'espectaculo 580', 'concierto', '1986-02-12', 'productora 580', '2022-09-01 18:00:00', 'Calle de las flores número 580 puerta C');
INSERT INTO espectaculos VALUES ('espectaculo 581', 'concierto', '2010-02-23', 'productora 581', 'lista participantes 581', 4, '00:16:00', '00:22:00', '00:25:00');
INSERT INTO eventos VALUES ('espectaculo 581', 'concierto', '2010-02-23', 'productora 581', '2022-09-01 18:00:00', 'Calle de las flores número 581 puerta C','Abierto');
INSERT INTO eventos VALUES ('espectaculo 581', 'concierto', '2010-02-23', 'productora 581', '2020-09-01 03:00:00', 'Calle de las flores número 581 puerta C','Abierto');
INSERT INTO gradas VALUES ('grada 1', 'espectaculo 581', 'concierto', '2010-02-23', 'productora 581', '2022-09-01 18:00:00', 'Calle de las flores número 581 puerta C');
INSERT INTO gradas VALUES ('grada 2', 'espectaculo 581', 'concierto', '2010-02-23', 'productora 581', '2022-09-01 18:00:00', 'Calle de las flores número 581 puerta C');
INSERT INTO gradas VALUES ('grada 3', 'espectaculo 581', 'concierto', '2010-02-23', 'productora 581', '2022-09-01 18:00:00', 'Calle de las flores número 581 puerta C');
INSERT INTO espectaculos VALUES ('espectaculo 582', 'teatro', '2012-07-13', 'productora 582', 'lista participantes 582', 4, '00:15:00', '00:16:00', '00:18:00');
INSERT INTO eventos VALUES ('espectaculo 582', 'teatro', '2012-07-13', 'productora 582', '2022-09-01 18:00:00', 'Calle de las flores número 582 puerta C','Abierto');
INSERT INTO eventos VALUES ('espectaculo 582', 'teatro', '2012-07-13', 'productora 582', '2020-09-01 03:00:00', 'Calle de las flores número 582 puerta C','Abierto');
INSERT INTO gradas VALUES ('grada 1', 'espectaculo 582', 'teatro', '2012-07-13', 'productora 582', '2022-09-01 18:00:00', 'Calle de las flores número 582 puerta C');
INSERT INTO gradas VALUES ('grada 2', 'espectaculo 582', 'teatro', '2012-07-13', 'productora 582', '2022-09-01 18:00:00', 'Calle de las flores número 582 puerta C');
INSERT INTO gradas VALUES ('grada 3', 'espectaculo 582', 'teatro', '2012-07-13', 'productora 582', '2022-09-01 18:00:00', 'Calle de las flores número 582 puerta C');
INSERT INTO espectaculos VALUES ('espectaculo 583', 'entrevista', '1995-02-04', 'productora 583', 'lista participantes 583', 9, '00:18:00', '00:30:00', '00:28:00');
INSERT INTO eventos VALUES ('espectaculo 583', 'entrevista', '1995-02-04', 'productora 583', '2022-09-01 18:00:00', 'Calle de las flores número 583 puerta C','Abierto');
INSERT INTO eventos VALUES ('espectaculo 583', 'entrevista', '1995-02-04', 'productora 583', '2020-09-01 03:00:00', 'Calle de las flores número 583 puerta C','Abierto');
INSERT INTO gradas VALUES ('grada 1', 'espectaculo 583', 'entrevista', '1995-02-04', 'productora 583', '2022-09-01 18:00:00', 'Calle de las flores número 583 puerta C');
INSERT INTO gradas VALUES ('grada 2', 'espectaculo 583', 'entrevista', '1995-02-04', 'productora 583', '2022-09-01 18:00:00', 'Calle de las flores número 583 puerta C');
INSERT INTO gradas VALUES ('grada 3', 'espectaculo 583', 'entrevista', '1995-02-04', 'productora 583', '2022-09-01 18:00:00', 'Calle de las flores número 583 puerta C');
INSERT INTO espectaculos VALUES ('espectaculo 584', 'teatro', '1988-09-20', 'productora 584', 'lista participantes 584', 1, '00:13:00', '00:26:00', '00:28:00');
INSERT INTO eventos VALUES ('espectaculo 584', 'teatro', '1988-09-20', 'productora 584', '2022-09-01 18:00:00', 'Calle de las flores número 584 puerta C','Abierto');
INSERT INTO eventos VALUES ('espectaculo 584', 'teatro', '1988-09-20', 'productora 584', '2020-09-01 03:00:00', 'Calle de las flores número 584 puerta C','Abierto');
INSERT INTO gradas VALUES ('grada 1', 'espectaculo 584', 'teatro', '1988-09-20', 'productora 584', '2022-09-01 18:00:00', 'Calle de las flores número 584 puerta C');
INSERT INTO gradas VALUES ('grada 2', 'espectaculo 584', 'teatro', '1988-09-20', 'productora 584', '2022-09-01 18:00:00', 'Calle de las flores número 584 puerta C');
INSERT INTO gradas VALUES ('grada 3', 'espectaculo 584', 'teatro', '1988-09-20', 'productora 584', '2022-09-01 18:00:00', 'Calle de las flores número 584 puerta C');
INSERT INTO espectaculos VALUES ('espectaculo 585', 'pelicula', '1994-06-16', 'productora 585', 'lista participantes 585', 6, '00:17:00', '00:39:00', '00:16:00');
INSERT INTO eventos VALUES ('espectaculo 585', 'pelicula', '1994-06-16', 'productora 585', '2022-09-01 18:00:00', 'Calle de las flores número 585 puerta C','Abierto');
INSERT INTO eventos VALUES ('espectaculo 585', 'pelicula', '1994-06-16', 'productora 585', '2020-09-01 03:00:00', 'Calle de las flores número 585 puerta C','Abierto');
INSERT INTO gradas VALUES ('grada 1', 'espectaculo 585', 'pelicula', '1994-06-16', 'productora 585', '2022-09-01 18:00:00', 'Calle de las flores número 585 puerta C');
INSERT INTO gradas VALUES ('grada 2', 'espectaculo 585', 'pelicula', '1994-06-16', 'productora 585', '2022-09-01 18:00:00', 'Calle de las flores número 585 puerta C');
INSERT INTO gradas VALUES ('grada 3', 'espectaculo 585', 'pelicula', '1994-06-16', 'productora 585', '2022-09-01 18:00:00', 'Calle de las flores número 585 puerta C');
INSERT INTO espectaculos VALUES ('espectaculo 586', 'pelicula', '1990-04-17', 'productora 586', 'lista participantes 586', 9, '00:13:00', '00:31:00', '00:18:00');
INSERT INTO eventos VALUES ('espectaculo 586', 'pelicula', '1990-04-17', 'productora 586', '2022-09-01 18:00:00', 'Calle de las flores número 586 puerta C','Abierto');
INSERT INTO eventos VALUES ('espectaculo 586', 'pelicula', '1990-04-17', 'productora 586', '2020-09-01 03:00:00', 'Calle de las flores número 586 puerta C','Abierto');
INSERT INTO gradas VALUES ('grada 1', 'espectaculo 586', 'pelicula', '1990-04-17', 'productora 586', '2022-09-01 18:00:00', 'Calle de las flores número 586 puerta C');
INSERT INTO gradas VALUES ('grada 2', 'espectaculo 586', 'pelicula', '1990-04-17', 'productora 586', '2022-09-01 18:00:00', 'Calle de las flores número 586 puerta C');
INSERT INTO gradas VALUES ('grada 3', 'espectaculo 586', 'pelicula', '1990-04-17', 'productora 586', '2022-09-01 18:00:00', 'Calle de las flores número 586 puerta C');
INSERT INTO espectaculos VALUES ('espectaculo 587', 'deportivo', '2020-10-22', 'productora 587', 'lista participantes 587', 3, '00:10:00', '00:41:00', '00:23:00');
INSERT INTO eventos VALUES ('espectaculo 587', 'deportivo', '2020-10-22', 'productora 587', '2022-09-01 18:00:00', 'Calle de las flores número 587 puerta C','Abierto');
INSERT INTO eventos VALUES ('espectaculo 587', 'deportivo', '2020-10-22', 'productora 587', '2020-09-01 03:00:00', 'Calle de las flores número 587 puerta C','Abierto');
INSERT INTO gradas VALUES ('grada 1', 'espectaculo 587', 'deportivo', '2020-10-22', 'productora 587', '2022-09-01 18:00:00', 'Calle de las flores número 587 puerta C');
INSERT INTO gradas VALUES ('grada 2', 'espectaculo 587', 'deportivo', '2020-10-22', 'productora 587', '2022-09-01 18:00:00', 'Calle de las flores número 587 puerta C');
INSERT INTO gradas VALUES ('grada 3', 'espectaculo 587', 'deportivo', '2020-10-22', 'productora 587', '2022-09-01 18:00:00', 'Calle de las flores número 587 puerta C');
INSERT INTO espectaculos VALUES ('espectaculo 588', 'concierto', '2002-08-19', 'productora 588', 'lista participantes 588', 3, '00:14:00', '00:29:00', '00:17:00');
INSERT INTO eventos VALUES ('espectaculo 588', 'concierto', '2002-08-19', 'productora 588', '2022-09-01 18:00:00', 'Calle de las flores número 588 puerta C','Abierto');
INSERT INTO eventos VALUES ('espectaculo 588', 'concierto', '2002-08-19', 'productora 588', '2020-09-01 03:00:00', 'Calle de las flores número 588 puerta C','Abierto');
INSERT INTO gradas VALUES ('grada 1', 'espectaculo 588', 'concierto', '2002-08-19', 'productora 588', '2022-09-01 18:00:00', 'Calle de las flores número 588 puerta C');
INSERT INTO gradas VALUES ('grada 2', 'espectaculo 588', 'concierto', '2002-08-19', 'productora 588', '2022-09-01 18:00:00', 'Calle de las flores número 588 puerta C');
INSERT INTO gradas VALUES ('grada 3', 'espectaculo 588', 'concierto', '2002-08-19', 'productora 588', '2022-09-01 18:00:00', 'Calle de las flores número 588 puerta C');
INSERT INTO espectaculos VALUES ('espectaculo 589', 'pelicula', '2000-03-25', 'productora 589', 'lista participantes 589', 6, '00:16:00', '00:52:00', '00:28:00');
INSERT INTO eventos VALUES ('espectaculo 589', 'pelicula', '2000-03-25', 'productora 589', '2022-09-01 18:00:00', 'Calle de las flores número 589 puerta C','Abierto');
INSERT INTO eventos VALUES ('espectaculo 589', 'pelicula', '2000-03-25', 'productora 589', '2020-09-01 03:00:00', 'Calle de las flores número 589 puerta C','Abierto');
INSERT INTO gradas VALUES ('grada 1', 'espectaculo 589', 'pelicula', '2000-03-25', 'productora 589', '2022-09-01 18:00:00', 'Calle de las flores número 589 puerta C');
INSERT INTO gradas VALUES ('grada 2', 'espectaculo 589', 'pelicula', '2000-03-25', 'productora 589', '2022-09-01 18:00:00', 'Calle de las flores número 589 puerta C');
INSERT INTO gradas VALUES ('grada 3', 'espectaculo 589', 'pelicula', '2000-03-25', 'productora 589', '2022-09-01 18:00:00', 'Calle de las flores número 589 puerta C');
INSERT INTO espectaculos VALUES ('espectaculo 590', 'deportivo', '2007-06-12', 'productora 590', 'lista participantes 590', 8, '00:11:00', '00:34:00', '00:26:00');
INSERT INTO eventos VALUES ('espectaculo 590', 'deportivo', '2007-06-12', 'productora 590', '2022-09-01 18:00:00', 'Calle de las flores número 590 puerta C','Abierto');
INSERT INTO eventos VALUES ('espectaculo 590', 'deportivo', '2007-06-12', 'productora 590', '2020-09-01 03:00:00', 'Calle de las flores número 590 puerta C','Abierto');
INSERT INTO gradas VALUES ('grada 1', 'espectaculo 590', 'deportivo', '2007-06-12', 'productora 590', '2022-09-01 18:00:00', 'Calle de las flores número 590 puerta C');
INSERT INTO gradas VALUES ('grada 2', 'espectaculo 590', 'deportivo', '2007-06-12', 'productora 590', '2022-09-01 18:00:00', 'Calle de las flores número 590 puerta C');
INSERT INTO gradas VALUES ('grada 3', 'espectaculo 590', 'deportivo', '2007-06-12', 'productora 590', '2022-09-01 18:00:00', 'Calle de las flores número 590 puerta C');
INSERT INTO espectaculos VALUES ('espectaculo 591', 'pelicula', '1986-03-15', 'productora 591', 'lista participantes 591', 2, '00:12:00', '00:46:00', '00:18:00');
INSERT INTO eventos VALUES ('espectaculo 591', 'pelicula', '1986-03-15', 'productora 591', '2022-09-01 18:00:00', 'Calle de las flores número 591 puerta C','Abierto');
INSERT INTO eventos VALUES ('espectaculo 591', 'pelicula', '1986-03-15', 'productora 591', '2020-09-01 03:00:00', 'Calle de las flores número 591 puerta C','Abierto');
INSERT INTO gradas VALUES ('grada 1', 'espectaculo 591', 'pelicula', '1986-03-15', 'productora 591', '2022-09-01 18:00:00', 'Calle de las flores número 591 puerta C');
INSERT INTO gradas VALUES ('grada 2', 'espectaculo 591', 'pelicula', '1986-03-15', 'productora 591', '2022-09-01 18:00:00', 'Calle de las flores número 591 puerta C');
INSERT INTO gradas VALUES ('grada 3', 'espectaculo 591', 'pelicula', '1986-03-15', 'productora 591', '2022-09-01 18:00:00', 'Calle de las flores número 591 puerta C');
INSERT INTO espectaculos VALUES ('espectaculo 592', 'concierto', '2012-07-07', 'productora 592', 'lista participantes 592', 3, '00:16:00', '00:22:00', '00:27:00');
INSERT INTO eventos VALUES ('espectaculo 592', 'concierto', '2012-07-07', 'productora 592', '2022-09-01 18:00:00', 'Calle de las flores número 592 puerta C','Abierto');
INSERT INTO eventos VALUES ('espectaculo 592', 'concierto', '2012-07-07', 'productora 592', '2020-09-01 03:00:00', 'Calle de las flores número 592 puerta C','Abierto');
INSERT INTO gradas VALUES ('grada 1', 'espectaculo 592', 'concierto', '2012-07-07', 'productora 592', '2022-09-01 18:00:00', 'Calle de las flores número 592 puerta C');
INSERT INTO gradas VALUES ('grada 2', 'espectaculo 592', 'concierto', '2012-07-07', 'productora 592', '2022-09-01 18:00:00', 'Calle de las flores número 592 puerta C');
INSERT INTO gradas VALUES ('grada 3', 'espectaculo 592', 'concierto', '2012-07-07', 'productora 592', '2022-09-01 18:00:00', 'Calle de las flores número 592 puerta C');
INSERT INTO espectaculos VALUES ('espectaculo 593', 'concierto', '1987-07-15', 'productora 593', 'lista participantes 593', 7, '00:12:00', '00:40:00', '00:19:00');
INSERT INTO eventos VALUES ('espectaculo 593', 'concierto', '1987-07-15', 'productora 593', '2022-09-01 18:00:00', 'Calle de las flores número 593 puerta C','Abierto');
INSERT INTO eventos VALUES ('espectaculo 593', 'concierto', '1987-07-15', 'productora 593', '2020-09-01 03:00:00', 'Calle de las flores número 593 puerta C','Abierto');
INSERT INTO gradas VALUES ('grada 1', 'espectaculo 593', 'concierto', '1987-07-15', 'productora 593', '2022-09-01 18:00:00', 'Calle de las flores número 593 puerta C');
INSERT INTO gradas VALUES ('grada 2', 'espectaculo 593', 'concierto', '1987-07-15', 'productora 593', '2022-09-01 18:00:00', 'Calle de las flores número 593 puerta C');
INSERT INTO gradas VALUES ('grada 3', 'espectaculo 593', 'concierto', '1987-07-15', 'productora 593', '2022-09-01 18:00:00', 'Calle de las flores número 593 puerta C');
INSERT INTO espectaculos VALUES ('espectaculo 594', 'teatro', '1985-03-19', 'productora 594', 'lista participantes 594', 5, '00:13:00', '00:19:00', '00:23:00');
INSERT INTO eventos VALUES ('espectaculo 594', 'teatro', '1985-03-19', 'productora 594', '2022-09-01 18:00:00', 'Calle de las flores número 594 puerta C','Abierto');
INSERT INTO eventos VALUES ('espectaculo 594', 'teatro', '1985-03-19', 'productora 594', '2020-09-01 03:00:00', 'Calle de las flores número 594 puerta C','Abierto');
INSERT INTO gradas VALUES ('grada 1', 'espectaculo 594', 'teatro', '1985-03-19', 'productora 594', '2022-09-01 18:00:00', 'Calle de las flores número 594 puerta C');
INSERT INTO gradas VALUES ('grada 2', 'espectaculo 594', 'teatro', '1985-03-19', 'productora 594', '2022-09-01 18:00:00', 'Calle de las flores número 594 puerta C');
INSERT INTO gradas VALUES ('grada 3', 'espectaculo 594', 'teatro', '1985-03-19', 'productora 594', '2022-09-01 18:00:00', 'Calle de las flores número 594 puerta C');
INSERT INTO espectaculos VALUES ('espectaculo 595', 'concierto', '1985-01-14', 'productora 595', 'lista participantes 595', 3, '00:14:00', '00:39:00', '00:15:00');
INSERT INTO eventos VALUES ('espectaculo 595', 'concierto', '1985-01-14', 'productora 595', '2022-09-01 18:00:00', 'Calle de las flores número 595 puerta C','Abierto');
INSERT INTO eventos VALUES ('espectaculo 595', 'concierto', '1985-01-14', 'productora 595', '2020-09-01 03:00:00', 'Calle de las flores número 595 puerta C','Abierto');
INSERT INTO gradas VALUES ('grada 1', 'espectaculo 595', 'concierto', '1985-01-14', 'productora 595', '2022-09-01 18:00:00', 'Calle de las flores número 595 puerta C');
INSERT INTO gradas VALUES ('grada 2', 'espectaculo 595', 'concierto', '1985-01-14', 'productora 595', '2022-09-01 18:00:00', 'Calle de las flores número 595 puerta C');
INSERT INTO gradas VALUES ('grada 3', 'espectaculo 595', 'concierto', '1985-01-14', 'productora 595', '2022-09-01 18:00:00', 'Calle de las flores número 595 puerta C');
INSERT INTO espectaculos VALUES ('espectaculo 596', 'deportivo', '2009-10-11', 'productora 596', 'lista participantes 596', 3, '00:13:00', '00:19:00', '00:25:00');
INSERT INTO eventos VALUES ('espectaculo 596', 'deportivo', '2009-10-11', 'productora 596', '2022-09-01 18:00:00', 'Calle de las flores número 596 puerta C','Abierto');
INSERT INTO eventos VALUES ('espectaculo 596', 'deportivo', '2009-10-11', 'productora 596', '2020-09-01 03:00:00', 'Calle de las flores número 596 puerta C','Abierto');
INSERT INTO gradas VALUES ('grada 1', 'espectaculo 596', 'deportivo', '2009-10-11', 'productora 596', '2022-09-01 18:00:00', 'Calle de las flores número 596 puerta C');
INSERT INTO gradas VALUES ('grada 2', 'espectaculo 596', 'deportivo', '2009-10-11', 'productora 596', '2022-09-01 18:00:00', 'Calle de las flores número 596 puerta C');
INSERT INTO gradas VALUES ('grada 3', 'espectaculo 596', 'deportivo', '2009-10-11', 'productora 596', '2022-09-01 18:00:00', 'Calle de las flores número 596 puerta C');
INSERT INTO espectaculos VALUES ('espectaculo 597', 'concierto', '2006-11-14', 'productora 597', 'lista participantes 597', 8, '00:13:00', '00:17:00', '00:27:00');
INSERT INTO eventos VALUES ('espectaculo 597', 'concierto', '2006-11-14', 'productora 597', '2022-09-01 18:00:00', 'Calle de las flores número 597 puerta C','Abierto');
INSERT INTO eventos VALUES ('espectaculo 597', 'concierto', '2006-11-14', 'productora 597', '2020-09-01 03:00:00', 'Calle de las flores número 597 puerta C','Abierto');
INSERT INTO gradas VALUES ('grada 1', 'espectaculo 597', 'concierto', '2006-11-14', 'productora 597', '2022-09-01 18:00:00', 'Calle de las flores número 597 puerta C');
INSERT INTO gradas VALUES ('grada 2', 'espectaculo 597', 'concierto', '2006-11-14', 'productora 597', '2022-09-01 18:00:00', 'Calle de las flores número 597 puerta C');
INSERT INTO gradas VALUES ('grada 3', 'espectaculo 597', 'concierto', '2006-11-14', 'productora 597', '2022-09-01 18:00:00', 'Calle de las flores número 597 puerta C');
INSERT INTO espectaculos VALUES ('espectaculo 598', 'entrevista', '2001-01-17', 'productora 598', 'lista participantes 598', 3, '00:13:00', '00:34:00', '00:21:00');
INSERT INTO eventos VALUES ('espectaculo 598', 'entrevista', '2001-01-17', 'productora 598', '2022-09-01 18:00:00', 'Calle de las flores número 598 puerta C','Abierto');
INSERT INTO eventos VALUES ('espectaculo 598', 'entrevista', '2001-01-17', 'productora 598', '2020-09-01 03:00:00', 'Calle de las flores número 598 puerta C','Abierto');
INSERT INTO gradas VALUES ('grada 1', 'espectaculo 598', 'entrevista', '2001-01-17', 'productora 598', '2022-09-01 18:00:00', 'Calle de las flores número 598 puerta C');
INSERT INTO gradas VALUES ('grada 2', 'espectaculo 598', 'entrevista', '2001-01-17', 'productora 598', '2022-09-01 18:00:00', 'Calle de las flores número 598 puerta C');
INSERT INTO gradas VALUES ('grada 3', 'espectaculo 598', 'entrevista', '2001-01-17', 'productora 598', '2022-09-01 18:00:00', 'Calle de las flores número 598 puerta C');
INSERT INTO espectaculos VALUES ('espectaculo 599', 'teatro', '2001-05-17', 'productora 599', 'lista participantes 599', 7, '00:11:00', '00:23:00', '00:21:00');
INSERT INTO eventos VALUES ('espectaculo 599', 'teatro', '2001-05-17', 'productora 599', '2022-09-01 18:00:00', 'Calle de las flores número 599 puerta C','Abierto');
INSERT INTO eventos VALUES ('espectaculo 599', 'teatro', '2001-05-17', 'productora 599', '2020-09-01 03:00:00', 'Calle de las flores número 599 puerta C','Abierto');
INSERT INTO gradas VALUES ('grada 1', 'espectaculo 599', 'teatro', '2001-05-17', 'productora 599', '2022-09-01 18:00:00', 'Calle de las flores número 599 puerta C');
INSERT INTO gradas VALUES ('grada 2', 'espectaculo 599', 'teatro', '2001-05-17', 'productora 599', '2022-09-01 18:00:00', 'Calle de las flores número 599 puerta C');
INSERT INTO gradas VALUES ('grada 3', 'espectaculo 599', 'teatro', '2001-05-17', 'productora 599', '2022-09-01 18:00:00', 'Calle de las flores número 599 puerta C');
INSERT INTO espectaculos VALUES ('espectaculo 600', 'deportivo', '2007-07-12', 'productora 600', 'lista participantes 600', 4, '00:13:00', '00:50:00', '00:15:00');
INSERT INTO eventos VALUES ('espectaculo 600', 'deportivo', '2007-07-12', 'productora 600', '2022-09-01 18:00:00', 'Calle de las flores número 600 puerta C','Abierto');
INSERT INTO eventos VALUES ('espectaculo 600', 'deportivo', '2007-07-12', 'productora 600', '2020-09-01 03:00:00', 'Calle de las flores número 600 puerta C','Abierto');
INSERT INTO gradas VALUES ('grada 1', 'espectaculo 600', 'deportivo', '2007-07-12', 'productora 600', '2022-09-01 18:00:00', 'Calle de las flores número 600 puerta C');
INSERT INTO gradas VALUES ('grada 2', 'espectaculo 600', 'deportivo', '2007-07-12', 'productora 600', '2022-09-01 18:00:00', 'Calle de las flores número 600 puerta C');
INSERT INTO gradas VALUES ('grada 3', 'espectaculo 600', 'deportivo', '2007-07-12', 'productora 600', '2022-09-01 18:00:00', 'Calle de las flores número 600 puerta C');
INSERT INTO espectaculos VALUES ('espectaculo 601', 'entrevista', '2007-01-20', 'productora 601', 'lista participantes 601', 8, '00:11:00', '00:46:00', '00:22:00');
INSERT INTO eventos VALUES ('espectaculo 601', 'entrevista', '2007-01-20', 'productora 601', '2022-09-01 18:00:00', 'Calle de las flores número 601 puerta C','Abierto');
INSERT INTO eventos VALUES ('espectaculo 601', 'entrevista', '2007-01-20', 'productora 601', '2020-09-01 03:00:00', 'Calle de las flores número 601 puerta C','Abierto');
INSERT INTO gradas VALUES ('grada 1', 'espectaculo 601', 'entrevista', '2007-01-20', 'productora 601', '2022-09-01 18:00:00', 'Calle de las flores número 601 puerta C');
INSERT INTO gradas VALUES ('grada 2', 'espectaculo 601', 'entrevista', '2007-01-20', 'productora 601', '2022-09-01 18:00:00', 'Calle de las flores número 601 puerta C');
INSERT INTO gradas VALUES ('grada 3', 'espectaculo 601', 'entrevista', '2007-01-20', 'productora 601', '2022-09-01 18:00:00', 'Calle de las flores número 601 puerta C');
INSERT INTO espectaculos VALUES ('espectaculo 602', 'teatro', '2011-10-11', 'productora 602', 'lista participantes 602', 5, '00:18:00', '00:33:00', '00:24:00');
INSERT INTO eventos VALUES ('espectaculo 602', 'teatro', '2011-10-11', 'productora 602', '2022-09-01 18:00:00', 'Calle de las flores número 602 puerta C','Abierto');
INSERT INTO eventos VALUES ('espectaculo 602', 'teatro', '2011-10-11', 'productora 602', '2020-09-01 03:00:00', 'Calle de las flores número 602 puerta C','Abierto');
INSERT INTO gradas VALUES ('grada 1', 'espectaculo 602', 'teatro', '2011-10-11', 'productora 602', '2022-09-01 18:00:00', 'Calle de las flores número 602 puerta C');
INSERT INTO gradas VALUES ('grada 2', 'espectaculo 602', 'teatro', '2011-10-11', 'productora 602', '2022-09-01 18:00:00', 'Calle de las flores número 602 puerta C');
INSERT INTO gradas VALUES ('grada 3', 'espectaculo 602', 'teatro', '2011-10-11', 'productora 602', '2022-09-01 18:00:00', 'Calle de las flores número 602 puerta C');
INSERT INTO espectaculos VALUES ('espectaculo 603', 'teatro', '1989-06-14', 'productora 603', 'lista participantes 603', 9, '00:15:00', '00:53:00', '00:21:00');
INSERT INTO eventos VALUES ('espectaculo 603', 'teatro', '1989-06-14', 'productora 603', '2022-09-01 18:00:00', 'Calle de las flores número 603 puerta C','Abierto');
INSERT INTO eventos VALUES ('espectaculo 603', 'teatro', '1989-06-14', 'productora 603', '2020-09-01 03:00:00', 'Calle de las flores número 603 puerta C','Abierto');
INSERT INTO gradas VALUES ('grada 1', 'espectaculo 603', 'teatro', '1989-06-14', 'productora 603', '2022-09-01 18:00:00', 'Calle de las flores número 603 puerta C');
INSERT INTO gradas VALUES ('grada 2', 'espectaculo 603', 'teatro', '1989-06-14', 'productora 603', '2022-09-01 18:00:00', 'Calle de las flores número 603 puerta C');
INSERT INTO gradas VALUES ('grada 3', 'espectaculo 603', 'teatro', '1989-06-14', 'productora 603', '2022-09-01 18:00:00', 'Calle de las flores número 603 puerta C');
INSERT INTO espectaculos VALUES ('espectaculo 604', 'concierto', '1985-04-25', 'productora 604', 'lista participantes 604', 1, '00:13:00', '00:49:00', '00:24:00');
INSERT INTO eventos VALUES ('espectaculo 604', 'concierto', '1985-04-25', 'productora 604', '2022-09-01 18:00:00', 'Calle de las flores número 604 puerta C','Abierto');
INSERT INTO eventos VALUES ('espectaculo 604', 'concierto', '1985-04-25', 'productora 604', '2020-09-01 03:00:00', 'Calle de las flores número 604 puerta C','Abierto');
INSERT INTO gradas VALUES ('grada 1', 'espectaculo 604', 'concierto', '1985-04-25', 'productora 604', '2022-09-01 18:00:00', 'Calle de las flores número 604 puerta C');
INSERT INTO gradas VALUES ('grada 2', 'espectaculo 604', 'concierto', '1985-04-25', 'productora 604', '2022-09-01 18:00:00', 'Calle de las flores número 604 puerta C');
INSERT INTO gradas VALUES ('grada 3', 'espectaculo 604', 'concierto', '1985-04-25', 'productora 604', '2022-09-01 18:00:00', 'Calle de las flores número 604 puerta C');
INSERT INTO espectaculos VALUES ('espectaculo 605', 'pelicula', '1996-08-01', 'productora 605', 'lista participantes 605', 1, '00:18:00', '00:17:00', '00:24:00');
INSERT INTO eventos VALUES ('espectaculo 605', 'pelicula', '1996-08-01', 'productora 605', '2022-09-01 18:00:00', 'Calle de las flores número 605 puerta C','Abierto');
INSERT INTO eventos VALUES ('espectaculo 605', 'pelicula', '1996-08-01', 'productora 605', '2020-09-01 03:00:00', 'Calle de las flores número 605 puerta C','Abierto');
INSERT INTO gradas VALUES ('grada 1', 'espectaculo 605', 'pelicula', '1996-08-01', 'productora 605', '2022-09-01 18:00:00', 'Calle de las flores número 605 puerta C');
INSERT INTO gradas VALUES ('grada 2', 'espectaculo 605', 'pelicula', '1996-08-01', 'productora 605', '2022-09-01 18:00:00', 'Calle de las flores número 605 puerta C');
INSERT INTO gradas VALUES ('grada 3', 'espectaculo 605', 'pelicula', '1996-08-01', 'productora 605', '2022-09-01 18:00:00', 'Calle de las flores número 605 puerta C');
INSERT INTO espectaculos VALUES ('espectaculo 606', 'entrevista', '2002-02-27', 'productora 606', 'lista participantes 606', 7, '00:17:00', '00:20:00', '00:20:00');
INSERT INTO eventos VALUES ('espectaculo 606', 'entrevista', '2002-02-27', 'productora 606', '2022-09-01 18:00:00', 'Calle de las flores número 606 puerta C','Abierto');
INSERT INTO eventos VALUES ('espectaculo 606', 'entrevista', '2002-02-27', 'productora 606', '2020-09-01 03:00:00', 'Calle de las flores número 606 puerta C','Abierto');
INSERT INTO gradas VALUES ('grada 1', 'espectaculo 606', 'entrevista', '2002-02-27', 'productora 606', '2022-09-01 18:00:00', 'Calle de las flores número 606 puerta C');
INSERT INTO gradas VALUES ('grada 2', 'espectaculo 606', 'entrevista', '2002-02-27', 'productora 606', '2022-09-01 18:00:00', 'Calle de las flores número 606 puerta C');
INSERT INTO gradas VALUES ('grada 3', 'espectaculo 606', 'entrevista', '2002-02-27', 'productora 606', '2022-09-01 18:00:00', 'Calle de las flores número 606 puerta C');
INSERT INTO espectaculos VALUES ('espectaculo 607', 'pelicula', '2018-09-19', 'productora 607', 'lista participantes 607', 6, '00:13:00', '00:53:00', '00:28:00');
INSERT INTO eventos VALUES ('espectaculo 607', 'pelicula', '2018-09-19', 'productora 607', '2022-09-01 18:00:00', 'Calle de las flores número 607 puerta C','Abierto');
INSERT INTO eventos VALUES ('espectaculo 607', 'pelicula', '2018-09-19', 'productora 607', '2020-09-01 03:00:00', 'Calle de las flores número 607 puerta C','Abierto');
INSERT INTO gradas VALUES ('grada 1', 'espectaculo 607', 'pelicula', '2018-09-19', 'productora 607', '2022-09-01 18:00:00', 'Calle de las flores número 607 puerta C');
INSERT INTO gradas VALUES ('grada 2', 'espectaculo 607', 'pelicula', '2018-09-19', 'productora 607', '2022-09-01 18:00:00', 'Calle de las flores número 607 puerta C');
INSERT INTO gradas VALUES ('grada 3', 'espectaculo 607', 'pelicula', '2018-09-19', 'productora 607', '2022-09-01 18:00:00', 'Calle de las flores número 607 puerta C');
INSERT INTO espectaculos VALUES ('espectaculo 608', 'teatro', '1991-03-24', 'productora 608', 'lista participantes 608', 7, '00:15:00', '00:54:00', '00:23:00');
INSERT INTO eventos VALUES ('espectaculo 608', 'teatro', '1991-03-24', 'productora 608', '2022-09-01 18:00:00', 'Calle de las flores número 608 puerta C','Abierto');
INSERT INTO eventos VALUES ('espectaculo 608', 'teatro', '1991-03-24', 'productora 608', '2020-09-01 03:00:00', 'Calle de las flores número 608 puerta C','Abierto');
INSERT INTO gradas VALUES ('grada 1', 'espectaculo 608', 'teatro', '1991-03-24', 'productora 608', '2022-09-01 18:00:00', 'Calle de las flores número 608 puerta C');
INSERT INTO gradas VALUES ('grada 2', 'espectaculo 608', 'teatro', '1991-03-24', 'productora 608', '2022-09-01 18:00:00', 'Calle de las flores número 608 puerta C');
INSERT INTO gradas VALUES ('grada 3', 'espectaculo 608', 'teatro', '1991-03-24', 'productora 608', '2022-09-01 18:00:00', 'Calle de las flores número 608 puerta C');
INSERT INTO espectaculos VALUES ('espectaculo 609', 'teatro', '2012-01-19', 'productora 609', 'lista participantes 609', 7, '00:11:00', '00:21:00', '00:20:00');
INSERT INTO eventos VALUES ('espectaculo 609', 'teatro', '2012-01-19', 'productora 609', '2022-09-01 18:00:00', 'Calle de las flores número 609 puerta C','Abierto');
INSERT INTO eventos VALUES ('espectaculo 609', 'teatro', '2012-01-19', 'productora 609', '2020-09-01 03:00:00', 'Calle de las flores número 609 puerta C','Abierto');
INSERT INTO gradas VALUES ('grada 1', 'espectaculo 609', 'teatro', '2012-01-19', 'productora 609', '2022-09-01 18:00:00', 'Calle de las flores número 609 puerta C');
INSERT INTO gradas VALUES ('grada 2', 'espectaculo 609', 'teatro', '2012-01-19', 'productora 609', '2022-09-01 18:00:00', 'Calle de las flores número 609 puerta C');
INSERT INTO gradas VALUES ('grada 3', 'espectaculo 609', 'teatro', '2012-01-19', 'productora 609', '2022-09-01 18:00:00', 'Calle de las flores número 609 puerta C');
INSERT INTO espectaculos VALUES ('espectaculo 610', 'entrevista', '2006-09-11', 'productora 610', 'lista participantes 610', 3, '00:10:00', '00:50:00', '00:15:00');
INSERT INTO eventos VALUES ('espectaculo 610', 'entrevista', '2006-09-11', 'productora 610', '2022-09-01 18:00:00', 'Calle de las flores número 610 puerta C','Abierto');
INSERT INTO eventos VALUES ('espectaculo 610', 'entrevista', '2006-09-11', 'productora 610', '2020-09-01 03:00:00', 'Calle de las flores número 610 puerta C','Abierto');
INSERT INTO gradas VALUES ('grada 1', 'espectaculo 610', 'entrevista', '2006-09-11', 'productora 610', '2022-09-01 18:00:00', 'Calle de las flores número 610 puerta C');
INSERT INTO gradas VALUES ('grada 2', 'espectaculo 610', 'entrevista', '2006-09-11', 'productora 610', '2022-09-01 18:00:00', 'Calle de las flores número 610 puerta C');
INSERT INTO gradas VALUES ('grada 3', 'espectaculo 610', 'entrevista', '2006-09-11', 'productora 610', '2022-09-01 18:00:00', 'Calle de las flores número 610 puerta C');
INSERT INTO espectaculos VALUES ('espectaculo 611', 'pelicula', '1997-06-12', 'productora 611', 'lista participantes 611', 8, '00:14:00', '00:28:00', '00:29:00');
INSERT INTO eventos VALUES ('espectaculo 611', 'pelicula', '1997-06-12', 'productora 611', '2022-09-01 18:00:00', 'Calle de las flores número 611 puerta C','Abierto');
INSERT INTO eventos VALUES ('espectaculo 611', 'pelicula', '1997-06-12', 'productora 611', '2020-09-01 03:00:00', 'Calle de las flores número 611 puerta C','Abierto');
INSERT INTO gradas VALUES ('grada 1', 'espectaculo 611', 'pelicula', '1997-06-12', 'productora 611', '2022-09-01 18:00:00', 'Calle de las flores número 611 puerta C');
INSERT INTO gradas VALUES ('grada 2', 'espectaculo 611', 'pelicula', '1997-06-12', 'productora 611', '2022-09-01 18:00:00', 'Calle de las flores número 611 puerta C');
INSERT INTO gradas VALUES ('grada 3', 'espectaculo 611', 'pelicula', '1997-06-12', 'productora 611', '2022-09-01 18:00:00', 'Calle de las flores número 611 puerta C');
INSERT INTO espectaculos VALUES ('espectaculo 612', 'teatro', '2010-07-17', 'productora 612', 'lista participantes 612', 6, '00:16:00', '00:49:00', '00:24:00');
INSERT INTO eventos VALUES ('espectaculo 612', 'teatro', '2010-07-17', 'productora 612', '2022-09-01 18:00:00', 'Calle de las flores número 612 puerta C','Abierto');
INSERT INTO eventos VALUES ('espectaculo 612', 'teatro', '2010-07-17', 'productora 612', '2020-09-01 03:00:00', 'Calle de las flores número 612 puerta C','Abierto');
INSERT INTO gradas VALUES ('grada 1', 'espectaculo 612', 'teatro', '2010-07-17', 'productora 612', '2022-09-01 18:00:00', 'Calle de las flores número 612 puerta C');
INSERT INTO gradas VALUES ('grada 2', 'espectaculo 612', 'teatro', '2010-07-17', 'productora 612', '2022-09-01 18:00:00', 'Calle de las flores número 612 puerta C');
INSERT INTO gradas VALUES ('grada 3', 'espectaculo 612', 'teatro', '2010-07-17', 'productora 612', '2022-09-01 18:00:00', 'Calle de las flores número 612 puerta C');
INSERT INTO espectaculos VALUES ('espectaculo 613', 'concierto', '2004-08-07', 'productora 613', 'lista participantes 613', 1, '00:13:00', '00:58:00', '00:24:00');
INSERT INTO eventos VALUES ('espectaculo 613', 'concierto', '2004-08-07', 'productora 613', '2022-09-01 18:00:00', 'Calle de las flores número 613 puerta C','Abierto');
INSERT INTO eventos VALUES ('espectaculo 613', 'concierto', '2004-08-07', 'productora 613', '2020-09-01 03:00:00', 'Calle de las flores número 613 puerta C','Abierto');
INSERT INTO gradas VALUES ('grada 1', 'espectaculo 613', 'concierto', '2004-08-07', 'productora 613', '2022-09-01 18:00:00', 'Calle de las flores número 613 puerta C');
INSERT INTO gradas VALUES ('grada 2', 'espectaculo 613', 'concierto', '2004-08-07', 'productora 613', '2022-09-01 18:00:00', 'Calle de las flores número 613 puerta C');
INSERT INTO gradas VALUES ('grada 3', 'espectaculo 613', 'concierto', '2004-08-07', 'productora 613', '2022-09-01 18:00:00', 'Calle de las flores número 613 puerta C');
INSERT INTO espectaculos VALUES ('espectaculo 614', 'deportivo', '1997-06-27', 'productora 614', 'lista participantes 614', 1, '00:19:00', '00:38:00', '00:22:00');
INSERT INTO eventos VALUES ('espectaculo 614', 'deportivo', '1997-06-27', 'productora 614', '2022-09-01 18:00:00', 'Calle de las flores número 614 puerta C','Abierto');
INSERT INTO eventos VALUES ('espectaculo 614', 'deportivo', '1997-06-27', 'productora 614', '2020-09-01 03:00:00', 'Calle de las flores número 614 puerta C','Abierto');
INSERT INTO gradas VALUES ('grada 1', 'espectaculo 614', 'deportivo', '1997-06-27', 'productora 614', '2022-09-01 18:00:00', 'Calle de las flores número 614 puerta C');
INSERT INTO gradas VALUES ('grada 2', 'espectaculo 614', 'deportivo', '1997-06-27', 'productora 614', '2022-09-01 18:00:00', 'Calle de las flores número 614 puerta C');
INSERT INTO gradas VALUES ('grada 3', 'espectaculo 614', 'deportivo', '1997-06-27', 'productora 614', '2022-09-01 18:00:00', 'Calle de las flores número 614 puerta C');
INSERT INTO espectaculos VALUES ('espectaculo 615', 'entrevista', '2020-04-09', 'productora 615', 'lista participantes 615', 5, '00:13:00', '00:20:00', '00:26:00');
INSERT INTO eventos VALUES ('espectaculo 615', 'entrevista', '2020-04-09', 'productora 615', '2022-09-01 18:00:00', 'Calle de las flores número 615 puerta C','Abierto');
INSERT INTO eventos VALUES ('espectaculo 615', 'entrevista', '2020-04-09', 'productora 615', '2020-09-01 03:00:00', 'Calle de las flores número 615 puerta C','Abierto');
INSERT INTO gradas VALUES ('grada 1', 'espectaculo 615', 'entrevista', '2020-04-09', 'productora 615', '2022-09-01 18:00:00', 'Calle de las flores número 615 puerta C');
INSERT INTO gradas VALUES ('grada 2', 'espectaculo 615', 'entrevista', '2020-04-09', 'productora 615', '2022-09-01 18:00:00', 'Calle de las flores número 615 puerta C');
INSERT INTO gradas VALUES ('grada 3', 'espectaculo 615', 'entrevista', '2020-04-09', 'productora 615', '2022-09-01 18:00:00', 'Calle de las flores número 615 puerta C');
INSERT INTO espectaculos VALUES ('espectaculo 616', 'entrevista', '2002-07-06', 'productora 616', 'lista participantes 616', 9, '00:14:00', '00:17:00', '00:21:00');
INSERT INTO eventos VALUES ('espectaculo 616', 'entrevista', '2002-07-06', 'productora 616', '2022-09-01 18:00:00', 'Calle de las flores número 616 puerta C','Abierto');
INSERT INTO eventos VALUES ('espectaculo 616', 'entrevista', '2002-07-06', 'productora 616', '2020-09-01 03:00:00', 'Calle de las flores número 616 puerta C','Abierto');
INSERT INTO gradas VALUES ('grada 1', 'espectaculo 616', 'entrevista', '2002-07-06', 'productora 616', '2022-09-01 18:00:00', 'Calle de las flores número 616 puerta C');
INSERT INTO gradas VALUES ('grada 2', 'espectaculo 616', 'entrevista', '2002-07-06', 'productora 616', '2022-09-01 18:00:00', 'Calle de las flores número 616 puerta C');
INSERT INTO gradas VALUES ('grada 3', 'espectaculo 616', 'entrevista', '2002-07-06', 'productora 616', '2022-09-01 18:00:00', 'Calle de las flores número 616 puerta C');
INSERT INTO espectaculos VALUES ('espectaculo 617', 'concierto', '2018-03-25', 'productora 617', 'lista participantes 617', 2, '00:11:00', '00:30:00', '00:26:00');
INSERT INTO eventos VALUES ('espectaculo 617', 'concierto', '2018-03-25', 'productora 617', '2022-09-01 18:00:00', 'Calle de las flores número 617 puerta C','Abierto');
INSERT INTO eventos VALUES ('espectaculo 617', 'concierto', '2018-03-25', 'productora 617', '2020-09-01 03:00:00', 'Calle de las flores número 617 puerta C','Abierto');
INSERT INTO gradas VALUES ('grada 1', 'espectaculo 617', 'concierto', '2018-03-25', 'productora 617', '2022-09-01 18:00:00', 'Calle de las flores número 617 puerta C');
INSERT INTO gradas VALUES ('grada 2', 'espectaculo 617', 'concierto', '2018-03-25', 'productora 617', '2022-09-01 18:00:00', 'Calle de las flores número 617 puerta C');
INSERT INTO gradas VALUES ('grada 3', 'espectaculo 617', 'concierto', '2018-03-25', 'productora 617', '2022-09-01 18:00:00', 'Calle de las flores número 617 puerta C');
INSERT INTO espectaculos VALUES ('espectaculo 618', 'entrevista', '2001-05-06', 'productora 618', 'lista participantes 618', 4, '00:13:00', '00:37:00', '00:28:00');
INSERT INTO eventos VALUES ('espectaculo 618', 'entrevista', '2001-05-06', 'productora 618', '2022-09-01 18:00:00', 'Calle de las flores número 618 puerta C','Abierto');
INSERT INTO eventos VALUES ('espectaculo 618', 'entrevista', '2001-05-06', 'productora 618', '2020-09-01 03:00:00', 'Calle de las flores número 618 puerta C','Abierto');
INSERT INTO gradas VALUES ('grada 1', 'espectaculo 618', 'entrevista', '2001-05-06', 'productora 618', '2022-09-01 18:00:00', 'Calle de las flores número 618 puerta C');
INSERT INTO gradas VALUES ('grada 2', 'espectaculo 618', 'entrevista', '2001-05-06', 'productora 618', '2022-09-01 18:00:00', 'Calle de las flores número 618 puerta C');
INSERT INTO gradas VALUES ('grada 3', 'espectaculo 618', 'entrevista', '2001-05-06', 'productora 618', '2022-09-01 18:00:00', 'Calle de las flores número 618 puerta C');
INSERT INTO espectaculos VALUES ('espectaculo 619', 'pelicula', '2013-07-02', 'productora 619', 'lista participantes 619', 9, '00:10:00', '00:42:00', '00:22:00');
INSERT INTO eventos VALUES ('espectaculo 619', 'pelicula', '2013-07-02', 'productora 619', '2022-09-01 18:00:00', 'Calle de las flores número 619 puerta C','Abierto');
INSERT INTO eventos VALUES ('espectaculo 619', 'pelicula', '2013-07-02', 'productora 619', '2020-09-01 03:00:00', 'Calle de las flores número 619 puerta C','Abierto');
INSERT INTO gradas VALUES ('grada 1', 'espectaculo 619', 'pelicula', '2013-07-02', 'productora 619', '2022-09-01 18:00:00', 'Calle de las flores número 619 puerta C');
INSERT INTO gradas VALUES ('grada 2', 'espectaculo 619', 'pelicula', '2013-07-02', 'productora 619', '2022-09-01 18:00:00', 'Calle de las flores número 619 puerta C');
INSERT INTO gradas VALUES ('grada 3', 'espectaculo 619', 'pelicula', '2013-07-02', 'productora 619', '2022-09-01 18:00:00', 'Calle de las flores número 619 puerta C');
INSERT INTO espectaculos VALUES ('espectaculo 620', 'entrevista', '2007-11-10', 'productora 620', 'lista participantes 620', 4, '00:10:00', '00:15:00', '00:29:00');
INSERT INTO eventos VALUES ('espectaculo 620', 'entrevista', '2007-11-10', 'productora 620', '2022-09-01 18:00:00', 'Calle de las flores número 620 puerta C','Abierto');
INSERT INTO eventos VALUES ('espectaculo 620', 'entrevista', '2007-11-10', 'productora 620', '2020-09-01 03:00:00', 'Calle de las flores número 620 puerta C','Abierto');
INSERT INTO gradas VALUES ('grada 1', 'espectaculo 620', 'entrevista', '2007-11-10', 'productora 620', '2022-09-01 18:00:00', 'Calle de las flores número 620 puerta C');
INSERT INTO gradas VALUES ('grada 2', 'espectaculo 620', 'entrevista', '2007-11-10', 'productora 620', '2022-09-01 18:00:00', 'Calle de las flores número 620 puerta C');
INSERT INTO gradas VALUES ('grada 3', 'espectaculo 620', 'entrevista', '2007-11-10', 'productora 620', '2022-09-01 18:00:00', 'Calle de las flores número 620 puerta C');
INSERT INTO espectaculos VALUES ('espectaculo 621', 'entrevista', '1996-09-25', 'productora 621', 'lista participantes 621', 7, '00:17:00', '00:44:00', '00:17:00');
INSERT INTO eventos VALUES ('espectaculo 621', 'entrevista', '1996-09-25', 'productora 621', '2022-09-01 18:00:00', 'Calle de las flores número 621 puerta C','Abierto');
INSERT INTO eventos VALUES ('espectaculo 621', 'entrevista', '1996-09-25', 'productora 621', '2020-09-01 03:00:00', 'Calle de las flores número 621 puerta C','Abierto');
INSERT INTO gradas VALUES ('grada 1', 'espectaculo 621', 'entrevista', '1996-09-25', 'productora 621', '2022-09-01 18:00:00', 'Calle de las flores número 621 puerta C');
INSERT INTO gradas VALUES ('grada 2', 'espectaculo 621', 'entrevista', '1996-09-25', 'productora 621', '2022-09-01 18:00:00', 'Calle de las flores número 621 puerta C');
INSERT INTO gradas VALUES ('grada 3', 'espectaculo 621', 'entrevista', '1996-09-25', 'productora 621', '2022-09-01 18:00:00', 'Calle de las flores número 621 puerta C');
INSERT INTO espectaculos VALUES ('espectaculo 622', 'pelicula', '2013-03-21', 'productora 622', 'lista participantes 622', 7, '00:12:00', '00:45:00', '00:18:00');
INSERT INTO eventos VALUES ('espectaculo 622', 'pelicula', '2013-03-21', 'productora 622', '2022-09-01 18:00:00', 'Calle de las flores número 622 puerta C','Abierto');
INSERT INTO eventos VALUES ('espectaculo 622', 'pelicula', '2013-03-21', 'productora 622', '2020-09-01 03:00:00', 'Calle de las flores número 622 puerta C','Abierto');
INSERT INTO gradas VALUES ('grada 1', 'espectaculo 622', 'pelicula', '2013-03-21', 'productora 622', '2022-09-01 18:00:00', 'Calle de las flores número 622 puerta C');
INSERT INTO gradas VALUES ('grada 2', 'espectaculo 622', 'pelicula', '2013-03-21', 'productora 622', '2022-09-01 18:00:00', 'Calle de las flores número 622 puerta C');
INSERT INTO gradas VALUES ('grada 3', 'espectaculo 622', 'pelicula', '2013-03-21', 'productora 622', '2022-09-01 18:00:00', 'Calle de las flores número 622 puerta C');
INSERT INTO espectaculos VALUES ('espectaculo 623', 'deportivo', '2003-09-06', 'productora 623', 'lista participantes 623', 6, '00:18:00', '00:37:00', '00:18:00');
INSERT INTO eventos VALUES ('espectaculo 623', 'deportivo', '2003-09-06', 'productora 623', '2022-09-01 18:00:00', 'Calle de las flores número 623 puerta C','Abierto');
INSERT INTO eventos VALUES ('espectaculo 623', 'deportivo', '2003-09-06', 'productora 623', '2020-09-01 03:00:00', 'Calle de las flores número 623 puerta C','Abierto');
INSERT INTO gradas VALUES ('grada 1', 'espectaculo 623', 'deportivo', '2003-09-06', 'productora 623', '2022-09-01 18:00:00', 'Calle de las flores número 623 puerta C');
INSERT INTO gradas VALUES ('grada 2', 'espectaculo 623', 'deportivo', '2003-09-06', 'productora 623', '2022-09-01 18:00:00', 'Calle de las flores número 623 puerta C');
INSERT INTO gradas VALUES ('grada 3', 'espectaculo 623', 'deportivo', '2003-09-06', 'productora 623', '2022-09-01 18:00:00', 'Calle de las flores número 623 puerta C');
INSERT INTO espectaculos VALUES ('espectaculo 624', 'teatro', '1989-02-22', 'productora 624', 'lista participantes 624', 8, '00:11:00', '00:19:00', '00:25:00');
INSERT INTO eventos VALUES ('espectaculo 624', 'teatro', '1989-02-22', 'productora 624', '2022-09-01 18:00:00', 'Calle de las flores número 624 puerta C','Abierto');
INSERT INTO eventos VALUES ('espectaculo 624', 'teatro', '1989-02-22', 'productora 624', '2020-09-01 03:00:00', 'Calle de las flores número 624 puerta C','Abierto');
INSERT INTO gradas VALUES ('grada 1', 'espectaculo 624', 'teatro', '1989-02-22', 'productora 624', '2022-09-01 18:00:00', 'Calle de las flores número 624 puerta C');
INSERT INTO gradas VALUES ('grada 2', 'espectaculo 624', 'teatro', '1989-02-22', 'productora 624', '2022-09-01 18:00:00', 'Calle de las flores número 624 puerta C');
INSERT INTO gradas VALUES ('grada 3', 'espectaculo 624', 'teatro', '1989-02-22', 'productora 624', '2022-09-01 18:00:00', 'Calle de las flores número 624 puerta C');
INSERT INTO espectaculos VALUES ('espectaculo 625', 'teatro', '1998-09-25', 'productora 625', 'lista participantes 625', 2, '00:10:00', '00:53:00', '00:15:00');
INSERT INTO eventos VALUES ('espectaculo 625', 'teatro', '1998-09-25', 'productora 625', '2022-09-01 18:00:00', 'Calle de las flores número 625 puerta C','Abierto');
INSERT INTO eventos VALUES ('espectaculo 625', 'teatro', '1998-09-25', 'productora 625', '2020-09-01 03:00:00', 'Calle de las flores número 625 puerta C','Abierto');
INSERT INTO gradas VALUES ('grada 1', 'espectaculo 625', 'teatro', '1998-09-25', 'productora 625', '2022-09-01 18:00:00', 'Calle de las flores número 625 puerta C');
INSERT INTO gradas VALUES ('grada 2', 'espectaculo 625', 'teatro', '1998-09-25', 'productora 625', '2022-09-01 18:00:00', 'Calle de las flores número 625 puerta C');
INSERT INTO gradas VALUES ('grada 3', 'espectaculo 625', 'teatro', '1998-09-25', 'productora 625', '2022-09-01 18:00:00', 'Calle de las flores número 625 puerta C');
INSERT INTO espectaculos VALUES ('espectaculo 626', 'entrevista', '2007-07-07', 'productora 626', 'lista participantes 626', 5, '00:13:00', '00:52:00', '00:26:00');
INSERT INTO eventos VALUES ('espectaculo 626', 'entrevista', '2007-07-07', 'productora 626', '2022-09-01 18:00:00', 'Calle de las flores número 626 puerta C','Abierto');
INSERT INTO eventos VALUES ('espectaculo 626', 'entrevista', '2007-07-07', 'productora 626', '2020-09-01 03:00:00', 'Calle de las flores número 626 puerta C','Abierto');
INSERT INTO gradas VALUES ('grada 1', 'espectaculo 626', 'entrevista', '2007-07-07', 'productora 626', '2022-09-01 18:00:00', 'Calle de las flores número 626 puerta C');
INSERT INTO gradas VALUES ('grada 2', 'espectaculo 626', 'entrevista', '2007-07-07', 'productora 626', '2022-09-01 18:00:00', 'Calle de las flores número 626 puerta C');
INSERT INTO gradas VALUES ('grada 3', 'espectaculo 626', 'entrevista', '2007-07-07', 'productora 626', '2022-09-01 18:00:00', 'Calle de las flores número 626 puerta C');
INSERT INTO espectaculos VALUES ('espectaculo 627', 'pelicula', '2014-02-13', 'productora 627', 'lista participantes 627', 9, '00:12:00', '00:24:00', '00:26:00');
INSERT INTO eventos VALUES ('espectaculo 627', 'pelicula', '2014-02-13', 'productora 627', '2022-09-01 18:00:00', 'Calle de las flores número 627 puerta C','Abierto');
INSERT INTO eventos VALUES ('espectaculo 627', 'pelicula', '2014-02-13', 'productora 627', '2020-09-01 03:00:00', 'Calle de las flores número 627 puerta C','Abierto');
INSERT INTO gradas VALUES ('grada 1', 'espectaculo 627', 'pelicula', '2014-02-13', 'productora 627', '2022-09-01 18:00:00', 'Calle de las flores número 627 puerta C');
INSERT INTO gradas VALUES ('grada 2', 'espectaculo 627', 'pelicula', '2014-02-13', 'productora 627', '2022-09-01 18:00:00', 'Calle de las flores número 627 puerta C');
INSERT INTO gradas VALUES ('grada 3', 'espectaculo 627', 'pelicula', '2014-02-13', 'productora 627', '2022-09-01 18:00:00', 'Calle de las flores número 627 puerta C');
INSERT INTO espectaculos VALUES ('espectaculo 628', 'concierto', '1990-07-11', 'productora 628', 'lista participantes 628', 4, '00:12:00', '00:17:00', '00:15:00');
INSERT INTO eventos VALUES ('espectaculo 628', 'concierto', '1990-07-11', 'productora 628', '2022-09-01 18:00:00', 'Calle de las flores número 628 puerta C','Abierto');
INSERT INTO eventos VALUES ('espectaculo 628', 'concierto', '1990-07-11', 'productora 628', '2020-09-01 03:00:00', 'Calle de las flores número 628 puerta C','Abierto');
INSERT INTO gradas VALUES ('grada 1', 'espectaculo 628', 'concierto', '1990-07-11', 'productora 628', '2022-09-01 18:00:00', 'Calle de las flores número 628 puerta C');
INSERT INTO gradas VALUES ('grada 2', 'espectaculo 628', 'concierto', '1990-07-11', 'productora 628', '2022-09-01 18:00:00', 'Calle de las flores número 628 puerta C');
INSERT INTO gradas VALUES ('grada 3', 'espectaculo 628', 'concierto', '1990-07-11', 'productora 628', '2022-09-01 18:00:00', 'Calle de las flores número 628 puerta C');
INSERT INTO espectaculos VALUES ('espectaculo 629', 'deportivo', '2020-11-01', 'productora 629', 'lista participantes 629', 3, '00:14:00', '00:36:00', '00:22:00');
INSERT INTO eventos VALUES ('espectaculo 629', 'deportivo', '2020-11-01', 'productora 629', '2022-09-01 18:00:00', 'Calle de las flores número 629 puerta C','Abierto');
INSERT INTO eventos VALUES ('espectaculo 629', 'deportivo', '2020-11-01', 'productora 629', '2020-09-01 03:00:00', 'Calle de las flores número 629 puerta C','Abierto');
INSERT INTO gradas VALUES ('grada 1', 'espectaculo 629', 'deportivo', '2020-11-01', 'productora 629', '2022-09-01 18:00:00', 'Calle de las flores número 629 puerta C');
INSERT INTO gradas VALUES ('grada 2', 'espectaculo 629', 'deportivo', '2020-11-01', 'productora 629', '2022-09-01 18:00:00', 'Calle de las flores número 629 puerta C');
INSERT INTO gradas VALUES ('grada 3', 'espectaculo 629', 'deportivo', '2020-11-01', 'productora 629', '2022-09-01 18:00:00', 'Calle de las flores número 629 puerta C');
INSERT INTO espectaculos VALUES ('espectaculo 630', 'pelicula', '2001-02-12', 'productora 630', 'lista participantes 630', 9, '00:18:00', '00:41:00', '00:21:00');
INSERT INTO eventos VALUES ('espectaculo 630', 'pelicula', '2001-02-12', 'productora 630', '2022-09-01 18:00:00', 'Calle de las flores número 630 puerta C','Abierto');
INSERT INTO eventos VALUES ('espectaculo 630', 'pelicula', '2001-02-12', 'productora 630', '2020-09-01 03:00:00', 'Calle de las flores número 630 puerta C','Abierto');
INSERT INTO gradas VALUES ('grada 1', 'espectaculo 630', 'pelicula', '2001-02-12', 'productora 630', '2022-09-01 18:00:00', 'Calle de las flores número 630 puerta C');
INSERT INTO gradas VALUES ('grada 2', 'espectaculo 630', 'pelicula', '2001-02-12', 'productora 630', '2022-09-01 18:00:00', 'Calle de las flores número 630 puerta C');
INSERT INTO gradas VALUES ('grada 3', 'espectaculo 630', 'pelicula', '2001-02-12', 'productora 630', '2022-09-01 18:00:00', 'Calle de las flores número 630 puerta C');
INSERT INTO espectaculos VALUES ('espectaculo 631', 'teatro', '1996-02-02', 'productora 631', 'lista participantes 631', 9, '00:14:00', '00:42:00', '00:26:00');
INSERT INTO eventos VALUES ('espectaculo 631', 'teatro', '1996-02-02', 'productora 631', '2022-09-01 18:00:00', 'Calle de las flores número 631 puerta C','Abierto');
INSERT INTO eventos VALUES ('espectaculo 631', 'teatro', '1996-02-02', 'productora 631', '2020-09-01 03:00:00', 'Calle de las flores número 631 puerta C','Abierto');
INSERT INTO gradas VALUES ('grada 1', 'espectaculo 631', 'teatro', '1996-02-02', 'productora 631', '2022-09-01 18:00:00', 'Calle de las flores número 631 puerta C');
INSERT INTO gradas VALUES ('grada 2', 'espectaculo 631', 'teatro', '1996-02-02', 'productora 631', '2022-09-01 18:00:00', 'Calle de las flores número 631 puerta C');
INSERT INTO gradas VALUES ('grada 3', 'espectaculo 631', 'teatro', '1996-02-02', 'productora 631', '2022-09-01 18:00:00', 'Calle de las flores número 631 puerta C');
INSERT INTO espectaculos VALUES ('espectaculo 632', 'pelicula', '2010-05-25', 'productora 632', 'lista participantes 632', 7, '00:17:00', '00:16:00', '00:15:00');
INSERT INTO eventos VALUES ('espectaculo 632', 'pelicula', '2010-05-25', 'productora 632', '2022-09-01 18:00:00', 'Calle de las flores número 632 puerta C','Abierto');
INSERT INTO eventos VALUES ('espectaculo 632', 'pelicula', '2010-05-25', 'productora 632', '2020-09-01 03:00:00', 'Calle de las flores número 632 puerta C','Abierto');
INSERT INTO gradas VALUES ('grada 1', 'espectaculo 632', 'pelicula', '2010-05-25', 'productora 632', '2022-09-01 18:00:00', 'Calle de las flores número 632 puerta C');
INSERT INTO gradas VALUES ('grada 2', 'espectaculo 632', 'pelicula', '2010-05-25', 'productora 632', '2022-09-01 18:00:00', 'Calle de las flores número 632 puerta C');
INSERT INTO gradas VALUES ('grada 3', 'espectaculo 632', 'pelicula', '2010-05-25', 'productora 632', '2022-09-01 18:00:00', 'Calle de las flores número 632 puerta C');
INSERT INTO espectaculos VALUES ('espectaculo 633', 'concierto', '2007-03-13', 'productora 633', 'lista participantes 633', 7, '00:19:00', '00:48:00', '00:28:00');
INSERT INTO eventos VALUES ('espectaculo 633', 'concierto', '2007-03-13', 'productora 633', '2022-09-01 18:00:00', 'Calle de las flores número 633 puerta C','Abierto');
INSERT INTO eventos VALUES ('espectaculo 633', 'concierto', '2007-03-13', 'productora 633', '2020-09-01 03:00:00', 'Calle de las flores número 633 puerta C','Abierto');
INSERT INTO gradas VALUES ('grada 1', 'espectaculo 633', 'concierto', '2007-03-13', 'productora 633', '2022-09-01 18:00:00', 'Calle de las flores número 633 puerta C');
INSERT INTO gradas VALUES ('grada 2', 'espectaculo 633', 'concierto', '2007-03-13', 'productora 633', '2022-09-01 18:00:00', 'Calle de las flores número 633 puerta C');
INSERT INTO gradas VALUES ('grada 3', 'espectaculo 633', 'concierto', '2007-03-13', 'productora 633', '2022-09-01 18:00:00', 'Calle de las flores número 633 puerta C');
INSERT INTO espectaculos VALUES ('espectaculo 634', 'pelicula', '1990-09-19', 'productora 634', 'lista participantes 634', 8, '00:18:00', '00:52:00', '00:26:00');
INSERT INTO eventos VALUES ('espectaculo 634', 'pelicula', '1990-09-19', 'productora 634', '2022-09-01 18:00:00', 'Calle de las flores número 634 puerta C','Abierto');
INSERT INTO eventos VALUES ('espectaculo 634', 'pelicula', '1990-09-19', 'productora 634', '2020-09-01 03:00:00', 'Calle de las flores número 634 puerta C','Abierto');
INSERT INTO gradas VALUES ('grada 1', 'espectaculo 634', 'pelicula', '1990-09-19', 'productora 634', '2022-09-01 18:00:00', 'Calle de las flores número 634 puerta C');
INSERT INTO gradas VALUES ('grada 2', 'espectaculo 634', 'pelicula', '1990-09-19', 'productora 634', '2022-09-01 18:00:00', 'Calle de las flores número 634 puerta C');
INSERT INTO gradas VALUES ('grada 3', 'espectaculo 634', 'pelicula', '1990-09-19', 'productora 634', '2022-09-01 18:00:00', 'Calle de las flores número 634 puerta C');
INSERT INTO espectaculos VALUES ('espectaculo 635', 'teatro', '2020-09-26', 'productora 635', 'lista participantes 635', 5, '00:16:00', '00:32:00', '00:24:00');
INSERT INTO eventos VALUES ('espectaculo 635', 'teatro', '2020-09-26', 'productora 635', '2022-09-01 18:00:00', 'Calle de las flores número 635 puerta C','Abierto');
INSERT INTO eventos VALUES ('espectaculo 635', 'teatro', '2020-09-26', 'productora 635', '2020-09-01 03:00:00', 'Calle de las flores número 635 puerta C','Abierto');
INSERT INTO gradas VALUES ('grada 1', 'espectaculo 635', 'teatro', '2020-09-26', 'productora 635', '2022-09-01 18:00:00', 'Calle de las flores número 635 puerta C');
INSERT INTO gradas VALUES ('grada 2', 'espectaculo 635', 'teatro', '2020-09-26', 'productora 635', '2022-09-01 18:00:00', 'Calle de las flores número 635 puerta C');
INSERT INTO gradas VALUES ('grada 3', 'espectaculo 635', 'teatro', '2020-09-26', 'productora 635', '2022-09-01 18:00:00', 'Calle de las flores número 635 puerta C');
INSERT INTO espectaculos VALUES ('espectaculo 636', 'entrevista', '1992-07-14', 'productora 636', 'lista participantes 636', 3, '00:18:00', '00:24:00', '00:17:00');
INSERT INTO eventos VALUES ('espectaculo 636', 'entrevista', '1992-07-14', 'productora 636', '2022-09-01 18:00:00', 'Calle de las flores número 636 puerta C','Abierto');
INSERT INTO eventos VALUES ('espectaculo 636', 'entrevista', '1992-07-14', 'productora 636', '2020-09-01 03:00:00', 'Calle de las flores número 636 puerta C','Abierto');
INSERT INTO gradas VALUES ('grada 1', 'espectaculo 636', 'entrevista', '1992-07-14', 'productora 636', '2022-09-01 18:00:00', 'Calle de las flores número 636 puerta C');
INSERT INTO gradas VALUES ('grada 2', 'espectaculo 636', 'entrevista', '1992-07-14', 'productora 636', '2022-09-01 18:00:00', 'Calle de las flores número 636 puerta C');
INSERT INTO gradas VALUES ('grada 3', 'espectaculo 636', 'entrevista', '1992-07-14', 'productora 636', '2022-09-01 18:00:00', 'Calle de las flores número 636 puerta C');
INSERT INTO espectaculos VALUES ('espectaculo 637', 'deportivo', '1992-05-16', 'productora 637', 'lista participantes 637', 1, '00:14:00', '00:48:00', '00:23:00');
INSERT INTO eventos VALUES ('espectaculo 637', 'deportivo', '1992-05-16', 'productora 637', '2022-09-01 18:00:00', 'Calle de las flores número 637 puerta C','Abierto');
INSERT INTO eventos VALUES ('espectaculo 637', 'deportivo', '1992-05-16', 'productora 637', '2020-09-01 03:00:00', 'Calle de las flores número 637 puerta C','Abierto');
INSERT INTO gradas VALUES ('grada 1', 'espectaculo 637', 'deportivo', '1992-05-16', 'productora 637', '2022-09-01 18:00:00', 'Calle de las flores número 637 puerta C');
INSERT INTO gradas VALUES ('grada 2', 'espectaculo 637', 'deportivo', '1992-05-16', 'productora 637', '2022-09-01 18:00:00', 'Calle de las flores número 637 puerta C');
INSERT INTO gradas VALUES ('grada 3', 'espectaculo 637', 'deportivo', '1992-05-16', 'productora 637', '2022-09-01 18:00:00', 'Calle de las flores número 637 puerta C');
INSERT INTO espectaculos VALUES ('espectaculo 638', 'pelicula', '2011-08-13', 'productora 638', 'lista participantes 638', 8, '00:10:00', '00:35:00', '00:26:00');
INSERT INTO eventos VALUES ('espectaculo 638', 'pelicula', '2011-08-13', 'productora 638', '2022-09-01 18:00:00', 'Calle de las flores número 638 puerta C','Abierto');
INSERT INTO eventos VALUES ('espectaculo 638', 'pelicula', '2011-08-13', 'productora 638', '2020-09-01 03:00:00', 'Calle de las flores número 638 puerta C','Abierto');
INSERT INTO gradas VALUES ('grada 1', 'espectaculo 638', 'pelicula', '2011-08-13', 'productora 638', '2022-09-01 18:00:00', 'Calle de las flores número 638 puerta C');
INSERT INTO gradas VALUES ('grada 2', 'espectaculo 638', 'pelicula', '2011-08-13', 'productora 638', '2022-09-01 18:00:00', 'Calle de las flores número 638 puerta C');
INSERT INTO gradas VALUES ('grada 3', 'espectaculo 638', 'pelicula', '2011-08-13', 'productora 638', '2022-09-01 18:00:00', 'Calle de las flores número 638 puerta C');
INSERT INTO espectaculos VALUES ('espectaculo 639', 'teatro', '2020-07-04', 'productora 639', 'lista participantes 639', 8, '00:15:00', '00:15:00', '00:17:00');
INSERT INTO eventos VALUES ('espectaculo 639', 'teatro', '2020-07-04', 'productora 639', '2022-09-01 18:00:00', 'Calle de las flores número 639 puerta C','Abierto');
INSERT INTO eventos VALUES ('espectaculo 639', 'teatro', '2020-07-04', 'productora 639', '2020-09-01 03:00:00', 'Calle de las flores número 639 puerta C','Abierto');
INSERT INTO gradas VALUES ('grada 1', 'espectaculo 639', 'teatro', '2020-07-04', 'productora 639', '2022-09-01 18:00:00', 'Calle de las flores número 639 puerta C');
INSERT INTO gradas VALUES ('grada 2', 'espectaculo 639', 'teatro', '2020-07-04', 'productora 639', '2022-09-01 18:00:00', 'Calle de las flores número 639 puerta C');
INSERT INTO gradas VALUES ('grada 3', 'espectaculo 639', 'teatro', '2020-07-04', 'productora 639', '2022-09-01 18:00:00', 'Calle de las flores número 639 puerta C');
INSERT INTO espectaculos VALUES ('espectaculo 640', 'entrevista', '2001-11-26', 'productora 640', 'lista participantes 640', 5, '00:15:00', '00:45:00', '00:25:00');
INSERT INTO eventos VALUES ('espectaculo 640', 'entrevista', '2001-11-26', 'productora 640', '2022-09-01 18:00:00', 'Calle de las flores número 640 puerta C','Abierto');
INSERT INTO eventos VALUES ('espectaculo 640', 'entrevista', '2001-11-26', 'productora 640', '2020-09-01 03:00:00', 'Calle de las flores número 640 puerta C','Abierto');
INSERT INTO gradas VALUES ('grada 1', 'espectaculo 640', 'entrevista', '2001-11-26', 'productora 640', '2022-09-01 18:00:00', 'Calle de las flores número 640 puerta C');
INSERT INTO gradas VALUES ('grada 2', 'espectaculo 640', 'entrevista', '2001-11-26', 'productora 640', '2022-09-01 18:00:00', 'Calle de las flores número 640 puerta C');
INSERT INTO gradas VALUES ('grada 3', 'espectaculo 640', 'entrevista', '2001-11-26', 'productora 640', '2022-09-01 18:00:00', 'Calle de las flores número 640 puerta C');
INSERT INTO espectaculos VALUES ('espectaculo 641', 'deportivo', '2004-07-05', 'productora 641', 'lista participantes 641', 7, '00:17:00', '00:55:00', '00:15:00');
INSERT INTO eventos VALUES ('espectaculo 641', 'deportivo', '2004-07-05', 'productora 641', '2022-09-01 18:00:00', 'Calle de las flores número 641 puerta C','Abierto');
INSERT INTO eventos VALUES ('espectaculo 641', 'deportivo', '2004-07-05', 'productora 641', '2020-09-01 03:00:00', 'Calle de las flores número 641 puerta C','Abierto');
INSERT INTO gradas VALUES ('grada 1', 'espectaculo 641', 'deportivo', '2004-07-05', 'productora 641', '2022-09-01 18:00:00', 'Calle de las flores número 641 puerta C');
INSERT INTO gradas VALUES ('grada 2', 'espectaculo 641', 'deportivo', '2004-07-05', 'productora 641', '2022-09-01 18:00:00', 'Calle de las flores número 641 puerta C');
INSERT INTO gradas VALUES ('grada 3', 'espectaculo 641', 'deportivo', '2004-07-05', 'productora 641', '2022-09-01 18:00:00', 'Calle de las flores número 641 puerta C');
INSERT INTO espectaculos VALUES ('espectaculo 642', 'teatro', '1987-07-08', 'productora 642', 'lista participantes 642', 6, '00:18:00', '00:58:00', '00:28:00');
INSERT INTO eventos VALUES ('espectaculo 642', 'teatro', '1987-07-08', 'productora 642', '2022-09-01 18:00:00', 'Calle de las flores número 642 puerta C','Abierto');
INSERT INTO eventos VALUES ('espectaculo 642', 'teatro', '1987-07-08', 'productora 642', '2020-09-01 03:00:00', 'Calle de las flores número 642 puerta C','Abierto');
INSERT INTO gradas VALUES ('grada 1', 'espectaculo 642', 'teatro', '1987-07-08', 'productora 642', '2022-09-01 18:00:00', 'Calle de las flores número 642 puerta C');
INSERT INTO gradas VALUES ('grada 2', 'espectaculo 642', 'teatro', '1987-07-08', 'productora 642', '2022-09-01 18:00:00', 'Calle de las flores número 642 puerta C');
INSERT INTO gradas VALUES ('grada 3', 'espectaculo 642', 'teatro', '1987-07-08', 'productora 642', '2022-09-01 18:00:00', 'Calle de las flores número 642 puerta C');
INSERT INTO espectaculos VALUES ('espectaculo 643', 'concierto', '2018-10-05', 'productora 643', 'lista participantes 643', 8, '00:15:00', '00:17:00', '00:27:00');
INSERT INTO eventos VALUES ('espectaculo 643', 'concierto', '2018-10-05', 'productora 643', '2022-09-01 18:00:00', 'Calle de las flores número 643 puerta C','Abierto');
INSERT INTO eventos VALUES ('espectaculo 643', 'concierto', '2018-10-05', 'productora 643', '2020-09-01 03:00:00', 'Calle de las flores número 643 puerta C','Abierto');
INSERT INTO gradas VALUES ('grada 1', 'espectaculo 643', 'concierto', '2018-10-05', 'productora 643', '2022-09-01 18:00:00', 'Calle de las flores número 643 puerta C');
INSERT INTO gradas VALUES ('grada 2', 'espectaculo 643', 'concierto', '2018-10-05', 'productora 643', '2022-09-01 18:00:00', 'Calle de las flores número 643 puerta C');
INSERT INTO gradas VALUES ('grada 3', 'espectaculo 643', 'concierto', '2018-10-05', 'productora 643', '2022-09-01 18:00:00', 'Calle de las flores número 643 puerta C');
INSERT INTO espectaculos VALUES ('espectaculo 644', 'entrevista', '2008-04-07', 'productora 644', 'lista participantes 644', 1, '00:19:00', '00:27:00', '00:21:00');
INSERT INTO eventos VALUES ('espectaculo 644', 'entrevista', '2008-04-07', 'productora 644', '2022-09-01 18:00:00', 'Calle de las flores número 644 puerta C','Abierto');
INSERT INTO eventos VALUES ('espectaculo 644', 'entrevista', '2008-04-07', 'productora 644', '2020-09-01 03:00:00', 'Calle de las flores número 644 puerta C','Abierto');
INSERT INTO gradas VALUES ('grada 1', 'espectaculo 644', 'entrevista', '2008-04-07', 'productora 644', '2022-09-01 18:00:00', 'Calle de las flores número 644 puerta C');
INSERT INTO gradas VALUES ('grada 2', 'espectaculo 644', 'entrevista', '2008-04-07', 'productora 644', '2022-09-01 18:00:00', 'Calle de las flores número 644 puerta C');
INSERT INTO gradas VALUES ('grada 3', 'espectaculo 644', 'entrevista', '2008-04-07', 'productora 644', '2022-09-01 18:00:00', 'Calle de las flores número 644 puerta C');
INSERT INTO espectaculos VALUES ('espectaculo 645', 'concierto', '1996-06-21', 'productora 645', 'lista participantes 645', 3, '00:19:00', '00:17:00', '00:17:00');
INSERT INTO eventos VALUES ('espectaculo 645', 'concierto', '1996-06-21', 'productora 645', '2022-09-01 18:00:00', 'Calle de las flores número 645 puerta C','Abierto');
INSERT INTO eventos VALUES ('espectaculo 645', 'concierto', '1996-06-21', 'productora 645', '2020-09-01 03:00:00', 'Calle de las flores número 645 puerta C','Abierto');
INSERT INTO gradas VALUES ('grada 1', 'espectaculo 645', 'concierto', '1996-06-21', 'productora 645', '2022-09-01 18:00:00', 'Calle de las flores número 645 puerta C');
INSERT INTO gradas VALUES ('grada 2', 'espectaculo 645', 'concierto', '1996-06-21', 'productora 645', '2022-09-01 18:00:00', 'Calle de las flores número 645 puerta C');
INSERT INTO gradas VALUES ('grada 3', 'espectaculo 645', 'concierto', '1996-06-21', 'productora 645', '2022-09-01 18:00:00', 'Calle de las flores número 645 puerta C');
INSERT INTO espectaculos VALUES ('espectaculo 646', 'deportivo', '2005-11-13', 'productora 646', 'lista participantes 646', 1, '00:18:00', '00:17:00', '00:17:00');
INSERT INTO eventos VALUES ('espectaculo 646', 'deportivo', '2005-11-13', 'productora 646', '2022-09-01 18:00:00', 'Calle de las flores número 646 puerta C','Abierto');
INSERT INTO eventos VALUES ('espectaculo 646', 'deportivo', '2005-11-13', 'productora 646', '2020-09-01 03:00:00', 'Calle de las flores número 646 puerta C','Abierto');
INSERT INTO gradas VALUES ('grada 1', 'espectaculo 646', 'deportivo', '2005-11-13', 'productora 646', '2022-09-01 18:00:00', 'Calle de las flores número 646 puerta C');
INSERT INTO gradas VALUES ('grada 2', 'espectaculo 646', 'deportivo', '2005-11-13', 'productora 646', '2022-09-01 18:00:00', 'Calle de las flores número 646 puerta C');
INSERT INTO gradas VALUES ('grada 3', 'espectaculo 646', 'deportivo', '2005-11-13', 'productora 646', '2022-09-01 18:00:00', 'Calle de las flores número 646 puerta C');
INSERT INTO espectaculos VALUES ('espectaculo 647', 'teatro', '2005-10-19', 'productora 647', 'lista participantes 647', 8, '00:19:00', '00:15:00', '00:17:00');
INSERT INTO eventos VALUES ('espectaculo 647', 'teatro', '2005-10-19', 'productora 647', '2022-09-01 18:00:00', 'Calle de las flores número 647 puerta C','Abierto');
INSERT INTO eventos VALUES ('espectaculo 647', 'teatro', '2005-10-19', 'productora 647', '2020-09-01 03:00:00', 'Calle de las flores número 647 puerta C','Abierto');
INSERT INTO gradas VALUES ('grada 1', 'espectaculo 647', 'teatro', '2005-10-19', 'productora 647', '2022-09-01 18:00:00', 'Calle de las flores número 647 puerta C');
INSERT INTO gradas VALUES ('grada 2', 'espectaculo 647', 'teatro', '2005-10-19', 'productora 647', '2022-09-01 18:00:00', 'Calle de las flores número 647 puerta C');
INSERT INTO gradas VALUES ('grada 3', 'espectaculo 647', 'teatro', '2005-10-19', 'productora 647', '2022-09-01 18:00:00', 'Calle de las flores número 647 puerta C');
INSERT INTO espectaculos VALUES ('espectaculo 648', 'pelicula', '1996-10-27', 'productora 648', 'lista participantes 648', 4, '00:13:00', '00:58:00', '00:25:00');
INSERT INTO eventos VALUES ('espectaculo 648', 'pelicula', '1996-10-27', 'productora 648', '2022-09-01 18:00:00', 'Calle de las flores número 648 puerta C','Abierto');
INSERT INTO eventos VALUES ('espectaculo 648', 'pelicula', '1996-10-27', 'productora 648', '2020-09-01 03:00:00', 'Calle de las flores número 648 puerta C','Abierto');
INSERT INTO gradas VALUES ('grada 1', 'espectaculo 648', 'pelicula', '1996-10-27', 'productora 648', '2022-09-01 18:00:00', 'Calle de las flores número 648 puerta C');
INSERT INTO gradas VALUES ('grada 2', 'espectaculo 648', 'pelicula', '1996-10-27', 'productora 648', '2022-09-01 18:00:00', 'Calle de las flores número 648 puerta C');
INSERT INTO gradas VALUES ('grada 3', 'espectaculo 648', 'pelicula', '1996-10-27', 'productora 648', '2022-09-01 18:00:00', 'Calle de las flores número 648 puerta C');
INSERT INTO espectaculos VALUES ('espectaculo 649', 'entrevista', '2003-09-26', 'productora 649', 'lista participantes 649', 8, '00:19:00', '00:55:00', '00:16:00');
INSERT INTO eventos VALUES ('espectaculo 649', 'entrevista', '2003-09-26', 'productora 649', '2022-09-01 18:00:00', 'Calle de las flores número 649 puerta C','Abierto');
INSERT INTO eventos VALUES ('espectaculo 649', 'entrevista', '2003-09-26', 'productora 649', '2020-09-01 03:00:00', 'Calle de las flores número 649 puerta C','Abierto');
INSERT INTO gradas VALUES ('grada 1', 'espectaculo 649', 'entrevista', '2003-09-26', 'productora 649', '2022-09-01 18:00:00', 'Calle de las flores número 649 puerta C');
INSERT INTO gradas VALUES ('grada 2', 'espectaculo 649', 'entrevista', '2003-09-26', 'productora 649', '2022-09-01 18:00:00', 'Calle de las flores número 649 puerta C');
INSERT INTO gradas VALUES ('grada 3', 'espectaculo 649', 'entrevista', '2003-09-26', 'productora 649', '2022-09-01 18:00:00', 'Calle de las flores número 649 puerta C');
INSERT INTO espectaculos VALUES ('espectaculo 650', 'deportivo', '2020-07-08', 'productora 650', 'lista participantes 650', 6, '00:16:00', '00:19:00', '00:29:00');
INSERT INTO eventos VALUES ('espectaculo 650', 'deportivo', '2020-07-08', 'productora 650', '2022-09-01 18:00:00', 'Calle de las flores número 650 puerta C','Abierto');
INSERT INTO eventos VALUES ('espectaculo 650', 'deportivo', '2020-07-08', 'productora 650', '2020-09-01 03:00:00', 'Calle de las flores número 650 puerta C','Abierto');
INSERT INTO gradas VALUES ('grada 1', 'espectaculo 650', 'deportivo', '2020-07-08', 'productora 650', '2022-09-01 18:00:00', 'Calle de las flores número 650 puerta C');
INSERT INTO gradas VALUES ('grada 2', 'espectaculo 650', 'deportivo', '2020-07-08', 'productora 650', '2022-09-01 18:00:00', 'Calle de las flores número 650 puerta C');
INSERT INTO gradas VALUES ('grada 3', 'espectaculo 650', 'deportivo', '2020-07-08', 'productora 650', '2022-09-01 18:00:00', 'Calle de las flores número 650 puerta C');
INSERT INTO espectaculos VALUES ('espectaculo 651', 'concierto', '1999-11-02', 'productora 651', 'lista participantes 651', 9, '00:12:00', '00:34:00', '00:21:00');
INSERT INTO eventos VALUES ('espectaculo 651', 'concierto', '1999-11-02', 'productora 651', '2022-09-01 18:00:00', 'Calle de las flores número 651 puerta C','Abierto');
INSERT INTO eventos VALUES ('espectaculo 651', 'concierto', '1999-11-02', 'productora 651', '2020-09-01 03:00:00', 'Calle de las flores número 651 puerta C','Abierto');
INSERT INTO gradas VALUES ('grada 1', 'espectaculo 651', 'concierto', '1999-11-02', 'productora 651', '2022-09-01 18:00:00', 'Calle de las flores número 651 puerta C');
INSERT INTO gradas VALUES ('grada 2', 'espectaculo 651', 'concierto', '1999-11-02', 'productora 651', '2022-09-01 18:00:00', 'Calle de las flores número 651 puerta C');
INSERT INTO gradas VALUES ('grada 3', 'espectaculo 651', 'concierto', '1999-11-02', 'productora 651', '2022-09-01 18:00:00', 'Calle de las flores número 651 puerta C');
INSERT INTO espectaculos VALUES ('espectaculo 652', 'pelicula', '1987-08-03', 'productora 652', 'lista participantes 652', 6, '00:18:00', '00:50:00', '00:21:00');
INSERT INTO eventos VALUES ('espectaculo 652', 'pelicula', '1987-08-03', 'productora 652', '2022-09-01 18:00:00', 'Calle de las flores número 652 puerta C','Abierto');
INSERT INTO eventos VALUES ('espectaculo 652', 'pelicula', '1987-08-03', 'productora 652', '2020-09-01 03:00:00', 'Calle de las flores número 652 puerta C','Abierto');
INSERT INTO gradas VALUES ('grada 1', 'espectaculo 652', 'pelicula', '1987-08-03', 'productora 652', '2022-09-01 18:00:00', 'Calle de las flores número 652 puerta C');
INSERT INTO gradas VALUES ('grada 2', 'espectaculo 652', 'pelicula', '1987-08-03', 'productora 652', '2022-09-01 18:00:00', 'Calle de las flores número 652 puerta C');
INSERT INTO gradas VALUES ('grada 3', 'espectaculo 652', 'pelicula', '1987-08-03', 'productora 652', '2022-09-01 18:00:00', 'Calle de las flores número 652 puerta C');
INSERT INTO espectaculos VALUES ('espectaculo 653', 'deportivo', '1986-07-23', 'productora 653', 'lista participantes 653', 1, '00:14:00', '00:59:00', '00:25:00');
INSERT INTO eventos VALUES ('espectaculo 653', 'deportivo', '1986-07-23', 'productora 653', '2022-09-01 18:00:00', 'Calle de las flores número 653 puerta C','Abierto');
INSERT INTO eventos VALUES ('espectaculo 653', 'deportivo', '1986-07-23', 'productora 653', '2020-09-01 03:00:00', 'Calle de las flores número 653 puerta C','Abierto');
INSERT INTO gradas VALUES ('grada 1', 'espectaculo 653', 'deportivo', '1986-07-23', 'productora 653', '2022-09-01 18:00:00', 'Calle de las flores número 653 puerta C');
INSERT INTO gradas VALUES ('grada 2', 'espectaculo 653', 'deportivo', '1986-07-23', 'productora 653', '2022-09-01 18:00:00', 'Calle de las flores número 653 puerta C');
INSERT INTO gradas VALUES ('grada 3', 'espectaculo 653', 'deportivo', '1986-07-23', 'productora 653', '2022-09-01 18:00:00', 'Calle de las flores número 653 puerta C');
INSERT INTO espectaculos VALUES ('espectaculo 654', 'concierto', '1992-04-26', 'productora 654', 'lista participantes 654', 7, '00:12:00', '00:30:00', '00:25:00');
INSERT INTO eventos VALUES ('espectaculo 654', 'concierto', '1992-04-26', 'productora 654', '2022-09-01 18:00:00', 'Calle de las flores número 654 puerta C','Abierto');
INSERT INTO eventos VALUES ('espectaculo 654', 'concierto', '1992-04-26', 'productora 654', '2020-09-01 03:00:00', 'Calle de las flores número 654 puerta C','Abierto');
INSERT INTO gradas VALUES ('grada 1', 'espectaculo 654', 'concierto', '1992-04-26', 'productora 654', '2022-09-01 18:00:00', 'Calle de las flores número 654 puerta C');
INSERT INTO gradas VALUES ('grada 2', 'espectaculo 654', 'concierto', '1992-04-26', 'productora 654', '2022-09-01 18:00:00', 'Calle de las flores número 654 puerta C');
INSERT INTO gradas VALUES ('grada 3', 'espectaculo 654', 'concierto', '1992-04-26', 'productora 654', '2022-09-01 18:00:00', 'Calle de las flores número 654 puerta C');
INSERT INTO espectaculos VALUES ('espectaculo 655', 'pelicula', '1990-05-01', 'productora 655', 'lista participantes 655', 5, '00:16:00', '00:26:00', '00:24:00');
INSERT INTO eventos VALUES ('espectaculo 655', 'pelicula', '1990-05-01', 'productora 655', '2022-09-01 18:00:00', 'Calle de las flores número 655 puerta C','Abierto');
INSERT INTO eventos VALUES ('espectaculo 655', 'pelicula', '1990-05-01', 'productora 655', '2020-09-01 03:00:00', 'Calle de las flores número 655 puerta C','Abierto');
INSERT INTO gradas VALUES ('grada 1', 'espectaculo 655', 'pelicula', '1990-05-01', 'productora 655', '2022-09-01 18:00:00', 'Calle de las flores número 655 puerta C');
INSERT INTO gradas VALUES ('grada 2', 'espectaculo 655', 'pelicula', '1990-05-01', 'productora 655', '2022-09-01 18:00:00', 'Calle de las flores número 655 puerta C');
INSERT INTO gradas VALUES ('grada 3', 'espectaculo 655', 'pelicula', '1990-05-01', 'productora 655', '2022-09-01 18:00:00', 'Calle de las flores número 655 puerta C');
INSERT INTO espectaculos VALUES ('espectaculo 656', 'deportivo', '1996-06-13', 'productora 656', 'lista participantes 656', 5, '00:13:00', '00:37:00', '00:19:00');
INSERT INTO eventos VALUES ('espectaculo 656', 'deportivo', '1996-06-13', 'productora 656', '2022-09-01 18:00:00', 'Calle de las flores número 656 puerta C','Abierto');
INSERT INTO eventos VALUES ('espectaculo 656', 'deportivo', '1996-06-13', 'productora 656', '2020-09-01 03:00:00', 'Calle de las flores número 656 puerta C','Abierto');
INSERT INTO gradas VALUES ('grada 1', 'espectaculo 656', 'deportivo', '1996-06-13', 'productora 656', '2022-09-01 18:00:00', 'Calle de las flores número 656 puerta C');
INSERT INTO gradas VALUES ('grada 2', 'espectaculo 656', 'deportivo', '1996-06-13', 'productora 656', '2022-09-01 18:00:00', 'Calle de las flores número 656 puerta C');
INSERT INTO gradas VALUES ('grada 3', 'espectaculo 656', 'deportivo', '1996-06-13', 'productora 656', '2022-09-01 18:00:00', 'Calle de las flores número 656 puerta C');
INSERT INTO espectaculos VALUES ('espectaculo 657', 'pelicula', '1993-04-15', 'productora 657', 'lista participantes 657', 7, '00:15:00', '00:46:00', '00:24:00');
INSERT INTO eventos VALUES ('espectaculo 657', 'pelicula', '1993-04-15', 'productora 657', '2022-09-01 18:00:00', 'Calle de las flores número 657 puerta C','Abierto');
INSERT INTO eventos VALUES ('espectaculo 657', 'pelicula', '1993-04-15', 'productora 657', '2020-09-01 03:00:00', 'Calle de las flores número 657 puerta C','Abierto');
INSERT INTO gradas VALUES ('grada 1', 'espectaculo 657', 'pelicula', '1993-04-15', 'productora 657', '2022-09-01 18:00:00', 'Calle de las flores número 657 puerta C');
INSERT INTO gradas VALUES ('grada 2', 'espectaculo 657', 'pelicula', '1993-04-15', 'productora 657', '2022-09-01 18:00:00', 'Calle de las flores número 657 puerta C');
INSERT INTO gradas VALUES ('grada 3', 'espectaculo 657', 'pelicula', '1993-04-15', 'productora 657', '2022-09-01 18:00:00', 'Calle de las flores número 657 puerta C');
INSERT INTO espectaculos VALUES ('espectaculo 658', 'concierto', '1987-02-04', 'productora 658', 'lista participantes 658', 2, '00:11:00', '00:49:00', '00:18:00');
INSERT INTO eventos VALUES ('espectaculo 658', 'concierto', '1987-02-04', 'productora 658', '2022-09-01 18:00:00', 'Calle de las flores número 658 puerta C','Abierto');
INSERT INTO eventos VALUES ('espectaculo 658', 'concierto', '1987-02-04', 'productora 658', '2020-09-01 03:00:00', 'Calle de las flores número 658 puerta C','Abierto');
INSERT INTO gradas VALUES ('grada 1', 'espectaculo 658', 'concierto', '1987-02-04', 'productora 658', '2022-09-01 18:00:00', 'Calle de las flores número 658 puerta C');
INSERT INTO gradas VALUES ('grada 2', 'espectaculo 658', 'concierto', '1987-02-04', 'productora 658', '2022-09-01 18:00:00', 'Calle de las flores número 658 puerta C');
INSERT INTO gradas VALUES ('grada 3', 'espectaculo 658', 'concierto', '1987-02-04', 'productora 658', '2022-09-01 18:00:00', 'Calle de las flores número 658 puerta C');
INSERT INTO espectaculos VALUES ('espectaculo 659', 'deportivo', '2001-05-01', 'productora 659', 'lista participantes 659', 4, '00:16:00', '00:43:00', '00:17:00');
INSERT INTO eventos VALUES ('espectaculo 659', 'deportivo', '2001-05-01', 'productora 659', '2022-09-01 18:00:00', 'Calle de las flores número 659 puerta C','Abierto');
INSERT INTO eventos VALUES ('espectaculo 659', 'deportivo', '2001-05-01', 'productora 659', '2020-09-01 03:00:00', 'Calle de las flores número 659 puerta C','Abierto');
INSERT INTO gradas VALUES ('grada 1', 'espectaculo 659', 'deportivo', '2001-05-01', 'productora 659', '2022-09-01 18:00:00', 'Calle de las flores número 659 puerta C');
INSERT INTO gradas VALUES ('grada 2', 'espectaculo 659', 'deportivo', '2001-05-01', 'productora 659', '2022-09-01 18:00:00', 'Calle de las flores número 659 puerta C');
INSERT INTO gradas VALUES ('grada 3', 'espectaculo 659', 'deportivo', '2001-05-01', 'productora 659', '2022-09-01 18:00:00', 'Calle de las flores número 659 puerta C');
INSERT INTO espectaculos VALUES ('espectaculo 660', 'pelicula', '2002-02-16', 'productora 660', 'lista participantes 660', 9, '00:13:00', '00:33:00', '00:20:00');
INSERT INTO eventos VALUES ('espectaculo 660', 'pelicula', '2002-02-16', 'productora 660', '2022-09-01 18:00:00', 'Calle de las flores número 660 puerta C','Abierto');
INSERT INTO eventos VALUES ('espectaculo 660', 'pelicula', '2002-02-16', 'productora 660', '2020-09-01 03:00:00', 'Calle de las flores número 660 puerta C','Abierto');
INSERT INTO gradas VALUES ('grada 1', 'espectaculo 660', 'pelicula', '2002-02-16', 'productora 660', '2022-09-01 18:00:00', 'Calle de las flores número 660 puerta C');
INSERT INTO gradas VALUES ('grada 2', 'espectaculo 660', 'pelicula', '2002-02-16', 'productora 660', '2022-09-01 18:00:00', 'Calle de las flores número 660 puerta C');
INSERT INTO gradas VALUES ('grada 3', 'espectaculo 660', 'pelicula', '2002-02-16', 'productora 660', '2022-09-01 18:00:00', 'Calle de las flores número 660 puerta C');
INSERT INTO espectaculos VALUES ('espectaculo 661', 'deportivo', '2000-10-25', 'productora 661', 'lista participantes 661', 4, '00:12:00', '00:46:00', '00:15:00');
INSERT INTO eventos VALUES ('espectaculo 661', 'deportivo', '2000-10-25', 'productora 661', '2022-09-01 18:00:00', 'Calle de las flores número 661 puerta C','Abierto');
INSERT INTO eventos VALUES ('espectaculo 661', 'deportivo', '2000-10-25', 'productora 661', '2020-09-01 03:00:00', 'Calle de las flores número 661 puerta C','Abierto');
INSERT INTO gradas VALUES ('grada 1', 'espectaculo 661', 'deportivo', '2000-10-25', 'productora 661', '2022-09-01 18:00:00', 'Calle de las flores número 661 puerta C');
INSERT INTO gradas VALUES ('grada 2', 'espectaculo 661', 'deportivo', '2000-10-25', 'productora 661', '2022-09-01 18:00:00', 'Calle de las flores número 661 puerta C');
INSERT INTO gradas VALUES ('grada 3', 'espectaculo 661', 'deportivo', '2000-10-25', 'productora 661', '2022-09-01 18:00:00', 'Calle de las flores número 661 puerta C');
INSERT INTO espectaculos VALUES ('espectaculo 662', 'entrevista', '1990-05-06', 'productora 662', 'lista participantes 662', 3, '00:14:00', '00:43:00', '00:28:00');
INSERT INTO eventos VALUES ('espectaculo 662', 'entrevista', '1990-05-06', 'productora 662', '2022-09-01 18:00:00', 'Calle de las flores número 662 puerta C','Abierto');
INSERT INTO eventos VALUES ('espectaculo 662', 'entrevista', '1990-05-06', 'productora 662', '2020-09-01 03:00:00', 'Calle de las flores número 662 puerta C','Abierto');
INSERT INTO gradas VALUES ('grada 1', 'espectaculo 662', 'entrevista', '1990-05-06', 'productora 662', '2022-09-01 18:00:00', 'Calle de las flores número 662 puerta C');
INSERT INTO gradas VALUES ('grada 2', 'espectaculo 662', 'entrevista', '1990-05-06', 'productora 662', '2022-09-01 18:00:00', 'Calle de las flores número 662 puerta C');
INSERT INTO gradas VALUES ('grada 3', 'espectaculo 662', 'entrevista', '1990-05-06', 'productora 662', '2022-09-01 18:00:00', 'Calle de las flores número 662 puerta C');
INSERT INTO espectaculos VALUES ('espectaculo 663', 'concierto', '1985-07-04', 'productora 663', 'lista participantes 663', 5, '00:15:00', '00:46:00', '00:16:00');
INSERT INTO eventos VALUES ('espectaculo 663', 'concierto', '1985-07-04', 'productora 663', '2022-09-01 18:00:00', 'Calle de las flores número 663 puerta C','Abierto');
INSERT INTO eventos VALUES ('espectaculo 663', 'concierto', '1985-07-04', 'productora 663', '2020-09-01 03:00:00', 'Calle de las flores número 663 puerta C','Abierto');
INSERT INTO gradas VALUES ('grada 1', 'espectaculo 663', 'concierto', '1985-07-04', 'productora 663', '2022-09-01 18:00:00', 'Calle de las flores número 663 puerta C');
INSERT INTO gradas VALUES ('grada 2', 'espectaculo 663', 'concierto', '1985-07-04', 'productora 663', '2022-09-01 18:00:00', 'Calle de las flores número 663 puerta C');
INSERT INTO gradas VALUES ('grada 3', 'espectaculo 663', 'concierto', '1985-07-04', 'productora 663', '2022-09-01 18:00:00', 'Calle de las flores número 663 puerta C');
INSERT INTO espectaculos VALUES ('espectaculo 664', 'pelicula', '1995-05-12', 'productora 664', 'lista participantes 664', 7, '00:14:00', '00:34:00', '00:24:00');
INSERT INTO eventos VALUES ('espectaculo 664', 'pelicula', '1995-05-12', 'productora 664', '2022-09-01 18:00:00', 'Calle de las flores número 664 puerta C','Abierto');
INSERT INTO eventos VALUES ('espectaculo 664', 'pelicula', '1995-05-12', 'productora 664', '2020-09-01 03:00:00', 'Calle de las flores número 664 puerta C','Abierto');
INSERT INTO gradas VALUES ('grada 1', 'espectaculo 664', 'pelicula', '1995-05-12', 'productora 664', '2022-09-01 18:00:00', 'Calle de las flores número 664 puerta C');
INSERT INTO gradas VALUES ('grada 2', 'espectaculo 664', 'pelicula', '1995-05-12', 'productora 664', '2022-09-01 18:00:00', 'Calle de las flores número 664 puerta C');
INSERT INTO gradas VALUES ('grada 3', 'espectaculo 664', 'pelicula', '1995-05-12', 'productora 664', '2022-09-01 18:00:00', 'Calle de las flores número 664 puerta C');
INSERT INTO espectaculos VALUES ('espectaculo 665', 'pelicula', '1998-04-26', 'productora 665', 'lista participantes 665', 1, '00:11:00', '00:15:00', '00:27:00');
INSERT INTO eventos VALUES ('espectaculo 665', 'pelicula', '1998-04-26', 'productora 665', '2022-09-01 18:00:00', 'Calle de las flores número 665 puerta C','Abierto');
INSERT INTO eventos VALUES ('espectaculo 665', 'pelicula', '1998-04-26', 'productora 665', '2020-09-01 03:00:00', 'Calle de las flores número 665 puerta C','Abierto');
INSERT INTO gradas VALUES ('grada 1', 'espectaculo 665', 'pelicula', '1998-04-26', 'productora 665', '2022-09-01 18:00:00', 'Calle de las flores número 665 puerta C');
INSERT INTO gradas VALUES ('grada 2', 'espectaculo 665', 'pelicula', '1998-04-26', 'productora 665', '2022-09-01 18:00:00', 'Calle de las flores número 665 puerta C');
INSERT INTO gradas VALUES ('grada 3', 'espectaculo 665', 'pelicula', '1998-04-26', 'productora 665', '2022-09-01 18:00:00', 'Calle de las flores número 665 puerta C');
INSERT INTO espectaculos VALUES ('espectaculo 666', 'pelicula', '1999-01-27', 'productora 666', 'lista participantes 666', 6, '00:10:00', '00:56:00', '00:17:00');
INSERT INTO eventos VALUES ('espectaculo 666', 'pelicula', '1999-01-27', 'productora 666', '2022-09-01 18:00:00', 'Calle de las flores número 666 puerta C','Abierto');
INSERT INTO eventos VALUES ('espectaculo 666', 'pelicula', '1999-01-27', 'productora 666', '2020-09-01 03:00:00', 'Calle de las flores número 666 puerta C','Abierto');
INSERT INTO gradas VALUES ('grada 1', 'espectaculo 666', 'pelicula', '1999-01-27', 'productora 666', '2022-09-01 18:00:00', 'Calle de las flores número 666 puerta C');
INSERT INTO gradas VALUES ('grada 2', 'espectaculo 666', 'pelicula', '1999-01-27', 'productora 666', '2022-09-01 18:00:00', 'Calle de las flores número 666 puerta C');
INSERT INTO gradas VALUES ('grada 3', 'espectaculo 666', 'pelicula', '1999-01-27', 'productora 666', '2022-09-01 18:00:00', 'Calle de las flores número 666 puerta C');
INSERT INTO espectaculos VALUES ('espectaculo 667', 'concierto', '2020-09-04', 'productora 667', 'lista participantes 667', 6, '00:18:00', '00:57:00', '00:21:00');
INSERT INTO eventos VALUES ('espectaculo 667', 'concierto', '2020-09-04', 'productora 667', '2022-09-01 18:00:00', 'Calle de las flores número 667 puerta C','Abierto');
INSERT INTO eventos VALUES ('espectaculo 667', 'concierto', '2020-09-04', 'productora 667', '2020-09-01 03:00:00', 'Calle de las flores número 667 puerta C','Abierto');
INSERT INTO gradas VALUES ('grada 1', 'espectaculo 667', 'concierto', '2020-09-04', 'productora 667', '2022-09-01 18:00:00', 'Calle de las flores número 667 puerta C');
INSERT INTO gradas VALUES ('grada 2', 'espectaculo 667', 'concierto', '2020-09-04', 'productora 667', '2022-09-01 18:00:00', 'Calle de las flores número 667 puerta C');
INSERT INTO gradas VALUES ('grada 3', 'espectaculo 667', 'concierto', '2020-09-04', 'productora 667', '2022-09-01 18:00:00', 'Calle de las flores número 667 puerta C');
INSERT INTO espectaculos VALUES ('espectaculo 668', 'teatro', '2009-11-07', 'productora 668', 'lista participantes 668', 4, '00:17:00', '00:26:00', '00:27:00');
INSERT INTO eventos VALUES ('espectaculo 668', 'teatro', '2009-11-07', 'productora 668', '2022-09-01 18:00:00', 'Calle de las flores número 668 puerta C','Abierto');
INSERT INTO eventos VALUES ('espectaculo 668', 'teatro', '2009-11-07', 'productora 668', '2020-09-01 03:00:00', 'Calle de las flores número 668 puerta C','Abierto');
INSERT INTO gradas VALUES ('grada 1', 'espectaculo 668', 'teatro', '2009-11-07', 'productora 668', '2022-09-01 18:00:00', 'Calle de las flores número 668 puerta C');
INSERT INTO gradas VALUES ('grada 2', 'espectaculo 668', 'teatro', '2009-11-07', 'productora 668', '2022-09-01 18:00:00', 'Calle de las flores número 668 puerta C');
INSERT INTO gradas VALUES ('grada 3', 'espectaculo 668', 'teatro', '2009-11-07', 'productora 668', '2022-09-01 18:00:00', 'Calle de las flores número 668 puerta C');
INSERT INTO espectaculos VALUES ('espectaculo 669', 'deportivo', '2000-01-22', 'productora 669', 'lista participantes 669', 2, '00:17:00', '00:24:00', '00:16:00');
INSERT INTO eventos VALUES ('espectaculo 669', 'deportivo', '2000-01-22', 'productora 669', '2022-09-01 18:00:00', 'Calle de las flores número 669 puerta C','Abierto');
INSERT INTO eventos VALUES ('espectaculo 669', 'deportivo', '2000-01-22', 'productora 669', '2020-09-01 03:00:00', 'Calle de las flores número 669 puerta C','Abierto');
INSERT INTO gradas VALUES ('grada 1', 'espectaculo 669', 'deportivo', '2000-01-22', 'productora 669', '2022-09-01 18:00:00', 'Calle de las flores número 669 puerta C');
INSERT INTO gradas VALUES ('grada 2', 'espectaculo 669', 'deportivo', '2000-01-22', 'productora 669', '2022-09-01 18:00:00', 'Calle de las flores número 669 puerta C');
INSERT INTO gradas VALUES ('grada 3', 'espectaculo 669', 'deportivo', '2000-01-22', 'productora 669', '2022-09-01 18:00:00', 'Calle de las flores número 669 puerta C');
INSERT INTO espectaculos VALUES ('espectaculo 670', 'entrevista', '2007-09-05', 'productora 670', 'lista participantes 670', 8, '00:14:00', '00:24:00', '00:20:00');
INSERT INTO eventos VALUES ('espectaculo 670', 'entrevista', '2007-09-05', 'productora 670', '2022-09-01 18:00:00', 'Calle de las flores número 670 puerta C','Abierto');
INSERT INTO eventos VALUES ('espectaculo 670', 'entrevista', '2007-09-05', 'productora 670', '2020-09-01 03:00:00', 'Calle de las flores número 670 puerta C','Abierto');
INSERT INTO gradas VALUES ('grada 1', 'espectaculo 670', 'entrevista', '2007-09-05', 'productora 670', '2022-09-01 18:00:00', 'Calle de las flores número 670 puerta C');
INSERT INTO gradas VALUES ('grada 2', 'espectaculo 670', 'entrevista', '2007-09-05', 'productora 670', '2022-09-01 18:00:00', 'Calle de las flores número 670 puerta C');
INSERT INTO gradas VALUES ('grada 3', 'espectaculo 670', 'entrevista', '2007-09-05', 'productora 670', '2022-09-01 18:00:00', 'Calle de las flores número 670 puerta C');
INSERT INTO espectaculos VALUES ('espectaculo 671', 'deportivo', '2013-09-04', 'productora 671', 'lista participantes 671', 6, '00:14:00', '00:30:00', '00:23:00');
INSERT INTO eventos VALUES ('espectaculo 671', 'deportivo', '2013-09-04', 'productora 671', '2022-09-01 18:00:00', 'Calle de las flores número 671 puerta C','Abierto');
INSERT INTO eventos VALUES ('espectaculo 671', 'deportivo', '2013-09-04', 'productora 671', '2020-09-01 03:00:00', 'Calle de las flores número 671 puerta C','Abierto');
INSERT INTO gradas VALUES ('grada 1', 'espectaculo 671', 'deportivo', '2013-09-04', 'productora 671', '2022-09-01 18:00:00', 'Calle de las flores número 671 puerta C');
INSERT INTO gradas VALUES ('grada 2', 'espectaculo 671', 'deportivo', '2013-09-04', 'productora 671', '2022-09-01 18:00:00', 'Calle de las flores número 671 puerta C');
INSERT INTO gradas VALUES ('grada 3', 'espectaculo 671', 'deportivo', '2013-09-04', 'productora 671', '2022-09-01 18:00:00', 'Calle de las flores número 671 puerta C');
INSERT INTO espectaculos VALUES ('espectaculo 672', 'teatro', '2020-07-13', 'productora 672', 'lista participantes 672', 5, '00:14:00', '00:20:00', '00:24:00');
INSERT INTO eventos VALUES ('espectaculo 672', 'teatro', '2020-07-13', 'productora 672', '2022-09-01 18:00:00', 'Calle de las flores número 672 puerta C','Abierto');
INSERT INTO eventos VALUES ('espectaculo 672', 'teatro', '2020-07-13', 'productora 672', '2020-09-01 03:00:00', 'Calle de las flores número 672 puerta C','Abierto');
INSERT INTO gradas VALUES ('grada 1', 'espectaculo 672', 'teatro', '2020-07-13', 'productora 672', '2022-09-01 18:00:00', 'Calle de las flores número 672 puerta C');
INSERT INTO gradas VALUES ('grada 2', 'espectaculo 672', 'teatro', '2020-07-13', 'productora 672', '2022-09-01 18:00:00', 'Calle de las flores número 672 puerta C');
INSERT INTO gradas VALUES ('grada 3', 'espectaculo 672', 'teatro', '2020-07-13', 'productora 672', '2022-09-01 18:00:00', 'Calle de las flores número 672 puerta C');
INSERT INTO espectaculos VALUES ('espectaculo 673', 'entrevista', '2005-05-17', 'productora 673', 'lista participantes 673', 2, '00:16:00', '00:15:00', '00:27:00');
INSERT INTO eventos VALUES ('espectaculo 673', 'entrevista', '2005-05-17', 'productora 673', '2022-09-01 18:00:00', 'Calle de las flores número 673 puerta C','Abierto');
INSERT INTO eventos VALUES ('espectaculo 673', 'entrevista', '2005-05-17', 'productora 673', '2020-09-01 03:00:00', 'Calle de las flores número 673 puerta C','Abierto');
INSERT INTO gradas VALUES ('grada 1', 'espectaculo 673', 'entrevista', '2005-05-17', 'productora 673', '2022-09-01 18:00:00', 'Calle de las flores número 673 puerta C');
INSERT INTO gradas VALUES ('grada 2', 'espectaculo 673', 'entrevista', '2005-05-17', 'productora 673', '2022-09-01 18:00:00', 'Calle de las flores número 673 puerta C');
INSERT INTO gradas VALUES ('grada 3', 'espectaculo 673', 'entrevista', '2005-05-17', 'productora 673', '2022-09-01 18:00:00', 'Calle de las flores número 673 puerta C');
INSERT INTO espectaculos VALUES ('espectaculo 674', 'concierto', '1998-02-11', 'productora 674', 'lista participantes 674', 5, '00:11:00', '00:49:00', '00:18:00');
INSERT INTO eventos VALUES ('espectaculo 674', 'concierto', '1998-02-11', 'productora 674', '2022-09-01 18:00:00', 'Calle de las flores número 674 puerta C','Abierto');
INSERT INTO eventos VALUES ('espectaculo 674', 'concierto', '1998-02-11', 'productora 674', '2020-09-01 03:00:00', 'Calle de las flores número 674 puerta C','Abierto');
INSERT INTO gradas VALUES ('grada 1', 'espectaculo 674', 'concierto', '1998-02-11', 'productora 674', '2022-09-01 18:00:00', 'Calle de las flores número 674 puerta C');
INSERT INTO gradas VALUES ('grada 2', 'espectaculo 674', 'concierto', '1998-02-11', 'productora 674', '2022-09-01 18:00:00', 'Calle de las flores número 674 puerta C');
INSERT INTO gradas VALUES ('grada 3', 'espectaculo 674', 'concierto', '1998-02-11', 'productora 674', '2022-09-01 18:00:00', 'Calle de las flores número 674 puerta C');
INSERT INTO espectaculos VALUES ('espectaculo 675', 'deportivo', '1994-05-03', 'productora 675', 'lista participantes 675', 2, '00:17:00', '00:31:00', '00:20:00');
INSERT INTO eventos VALUES ('espectaculo 675', 'deportivo', '1994-05-03', 'productora 675', '2022-09-01 18:00:00', 'Calle de las flores número 675 puerta C','Abierto');
INSERT INTO eventos VALUES ('espectaculo 675', 'deportivo', '1994-05-03', 'productora 675', '2020-09-01 03:00:00', 'Calle de las flores número 675 puerta C','Abierto');
INSERT INTO gradas VALUES ('grada 1', 'espectaculo 675', 'deportivo', '1994-05-03', 'productora 675', '2022-09-01 18:00:00', 'Calle de las flores número 675 puerta C');
INSERT INTO gradas VALUES ('grada 2', 'espectaculo 675', 'deportivo', '1994-05-03', 'productora 675', '2022-09-01 18:00:00', 'Calle de las flores número 675 puerta C');
INSERT INTO gradas VALUES ('grada 3', 'espectaculo 675', 'deportivo', '1994-05-03', 'productora 675', '2022-09-01 18:00:00', 'Calle de las flores número 675 puerta C');
INSERT INTO espectaculos VALUES ('espectaculo 676', 'entrevista', '2020-06-05', 'productora 676', 'lista participantes 676', 8, '00:18:00', '00:32:00', '00:28:00');
INSERT INTO eventos VALUES ('espectaculo 676', 'entrevista', '2020-06-05', 'productora 676', '2022-09-01 18:00:00', 'Calle de las flores número 676 puerta C','Abierto');
INSERT INTO eventos VALUES ('espectaculo 676', 'entrevista', '2020-06-05', 'productora 676', '2020-09-01 03:00:00', 'Calle de las flores número 676 puerta C','Abierto');
INSERT INTO gradas VALUES ('grada 1', 'espectaculo 676', 'entrevista', '2020-06-05', 'productora 676', '2022-09-01 18:00:00', 'Calle de las flores número 676 puerta C');
INSERT INTO gradas VALUES ('grada 2', 'espectaculo 676', 'entrevista', '2020-06-05', 'productora 676', '2022-09-01 18:00:00', 'Calle de las flores número 676 puerta C');
INSERT INTO gradas VALUES ('grada 3', 'espectaculo 676', 'entrevista', '2020-06-05', 'productora 676', '2022-09-01 18:00:00', 'Calle de las flores número 676 puerta C');
INSERT INTO espectaculos VALUES ('espectaculo 677', 'teatro', '1996-01-11', 'productora 677', 'lista participantes 677', 5, '00:19:00', '00:37:00', '00:27:00');
INSERT INTO eventos VALUES ('espectaculo 677', 'teatro', '1996-01-11', 'productora 677', '2022-09-01 18:00:00', 'Calle de las flores número 677 puerta C','Abierto');
INSERT INTO eventos VALUES ('espectaculo 677', 'teatro', '1996-01-11', 'productora 677', '2020-09-01 03:00:00', 'Calle de las flores número 677 puerta C','Abierto');
INSERT INTO gradas VALUES ('grada 1', 'espectaculo 677', 'teatro', '1996-01-11', 'productora 677', '2022-09-01 18:00:00', 'Calle de las flores número 677 puerta C');
INSERT INTO gradas VALUES ('grada 2', 'espectaculo 677', 'teatro', '1996-01-11', 'productora 677', '2022-09-01 18:00:00', 'Calle de las flores número 677 puerta C');
INSERT INTO gradas VALUES ('grada 3', 'espectaculo 677', 'teatro', '1996-01-11', 'productora 677', '2022-09-01 18:00:00', 'Calle de las flores número 677 puerta C');
INSERT INTO espectaculos VALUES ('espectaculo 678', 'teatro', '1988-02-24', 'productora 678', 'lista participantes 678', 3, '00:11:00', '00:50:00', '00:21:00');
INSERT INTO eventos VALUES ('espectaculo 678', 'teatro', '1988-02-24', 'productora 678', '2022-09-01 18:00:00', 'Calle de las flores número 678 puerta C','Abierto');
INSERT INTO eventos VALUES ('espectaculo 678', 'teatro', '1988-02-24', 'productora 678', '2020-09-01 03:00:00', 'Calle de las flores número 678 puerta C','Abierto');
INSERT INTO gradas VALUES ('grada 1', 'espectaculo 678', 'teatro', '1988-02-24', 'productora 678', '2022-09-01 18:00:00', 'Calle de las flores número 678 puerta C');
INSERT INTO gradas VALUES ('grada 2', 'espectaculo 678', 'teatro', '1988-02-24', 'productora 678', '2022-09-01 18:00:00', 'Calle de las flores número 678 puerta C');
INSERT INTO gradas VALUES ('grada 3', 'espectaculo 678', 'teatro', '1988-02-24', 'productora 678', '2022-09-01 18:00:00', 'Calle de las flores número 678 puerta C');
INSERT INTO espectaculos VALUES ('espectaculo 679', 'entrevista', '2003-07-07', 'productora 679', 'lista participantes 679', 7, '00:10:00', '00:41:00', '00:19:00');
INSERT INTO eventos VALUES ('espectaculo 679', 'entrevista', '2003-07-07', 'productora 679', '2022-09-01 18:00:00', 'Calle de las flores número 679 puerta C','Abierto');
INSERT INTO eventos VALUES ('espectaculo 679', 'entrevista', '2003-07-07', 'productora 679', '2020-09-01 03:00:00', 'Calle de las flores número 679 puerta C','Abierto');
INSERT INTO gradas VALUES ('grada 1', 'espectaculo 679', 'entrevista', '2003-07-07', 'productora 679', '2022-09-01 18:00:00', 'Calle de las flores número 679 puerta C');
INSERT INTO gradas VALUES ('grada 2', 'espectaculo 679', 'entrevista', '2003-07-07', 'productora 679', '2022-09-01 18:00:00', 'Calle de las flores número 679 puerta C');
INSERT INTO gradas VALUES ('grada 3', 'espectaculo 679', 'entrevista', '2003-07-07', 'productora 679', '2022-09-01 18:00:00', 'Calle de las flores número 679 puerta C');
INSERT INTO espectaculos VALUES ('espectaculo 680', 'pelicula', '2018-10-01', 'productora 680', 'lista participantes 680', 5, '00:13:00', '00:28:00', '00:24:00');
INSERT INTO eventos VALUES ('espectaculo 680', 'pelicula', '2018-10-01', 'productora 680', '2022-09-01 18:00:00', 'Calle de las flores número 680 puerta C','Abierto');
INSERT INTO eventos VALUES ('espectaculo 680', 'pelicula', '2018-10-01', 'productora 680', '2020-09-01 03:00:00', 'Calle de las flores número 680 puerta C','Abierto');
INSERT INTO gradas VALUES ('grada 1', 'espectaculo 680', 'pelicula', '2018-10-01', 'productora 680', '2022-09-01 18:00:00', 'Calle de las flores número 680 puerta C');
INSERT INTO gradas VALUES ('grada 2', 'espectaculo 680', 'pelicula', '2018-10-01', 'productora 680', '2022-09-01 18:00:00', 'Calle de las flores número 680 puerta C');
INSERT INTO gradas VALUES ('grada 3', 'espectaculo 680', 'pelicula', '2018-10-01', 'productora 680', '2022-09-01 18:00:00', 'Calle de las flores número 680 puerta C');
INSERT INTO espectaculos VALUES ('espectaculo 681', 'teatro', '1986-03-13', 'productora 681', 'lista participantes 681', 8, '00:10:00', '00:27:00', '00:29:00');
INSERT INTO eventos VALUES ('espectaculo 681', 'teatro', '1986-03-13', 'productora 681', '2022-09-01 18:00:00', 'Calle de las flores número 681 puerta C','Abierto');
INSERT INTO eventos VALUES ('espectaculo 681', 'teatro', '1986-03-13', 'productora 681', '2020-09-01 03:00:00', 'Calle de las flores número 681 puerta C','Abierto');
INSERT INTO gradas VALUES ('grada 1', 'espectaculo 681', 'teatro', '1986-03-13', 'productora 681', '2022-09-01 18:00:00', 'Calle de las flores número 681 puerta C');
INSERT INTO gradas VALUES ('grada 2', 'espectaculo 681', 'teatro', '1986-03-13', 'productora 681', '2022-09-01 18:00:00', 'Calle de las flores número 681 puerta C');
INSERT INTO gradas VALUES ('grada 3', 'espectaculo 681', 'teatro', '1986-03-13', 'productora 681', '2022-09-01 18:00:00', 'Calle de las flores número 681 puerta C');
INSERT INTO espectaculos VALUES ('espectaculo 682', 'teatro', '2001-07-15', 'productora 682', 'lista participantes 682', 3, '00:15:00', '00:48:00', '00:21:00');
INSERT INTO eventos VALUES ('espectaculo 682', 'teatro', '2001-07-15', 'productora 682', '2022-09-01 18:00:00', 'Calle de las flores número 682 puerta C','Abierto');
INSERT INTO eventos VALUES ('espectaculo 682', 'teatro', '2001-07-15', 'productora 682', '2020-09-01 03:00:00', 'Calle de las flores número 682 puerta C','Abierto');
INSERT INTO gradas VALUES ('grada 1', 'espectaculo 682', 'teatro', '2001-07-15', 'productora 682', '2022-09-01 18:00:00', 'Calle de las flores número 682 puerta C');
INSERT INTO gradas VALUES ('grada 2', 'espectaculo 682', 'teatro', '2001-07-15', 'productora 682', '2022-09-01 18:00:00', 'Calle de las flores número 682 puerta C');
INSERT INTO gradas VALUES ('grada 3', 'espectaculo 682', 'teatro', '2001-07-15', 'productora 682', '2022-09-01 18:00:00', 'Calle de las flores número 682 puerta C');
INSERT INTO espectaculos VALUES ('espectaculo 683', 'entrevista', '2005-05-18', 'productora 683', 'lista participantes 683', 4, '00:11:00', '00:18:00', '00:28:00');
INSERT INTO eventos VALUES ('espectaculo 683', 'entrevista', '2005-05-18', 'productora 683', '2022-09-01 18:00:00', 'Calle de las flores número 683 puerta C','Abierto');
INSERT INTO eventos VALUES ('espectaculo 683', 'entrevista', '2005-05-18', 'productora 683', '2020-09-01 03:00:00', 'Calle de las flores número 683 puerta C','Abierto');
INSERT INTO gradas VALUES ('grada 1', 'espectaculo 683', 'entrevista', '2005-05-18', 'productora 683', '2022-09-01 18:00:00', 'Calle de las flores número 683 puerta C');
INSERT INTO gradas VALUES ('grada 2', 'espectaculo 683', 'entrevista', '2005-05-18', 'productora 683', '2022-09-01 18:00:00', 'Calle de las flores número 683 puerta C');
INSERT INTO gradas VALUES ('grada 3', 'espectaculo 683', 'entrevista', '2005-05-18', 'productora 683', '2022-09-01 18:00:00', 'Calle de las flores número 683 puerta C');
INSERT INTO espectaculos VALUES ('espectaculo 684', 'teatro', '2008-09-03', 'productora 684', 'lista participantes 684', 7, '00:18:00', '00:31:00', '00:23:00');
INSERT INTO eventos VALUES ('espectaculo 684', 'teatro', '2008-09-03', 'productora 684', '2022-09-01 18:00:00', 'Calle de las flores número 684 puerta C','Abierto');
INSERT INTO eventos VALUES ('espectaculo 684', 'teatro', '2008-09-03', 'productora 684', '2020-09-01 03:00:00', 'Calle de las flores número 684 puerta C','Abierto');
INSERT INTO gradas VALUES ('grada 1', 'espectaculo 684', 'teatro', '2008-09-03', 'productora 684', '2022-09-01 18:00:00', 'Calle de las flores número 684 puerta C');
INSERT INTO gradas VALUES ('grada 2', 'espectaculo 684', 'teatro', '2008-09-03', 'productora 684', '2022-09-01 18:00:00', 'Calle de las flores número 684 puerta C');
INSERT INTO gradas VALUES ('grada 3', 'espectaculo 684', 'teatro', '2008-09-03', 'productora 684', '2022-09-01 18:00:00', 'Calle de las flores número 684 puerta C');
INSERT INTO espectaculos VALUES ('espectaculo 685', 'teatro', '2002-06-14', 'productora 685', 'lista participantes 685', 8, '00:18:00', '00:15:00', '00:22:00');
INSERT INTO eventos VALUES ('espectaculo 685', 'teatro', '2002-06-14', 'productora 685', '2022-09-01 18:00:00', 'Calle de las flores número 685 puerta C','Abierto');
INSERT INTO eventos VALUES ('espectaculo 685', 'teatro', '2002-06-14', 'productora 685', '2020-09-01 03:00:00', 'Calle de las flores número 685 puerta C','Abierto');
INSERT INTO gradas VALUES ('grada 1', 'espectaculo 685', 'teatro', '2002-06-14', 'productora 685', '2022-09-01 18:00:00', 'Calle de las flores número 685 puerta C');
INSERT INTO gradas VALUES ('grada 2', 'espectaculo 685', 'teatro', '2002-06-14', 'productora 685', '2022-09-01 18:00:00', 'Calle de las flores número 685 puerta C');
INSERT INTO gradas VALUES ('grada 3', 'espectaculo 685', 'teatro', '2002-06-14', 'productora 685', '2022-09-01 18:00:00', 'Calle de las flores número 685 puerta C');
INSERT INTO espectaculos VALUES ('espectaculo 686', 'entrevista', '2009-03-26', 'productora 686', 'lista participantes 686', 8, '00:17:00', '00:20:00', '00:17:00');
INSERT INTO eventos VALUES ('espectaculo 686', 'entrevista', '2009-03-26', 'productora 686', '2022-09-01 18:00:00', 'Calle de las flores número 686 puerta C','Abierto');
INSERT INTO eventos VALUES ('espectaculo 686', 'entrevista', '2009-03-26', 'productora 686', '2020-09-01 03:00:00', 'Calle de las flores número 686 puerta C','Abierto');
INSERT INTO gradas VALUES ('grada 1', 'espectaculo 686', 'entrevista', '2009-03-26', 'productora 686', '2022-09-01 18:00:00', 'Calle de las flores número 686 puerta C');
INSERT INTO gradas VALUES ('grada 2', 'espectaculo 686', 'entrevista', '2009-03-26', 'productora 686', '2022-09-01 18:00:00', 'Calle de las flores número 686 puerta C');
INSERT INTO gradas VALUES ('grada 3', 'espectaculo 686', 'entrevista', '2009-03-26', 'productora 686', '2022-09-01 18:00:00', 'Calle de las flores número 686 puerta C');
INSERT INTO espectaculos VALUES ('espectaculo 687', 'pelicula', '2003-11-04', 'productora 687', 'lista participantes 687', 4, '00:15:00', '00:28:00', '00:28:00');
INSERT INTO eventos VALUES ('espectaculo 687', 'pelicula', '2003-11-04', 'productora 687', '2022-09-01 18:00:00', 'Calle de las flores número 687 puerta C','Abierto');
INSERT INTO eventos VALUES ('espectaculo 687', 'pelicula', '2003-11-04', 'productora 687', '2020-09-01 03:00:00', 'Calle de las flores número 687 puerta C','Abierto');
INSERT INTO gradas VALUES ('grada 1', 'espectaculo 687', 'pelicula', '2003-11-04', 'productora 687', '2022-09-01 18:00:00', 'Calle de las flores número 687 puerta C');
INSERT INTO gradas VALUES ('grada 2', 'espectaculo 687', 'pelicula', '2003-11-04', 'productora 687', '2022-09-01 18:00:00', 'Calle de las flores número 687 puerta C');
INSERT INTO gradas VALUES ('grada 3', 'espectaculo 687', 'pelicula', '2003-11-04', 'productora 687', '2022-09-01 18:00:00', 'Calle de las flores número 687 puerta C');
INSERT INTO espectaculos VALUES ('espectaculo 688', 'teatro', '2008-07-01', 'productora 688', 'lista participantes 688', 3, '00:17:00', '00:56:00', '00:20:00');
INSERT INTO eventos VALUES ('espectaculo 688', 'teatro', '2008-07-01', 'productora 688', '2022-09-01 18:00:00', 'Calle de las flores número 688 puerta C','Abierto');
INSERT INTO eventos VALUES ('espectaculo 688', 'teatro', '2008-07-01', 'productora 688', '2020-09-01 03:00:00', 'Calle de las flores número 688 puerta C','Abierto');
INSERT INTO gradas VALUES ('grada 1', 'espectaculo 688', 'teatro', '2008-07-01', 'productora 688', '2022-09-01 18:00:00', 'Calle de las flores número 688 puerta C');
INSERT INTO gradas VALUES ('grada 2', 'espectaculo 688', 'teatro', '2008-07-01', 'productora 688', '2022-09-01 18:00:00', 'Calle de las flores número 688 puerta C');
INSERT INTO gradas VALUES ('grada 3', 'espectaculo 688', 'teatro', '2008-07-01', 'productora 688', '2022-09-01 18:00:00', 'Calle de las flores número 688 puerta C');
INSERT INTO espectaculos VALUES ('espectaculo 689', 'pelicula', '1987-10-06', 'productora 689', 'lista participantes 689', 7, '00:10:00', '00:38:00', '00:20:00');
INSERT INTO eventos VALUES ('espectaculo 689', 'pelicula', '1987-10-06', 'productora 689', '2022-09-01 18:00:00', 'Calle de las flores número 689 puerta C','Abierto');
INSERT INTO eventos VALUES ('espectaculo 689', 'pelicula', '1987-10-06', 'productora 689', '2020-09-01 03:00:00', 'Calle de las flores número 689 puerta C','Abierto');
INSERT INTO gradas VALUES ('grada 1', 'espectaculo 689', 'pelicula', '1987-10-06', 'productora 689', '2022-09-01 18:00:00', 'Calle de las flores número 689 puerta C');
INSERT INTO gradas VALUES ('grada 2', 'espectaculo 689', 'pelicula', '1987-10-06', 'productora 689', '2022-09-01 18:00:00', 'Calle de las flores número 689 puerta C');
INSERT INTO gradas VALUES ('grada 3', 'espectaculo 689', 'pelicula', '1987-10-06', 'productora 689', '2022-09-01 18:00:00', 'Calle de las flores número 689 puerta C');
INSERT INTO espectaculos VALUES ('espectaculo 690', 'entrevista', '1990-11-24', 'productora 690', 'lista participantes 690', 5, '00:18:00', '00:54:00', '00:24:00');
INSERT INTO eventos VALUES ('espectaculo 690', 'entrevista', '1990-11-24', 'productora 690', '2022-09-01 18:00:00', 'Calle de las flores número 690 puerta C','Abierto');
INSERT INTO eventos VALUES ('espectaculo 690', 'entrevista', '1990-11-24', 'productora 690', '2020-09-01 03:00:00', 'Calle de las flores número 690 puerta C','Abierto');
INSERT INTO gradas VALUES ('grada 1', 'espectaculo 690', 'entrevista', '1990-11-24', 'productora 690', '2022-09-01 18:00:00', 'Calle de las flores número 690 puerta C');
INSERT INTO gradas VALUES ('grada 2', 'espectaculo 690', 'entrevista', '1990-11-24', 'productora 690', '2022-09-01 18:00:00', 'Calle de las flores número 690 puerta C');
INSERT INTO gradas VALUES ('grada 3', 'espectaculo 690', 'entrevista', '1990-11-24', 'productora 690', '2022-09-01 18:00:00', 'Calle de las flores número 690 puerta C');
INSERT INTO espectaculos VALUES ('espectaculo 691', 'entrevista', '1985-09-22', 'productora 691', 'lista participantes 691', 6, '00:16:00', '00:59:00', '00:25:00');
INSERT INTO eventos VALUES ('espectaculo 691', 'entrevista', '1985-09-22', 'productora 691', '2022-09-01 18:00:00', 'Calle de las flores número 691 puerta C','Abierto');
INSERT INTO eventos VALUES ('espectaculo 691', 'entrevista', '1985-09-22', 'productora 691', '2020-09-01 03:00:00', 'Calle de las flores número 691 puerta C','Abierto');
INSERT INTO gradas VALUES ('grada 1', 'espectaculo 691', 'entrevista', '1985-09-22', 'productora 691', '2022-09-01 18:00:00', 'Calle de las flores número 691 puerta C');
INSERT INTO gradas VALUES ('grada 2', 'espectaculo 691', 'entrevista', '1985-09-22', 'productora 691', '2022-09-01 18:00:00', 'Calle de las flores número 691 puerta C');
INSERT INTO gradas VALUES ('grada 3', 'espectaculo 691', 'entrevista', '1985-09-22', 'productora 691', '2022-09-01 18:00:00', 'Calle de las flores número 691 puerta C');
INSERT INTO espectaculos VALUES ('espectaculo 692', 'pelicula', '1996-02-23', 'productora 692', 'lista participantes 692', 5, '00:11:00', '00:41:00', '00:16:00');
INSERT INTO eventos VALUES ('espectaculo 692', 'pelicula', '1996-02-23', 'productora 692', '2022-09-01 18:00:00', 'Calle de las flores número 692 puerta C','Abierto');
INSERT INTO eventos VALUES ('espectaculo 692', 'pelicula', '1996-02-23', 'productora 692', '2020-09-01 03:00:00', 'Calle de las flores número 692 puerta C','Abierto');
INSERT INTO gradas VALUES ('grada 1', 'espectaculo 692', 'pelicula', '1996-02-23', 'productora 692', '2022-09-01 18:00:00', 'Calle de las flores número 692 puerta C');
INSERT INTO gradas VALUES ('grada 2', 'espectaculo 692', 'pelicula', '1996-02-23', 'productora 692', '2022-09-01 18:00:00', 'Calle de las flores número 692 puerta C');
INSERT INTO gradas VALUES ('grada 3', 'espectaculo 692', 'pelicula', '1996-02-23', 'productora 692', '2022-09-01 18:00:00', 'Calle de las flores número 692 puerta C');
INSERT INTO espectaculos VALUES ('espectaculo 693', 'pelicula', '1991-11-11', 'productora 693', 'lista participantes 693', 2, '00:18:00', '00:46:00', '00:15:00');
INSERT INTO eventos VALUES ('espectaculo 693', 'pelicula', '1991-11-11', 'productora 693', '2022-09-01 18:00:00', 'Calle de las flores número 693 puerta C','Abierto');
INSERT INTO eventos VALUES ('espectaculo 693', 'pelicula', '1991-11-11', 'productora 693', '2020-09-01 03:00:00', 'Calle de las flores número 693 puerta C','Abierto');
INSERT INTO gradas VALUES ('grada 1', 'espectaculo 693', 'pelicula', '1991-11-11', 'productora 693', '2022-09-01 18:00:00', 'Calle de las flores número 693 puerta C');
INSERT INTO gradas VALUES ('grada 2', 'espectaculo 693', 'pelicula', '1991-11-11', 'productora 693', '2022-09-01 18:00:00', 'Calle de las flores número 693 puerta C');
INSERT INTO gradas VALUES ('grada 3', 'espectaculo 693', 'pelicula', '1991-11-11', 'productora 693', '2022-09-01 18:00:00', 'Calle de las flores número 693 puerta C');
INSERT INTO espectaculos VALUES ('espectaculo 694', 'entrevista', '1985-01-16', 'productora 694', 'lista participantes 694', 1, '00:18:00', '00:49:00', '00:26:00');
INSERT INTO eventos VALUES ('espectaculo 694', 'entrevista', '1985-01-16', 'productora 694', '2022-09-01 18:00:00', 'Calle de las flores número 694 puerta C','Abierto');
INSERT INTO eventos VALUES ('espectaculo 694', 'entrevista', '1985-01-16', 'productora 694', '2020-09-01 03:00:00', 'Calle de las flores número 694 puerta C','Abierto');
INSERT INTO gradas VALUES ('grada 1', 'espectaculo 694', 'entrevista', '1985-01-16', 'productora 694', '2022-09-01 18:00:00', 'Calle de las flores número 694 puerta C');
INSERT INTO gradas VALUES ('grada 2', 'espectaculo 694', 'entrevista', '1985-01-16', 'productora 694', '2022-09-01 18:00:00', 'Calle de las flores número 694 puerta C');
INSERT INTO gradas VALUES ('grada 3', 'espectaculo 694', 'entrevista', '1985-01-16', 'productora 694', '2022-09-01 18:00:00', 'Calle de las flores número 694 puerta C');
INSERT INTO espectaculos VALUES ('espectaculo 695', 'concierto', '1992-06-26', 'productora 695', 'lista participantes 695', 8, '00:14:00', '00:24:00', '00:27:00');
INSERT INTO eventos VALUES ('espectaculo 695', 'concierto', '1992-06-26', 'productora 695', '2022-09-01 18:00:00', 'Calle de las flores número 695 puerta C','Abierto');
INSERT INTO eventos VALUES ('espectaculo 695', 'concierto', '1992-06-26', 'productora 695', '2020-09-01 03:00:00', 'Calle de las flores número 695 puerta C','Abierto');
INSERT INTO gradas VALUES ('grada 1', 'espectaculo 695', 'concierto', '1992-06-26', 'productora 695', '2022-09-01 18:00:00', 'Calle de las flores número 695 puerta C');
INSERT INTO gradas VALUES ('grada 2', 'espectaculo 695', 'concierto', '1992-06-26', 'productora 695', '2022-09-01 18:00:00', 'Calle de las flores número 695 puerta C');
INSERT INTO gradas VALUES ('grada 3', 'espectaculo 695', 'concierto', '1992-06-26', 'productora 695', '2022-09-01 18:00:00', 'Calle de las flores número 695 puerta C');
INSERT INTO espectaculos VALUES ('espectaculo 696', 'concierto', '1986-01-20', 'productora 696', 'lista participantes 696', 2, '00:16:00', '00:57:00', '00:15:00');
INSERT INTO eventos VALUES ('espectaculo 696', 'concierto', '1986-01-20', 'productora 696', '2022-09-01 18:00:00', 'Calle de las flores número 696 puerta C','Abierto');
INSERT INTO eventos VALUES ('espectaculo 696', 'concierto', '1986-01-20', 'productora 696', '2020-09-01 03:00:00', 'Calle de las flores número 696 puerta C','Abierto');
INSERT INTO gradas VALUES ('grada 1', 'espectaculo 696', 'concierto', '1986-01-20', 'productora 696', '2022-09-01 18:00:00', 'Calle de las flores número 696 puerta C');
INSERT INTO gradas VALUES ('grada 2', 'espectaculo 696', 'concierto', '1986-01-20', 'productora 696', '2022-09-01 18:00:00', 'Calle de las flores número 696 puerta C');
INSERT INTO gradas VALUES ('grada 3', 'espectaculo 696', 'concierto', '1986-01-20', 'productora 696', '2022-09-01 18:00:00', 'Calle de las flores número 696 puerta C');
INSERT INTO espectaculos VALUES ('espectaculo 697', 'entrevista', '1995-02-05', 'productora 697', 'lista participantes 697', 8, '00:18:00', '00:48:00', '00:15:00');
INSERT INTO eventos VALUES ('espectaculo 697', 'entrevista', '1995-02-05', 'productora 697', '2022-09-01 18:00:00', 'Calle de las flores número 697 puerta C','Abierto');
INSERT INTO eventos VALUES ('espectaculo 697', 'entrevista', '1995-02-05', 'productora 697', '2020-09-01 03:00:00', 'Calle de las flores número 697 puerta C','Abierto');
INSERT INTO gradas VALUES ('grada 1', 'espectaculo 697', 'entrevista', '1995-02-05', 'productora 697', '2022-09-01 18:00:00', 'Calle de las flores número 697 puerta C');
INSERT INTO gradas VALUES ('grada 2', 'espectaculo 697', 'entrevista', '1995-02-05', 'productora 697', '2022-09-01 18:00:00', 'Calle de las flores número 697 puerta C');
INSERT INTO gradas VALUES ('grada 3', 'espectaculo 697', 'entrevista', '1995-02-05', 'productora 697', '2022-09-01 18:00:00', 'Calle de las flores número 697 puerta C');
INSERT INTO espectaculos VALUES ('espectaculo 698', 'pelicula', '2001-05-03', 'productora 698', 'lista participantes 698', 3, '00:16:00', '00:17:00', '00:17:00');
INSERT INTO eventos VALUES ('espectaculo 698', 'pelicula', '2001-05-03', 'productora 698', '2022-09-01 18:00:00', 'Calle de las flores número 698 puerta C','Abierto');
INSERT INTO eventos VALUES ('espectaculo 698', 'pelicula', '2001-05-03', 'productora 698', '2020-09-01 03:00:00', 'Calle de las flores número 698 puerta C','Abierto');
INSERT INTO gradas VALUES ('grada 1', 'espectaculo 698', 'pelicula', '2001-05-03', 'productora 698', '2022-09-01 18:00:00', 'Calle de las flores número 698 puerta C');
INSERT INTO gradas VALUES ('grada 2', 'espectaculo 698', 'pelicula', '2001-05-03', 'productora 698', '2022-09-01 18:00:00', 'Calle de las flores número 698 puerta C');
INSERT INTO gradas VALUES ('grada 3', 'espectaculo 698', 'pelicula', '2001-05-03', 'productora 698', '2022-09-01 18:00:00', 'Calle de las flores número 698 puerta C');
INSERT INTO espectaculos VALUES ('espectaculo 699', 'entrevista', '1989-02-22', 'productora 699', 'lista participantes 699', 3, '00:14:00', '00:53:00', '00:21:00');
INSERT INTO eventos VALUES ('espectaculo 699', 'entrevista', '1989-02-22', 'productora 699', '2022-09-01 18:00:00', 'Calle de las flores número 699 puerta C','Abierto');
INSERT INTO eventos VALUES ('espectaculo 699', 'entrevista', '1989-02-22', 'productora 699', '2020-09-01 03:00:00', 'Calle de las flores número 699 puerta C','Abierto');
INSERT INTO gradas VALUES ('grada 1', 'espectaculo 699', 'entrevista', '1989-02-22', 'productora 699', '2022-09-01 18:00:00', 'Calle de las flores número 699 puerta C');
INSERT INTO gradas VALUES ('grada 2', 'espectaculo 699', 'entrevista', '1989-02-22', 'productora 699', '2022-09-01 18:00:00', 'Calle de las flores número 699 puerta C');
INSERT INTO gradas VALUES ('grada 3', 'espectaculo 699', 'entrevista', '1989-02-22', 'productora 699', '2022-09-01 18:00:00', 'Calle de las flores número 699 puerta C');
INSERT INTO espectaculos VALUES ('espectaculo 700', 'concierto', '2004-07-09', 'productora 700', 'lista participantes 700', 6, '00:10:00', '00:35:00', '00:17:00');
INSERT INTO eventos VALUES ('espectaculo 700', 'concierto', '2004-07-09', 'productora 700', '2022-09-01 18:00:00', 'Calle de las flores número 700 puerta C','Abierto');
INSERT INTO eventos VALUES ('espectaculo 700', 'concierto', '2004-07-09', 'productora 700', '2020-09-01 03:00:00', 'Calle de las flores número 700 puerta C','Abierto');
INSERT INTO gradas VALUES ('grada 1', 'espectaculo 700', 'concierto', '2004-07-09', 'productora 700', '2022-09-01 18:00:00', 'Calle de las flores número 700 puerta C');
INSERT INTO gradas VALUES ('grada 2', 'espectaculo 700', 'concierto', '2004-07-09', 'productora 700', '2022-09-01 18:00:00', 'Calle de las flores número 700 puerta C');
INSERT INTO gradas VALUES ('grada 3', 'espectaculo 700', 'concierto', '2004-07-09', 'productora 700', '2022-09-01 18:00:00', 'Calle de las flores número 700 puerta C');
INSERT INTO espectaculos VALUES ('espectaculo 701', 'concierto', '2010-08-15', 'productora 701', 'lista participantes 701', 5, '00:13:00', '00:46:00', '00:29:00');
INSERT INTO eventos VALUES ('espectaculo 701', 'concierto', '2010-08-15', 'productora 701', '2022-09-01 18:00:00', 'Calle de las flores número 701 puerta C','Abierto');
INSERT INTO eventos VALUES ('espectaculo 701', 'concierto', '2010-08-15', 'productora 701', '2020-09-01 03:00:00', 'Calle de las flores número 701 puerta C','Abierto');
INSERT INTO gradas VALUES ('grada 1', 'espectaculo 701', 'concierto', '2010-08-15', 'productora 701', '2022-09-01 18:00:00', 'Calle de las flores número 701 puerta C');
INSERT INTO gradas VALUES ('grada 2', 'espectaculo 701', 'concierto', '2010-08-15', 'productora 701', '2022-09-01 18:00:00', 'Calle de las flores número 701 puerta C');
INSERT INTO gradas VALUES ('grada 3', 'espectaculo 701', 'concierto', '2010-08-15', 'productora 701', '2022-09-01 18:00:00', 'Calle de las flores número 701 puerta C');
INSERT INTO espectaculos VALUES ('espectaculo 702', 'deportivo', '2000-09-15', 'productora 702', 'lista participantes 702', 6, '00:19:00', '00:47:00', '00:16:00');
INSERT INTO eventos VALUES ('espectaculo 702', 'deportivo', '2000-09-15', 'productora 702', '2022-09-01 18:00:00', 'Calle de las flores número 702 puerta C','Abierto');
INSERT INTO eventos VALUES ('espectaculo 702', 'deportivo', '2000-09-15', 'productora 702', '2020-09-01 03:00:00', 'Calle de las flores número 702 puerta C','Abierto');
INSERT INTO gradas VALUES ('grada 1', 'espectaculo 702', 'deportivo', '2000-09-15', 'productora 702', '2022-09-01 18:00:00', 'Calle de las flores número 702 puerta C');
INSERT INTO gradas VALUES ('grada 2', 'espectaculo 702', 'deportivo', '2000-09-15', 'productora 702', '2022-09-01 18:00:00', 'Calle de las flores número 702 puerta C');
INSERT INTO gradas VALUES ('grada 3', 'espectaculo 702', 'deportivo', '2000-09-15', 'productora 702', '2022-09-01 18:00:00', 'Calle de las flores número 702 puerta C');
INSERT INTO espectaculos VALUES ('espectaculo 703', 'pelicula', '2009-06-06', 'productora 703', 'lista participantes 703', 9, '00:18:00', '00:19:00', '00:28:00');
INSERT INTO eventos VALUES ('espectaculo 703', 'pelicula', '2009-06-06', 'productora 703', '2022-09-01 18:00:00', 'Calle de las flores número 703 puerta C','Abierto');
INSERT INTO eventos VALUES ('espectaculo 703', 'pelicula', '2009-06-06', 'productora 703', '2020-09-01 03:00:00', 'Calle de las flores número 703 puerta C','Abierto');
INSERT INTO gradas VALUES ('grada 1', 'espectaculo 703', 'pelicula', '2009-06-06', 'productora 703', '2022-09-01 18:00:00', 'Calle de las flores número 703 puerta C');
INSERT INTO gradas VALUES ('grada 2', 'espectaculo 703', 'pelicula', '2009-06-06', 'productora 703', '2022-09-01 18:00:00', 'Calle de las flores número 703 puerta C');
INSERT INTO gradas VALUES ('grada 3', 'espectaculo 703', 'pelicula', '2009-06-06', 'productora 703', '2022-09-01 18:00:00', 'Calle de las flores número 703 puerta C');
INSERT INTO espectaculos VALUES ('espectaculo 704', 'deportivo', '2004-05-11', 'productora 704', 'lista participantes 704', 2, '00:14:00', '00:36:00', '00:22:00');
INSERT INTO eventos VALUES ('espectaculo 704', 'deportivo', '2004-05-11', 'productora 704', '2022-09-01 18:00:00', 'Calle de las flores número 704 puerta C','Abierto');
INSERT INTO eventos VALUES ('espectaculo 704', 'deportivo', '2004-05-11', 'productora 704', '2020-09-01 03:00:00', 'Calle de las flores número 704 puerta C','Abierto');
INSERT INTO gradas VALUES ('grada 1', 'espectaculo 704', 'deportivo', '2004-05-11', 'productora 704', '2022-09-01 18:00:00', 'Calle de las flores número 704 puerta C');
INSERT INTO gradas VALUES ('grada 2', 'espectaculo 704', 'deportivo', '2004-05-11', 'productora 704', '2022-09-01 18:00:00', 'Calle de las flores número 704 puerta C');
INSERT INTO gradas VALUES ('grada 3', 'espectaculo 704', 'deportivo', '2004-05-11', 'productora 704', '2022-09-01 18:00:00', 'Calle de las flores número 704 puerta C');
INSERT INTO espectaculos VALUES ('espectaculo 705', 'pelicula', '2001-03-04', 'productora 705', 'lista participantes 705', 2, '00:11:00', '00:56:00', '00:17:00');
INSERT INTO eventos VALUES ('espectaculo 705', 'pelicula', '2001-03-04', 'productora 705', '2022-09-01 18:00:00', 'Calle de las flores número 705 puerta C','Abierto');
INSERT INTO eventos VALUES ('espectaculo 705', 'pelicula', '2001-03-04', 'productora 705', '2020-09-01 03:00:00', 'Calle de las flores número 705 puerta C','Abierto');
INSERT INTO gradas VALUES ('grada 1', 'espectaculo 705', 'pelicula', '2001-03-04', 'productora 705', '2022-09-01 18:00:00', 'Calle de las flores número 705 puerta C');
INSERT INTO gradas VALUES ('grada 2', 'espectaculo 705', 'pelicula', '2001-03-04', 'productora 705', '2022-09-01 18:00:00', 'Calle de las flores número 705 puerta C');
INSERT INTO gradas VALUES ('grada 3', 'espectaculo 705', 'pelicula', '2001-03-04', 'productora 705', '2022-09-01 18:00:00', 'Calle de las flores número 705 puerta C');
INSERT INTO espectaculos VALUES ('espectaculo 706', 'concierto', '1994-11-21', 'productora 706', 'lista participantes 706', 3, '00:13:00', '00:52:00', '00:23:00');
INSERT INTO eventos VALUES ('espectaculo 706', 'concierto', '1994-11-21', 'productora 706', '2022-09-01 18:00:00', 'Calle de las flores número 706 puerta C','Abierto');
INSERT INTO eventos VALUES ('espectaculo 706', 'concierto', '1994-11-21', 'productora 706', '2020-09-01 03:00:00', 'Calle de las flores número 706 puerta C','Abierto');
INSERT INTO gradas VALUES ('grada 1', 'espectaculo 706', 'concierto', '1994-11-21', 'productora 706', '2022-09-01 18:00:00', 'Calle de las flores número 706 puerta C');
INSERT INTO gradas VALUES ('grada 2', 'espectaculo 706', 'concierto', '1994-11-21', 'productora 706', '2022-09-01 18:00:00', 'Calle de las flores número 706 puerta C');
INSERT INTO gradas VALUES ('grada 3', 'espectaculo 706', 'concierto', '1994-11-21', 'productora 706', '2022-09-01 18:00:00', 'Calle de las flores número 706 puerta C');
INSERT INTO espectaculos VALUES ('espectaculo 707', 'deportivo', '1989-01-17', 'productora 707', 'lista participantes 707', 1, '00:17:00', '00:44:00', '00:26:00');
INSERT INTO eventos VALUES ('espectaculo 707', 'deportivo', '1989-01-17', 'productora 707', '2022-09-01 18:00:00', 'Calle de las flores número 707 puerta C','Abierto');
INSERT INTO eventos VALUES ('espectaculo 707', 'deportivo', '1989-01-17', 'productora 707', '2020-09-01 03:00:00', 'Calle de las flores número 707 puerta C','Abierto');
INSERT INTO gradas VALUES ('grada 1', 'espectaculo 707', 'deportivo', '1989-01-17', 'productora 707', '2022-09-01 18:00:00', 'Calle de las flores número 707 puerta C');
INSERT INTO gradas VALUES ('grada 2', 'espectaculo 707', 'deportivo', '1989-01-17', 'productora 707', '2022-09-01 18:00:00', 'Calle de las flores número 707 puerta C');
INSERT INTO gradas VALUES ('grada 3', 'espectaculo 707', 'deportivo', '1989-01-17', 'productora 707', '2022-09-01 18:00:00', 'Calle de las flores número 707 puerta C');
INSERT INTO espectaculos VALUES ('espectaculo 708', 'deportivo', '2008-11-16', 'productora 708', 'lista participantes 708', 9, '00:10:00', '00:54:00', '00:16:00');
INSERT INTO eventos VALUES ('espectaculo 708', 'deportivo', '2008-11-16', 'productora 708', '2022-09-01 18:00:00', 'Calle de las flores número 708 puerta C','Abierto');
INSERT INTO eventos VALUES ('espectaculo 708', 'deportivo', '2008-11-16', 'productora 708', '2020-09-01 03:00:00', 'Calle de las flores número 708 puerta C','Abierto');
INSERT INTO gradas VALUES ('grada 1', 'espectaculo 708', 'deportivo', '2008-11-16', 'productora 708', '2022-09-01 18:00:00', 'Calle de las flores número 708 puerta C');
INSERT INTO gradas VALUES ('grada 2', 'espectaculo 708', 'deportivo', '2008-11-16', 'productora 708', '2022-09-01 18:00:00', 'Calle de las flores número 708 puerta C');
INSERT INTO gradas VALUES ('grada 3', 'espectaculo 708', 'deportivo', '2008-11-16', 'productora 708', '2022-09-01 18:00:00', 'Calle de las flores número 708 puerta C');
INSERT INTO espectaculos VALUES ('espectaculo 709', 'concierto', '1999-02-12', 'productora 709', 'lista participantes 709', 2, '00:13:00', '00:43:00', '00:20:00');
INSERT INTO eventos VALUES ('espectaculo 709', 'concierto', '1999-02-12', 'productora 709', '2022-09-01 18:00:00', 'Calle de las flores número 709 puerta C','Abierto');
INSERT INTO eventos VALUES ('espectaculo 709', 'concierto', '1999-02-12', 'productora 709', '2020-09-01 03:00:00', 'Calle de las flores número 709 puerta C','Abierto');
INSERT INTO gradas VALUES ('grada 1', 'espectaculo 709', 'concierto', '1999-02-12', 'productora 709', '2022-09-01 18:00:00', 'Calle de las flores número 709 puerta C');
INSERT INTO gradas VALUES ('grada 2', 'espectaculo 709', 'concierto', '1999-02-12', 'productora 709', '2022-09-01 18:00:00', 'Calle de las flores número 709 puerta C');
INSERT INTO gradas VALUES ('grada 3', 'espectaculo 709', 'concierto', '1999-02-12', 'productora 709', '2022-09-01 18:00:00', 'Calle de las flores número 709 puerta C');
INSERT INTO espectaculos VALUES ('espectaculo 710', 'deportivo', '2009-07-11', 'productora 710', 'lista participantes 710', 9, '00:13:00', '00:16:00', '00:16:00');
INSERT INTO eventos VALUES ('espectaculo 710', 'deportivo', '2009-07-11', 'productora 710', '2022-09-01 18:00:00', 'Calle de las flores número 710 puerta C','Abierto');
INSERT INTO eventos VALUES ('espectaculo 710', 'deportivo', '2009-07-11', 'productora 710', '2020-09-01 03:00:00', 'Calle de las flores número 710 puerta C','Abierto');
INSERT INTO gradas VALUES ('grada 1', 'espectaculo 710', 'deportivo', '2009-07-11', 'productora 710', '2022-09-01 18:00:00', 'Calle de las flores número 710 puerta C');
INSERT INTO gradas VALUES ('grada 2', 'espectaculo 710', 'deportivo', '2009-07-11', 'productora 710', '2022-09-01 18:00:00', 'Calle de las flores número 710 puerta C');
INSERT INTO gradas VALUES ('grada 3', 'espectaculo 710', 'deportivo', '2009-07-11', 'productora 710', '2022-09-01 18:00:00', 'Calle de las flores número 710 puerta C');
INSERT INTO espectaculos VALUES ('espectaculo 711', 'deportivo', '2018-09-02', 'productora 711', 'lista participantes 711', 6, '00:13:00', '00:18:00', '00:29:00');
INSERT INTO eventos VALUES ('espectaculo 711', 'deportivo', '2018-09-02', 'productora 711', '2022-09-01 18:00:00', 'Calle de las flores número 711 puerta C','Abierto');
INSERT INTO eventos VALUES ('espectaculo 711', 'deportivo', '2018-09-02', 'productora 711', '2020-09-01 03:00:00', 'Calle de las flores número 711 puerta C','Abierto');
INSERT INTO gradas VALUES ('grada 1', 'espectaculo 711', 'deportivo', '2018-09-02', 'productora 711', '2022-09-01 18:00:00', 'Calle de las flores número 711 puerta C');
INSERT INTO gradas VALUES ('grada 2', 'espectaculo 711', 'deportivo', '2018-09-02', 'productora 711', '2022-09-01 18:00:00', 'Calle de las flores número 711 puerta C');
INSERT INTO gradas VALUES ('grada 3', 'espectaculo 711', 'deportivo', '2018-09-02', 'productora 711', '2022-09-01 18:00:00', 'Calle de las flores número 711 puerta C');
INSERT INTO espectaculos VALUES ('espectaculo 712', 'entrevista', '1995-06-18', 'productora 712', 'lista participantes 712', 3, '00:12:00', '00:47:00', '00:15:00');
INSERT INTO eventos VALUES ('espectaculo 712', 'entrevista', '1995-06-18', 'productora 712', '2022-09-01 18:00:00', 'Calle de las flores número 712 puerta C','Abierto');
INSERT INTO eventos VALUES ('espectaculo 712', 'entrevista', '1995-06-18', 'productora 712', '2020-09-01 03:00:00', 'Calle de las flores número 712 puerta C','Abierto');
INSERT INTO gradas VALUES ('grada 1', 'espectaculo 712', 'entrevista', '1995-06-18', 'productora 712', '2022-09-01 18:00:00', 'Calle de las flores número 712 puerta C');
INSERT INTO gradas VALUES ('grada 2', 'espectaculo 712', 'entrevista', '1995-06-18', 'productora 712', '2022-09-01 18:00:00', 'Calle de las flores número 712 puerta C');
INSERT INTO gradas VALUES ('grada 3', 'espectaculo 712', 'entrevista', '1995-06-18', 'productora 712', '2022-09-01 18:00:00', 'Calle de las flores número 712 puerta C');
INSERT INTO espectaculos VALUES ('espectaculo 713', 'entrevista', '2000-10-10', 'productora 713', 'lista participantes 713', 2, '00:14:00', '00:26:00', '00:21:00');
INSERT INTO eventos VALUES ('espectaculo 713', 'entrevista', '2000-10-10', 'productora 713', '2022-09-01 18:00:00', 'Calle de las flores número 713 puerta C','Abierto');
INSERT INTO eventos VALUES ('espectaculo 713', 'entrevista', '2000-10-10', 'productora 713', '2020-09-01 03:00:00', 'Calle de las flores número 713 puerta C','Abierto');
INSERT INTO gradas VALUES ('grada 1', 'espectaculo 713', 'entrevista', '2000-10-10', 'productora 713', '2022-09-01 18:00:00', 'Calle de las flores número 713 puerta C');
INSERT INTO gradas VALUES ('grada 2', 'espectaculo 713', 'entrevista', '2000-10-10', 'productora 713', '2022-09-01 18:00:00', 'Calle de las flores número 713 puerta C');
INSERT INTO gradas VALUES ('grada 3', 'espectaculo 713', 'entrevista', '2000-10-10', 'productora 713', '2022-09-01 18:00:00', 'Calle de las flores número 713 puerta C');
INSERT INTO espectaculos VALUES ('espectaculo 714', 'pelicula', '1993-04-12', 'productora 714', 'lista participantes 714', 1, '00:13:00', '00:29:00', '00:23:00');
INSERT INTO eventos VALUES ('espectaculo 714', 'pelicula', '1993-04-12', 'productora 714', '2022-09-01 18:00:00', 'Calle de las flores número 714 puerta C','Abierto');
INSERT INTO eventos VALUES ('espectaculo 714', 'pelicula', '1993-04-12', 'productora 714', '2020-09-01 03:00:00', 'Calle de las flores número 714 puerta C','Abierto');
INSERT INTO gradas VALUES ('grada 1', 'espectaculo 714', 'pelicula', '1993-04-12', 'productora 714', '2022-09-01 18:00:00', 'Calle de las flores número 714 puerta C');
INSERT INTO gradas VALUES ('grada 2', 'espectaculo 714', 'pelicula', '1993-04-12', 'productora 714', '2022-09-01 18:00:00', 'Calle de las flores número 714 puerta C');
INSERT INTO gradas VALUES ('grada 3', 'espectaculo 714', 'pelicula', '1993-04-12', 'productora 714', '2022-09-01 18:00:00', 'Calle de las flores número 714 puerta C');
INSERT INTO espectaculos VALUES ('espectaculo 715', 'teatro', '1987-04-15', 'productora 715', 'lista participantes 715', 7, '00:18:00', '00:19:00', '00:17:00');
INSERT INTO eventos VALUES ('espectaculo 715', 'teatro', '1987-04-15', 'productora 715', '2022-09-01 18:00:00', 'Calle de las flores número 715 puerta C','Abierto');
INSERT INTO eventos VALUES ('espectaculo 715', 'teatro', '1987-04-15', 'productora 715', '2020-09-01 03:00:00', 'Calle de las flores número 715 puerta C','Abierto');
INSERT INTO gradas VALUES ('grada 1', 'espectaculo 715', 'teatro', '1987-04-15', 'productora 715', '2022-09-01 18:00:00', 'Calle de las flores número 715 puerta C');
INSERT INTO gradas VALUES ('grada 2', 'espectaculo 715', 'teatro', '1987-04-15', 'productora 715', '2022-09-01 18:00:00', 'Calle de las flores número 715 puerta C');
INSERT INTO gradas VALUES ('grada 3', 'espectaculo 715', 'teatro', '1987-04-15', 'productora 715', '2022-09-01 18:00:00', 'Calle de las flores número 715 puerta C');
INSERT INTO espectaculos VALUES ('espectaculo 716', 'deportivo', '2016-02-04', 'productora 716', 'lista participantes 716', 6, '00:14:00', '00:17:00', '00:18:00');
INSERT INTO eventos VALUES ('espectaculo 716', 'deportivo', '2016-02-04', 'productora 716', '2022-09-01 18:00:00', 'Calle de las flores número 716 puerta C','Abierto');
INSERT INTO eventos VALUES ('espectaculo 716', 'deportivo', '2016-02-04', 'productora 716', '2020-09-01 03:00:00', 'Calle de las flores número 716 puerta C','Abierto');
INSERT INTO gradas VALUES ('grada 1', 'espectaculo 716', 'deportivo', '2016-02-04', 'productora 716', '2022-09-01 18:00:00', 'Calle de las flores número 716 puerta C');
INSERT INTO gradas VALUES ('grada 2', 'espectaculo 716', 'deportivo', '2016-02-04', 'productora 716', '2022-09-01 18:00:00', 'Calle de las flores número 716 puerta C');
INSERT INTO gradas VALUES ('grada 3', 'espectaculo 716', 'deportivo', '2016-02-04', 'productora 716', '2022-09-01 18:00:00', 'Calle de las flores número 716 puerta C');
INSERT INTO espectaculos VALUES ('espectaculo 717', 'teatro', '2006-02-19', 'productora 717', 'lista participantes 717', 8, '00:14:00', '00:30:00', '00:16:00');
INSERT INTO eventos VALUES ('espectaculo 717', 'teatro', '2006-02-19', 'productora 717', '2022-09-01 18:00:00', 'Calle de las flores número 717 puerta C','Abierto');
INSERT INTO eventos VALUES ('espectaculo 717', 'teatro', '2006-02-19', 'productora 717', '2020-09-01 03:00:00', 'Calle de las flores número 717 puerta C','Abierto');
INSERT INTO gradas VALUES ('grada 1', 'espectaculo 717', 'teatro', '2006-02-19', 'productora 717', '2022-09-01 18:00:00', 'Calle de las flores número 717 puerta C');
INSERT INTO gradas VALUES ('grada 2', 'espectaculo 717', 'teatro', '2006-02-19', 'productora 717', '2022-09-01 18:00:00', 'Calle de las flores número 717 puerta C');
INSERT INTO gradas VALUES ('grada 3', 'espectaculo 717', 'teatro', '2006-02-19', 'productora 717', '2022-09-01 18:00:00', 'Calle de las flores número 717 puerta C');
INSERT INTO espectaculos VALUES ('espectaculo 718', 'concierto', '1985-05-26', 'productora 718', 'lista participantes 718', 8, '00:11:00', '00:16:00', '00:23:00');
INSERT INTO eventos VALUES ('espectaculo 718', 'concierto', '1985-05-26', 'productora 718', '2022-09-01 18:00:00', 'Calle de las flores número 718 puerta C','Abierto');
INSERT INTO eventos VALUES ('espectaculo 718', 'concierto', '1985-05-26', 'productora 718', '2020-09-01 03:00:00', 'Calle de las flores número 718 puerta C','Abierto');
INSERT INTO gradas VALUES ('grada 1', 'espectaculo 718', 'concierto', '1985-05-26', 'productora 718', '2022-09-01 18:00:00', 'Calle de las flores número 718 puerta C');
INSERT INTO gradas VALUES ('grada 2', 'espectaculo 718', 'concierto', '1985-05-26', 'productora 718', '2022-09-01 18:00:00', 'Calle de las flores número 718 puerta C');
INSERT INTO gradas VALUES ('grada 3', 'espectaculo 718', 'concierto', '1985-05-26', 'productora 718', '2022-09-01 18:00:00', 'Calle de las flores número 718 puerta C');
INSERT INTO espectaculos VALUES ('espectaculo 719', 'deportivo', '1991-08-19', 'productora 719', 'lista participantes 719', 4, '00:14:00', '00:45:00', '00:23:00');
INSERT INTO eventos VALUES ('espectaculo 719', 'deportivo', '1991-08-19', 'productora 719', '2022-09-01 18:00:00', 'Calle de las flores número 719 puerta C','Abierto');
INSERT INTO eventos VALUES ('espectaculo 719', 'deportivo', '1991-08-19', 'productora 719', '2020-09-01 03:00:00', 'Calle de las flores número 719 puerta C','Abierto');
INSERT INTO gradas VALUES ('grada 1', 'espectaculo 719', 'deportivo', '1991-08-19', 'productora 719', '2022-09-01 18:00:00', 'Calle de las flores número 719 puerta C');
INSERT INTO gradas VALUES ('grada 2', 'espectaculo 719', 'deportivo', '1991-08-19', 'productora 719', '2022-09-01 18:00:00', 'Calle de las flores número 719 puerta C');
INSERT INTO gradas VALUES ('grada 3', 'espectaculo 719', 'deportivo', '1991-08-19', 'productora 719', '2022-09-01 18:00:00', 'Calle de las flores número 719 puerta C');
INSERT INTO espectaculos VALUES ('espectaculo 720', 'concierto', '1999-08-25', 'productora 720', 'lista participantes 720', 6, '00:19:00', '00:16:00', '00:21:00');
INSERT INTO eventos VALUES ('espectaculo 720', 'concierto', '1999-08-25', 'productora 720', '2022-09-01 18:00:00', 'Calle de las flores número 720 puerta C','Abierto');
INSERT INTO eventos VALUES ('espectaculo 720', 'concierto', '1999-08-25', 'productora 720', '2020-09-01 03:00:00', 'Calle de las flores número 720 puerta C','Abierto');
INSERT INTO gradas VALUES ('grada 1', 'espectaculo 720', 'concierto', '1999-08-25', 'productora 720', '2022-09-01 18:00:00', 'Calle de las flores número 720 puerta C');
INSERT INTO gradas VALUES ('grada 2', 'espectaculo 720', 'concierto', '1999-08-25', 'productora 720', '2022-09-01 18:00:00', 'Calle de las flores número 720 puerta C');
INSERT INTO gradas VALUES ('grada 3', 'espectaculo 720', 'concierto', '1999-08-25', 'productora 720', '2022-09-01 18:00:00', 'Calle de las flores número 720 puerta C');
INSERT INTO espectaculos VALUES ('espectaculo 721', 'pelicula', '1990-01-04', 'productora 721', 'lista participantes 721', 7, '00:16:00', '00:30:00', '00:19:00');
INSERT INTO eventos VALUES ('espectaculo 721', 'pelicula', '1990-01-04', 'productora 721', '2022-09-01 18:00:00', 'Calle de las flores número 721 puerta C','Abierto');
INSERT INTO eventos VALUES ('espectaculo 721', 'pelicula', '1990-01-04', 'productora 721', '2020-09-01 03:00:00', 'Calle de las flores número 721 puerta C','Abierto');
INSERT INTO gradas VALUES ('grada 1', 'espectaculo 721', 'pelicula', '1990-01-04', 'productora 721', '2022-09-01 18:00:00', 'Calle de las flores número 721 puerta C');
INSERT INTO gradas VALUES ('grada 2', 'espectaculo 721', 'pelicula', '1990-01-04', 'productora 721', '2022-09-01 18:00:00', 'Calle de las flores número 721 puerta C');
INSERT INTO gradas VALUES ('grada 3', 'espectaculo 721', 'pelicula', '1990-01-04', 'productora 721', '2022-09-01 18:00:00', 'Calle de las flores número 721 puerta C');
INSERT INTO espectaculos VALUES ('espectaculo 722', 'teatro', '2010-06-27', 'productora 722', 'lista participantes 722', 9, '00:12:00', '00:55:00', '00:19:00');
INSERT INTO eventos VALUES ('espectaculo 722', 'teatro', '2010-06-27', 'productora 722', '2022-09-01 18:00:00', 'Calle de las flores número 722 puerta C','Abierto');
INSERT INTO eventos VALUES ('espectaculo 722', 'teatro', '2010-06-27', 'productora 722', '2020-09-01 03:00:00', 'Calle de las flores número 722 puerta C','Abierto');
INSERT INTO gradas VALUES ('grada 1', 'espectaculo 722', 'teatro', '2010-06-27', 'productora 722', '2022-09-01 18:00:00', 'Calle de las flores número 722 puerta C');
INSERT INTO gradas VALUES ('grada 2', 'espectaculo 722', 'teatro', '2010-06-27', 'productora 722', '2022-09-01 18:00:00', 'Calle de las flores número 722 puerta C');
INSERT INTO gradas VALUES ('grada 3', 'espectaculo 722', 'teatro', '2010-06-27', 'productora 722', '2022-09-01 18:00:00', 'Calle de las flores número 722 puerta C');
INSERT INTO espectaculos VALUES ('espectaculo 723', 'entrevista', '1995-06-25', 'productora 723', 'lista participantes 723', 5, '00:14:00', '00:21:00', '00:18:00');
INSERT INTO eventos VALUES ('espectaculo 723', 'entrevista', '1995-06-25', 'productora 723', '2022-09-01 18:00:00', 'Calle de las flores número 723 puerta C','Abierto');
INSERT INTO eventos VALUES ('espectaculo 723', 'entrevista', '1995-06-25', 'productora 723', '2020-09-01 03:00:00', 'Calle de las flores número 723 puerta C','Abierto');
INSERT INTO gradas VALUES ('grada 1', 'espectaculo 723', 'entrevista', '1995-06-25', 'productora 723', '2022-09-01 18:00:00', 'Calle de las flores número 723 puerta C');
INSERT INTO gradas VALUES ('grada 2', 'espectaculo 723', 'entrevista', '1995-06-25', 'productora 723', '2022-09-01 18:00:00', 'Calle de las flores número 723 puerta C');
INSERT INTO gradas VALUES ('grada 3', 'espectaculo 723', 'entrevista', '1995-06-25', 'productora 723', '2022-09-01 18:00:00', 'Calle de las flores número 723 puerta C');
INSERT INTO espectaculos VALUES ('espectaculo 724', 'entrevista', '2015-01-03', 'productora 724', 'lista participantes 724', 5, '00:11:00', '00:34:00', '00:24:00');
INSERT INTO eventos VALUES ('espectaculo 724', 'entrevista', '2015-01-03', 'productora 724', '2022-09-01 18:00:00', 'Calle de las flores número 724 puerta C','Abierto');
INSERT INTO eventos VALUES ('espectaculo 724', 'entrevista', '2015-01-03', 'productora 724', '2020-09-01 03:00:00', 'Calle de las flores número 724 puerta C','Abierto');
INSERT INTO gradas VALUES ('grada 1', 'espectaculo 724', 'entrevista', '2015-01-03', 'productora 724', '2022-09-01 18:00:00', 'Calle de las flores número 724 puerta C');
INSERT INTO gradas VALUES ('grada 2', 'espectaculo 724', 'entrevista', '2015-01-03', 'productora 724', '2022-09-01 18:00:00', 'Calle de las flores número 724 puerta C');
INSERT INTO gradas VALUES ('grada 3', 'espectaculo 724', 'entrevista', '2015-01-03', 'productora 724', '2022-09-01 18:00:00', 'Calle de las flores número 724 puerta C');
INSERT INTO espectaculos VALUES ('espectaculo 725', 'teatro', '2005-08-18', 'productora 725', 'lista participantes 725', 1, '00:14:00', '00:40:00', '00:23:00');
INSERT INTO eventos VALUES ('espectaculo 725', 'teatro', '2005-08-18', 'productora 725', '2022-09-01 18:00:00', 'Calle de las flores número 725 puerta C','Abierto');
INSERT INTO eventos VALUES ('espectaculo 725', 'teatro', '2005-08-18', 'productora 725', '2020-09-01 03:00:00', 'Calle de las flores número 725 puerta C','Abierto');
INSERT INTO gradas VALUES ('grada 1', 'espectaculo 725', 'teatro', '2005-08-18', 'productora 725', '2022-09-01 18:00:00', 'Calle de las flores número 725 puerta C');
INSERT INTO gradas VALUES ('grada 2', 'espectaculo 725', 'teatro', '2005-08-18', 'productora 725', '2022-09-01 18:00:00', 'Calle de las flores número 725 puerta C');
INSERT INTO gradas VALUES ('grada 3', 'espectaculo 725', 'teatro', '2005-08-18', 'productora 725', '2022-09-01 18:00:00', 'Calle de las flores número 725 puerta C');
INSERT INTO espectaculos VALUES ('espectaculo 726', 'pelicula', '1995-01-18', 'productora 726', 'lista participantes 726', 1, '00:17:00', '00:54:00', '00:16:00');
INSERT INTO eventos VALUES ('espectaculo 726', 'pelicula', '1995-01-18', 'productora 726', '2022-09-01 18:00:00', 'Calle de las flores número 726 puerta C','Abierto');
INSERT INTO eventos VALUES ('espectaculo 726', 'pelicula', '1995-01-18', 'productora 726', '2020-09-01 03:00:00', 'Calle de las flores número 726 puerta C','Abierto');
INSERT INTO gradas VALUES ('grada 1', 'espectaculo 726', 'pelicula', '1995-01-18', 'productora 726', '2022-09-01 18:00:00', 'Calle de las flores número 726 puerta C');
INSERT INTO gradas VALUES ('grada 2', 'espectaculo 726', 'pelicula', '1995-01-18', 'productora 726', '2022-09-01 18:00:00', 'Calle de las flores número 726 puerta C');
INSERT INTO gradas VALUES ('grada 3', 'espectaculo 726', 'pelicula', '1995-01-18', 'productora 726', '2022-09-01 18:00:00', 'Calle de las flores número 726 puerta C');
INSERT INTO espectaculos VALUES ('espectaculo 727', 'teatro', '1995-03-11', 'productora 727', 'lista participantes 727', 2, '00:12:00', '00:39:00', '00:22:00');
INSERT INTO eventos VALUES ('espectaculo 727', 'teatro', '1995-03-11', 'productora 727', '2022-09-01 18:00:00', 'Calle de las flores número 727 puerta C','Abierto');
INSERT INTO eventos VALUES ('espectaculo 727', 'teatro', '1995-03-11', 'productora 727', '2020-09-01 03:00:00', 'Calle de las flores número 727 puerta C','Abierto');
INSERT INTO gradas VALUES ('grada 1', 'espectaculo 727', 'teatro', '1995-03-11', 'productora 727', '2022-09-01 18:00:00', 'Calle de las flores número 727 puerta C');
INSERT INTO gradas VALUES ('grada 2', 'espectaculo 727', 'teatro', '1995-03-11', 'productora 727', '2022-09-01 18:00:00', 'Calle de las flores número 727 puerta C');
INSERT INTO gradas VALUES ('grada 3', 'espectaculo 727', 'teatro', '1995-03-11', 'productora 727', '2022-09-01 18:00:00', 'Calle de las flores número 727 puerta C');
INSERT INTO espectaculos VALUES ('espectaculo 728', 'teatro', '1993-04-02', 'productora 728', 'lista participantes 728', 5, '00:10:00', '00:49:00', '00:18:00');
INSERT INTO eventos VALUES ('espectaculo 728', 'teatro', '1993-04-02', 'productora 728', '2022-09-01 18:00:00', 'Calle de las flores número 728 puerta C','Abierto');
INSERT INTO eventos VALUES ('espectaculo 728', 'teatro', '1993-04-02', 'productora 728', '2020-09-01 03:00:00', 'Calle de las flores número 728 puerta C','Abierto');
INSERT INTO gradas VALUES ('grada 1', 'espectaculo 728', 'teatro', '1993-04-02', 'productora 728', '2022-09-01 18:00:00', 'Calle de las flores número 728 puerta C');
INSERT INTO gradas VALUES ('grada 2', 'espectaculo 728', 'teatro', '1993-04-02', 'productora 728', '2022-09-01 18:00:00', 'Calle de las flores número 728 puerta C');
INSERT INTO gradas VALUES ('grada 3', 'espectaculo 728', 'teatro', '1993-04-02', 'productora 728', '2022-09-01 18:00:00', 'Calle de las flores número 728 puerta C');
INSERT INTO espectaculos VALUES ('espectaculo 729', 'deportivo', '1995-07-25', 'productora 729', 'lista participantes 729', 8, '00:18:00', '00:41:00', '00:29:00');
INSERT INTO eventos VALUES ('espectaculo 729', 'deportivo', '1995-07-25', 'productora 729', '2022-09-01 18:00:00', 'Calle de las flores número 729 puerta C','Abierto');
INSERT INTO eventos VALUES ('espectaculo 729', 'deportivo', '1995-07-25', 'productora 729', '2020-09-01 03:00:00', 'Calle de las flores número 729 puerta C','Abierto');
INSERT INTO gradas VALUES ('grada 1', 'espectaculo 729', 'deportivo', '1995-07-25', 'productora 729', '2022-09-01 18:00:00', 'Calle de las flores número 729 puerta C');
INSERT INTO gradas VALUES ('grada 2', 'espectaculo 729', 'deportivo', '1995-07-25', 'productora 729', '2022-09-01 18:00:00', 'Calle de las flores número 729 puerta C');
INSERT INTO gradas VALUES ('grada 3', 'espectaculo 729', 'deportivo', '1995-07-25', 'productora 729', '2022-09-01 18:00:00', 'Calle de las flores número 729 puerta C');
INSERT INTO espectaculos VALUES ('espectaculo 730', 'pelicula', '1997-02-16', 'productora 730', 'lista participantes 730', 4, '00:12:00', '00:33:00', '00:18:00');
INSERT INTO eventos VALUES ('espectaculo 730', 'pelicula', '1997-02-16', 'productora 730', '2022-09-01 18:00:00', 'Calle de las flores número 730 puerta C','Abierto');
INSERT INTO eventos VALUES ('espectaculo 730', 'pelicula', '1997-02-16', 'productora 730', '2020-09-01 03:00:00', 'Calle de las flores número 730 puerta C','Abierto');
INSERT INTO gradas VALUES ('grada 1', 'espectaculo 730', 'pelicula', '1997-02-16', 'productora 730', '2022-09-01 18:00:00', 'Calle de las flores número 730 puerta C');
INSERT INTO gradas VALUES ('grada 2', 'espectaculo 730', 'pelicula', '1997-02-16', 'productora 730', '2022-09-01 18:00:00', 'Calle de las flores número 730 puerta C');
INSERT INTO gradas VALUES ('grada 3', 'espectaculo 730', 'pelicula', '1997-02-16', 'productora 730', '2022-09-01 18:00:00', 'Calle de las flores número 730 puerta C');
INSERT INTO espectaculos VALUES ('espectaculo 731', 'teatro', '2018-05-06', 'productora 731', 'lista participantes 731', 6, '00:18:00', '00:18:00', '00:29:00');
INSERT INTO eventos VALUES ('espectaculo 731', 'teatro', '2018-05-06', 'productora 731', '2022-09-01 18:00:00', 'Calle de las flores número 731 puerta C','Abierto');
INSERT INTO eventos VALUES ('espectaculo 731', 'teatro', '2018-05-06', 'productora 731', '2020-09-01 03:00:00', 'Calle de las flores número 731 puerta C','Abierto');
INSERT INTO gradas VALUES ('grada 1', 'espectaculo 731', 'teatro', '2018-05-06', 'productora 731', '2022-09-01 18:00:00', 'Calle de las flores número 731 puerta C');
INSERT INTO gradas VALUES ('grada 2', 'espectaculo 731', 'teatro', '2018-05-06', 'productora 731', '2022-09-01 18:00:00', 'Calle de las flores número 731 puerta C');
INSERT INTO gradas VALUES ('grada 3', 'espectaculo 731', 'teatro', '2018-05-06', 'productora 731', '2022-09-01 18:00:00', 'Calle de las flores número 731 puerta C');
INSERT INTO espectaculos VALUES ('espectaculo 732', 'pelicula', '1999-10-19', 'productora 732', 'lista participantes 732', 7, '00:15:00', '00:29:00', '00:20:00');
INSERT INTO eventos VALUES ('espectaculo 732', 'pelicula', '1999-10-19', 'productora 732', '2022-09-01 18:00:00', 'Calle de las flores número 732 puerta C','Abierto');
INSERT INTO eventos VALUES ('espectaculo 732', 'pelicula', '1999-10-19', 'productora 732', '2020-09-01 03:00:00', 'Calle de las flores número 732 puerta C','Abierto');
INSERT INTO gradas VALUES ('grada 1', 'espectaculo 732', 'pelicula', '1999-10-19', 'productora 732', '2022-09-01 18:00:00', 'Calle de las flores número 732 puerta C');
INSERT INTO gradas VALUES ('grada 2', 'espectaculo 732', 'pelicula', '1999-10-19', 'productora 732', '2022-09-01 18:00:00', 'Calle de las flores número 732 puerta C');
INSERT INTO gradas VALUES ('grada 3', 'espectaculo 732', 'pelicula', '1999-10-19', 'productora 732', '2022-09-01 18:00:00', 'Calle de las flores número 732 puerta C');
INSERT INTO espectaculos VALUES ('espectaculo 733', 'pelicula', '2004-02-04', 'productora 733', 'lista participantes 733', 4, '00:16:00', '00:30:00', '00:18:00');
INSERT INTO eventos VALUES ('espectaculo 733', 'pelicula', '2004-02-04', 'productora 733', '2022-09-01 18:00:00', 'Calle de las flores número 733 puerta C','Abierto');
INSERT INTO eventos VALUES ('espectaculo 733', 'pelicula', '2004-02-04', 'productora 733', '2020-09-01 03:00:00', 'Calle de las flores número 733 puerta C','Abierto');
INSERT INTO gradas VALUES ('grada 1', 'espectaculo 733', 'pelicula', '2004-02-04', 'productora 733', '2022-09-01 18:00:00', 'Calle de las flores número 733 puerta C');
INSERT INTO gradas VALUES ('grada 2', 'espectaculo 733', 'pelicula', '2004-02-04', 'productora 733', '2022-09-01 18:00:00', 'Calle de las flores número 733 puerta C');
INSERT INTO gradas VALUES ('grada 3', 'espectaculo 733', 'pelicula', '2004-02-04', 'productora 733', '2022-09-01 18:00:00', 'Calle de las flores número 733 puerta C');
INSERT INTO espectaculos VALUES ('espectaculo 734', 'teatro', '1995-07-26', 'productora 734', 'lista participantes 734', 3, '00:11:00', '00:24:00', '00:20:00');
INSERT INTO eventos VALUES ('espectaculo 734', 'teatro', '1995-07-26', 'productora 734', '2022-09-01 18:00:00', 'Calle de las flores número 734 puerta C','Abierto');
INSERT INTO eventos VALUES ('espectaculo 734', 'teatro', '1995-07-26', 'productora 734', '2020-09-01 03:00:00', 'Calle de las flores número 734 puerta C','Abierto');
INSERT INTO gradas VALUES ('grada 1', 'espectaculo 734', 'teatro', '1995-07-26', 'productora 734', '2022-09-01 18:00:00', 'Calle de las flores número 734 puerta C');
INSERT INTO gradas VALUES ('grada 2', 'espectaculo 734', 'teatro', '1995-07-26', 'productora 734', '2022-09-01 18:00:00', 'Calle de las flores número 734 puerta C');
INSERT INTO gradas VALUES ('grada 3', 'espectaculo 734', 'teatro', '1995-07-26', 'productora 734', '2022-09-01 18:00:00', 'Calle de las flores número 734 puerta C');
INSERT INTO espectaculos VALUES ('espectaculo 735', 'deportivo', '2005-04-08', 'productora 735', 'lista participantes 735', 4, '00:15:00', '00:17:00', '00:24:00');
INSERT INTO eventos VALUES ('espectaculo 735', 'deportivo', '2005-04-08', 'productora 735', '2022-09-01 18:00:00', 'Calle de las flores número 735 puerta C','Abierto');
INSERT INTO eventos VALUES ('espectaculo 735', 'deportivo', '2005-04-08', 'productora 735', '2020-09-01 03:00:00', 'Calle de las flores número 735 puerta C','Abierto');
INSERT INTO gradas VALUES ('grada 1', 'espectaculo 735', 'deportivo', '2005-04-08', 'productora 735', '2022-09-01 18:00:00', 'Calle de las flores número 735 puerta C');
INSERT INTO gradas VALUES ('grada 2', 'espectaculo 735', 'deportivo', '2005-04-08', 'productora 735', '2022-09-01 18:00:00', 'Calle de las flores número 735 puerta C');
INSERT INTO gradas VALUES ('grada 3', 'espectaculo 735', 'deportivo', '2005-04-08', 'productora 735', '2022-09-01 18:00:00', 'Calle de las flores número 735 puerta C');
INSERT INTO espectaculos VALUES ('espectaculo 736', 'entrevista', '1997-09-26', 'productora 736', 'lista participantes 736', 6, '00:10:00', '00:49:00', '00:24:00');
INSERT INTO eventos VALUES ('espectaculo 736', 'entrevista', '1997-09-26', 'productora 736', '2022-09-01 18:00:00', 'Calle de las flores número 736 puerta C','Abierto');
INSERT INTO eventos VALUES ('espectaculo 736', 'entrevista', '1997-09-26', 'productora 736', '2020-09-01 03:00:00', 'Calle de las flores número 736 puerta C','Abierto');
INSERT INTO gradas VALUES ('grada 1', 'espectaculo 736', 'entrevista', '1997-09-26', 'productora 736', '2022-09-01 18:00:00', 'Calle de las flores número 736 puerta C');
INSERT INTO gradas VALUES ('grada 2', 'espectaculo 736', 'entrevista', '1997-09-26', 'productora 736', '2022-09-01 18:00:00', 'Calle de las flores número 736 puerta C');
INSERT INTO gradas VALUES ('grada 3', 'espectaculo 736', 'entrevista', '1997-09-26', 'productora 736', '2022-09-01 18:00:00', 'Calle de las flores número 736 puerta C');
INSERT INTO espectaculos VALUES ('espectaculo 737', 'deportivo', '2014-01-10', 'productora 737', 'lista participantes 737', 2, '00:12:00', '00:48:00', '00:17:00');
INSERT INTO eventos VALUES ('espectaculo 737', 'deportivo', '2014-01-10', 'productora 737', '2022-09-01 18:00:00', 'Calle de las flores número 737 puerta C','Abierto');
INSERT INTO eventos VALUES ('espectaculo 737', 'deportivo', '2014-01-10', 'productora 737', '2020-09-01 03:00:00', 'Calle de las flores número 737 puerta C','Abierto');
INSERT INTO gradas VALUES ('grada 1', 'espectaculo 737', 'deportivo', '2014-01-10', 'productora 737', '2022-09-01 18:00:00', 'Calle de las flores número 737 puerta C');
INSERT INTO gradas VALUES ('grada 2', 'espectaculo 737', 'deportivo', '2014-01-10', 'productora 737', '2022-09-01 18:00:00', 'Calle de las flores número 737 puerta C');
INSERT INTO gradas VALUES ('grada 3', 'espectaculo 737', 'deportivo', '2014-01-10', 'productora 737', '2022-09-01 18:00:00', 'Calle de las flores número 737 puerta C');
INSERT INTO espectaculos VALUES ('espectaculo 738', 'teatro', '2011-05-11', 'productora 738', 'lista participantes 738', 7, '00:11:00', '00:47:00', '00:26:00');
INSERT INTO eventos VALUES ('espectaculo 738', 'teatro', '2011-05-11', 'productora 738', '2022-09-01 18:00:00', 'Calle de las flores número 738 puerta C','Abierto');
INSERT INTO eventos VALUES ('espectaculo 738', 'teatro', '2011-05-11', 'productora 738', '2020-09-01 03:00:00', 'Calle de las flores número 738 puerta C','Abierto');
INSERT INTO gradas VALUES ('grada 1', 'espectaculo 738', 'teatro', '2011-05-11', 'productora 738', '2022-09-01 18:00:00', 'Calle de las flores número 738 puerta C');
INSERT INTO gradas VALUES ('grada 2', 'espectaculo 738', 'teatro', '2011-05-11', 'productora 738', '2022-09-01 18:00:00', 'Calle de las flores número 738 puerta C');
INSERT INTO gradas VALUES ('grada 3', 'espectaculo 738', 'teatro', '2011-05-11', 'productora 738', '2022-09-01 18:00:00', 'Calle de las flores número 738 puerta C');
INSERT INTO espectaculos VALUES ('espectaculo 739', 'entrevista', '2012-02-06', 'productora 739', 'lista participantes 739', 3, '00:14:00', '00:49:00', '00:17:00');
INSERT INTO eventos VALUES ('espectaculo 739', 'entrevista', '2012-02-06', 'productora 739', '2022-09-01 18:00:00', 'Calle de las flores número 739 puerta C','Abierto');
INSERT INTO eventos VALUES ('espectaculo 739', 'entrevista', '2012-02-06', 'productora 739', '2020-09-01 03:00:00', 'Calle de las flores número 739 puerta C','Abierto');
INSERT INTO gradas VALUES ('grada 1', 'espectaculo 739', 'entrevista', '2012-02-06', 'productora 739', '2022-09-01 18:00:00', 'Calle de las flores número 739 puerta C');
INSERT INTO gradas VALUES ('grada 2', 'espectaculo 739', 'entrevista', '2012-02-06', 'productora 739', '2022-09-01 18:00:00', 'Calle de las flores número 739 puerta C');
INSERT INTO gradas VALUES ('grada 3', 'espectaculo 739', 'entrevista', '2012-02-06', 'productora 739', '2022-09-01 18:00:00', 'Calle de las flores número 739 puerta C');
INSERT INTO espectaculos VALUES ('espectaculo 740', 'entrevista', '2012-03-05', 'productora 740', 'lista participantes 740', 4, '00:17:00', '00:20:00', '00:18:00');
INSERT INTO eventos VALUES ('espectaculo 740', 'entrevista', '2012-03-05', 'productora 740', '2022-09-01 18:00:00', 'Calle de las flores número 740 puerta C','Abierto');
INSERT INTO eventos VALUES ('espectaculo 740', 'entrevista', '2012-03-05', 'productora 740', '2020-09-01 03:00:00', 'Calle de las flores número 740 puerta C','Abierto');
INSERT INTO gradas VALUES ('grada 1', 'espectaculo 740', 'entrevista', '2012-03-05', 'productora 740', '2022-09-01 18:00:00', 'Calle de las flores número 740 puerta C');
INSERT INTO gradas VALUES ('grada 2', 'espectaculo 740', 'entrevista', '2012-03-05', 'productora 740', '2022-09-01 18:00:00', 'Calle de las flores número 740 puerta C');
INSERT INTO gradas VALUES ('grada 3', 'espectaculo 740', 'entrevista', '2012-03-05', 'productora 740', '2022-09-01 18:00:00', 'Calle de las flores número 740 puerta C');
INSERT INTO espectaculos VALUES ('espectaculo 741', 'teatro', '2000-08-19', 'productora 741', 'lista participantes 741', 9, '00:18:00', '00:55:00', '00:21:00');
INSERT INTO eventos VALUES ('espectaculo 741', 'teatro', '2000-08-19', 'productora 741', '2022-09-01 18:00:00', 'Calle de las flores número 741 puerta C','Abierto');
INSERT INTO eventos VALUES ('espectaculo 741', 'teatro', '2000-08-19', 'productora 741', '2020-09-01 03:00:00', 'Calle de las flores número 741 puerta C','Abierto');
INSERT INTO gradas VALUES ('grada 1', 'espectaculo 741', 'teatro', '2000-08-19', 'productora 741', '2022-09-01 18:00:00', 'Calle de las flores número 741 puerta C');
INSERT INTO gradas VALUES ('grada 2', 'espectaculo 741', 'teatro', '2000-08-19', 'productora 741', '2022-09-01 18:00:00', 'Calle de las flores número 741 puerta C');
INSERT INTO gradas VALUES ('grada 3', 'espectaculo 741', 'teatro', '2000-08-19', 'productora 741', '2022-09-01 18:00:00', 'Calle de las flores número 741 puerta C');
INSERT INTO espectaculos VALUES ('espectaculo 742', 'deportivo', '2017-01-16', 'productora 742', 'lista participantes 742', 9, '00:13:00', '00:52:00', '00:21:00');
INSERT INTO eventos VALUES ('espectaculo 742', 'deportivo', '2017-01-16', 'productora 742', '2022-09-01 18:00:00', 'Calle de las flores número 742 puerta C','Abierto');
INSERT INTO eventos VALUES ('espectaculo 742', 'deportivo', '2017-01-16', 'productora 742', '2020-09-01 03:00:00', 'Calle de las flores número 742 puerta C','Abierto');
INSERT INTO gradas VALUES ('grada 1', 'espectaculo 742', 'deportivo', '2017-01-16', 'productora 742', '2022-09-01 18:00:00', 'Calle de las flores número 742 puerta C');
INSERT INTO gradas VALUES ('grada 2', 'espectaculo 742', 'deportivo', '2017-01-16', 'productora 742', '2022-09-01 18:00:00', 'Calle de las flores número 742 puerta C');
INSERT INTO gradas VALUES ('grada 3', 'espectaculo 742', 'deportivo', '2017-01-16', 'productora 742', '2022-09-01 18:00:00', 'Calle de las flores número 742 puerta C');
INSERT INTO espectaculos VALUES ('espectaculo 743', 'entrevista', '2013-06-20', 'productora 743', 'lista participantes 743', 3, '00:19:00', '00:41:00', '00:16:00');
INSERT INTO eventos VALUES ('espectaculo 743', 'entrevista', '2013-06-20', 'productora 743', '2022-09-01 18:00:00', 'Calle de las flores número 743 puerta C','Abierto');
INSERT INTO eventos VALUES ('espectaculo 743', 'entrevista', '2013-06-20', 'productora 743', '2020-09-01 03:00:00', 'Calle de las flores número 743 puerta C','Abierto');
INSERT INTO gradas VALUES ('grada 1', 'espectaculo 743', 'entrevista', '2013-06-20', 'productora 743', '2022-09-01 18:00:00', 'Calle de las flores número 743 puerta C');
INSERT INTO gradas VALUES ('grada 2', 'espectaculo 743', 'entrevista', '2013-06-20', 'productora 743', '2022-09-01 18:00:00', 'Calle de las flores número 743 puerta C');
INSERT INTO gradas VALUES ('grada 3', 'espectaculo 743', 'entrevista', '2013-06-20', 'productora 743', '2022-09-01 18:00:00', 'Calle de las flores número 743 puerta C');
INSERT INTO espectaculos VALUES ('espectaculo 744', 'pelicula', '1995-10-18', 'productora 744', 'lista participantes 744', 9, '00:11:00', '00:45:00', '00:18:00');
INSERT INTO eventos VALUES ('espectaculo 744', 'pelicula', '1995-10-18', 'productora 744', '2022-09-01 18:00:00', 'Calle de las flores número 744 puerta C','Abierto');
INSERT INTO eventos VALUES ('espectaculo 744', 'pelicula', '1995-10-18', 'productora 744', '2020-09-01 03:00:00', 'Calle de las flores número 744 puerta C','Abierto');
INSERT INTO gradas VALUES ('grada 1', 'espectaculo 744', 'pelicula', '1995-10-18', 'productora 744', '2022-09-01 18:00:00', 'Calle de las flores número 744 puerta C');
INSERT INTO gradas VALUES ('grada 2', 'espectaculo 744', 'pelicula', '1995-10-18', 'productora 744', '2022-09-01 18:00:00', 'Calle de las flores número 744 puerta C');
INSERT INTO gradas VALUES ('grada 3', 'espectaculo 744', 'pelicula', '1995-10-18', 'productora 744', '2022-09-01 18:00:00', 'Calle de las flores número 744 puerta C');
INSERT INTO espectaculos VALUES ('espectaculo 745', 'entrevista', '2013-04-15', 'productora 745', 'lista participantes 745', 8, '00:13:00', '00:23:00', '00:29:00');
INSERT INTO eventos VALUES ('espectaculo 745', 'entrevista', '2013-04-15', 'productora 745', '2022-09-01 18:00:00', 'Calle de las flores número 745 puerta C','Abierto');
INSERT INTO eventos VALUES ('espectaculo 745', 'entrevista', '2013-04-15', 'productora 745', '2020-09-01 03:00:00', 'Calle de las flores número 745 puerta C','Abierto');
INSERT INTO gradas VALUES ('grada 1', 'espectaculo 745', 'entrevista', '2013-04-15', 'productora 745', '2022-09-01 18:00:00', 'Calle de las flores número 745 puerta C');
INSERT INTO gradas VALUES ('grada 2', 'espectaculo 745', 'entrevista', '2013-04-15', 'productora 745', '2022-09-01 18:00:00', 'Calle de las flores número 745 puerta C');
INSERT INTO gradas VALUES ('grada 3', 'espectaculo 745', 'entrevista', '2013-04-15', 'productora 745', '2022-09-01 18:00:00', 'Calle de las flores número 745 puerta C');
INSERT INTO espectaculos VALUES ('espectaculo 746', 'deportivo', '2007-04-25', 'productora 746', 'lista participantes 746', 8, '00:13:00', '00:16:00', '00:22:00');
INSERT INTO eventos VALUES ('espectaculo 746', 'deportivo', '2007-04-25', 'productora 746', '2022-09-01 18:00:00', 'Calle de las flores número 746 puerta C','Abierto');
INSERT INTO eventos VALUES ('espectaculo 746', 'deportivo', '2007-04-25', 'productora 746', '2020-09-01 03:00:00', 'Calle de las flores número 746 puerta C','Abierto');
INSERT INTO gradas VALUES ('grada 1', 'espectaculo 746', 'deportivo', '2007-04-25', 'productora 746', '2022-09-01 18:00:00', 'Calle de las flores número 746 puerta C');
INSERT INTO gradas VALUES ('grada 2', 'espectaculo 746', 'deportivo', '2007-04-25', 'productora 746', '2022-09-01 18:00:00', 'Calle de las flores número 746 puerta C');
INSERT INTO gradas VALUES ('grada 3', 'espectaculo 746', 'deportivo', '2007-04-25', 'productora 746', '2022-09-01 18:00:00', 'Calle de las flores número 746 puerta C');
INSERT INTO espectaculos VALUES ('espectaculo 747', 'concierto', '1989-09-24', 'productora 747', 'lista participantes 747', 1, '00:17:00', '00:24:00', '00:21:00');
INSERT INTO eventos VALUES ('espectaculo 747', 'concierto', '1989-09-24', 'productora 747', '2022-09-01 18:00:00', 'Calle de las flores número 747 puerta C','Abierto');
INSERT INTO eventos VALUES ('espectaculo 747', 'concierto', '1989-09-24', 'productora 747', '2020-09-01 03:00:00', 'Calle de las flores número 747 puerta C','Abierto');
INSERT INTO gradas VALUES ('grada 1', 'espectaculo 747', 'concierto', '1989-09-24', 'productora 747', '2022-09-01 18:00:00', 'Calle de las flores número 747 puerta C');
INSERT INTO gradas VALUES ('grada 2', 'espectaculo 747', 'concierto', '1989-09-24', 'productora 747', '2022-09-01 18:00:00', 'Calle de las flores número 747 puerta C');
INSERT INTO gradas VALUES ('grada 3', 'espectaculo 747', 'concierto', '1989-09-24', 'productora 747', '2022-09-01 18:00:00', 'Calle de las flores número 747 puerta C');
INSERT INTO espectaculos VALUES ('espectaculo 748', 'entrevista', '2006-05-22', 'productora 748', 'lista participantes 748', 3, '00:16:00', '00:48:00', '00:26:00');
INSERT INTO eventos VALUES ('espectaculo 748', 'entrevista', '2006-05-22', 'productora 748', '2022-09-01 18:00:00', 'Calle de las flores número 748 puerta C','Abierto');
INSERT INTO eventos VALUES ('espectaculo 748', 'entrevista', '2006-05-22', 'productora 748', '2020-09-01 03:00:00', 'Calle de las flores número 748 puerta C','Abierto');
INSERT INTO gradas VALUES ('grada 1', 'espectaculo 748', 'entrevista', '2006-05-22', 'productora 748', '2022-09-01 18:00:00', 'Calle de las flores número 748 puerta C');
INSERT INTO gradas VALUES ('grada 2', 'espectaculo 748', 'entrevista', '2006-05-22', 'productora 748', '2022-09-01 18:00:00', 'Calle de las flores número 748 puerta C');
INSERT INTO gradas VALUES ('grada 3', 'espectaculo 748', 'entrevista', '2006-05-22', 'productora 748', '2022-09-01 18:00:00', 'Calle de las flores número 748 puerta C');
INSERT INTO espectaculos VALUES ('espectaculo 749', 'deportivo', '1991-10-07', 'productora 749', 'lista participantes 749', 6, '00:18:00', '00:16:00', '00:23:00');
INSERT INTO eventos VALUES ('espectaculo 749', 'deportivo', '1991-10-07', 'productora 749', '2022-09-01 18:00:00', 'Calle de las flores número 749 puerta C','Abierto');
INSERT INTO eventos VALUES ('espectaculo 749', 'deportivo', '1991-10-07', 'productora 749', '2020-09-01 03:00:00', 'Calle de las flores número 749 puerta C','Abierto');
INSERT INTO gradas VALUES ('grada 1', 'espectaculo 749', 'deportivo', '1991-10-07', 'productora 749', '2022-09-01 18:00:00', 'Calle de las flores número 749 puerta C');
INSERT INTO gradas VALUES ('grada 2', 'espectaculo 749', 'deportivo', '1991-10-07', 'productora 749', '2022-09-01 18:00:00', 'Calle de las flores número 749 puerta C');
INSERT INTO gradas VALUES ('grada 3', 'espectaculo 749', 'deportivo', '1991-10-07', 'productora 749', '2022-09-01 18:00:00', 'Calle de las flores número 749 puerta C');
INSERT INTO espectaculos VALUES ('espectaculo 750', 'entrevista', '2017-03-15', 'productora 750', 'lista participantes 750', 1, '00:13:00', '00:32:00', '00:15:00');
INSERT INTO eventos VALUES ('espectaculo 750', 'entrevista', '2017-03-15', 'productora 750', '2022-09-01 18:00:00', 'Calle de las flores número 750 puerta C','Abierto');
INSERT INTO eventos VALUES ('espectaculo 750', 'entrevista', '2017-03-15', 'productora 750', '2020-09-01 03:00:00', 'Calle de las flores número 750 puerta C','Abierto');
INSERT INTO gradas VALUES ('grada 1', 'espectaculo 750', 'entrevista', '2017-03-15', 'productora 750', '2022-09-01 18:00:00', 'Calle de las flores número 750 puerta C');
INSERT INTO gradas VALUES ('grada 2', 'espectaculo 750', 'entrevista', '2017-03-15', 'productora 750', '2022-09-01 18:00:00', 'Calle de las flores número 750 puerta C');
INSERT INTO gradas VALUES ('grada 3', 'espectaculo 750', 'entrevista', '2017-03-15', 'productora 750', '2022-09-01 18:00:00', 'Calle de las flores número 750 puerta C');
INSERT INTO espectaculos VALUES ('espectaculo 751', 'concierto', '1989-07-14', 'productora 751', 'lista participantes 751', 3, '00:13:00', '00:39:00', '00:20:00');
INSERT INTO eventos VALUES ('espectaculo 751', 'concierto', '1989-07-14', 'productora 751', '2022-09-01 18:00:00', 'Calle de las flores número 751 puerta C','Abierto');
INSERT INTO eventos VALUES ('espectaculo 751', 'concierto', '1989-07-14', 'productora 751', '2020-09-01 03:00:00', 'Calle de las flores número 751 puerta C','Abierto');
INSERT INTO gradas VALUES ('grada 1', 'espectaculo 751', 'concierto', '1989-07-14', 'productora 751', '2022-09-01 18:00:00', 'Calle de las flores número 751 puerta C');
INSERT INTO gradas VALUES ('grada 2', 'espectaculo 751', 'concierto', '1989-07-14', 'productora 751', '2022-09-01 18:00:00', 'Calle de las flores número 751 puerta C');
INSERT INTO gradas VALUES ('grada 3', 'espectaculo 751', 'concierto', '1989-07-14', 'productora 751', '2022-09-01 18:00:00', 'Calle de las flores número 751 puerta C');
INSERT INTO espectaculos VALUES ('espectaculo 752', 'deportivo', '1996-05-21', 'productora 752', 'lista participantes 752', 1, '00:13:00', '00:55:00', '00:27:00');
INSERT INTO eventos VALUES ('espectaculo 752', 'deportivo', '1996-05-21', 'productora 752', '2022-09-01 18:00:00', 'Calle de las flores número 752 puerta C','Abierto');
INSERT INTO eventos VALUES ('espectaculo 752', 'deportivo', '1996-05-21', 'productora 752', '2020-09-01 03:00:00', 'Calle de las flores número 752 puerta C','Abierto');
INSERT INTO gradas VALUES ('grada 1', 'espectaculo 752', 'deportivo', '1996-05-21', 'productora 752', '2022-09-01 18:00:00', 'Calle de las flores número 752 puerta C');
INSERT INTO gradas VALUES ('grada 2', 'espectaculo 752', 'deportivo', '1996-05-21', 'productora 752', '2022-09-01 18:00:00', 'Calle de las flores número 752 puerta C');
INSERT INTO gradas VALUES ('grada 3', 'espectaculo 752', 'deportivo', '1996-05-21', 'productora 752', '2022-09-01 18:00:00', 'Calle de las flores número 752 puerta C');
INSERT INTO espectaculos VALUES ('espectaculo 753', 'entrevista', '2008-07-17', 'productora 753', 'lista participantes 753', 3, '00:11:00', '00:28:00', '00:17:00');
INSERT INTO eventos VALUES ('espectaculo 753', 'entrevista', '2008-07-17', 'productora 753', '2022-09-01 18:00:00', 'Calle de las flores número 753 puerta C','Abierto');
INSERT INTO eventos VALUES ('espectaculo 753', 'entrevista', '2008-07-17', 'productora 753', '2020-09-01 03:00:00', 'Calle de las flores número 753 puerta C','Abierto');
INSERT INTO gradas VALUES ('grada 1', 'espectaculo 753', 'entrevista', '2008-07-17', 'productora 753', '2022-09-01 18:00:00', 'Calle de las flores número 753 puerta C');
INSERT INTO gradas VALUES ('grada 2', 'espectaculo 753', 'entrevista', '2008-07-17', 'productora 753', '2022-09-01 18:00:00', 'Calle de las flores número 753 puerta C');
INSERT INTO gradas VALUES ('grada 3', 'espectaculo 753', 'entrevista', '2008-07-17', 'productora 753', '2022-09-01 18:00:00', 'Calle de las flores número 753 puerta C');
INSERT INTO espectaculos VALUES ('espectaculo 754', 'deportivo', '1992-09-17', 'productora 754', 'lista participantes 754', 2, '00:19:00', '00:17:00', '00:25:00');
INSERT INTO eventos VALUES ('espectaculo 754', 'deportivo', '1992-09-17', 'productora 754', '2022-09-01 18:00:00', 'Calle de las flores número 754 puerta C','Abierto');
INSERT INTO eventos VALUES ('espectaculo 754', 'deportivo', '1992-09-17', 'productora 754', '2020-09-01 03:00:00', 'Calle de las flores número 754 puerta C','Abierto');
INSERT INTO gradas VALUES ('grada 1', 'espectaculo 754', 'deportivo', '1992-09-17', 'productora 754', '2022-09-01 18:00:00', 'Calle de las flores número 754 puerta C');
INSERT INTO gradas VALUES ('grada 2', 'espectaculo 754', 'deportivo', '1992-09-17', 'productora 754', '2022-09-01 18:00:00', 'Calle de las flores número 754 puerta C');
INSERT INTO gradas VALUES ('grada 3', 'espectaculo 754', 'deportivo', '1992-09-17', 'productora 754', '2022-09-01 18:00:00', 'Calle de las flores número 754 puerta C');
INSERT INTO espectaculos VALUES ('espectaculo 755', 'teatro', '2012-10-24', 'productora 755', 'lista participantes 755', 1, '00:10:00', '00:44:00', '00:15:00');
INSERT INTO eventos VALUES ('espectaculo 755', 'teatro', '2012-10-24', 'productora 755', '2022-09-01 18:00:00', 'Calle de las flores número 755 puerta C','Abierto');
INSERT INTO eventos VALUES ('espectaculo 755', 'teatro', '2012-10-24', 'productora 755', '2020-09-01 03:00:00', 'Calle de las flores número 755 puerta C','Abierto');
INSERT INTO gradas VALUES ('grada 1', 'espectaculo 755', 'teatro', '2012-10-24', 'productora 755', '2022-09-01 18:00:00', 'Calle de las flores número 755 puerta C');
INSERT INTO gradas VALUES ('grada 2', 'espectaculo 755', 'teatro', '2012-10-24', 'productora 755', '2022-09-01 18:00:00', 'Calle de las flores número 755 puerta C');
INSERT INTO gradas VALUES ('grada 3', 'espectaculo 755', 'teatro', '2012-10-24', 'productora 755', '2022-09-01 18:00:00', 'Calle de las flores número 755 puerta C');
INSERT INTO espectaculos VALUES ('espectaculo 756', 'pelicula', '2019-02-25', 'productora 756', 'lista participantes 756', 2, '00:13:00', '00:36:00', '00:22:00');
INSERT INTO eventos VALUES ('espectaculo 756', 'pelicula', '2019-02-25', 'productora 756', '2022-09-01 18:00:00', 'Calle de las flores número 756 puerta C','Abierto');
INSERT INTO eventos VALUES ('espectaculo 756', 'pelicula', '2019-02-25', 'productora 756', '2020-09-01 03:00:00', 'Calle de las flores número 756 puerta C','Abierto');
INSERT INTO gradas VALUES ('grada 1', 'espectaculo 756', 'pelicula', '2019-02-25', 'productora 756', '2022-09-01 18:00:00', 'Calle de las flores número 756 puerta C');
INSERT INTO gradas VALUES ('grada 2', 'espectaculo 756', 'pelicula', '2019-02-25', 'productora 756', '2022-09-01 18:00:00', 'Calle de las flores número 756 puerta C');
INSERT INTO gradas VALUES ('grada 3', 'espectaculo 756', 'pelicula', '2019-02-25', 'productora 756', '2022-09-01 18:00:00', 'Calle de las flores número 756 puerta C');
INSERT INTO espectaculos VALUES ('espectaculo 757', 'concierto', '1999-06-23', 'productora 757', 'lista participantes 757', 1, '00:19:00', '00:50:00', '00:23:00');
INSERT INTO eventos VALUES ('espectaculo 757', 'concierto', '1999-06-23', 'productora 757', '2022-09-01 18:00:00', 'Calle de las flores número 757 puerta C','Abierto');
INSERT INTO eventos VALUES ('espectaculo 757', 'concierto', '1999-06-23', 'productora 757', '2020-09-01 03:00:00', 'Calle de las flores número 757 puerta C','Abierto');
INSERT INTO gradas VALUES ('grada 1', 'espectaculo 757', 'concierto', '1999-06-23', 'productora 757', '2022-09-01 18:00:00', 'Calle de las flores número 757 puerta C');
INSERT INTO gradas VALUES ('grada 2', 'espectaculo 757', 'concierto', '1999-06-23', 'productora 757', '2022-09-01 18:00:00', 'Calle de las flores número 757 puerta C');
INSERT INTO gradas VALUES ('grada 3', 'espectaculo 757', 'concierto', '1999-06-23', 'productora 757', '2022-09-01 18:00:00', 'Calle de las flores número 757 puerta C');
INSERT INTO espectaculos VALUES ('espectaculo 758', 'entrevista', '1997-01-05', 'productora 758', 'lista participantes 758', 2, '00:13:00', '00:51:00', '00:19:00');
INSERT INTO eventos VALUES ('espectaculo 758', 'entrevista', '1997-01-05', 'productora 758', '2022-09-01 18:00:00', 'Calle de las flores número 758 puerta C','Abierto');
INSERT INTO eventos VALUES ('espectaculo 758', 'entrevista', '1997-01-05', 'productora 758', '2020-09-01 03:00:00', 'Calle de las flores número 758 puerta C','Abierto');
INSERT INTO gradas VALUES ('grada 1', 'espectaculo 758', 'entrevista', '1997-01-05', 'productora 758', '2022-09-01 18:00:00', 'Calle de las flores número 758 puerta C');
INSERT INTO gradas VALUES ('grada 2', 'espectaculo 758', 'entrevista', '1997-01-05', 'productora 758', '2022-09-01 18:00:00', 'Calle de las flores número 758 puerta C');
INSERT INTO gradas VALUES ('grada 3', 'espectaculo 758', 'entrevista', '1997-01-05', 'productora 758', '2022-09-01 18:00:00', 'Calle de las flores número 758 puerta C');
INSERT INTO espectaculos VALUES ('espectaculo 759', 'pelicula', '1986-11-27', 'productora 759', 'lista participantes 759', 5, '00:11:00', '00:59:00', '00:21:00');
INSERT INTO eventos VALUES ('espectaculo 759', 'pelicula', '1986-11-27', 'productora 759', '2022-09-01 18:00:00', 'Calle de las flores número 759 puerta C','Abierto');
INSERT INTO eventos VALUES ('espectaculo 759', 'pelicula', '1986-11-27', 'productora 759', '2020-09-01 03:00:00', 'Calle de las flores número 759 puerta C','Abierto');
INSERT INTO gradas VALUES ('grada 1', 'espectaculo 759', 'pelicula', '1986-11-27', 'productora 759', '2022-09-01 18:00:00', 'Calle de las flores número 759 puerta C');
INSERT INTO gradas VALUES ('grada 2', 'espectaculo 759', 'pelicula', '1986-11-27', 'productora 759', '2022-09-01 18:00:00', 'Calle de las flores número 759 puerta C');
INSERT INTO gradas VALUES ('grada 3', 'espectaculo 759', 'pelicula', '1986-11-27', 'productora 759', '2022-09-01 18:00:00', 'Calle de las flores número 759 puerta C');
INSERT INTO espectaculos VALUES ('espectaculo 760', 'pelicula', '2002-02-19', 'productora 760', 'lista participantes 760', 6, '00:16:00', '00:34:00', '00:22:00');
INSERT INTO eventos VALUES ('espectaculo 760', 'pelicula', '2002-02-19', 'productora 760', '2022-09-01 18:00:00', 'Calle de las flores número 760 puerta C','Abierto');
INSERT INTO eventos VALUES ('espectaculo 760', 'pelicula', '2002-02-19', 'productora 760', '2020-09-01 03:00:00', 'Calle de las flores número 760 puerta C','Abierto');
INSERT INTO gradas VALUES ('grada 1', 'espectaculo 760', 'pelicula', '2002-02-19', 'productora 760', '2022-09-01 18:00:00', 'Calle de las flores número 760 puerta C');
INSERT INTO gradas VALUES ('grada 2', 'espectaculo 760', 'pelicula', '2002-02-19', 'productora 760', '2022-09-01 18:00:00', 'Calle de las flores número 760 puerta C');
INSERT INTO gradas VALUES ('grada 3', 'espectaculo 760', 'pelicula', '2002-02-19', 'productora 760', '2022-09-01 18:00:00', 'Calle de las flores número 760 puerta C');
INSERT INTO espectaculos VALUES ('espectaculo 761', 'teatro', '2013-11-12', 'productora 761', 'lista participantes 761', 8, '00:13:00', '00:38:00', '00:20:00');
INSERT INTO eventos VALUES ('espectaculo 761', 'teatro', '2013-11-12', 'productora 761', '2022-09-01 18:00:00', 'Calle de las flores número 761 puerta C','Abierto');
INSERT INTO eventos VALUES ('espectaculo 761', 'teatro', '2013-11-12', 'productora 761', '2020-09-01 03:00:00', 'Calle de las flores número 761 puerta C','Abierto');
INSERT INTO gradas VALUES ('grada 1', 'espectaculo 761', 'teatro', '2013-11-12', 'productora 761', '2022-09-01 18:00:00', 'Calle de las flores número 761 puerta C');
INSERT INTO gradas VALUES ('grada 2', 'espectaculo 761', 'teatro', '2013-11-12', 'productora 761', '2022-09-01 18:00:00', 'Calle de las flores número 761 puerta C');
INSERT INTO gradas VALUES ('grada 3', 'espectaculo 761', 'teatro', '2013-11-12', 'productora 761', '2022-09-01 18:00:00', 'Calle de las flores número 761 puerta C');
INSERT INTO espectaculos VALUES ('espectaculo 762', 'entrevista', '1995-02-20', 'productora 762', 'lista participantes 762', 9, '00:13:00', '00:51:00', '00:28:00');
INSERT INTO eventos VALUES ('espectaculo 762', 'entrevista', '1995-02-20', 'productora 762', '2022-09-01 18:00:00', 'Calle de las flores número 762 puerta C','Abierto');
INSERT INTO eventos VALUES ('espectaculo 762', 'entrevista', '1995-02-20', 'productora 762', '2020-09-01 03:00:00', 'Calle de las flores número 762 puerta C','Abierto');
INSERT INTO gradas VALUES ('grada 1', 'espectaculo 762', 'entrevista', '1995-02-20', 'productora 762', '2022-09-01 18:00:00', 'Calle de las flores número 762 puerta C');
INSERT INTO gradas VALUES ('grada 2', 'espectaculo 762', 'entrevista', '1995-02-20', 'productora 762', '2022-09-01 18:00:00', 'Calle de las flores número 762 puerta C');
INSERT INTO gradas VALUES ('grada 3', 'espectaculo 762', 'entrevista', '1995-02-20', 'productora 762', '2022-09-01 18:00:00', 'Calle de las flores número 762 puerta C');
INSERT INTO espectaculos VALUES ('espectaculo 763', 'concierto', '1993-02-04', 'productora 763', 'lista participantes 763', 2, '00:19:00', '00:26:00', '00:23:00');
INSERT INTO eventos VALUES ('espectaculo 763', 'concierto', '1993-02-04', 'productora 763', '2022-09-01 18:00:00', 'Calle de las flores número 763 puerta C','Abierto');
INSERT INTO eventos VALUES ('espectaculo 763', 'concierto', '1993-02-04', 'productora 763', '2020-09-01 03:00:00', 'Calle de las flores número 763 puerta C','Abierto');
INSERT INTO gradas VALUES ('grada 1', 'espectaculo 763', 'concierto', '1993-02-04', 'productora 763', '2022-09-01 18:00:00', 'Calle de las flores número 763 puerta C');
INSERT INTO gradas VALUES ('grada 2', 'espectaculo 763', 'concierto', '1993-02-04', 'productora 763', '2022-09-01 18:00:00', 'Calle de las flores número 763 puerta C');
INSERT INTO gradas VALUES ('grada 3', 'espectaculo 763', 'concierto', '1993-02-04', 'productora 763', '2022-09-01 18:00:00', 'Calle de las flores número 763 puerta C');
INSERT INTO espectaculos VALUES ('espectaculo 764', 'entrevista', '2019-09-11', 'productora 764', 'lista participantes 764', 7, '00:13:00', '00:44:00', '00:25:00');
INSERT INTO eventos VALUES ('espectaculo 764', 'entrevista', '2019-09-11', 'productora 764', '2022-09-01 18:00:00', 'Calle de las flores número 764 puerta C','Abierto');
INSERT INTO eventos VALUES ('espectaculo 764', 'entrevista', '2019-09-11', 'productora 764', '2020-09-01 03:00:00', 'Calle de las flores número 764 puerta C','Abierto');
INSERT INTO gradas VALUES ('grada 1', 'espectaculo 764', 'entrevista', '2019-09-11', 'productora 764', '2022-09-01 18:00:00', 'Calle de las flores número 764 puerta C');
INSERT INTO gradas VALUES ('grada 2', 'espectaculo 764', 'entrevista', '2019-09-11', 'productora 764', '2022-09-01 18:00:00', 'Calle de las flores número 764 puerta C');
INSERT INTO gradas VALUES ('grada 3', 'espectaculo 764', 'entrevista', '2019-09-11', 'productora 764', '2022-09-01 18:00:00', 'Calle de las flores número 764 puerta C');
INSERT INTO espectaculos VALUES ('espectaculo 765', 'entrevista', '1989-03-22', 'productora 765', 'lista participantes 765', 1, '00:16:00', '00:15:00', '00:25:00');
INSERT INTO eventos VALUES ('espectaculo 765', 'entrevista', '1989-03-22', 'productora 765', '2022-09-01 18:00:00', 'Calle de las flores número 765 puerta C','Abierto');
INSERT INTO eventos VALUES ('espectaculo 765', 'entrevista', '1989-03-22', 'productora 765', '2020-09-01 03:00:00', 'Calle de las flores número 765 puerta C','Abierto');
INSERT INTO gradas VALUES ('grada 1', 'espectaculo 765', 'entrevista', '1989-03-22', 'productora 765', '2022-09-01 18:00:00', 'Calle de las flores número 765 puerta C');
INSERT INTO gradas VALUES ('grada 2', 'espectaculo 765', 'entrevista', '1989-03-22', 'productora 765', '2022-09-01 18:00:00', 'Calle de las flores número 765 puerta C');
INSERT INTO gradas VALUES ('grada 3', 'espectaculo 765', 'entrevista', '1989-03-22', 'productora 765', '2022-09-01 18:00:00', 'Calle de las flores número 765 puerta C');
INSERT INTO espectaculos VALUES ('espectaculo 766', 'concierto', '2017-01-02', 'productora 766', 'lista participantes 766', 2, '00:11:00', '00:21:00', '00:27:00');
INSERT INTO eventos VALUES ('espectaculo 766', 'concierto', '2017-01-02', 'productora 766', '2022-09-01 18:00:00', 'Calle de las flores número 766 puerta C','Abierto');
INSERT INTO eventos VALUES ('espectaculo 766', 'concierto', '2017-01-02', 'productora 766', '2020-09-01 03:00:00', 'Calle de las flores número 766 puerta C','Abierto');
INSERT INTO gradas VALUES ('grada 1', 'espectaculo 766', 'concierto', '2017-01-02', 'productora 766', '2022-09-01 18:00:00', 'Calle de las flores número 766 puerta C');
INSERT INTO gradas VALUES ('grada 2', 'espectaculo 766', 'concierto', '2017-01-02', 'productora 766', '2022-09-01 18:00:00', 'Calle de las flores número 766 puerta C');
INSERT INTO gradas VALUES ('grada 3', 'espectaculo 766', 'concierto', '2017-01-02', 'productora 766', '2022-09-01 18:00:00', 'Calle de las flores número 766 puerta C');
INSERT INTO espectaculos VALUES ('espectaculo 767', 'concierto', '2013-08-06', 'productora 767', 'lista participantes 767', 7, '00:10:00', '00:25:00', '00:20:00');
INSERT INTO eventos VALUES ('espectaculo 767', 'concierto', '2013-08-06', 'productora 767', '2022-09-01 18:00:00', 'Calle de las flores número 767 puerta C','Abierto');
INSERT INTO eventos VALUES ('espectaculo 767', 'concierto', '2013-08-06', 'productora 767', '2020-09-01 03:00:00', 'Calle de las flores número 767 puerta C','Abierto');
INSERT INTO gradas VALUES ('grada 1', 'espectaculo 767', 'concierto', '2013-08-06', 'productora 767', '2022-09-01 18:00:00', 'Calle de las flores número 767 puerta C');
INSERT INTO gradas VALUES ('grada 2', 'espectaculo 767', 'concierto', '2013-08-06', 'productora 767', '2022-09-01 18:00:00', 'Calle de las flores número 767 puerta C');
INSERT INTO gradas VALUES ('grada 3', 'espectaculo 767', 'concierto', '2013-08-06', 'productora 767', '2022-09-01 18:00:00', 'Calle de las flores número 767 puerta C');
INSERT INTO espectaculos VALUES ('espectaculo 768', 'pelicula', '2007-06-07', 'productora 768', 'lista participantes 768', 4, '00:19:00', '00:38:00', '00:25:00');
INSERT INTO eventos VALUES ('espectaculo 768', 'pelicula', '2007-06-07', 'productora 768', '2022-09-01 18:00:00', 'Calle de las flores número 768 puerta C','Abierto');
INSERT INTO eventos VALUES ('espectaculo 768', 'pelicula', '2007-06-07', 'productora 768', '2020-09-01 03:00:00', 'Calle de las flores número 768 puerta C','Abierto');
INSERT INTO gradas VALUES ('grada 1', 'espectaculo 768', 'pelicula', '2007-06-07', 'productora 768', '2022-09-01 18:00:00', 'Calle de las flores número 768 puerta C');
INSERT INTO gradas VALUES ('grada 2', 'espectaculo 768', 'pelicula', '2007-06-07', 'productora 768', '2022-09-01 18:00:00', 'Calle de las flores número 768 puerta C');
INSERT INTO gradas VALUES ('grada 3', 'espectaculo 768', 'pelicula', '2007-06-07', 'productora 768', '2022-09-01 18:00:00', 'Calle de las flores número 768 puerta C');
INSERT INTO espectaculos VALUES ('espectaculo 769', 'concierto', '2020-09-14', 'productora 769', 'lista participantes 769', 8, '00:13:00', '00:36:00', '00:27:00');
INSERT INTO eventos VALUES ('espectaculo 769', 'concierto', '2020-09-14', 'productora 769', '2022-09-01 18:00:00', 'Calle de las flores número 769 puerta C','Abierto');
INSERT INTO eventos VALUES ('espectaculo 769', 'concierto', '2020-09-14', 'productora 769', '2020-09-01 03:00:00', 'Calle de las flores número 769 puerta C','Abierto');
INSERT INTO gradas VALUES ('grada 1', 'espectaculo 769', 'concierto', '2020-09-14', 'productora 769', '2022-09-01 18:00:00', 'Calle de las flores número 769 puerta C');
INSERT INTO gradas VALUES ('grada 2', 'espectaculo 769', 'concierto', '2020-09-14', 'productora 769', '2022-09-01 18:00:00', 'Calle de las flores número 769 puerta C');
INSERT INTO gradas VALUES ('grada 3', 'espectaculo 769', 'concierto', '2020-09-14', 'productora 769', '2022-09-01 18:00:00', 'Calle de las flores número 769 puerta C');
INSERT INTO espectaculos VALUES ('espectaculo 770', 'pelicula', '1995-11-08', 'productora 770', 'lista participantes 770', 5, '00:15:00', '00:31:00', '00:15:00');
INSERT INTO eventos VALUES ('espectaculo 770', 'pelicula', '1995-11-08', 'productora 770', '2022-09-01 18:00:00', 'Calle de las flores número 770 puerta C','Abierto');
INSERT INTO eventos VALUES ('espectaculo 770', 'pelicula', '1995-11-08', 'productora 770', '2020-09-01 03:00:00', 'Calle de las flores número 770 puerta C','Abierto');
INSERT INTO gradas VALUES ('grada 1', 'espectaculo 770', 'pelicula', '1995-11-08', 'productora 770', '2022-09-01 18:00:00', 'Calle de las flores número 770 puerta C');
INSERT INTO gradas VALUES ('grada 2', 'espectaculo 770', 'pelicula', '1995-11-08', 'productora 770', '2022-09-01 18:00:00', 'Calle de las flores número 770 puerta C');
INSERT INTO gradas VALUES ('grada 3', 'espectaculo 770', 'pelicula', '1995-11-08', 'productora 770', '2022-09-01 18:00:00', 'Calle de las flores número 770 puerta C');
INSERT INTO espectaculos VALUES ('espectaculo 771', 'teatro', '1989-03-06', 'productora 771', 'lista participantes 771', 1, '00:14:00', '00:47:00', '00:23:00');
INSERT INTO eventos VALUES ('espectaculo 771', 'teatro', '1989-03-06', 'productora 771', '2022-09-01 18:00:00', 'Calle de las flores número 771 puerta C','Abierto');
INSERT INTO eventos VALUES ('espectaculo 771', 'teatro', '1989-03-06', 'productora 771', '2020-09-01 03:00:00', 'Calle de las flores número 771 puerta C','Abierto');
INSERT INTO gradas VALUES ('grada 1', 'espectaculo 771', 'teatro', '1989-03-06', 'productora 771', '2022-09-01 18:00:00', 'Calle de las flores número 771 puerta C');
INSERT INTO gradas VALUES ('grada 2', 'espectaculo 771', 'teatro', '1989-03-06', 'productora 771', '2022-09-01 18:00:00', 'Calle de las flores número 771 puerta C');
INSERT INTO gradas VALUES ('grada 3', 'espectaculo 771', 'teatro', '1989-03-06', 'productora 771', '2022-09-01 18:00:00', 'Calle de las flores número 771 puerta C');
INSERT INTO espectaculos VALUES ('espectaculo 772', 'concierto', '1999-06-24', 'productora 772', 'lista participantes 772', 5, '00:12:00', '00:54:00', '00:23:00');
INSERT INTO eventos VALUES ('espectaculo 772', 'concierto', '1999-06-24', 'productora 772', '2022-09-01 18:00:00', 'Calle de las flores número 772 puerta C','Abierto');
INSERT INTO eventos VALUES ('espectaculo 772', 'concierto', '1999-06-24', 'productora 772', '2020-09-01 03:00:00', 'Calle de las flores número 772 puerta C','Abierto');
INSERT INTO gradas VALUES ('grada 1', 'espectaculo 772', 'concierto', '1999-06-24', 'productora 772', '2022-09-01 18:00:00', 'Calle de las flores número 772 puerta C');
INSERT INTO gradas VALUES ('grada 2', 'espectaculo 772', 'concierto', '1999-06-24', 'productora 772', '2022-09-01 18:00:00', 'Calle de las flores número 772 puerta C');
INSERT INTO gradas VALUES ('grada 3', 'espectaculo 772', 'concierto', '1999-06-24', 'productora 772', '2022-09-01 18:00:00', 'Calle de las flores número 772 puerta C');
INSERT INTO espectaculos VALUES ('espectaculo 773', 'deportivo', '1996-06-15', 'productora 773', 'lista participantes 773', 3, '00:10:00', '00:47:00', '00:24:00');
INSERT INTO eventos VALUES ('espectaculo 773', 'deportivo', '1996-06-15', 'productora 773', '2022-09-01 18:00:00', 'Calle de las flores número 773 puerta C','Abierto');
INSERT INTO eventos VALUES ('espectaculo 773', 'deportivo', '1996-06-15', 'productora 773', '2020-09-01 03:00:00', 'Calle de las flores número 773 puerta C','Abierto');
INSERT INTO gradas VALUES ('grada 1', 'espectaculo 773', 'deportivo', '1996-06-15', 'productora 773', '2022-09-01 18:00:00', 'Calle de las flores número 773 puerta C');
INSERT INTO gradas VALUES ('grada 2', 'espectaculo 773', 'deportivo', '1996-06-15', 'productora 773', '2022-09-01 18:00:00', 'Calle de las flores número 773 puerta C');
INSERT INTO gradas VALUES ('grada 3', 'espectaculo 773', 'deportivo', '1996-06-15', 'productora 773', '2022-09-01 18:00:00', 'Calle de las flores número 773 puerta C');
INSERT INTO espectaculos VALUES ('espectaculo 774', 'entrevista', '1986-10-05', 'productora 774', 'lista participantes 774', 3, '00:12:00', '00:35:00', '00:28:00');
INSERT INTO eventos VALUES ('espectaculo 774', 'entrevista', '1986-10-05', 'productora 774', '2022-09-01 18:00:00', 'Calle de las flores número 774 puerta C','Abierto');
INSERT INTO eventos VALUES ('espectaculo 774', 'entrevista', '1986-10-05', 'productora 774', '2020-09-01 03:00:00', 'Calle de las flores número 774 puerta C','Abierto');
INSERT INTO gradas VALUES ('grada 1', 'espectaculo 774', 'entrevista', '1986-10-05', 'productora 774', '2022-09-01 18:00:00', 'Calle de las flores número 774 puerta C');
INSERT INTO gradas VALUES ('grada 2', 'espectaculo 774', 'entrevista', '1986-10-05', 'productora 774', '2022-09-01 18:00:00', 'Calle de las flores número 774 puerta C');
INSERT INTO gradas VALUES ('grada 3', 'espectaculo 774', 'entrevista', '1986-10-05', 'productora 774', '2022-09-01 18:00:00', 'Calle de las flores número 774 puerta C');
INSERT INTO espectaculos VALUES ('espectaculo 775', 'deportivo', '2012-06-12', 'productora 775', 'lista participantes 775', 8, '00:11:00', '00:40:00', '00:17:00');
INSERT INTO eventos VALUES ('espectaculo 775', 'deportivo', '2012-06-12', 'productora 775', '2022-09-01 18:00:00', 'Calle de las flores número 775 puerta C','Abierto');
INSERT INTO eventos VALUES ('espectaculo 775', 'deportivo', '2012-06-12', 'productora 775', '2020-09-01 03:00:00', 'Calle de las flores número 775 puerta C','Abierto');
INSERT INTO gradas VALUES ('grada 1', 'espectaculo 775', 'deportivo', '2012-06-12', 'productora 775', '2022-09-01 18:00:00', 'Calle de las flores número 775 puerta C');
INSERT INTO gradas VALUES ('grada 2', 'espectaculo 775', 'deportivo', '2012-06-12', 'productora 775', '2022-09-01 18:00:00', 'Calle de las flores número 775 puerta C');
INSERT INTO gradas VALUES ('grada 3', 'espectaculo 775', 'deportivo', '2012-06-12', 'productora 775', '2022-09-01 18:00:00', 'Calle de las flores número 775 puerta C');
INSERT INTO espectaculos VALUES ('espectaculo 776', 'pelicula', '2011-01-26', 'productora 776', 'lista participantes 776', 5, '00:17:00', '00:17:00', '00:17:00');
INSERT INTO eventos VALUES ('espectaculo 776', 'pelicula', '2011-01-26', 'productora 776', '2022-09-01 18:00:00', 'Calle de las flores número 776 puerta C','Abierto');
INSERT INTO eventos VALUES ('espectaculo 776', 'pelicula', '2011-01-26', 'productora 776', '2020-09-01 03:00:00', 'Calle de las flores número 776 puerta C','Abierto');
INSERT INTO gradas VALUES ('grada 1', 'espectaculo 776', 'pelicula', '2011-01-26', 'productora 776', '2022-09-01 18:00:00', 'Calle de las flores número 776 puerta C');
INSERT INTO gradas VALUES ('grada 2', 'espectaculo 776', 'pelicula', '2011-01-26', 'productora 776', '2022-09-01 18:00:00', 'Calle de las flores número 776 puerta C');
INSERT INTO gradas VALUES ('grada 3', 'espectaculo 776', 'pelicula', '2011-01-26', 'productora 776', '2022-09-01 18:00:00', 'Calle de las flores número 776 puerta C');
INSERT INTO espectaculos VALUES ('espectaculo 777', 'pelicula', '1992-07-23', 'productora 777', 'lista participantes 777', 3, '00:15:00', '00:57:00', '00:28:00');
INSERT INTO eventos VALUES ('espectaculo 777', 'pelicula', '1992-07-23', 'productora 777', '2022-09-01 18:00:00', 'Calle de las flores número 777 puerta C','Abierto');
INSERT INTO eventos VALUES ('espectaculo 777', 'pelicula', '1992-07-23', 'productora 777', '2020-09-01 03:00:00', 'Calle de las flores número 777 puerta C','Abierto');
INSERT INTO gradas VALUES ('grada 1', 'espectaculo 777', 'pelicula', '1992-07-23', 'productora 777', '2022-09-01 18:00:00', 'Calle de las flores número 777 puerta C');
INSERT INTO gradas VALUES ('grada 2', 'espectaculo 777', 'pelicula', '1992-07-23', 'productora 777', '2022-09-01 18:00:00', 'Calle de las flores número 777 puerta C');
INSERT INTO gradas VALUES ('grada 3', 'espectaculo 777', 'pelicula', '1992-07-23', 'productora 777', '2022-09-01 18:00:00', 'Calle de las flores número 777 puerta C');
INSERT INTO espectaculos VALUES ('espectaculo 778', 'concierto', '1990-02-05', 'productora 778', 'lista participantes 778', 3, '00:15:00', '00:39:00', '00:19:00');
INSERT INTO eventos VALUES ('espectaculo 778', 'concierto', '1990-02-05', 'productora 778', '2022-09-01 18:00:00', 'Calle de las flores número 778 puerta C','Abierto');
INSERT INTO eventos VALUES ('espectaculo 778', 'concierto', '1990-02-05', 'productora 778', '2020-09-01 03:00:00', 'Calle de las flores número 778 puerta C','Abierto');
INSERT INTO gradas VALUES ('grada 1', 'espectaculo 778', 'concierto', '1990-02-05', 'productora 778', '2022-09-01 18:00:00', 'Calle de las flores número 778 puerta C');
INSERT INTO gradas VALUES ('grada 2', 'espectaculo 778', 'concierto', '1990-02-05', 'productora 778', '2022-09-01 18:00:00', 'Calle de las flores número 778 puerta C');
INSERT INTO gradas VALUES ('grada 3', 'espectaculo 778', 'concierto', '1990-02-05', 'productora 778', '2022-09-01 18:00:00', 'Calle de las flores número 778 puerta C');
INSERT INTO espectaculos VALUES ('espectaculo 779', 'concierto', '2020-07-07', 'productora 779', 'lista participantes 779', 8, '00:15:00', '00:33:00', '00:22:00');
INSERT INTO eventos VALUES ('espectaculo 779', 'concierto', '2020-07-07', 'productora 779', '2022-09-01 18:00:00', 'Calle de las flores número 779 puerta C','Abierto');
INSERT INTO eventos VALUES ('espectaculo 779', 'concierto', '2020-07-07', 'productora 779', '2020-09-01 03:00:00', 'Calle de las flores número 779 puerta C','Abierto');
INSERT INTO gradas VALUES ('grada 1', 'espectaculo 779', 'concierto', '2020-07-07', 'productora 779', '2022-09-01 18:00:00', 'Calle de las flores número 779 puerta C');
INSERT INTO gradas VALUES ('grada 2', 'espectaculo 779', 'concierto', '2020-07-07', 'productora 779', '2022-09-01 18:00:00', 'Calle de las flores número 779 puerta C');
INSERT INTO gradas VALUES ('grada 3', 'espectaculo 779', 'concierto', '2020-07-07', 'productora 779', '2022-09-01 18:00:00', 'Calle de las flores número 779 puerta C');
INSERT INTO espectaculos VALUES ('espectaculo 780', 'entrevista', '2016-10-17', 'productora 780', 'lista participantes 780', 8, '00:16:00', '00:21:00', '00:29:00');
INSERT INTO eventos VALUES ('espectaculo 780', 'entrevista', '2016-10-17', 'productora 780', '2022-09-01 18:00:00', 'Calle de las flores número 780 puerta C','Abierto');
INSERT INTO eventos VALUES ('espectaculo 780', 'entrevista', '2016-10-17', 'productora 780', '2020-09-01 03:00:00', 'Calle de las flores número 780 puerta C','Abierto');
INSERT INTO gradas VALUES ('grada 1', 'espectaculo 780', 'entrevista', '2016-10-17', 'productora 780', '2022-09-01 18:00:00', 'Calle de las flores número 780 puerta C');
INSERT INTO gradas VALUES ('grada 2', 'espectaculo 780', 'entrevista', '2016-10-17', 'productora 780', '2022-09-01 18:00:00', 'Calle de las flores número 780 puerta C');
INSERT INTO gradas VALUES ('grada 3', 'espectaculo 780', 'entrevista', '2016-10-17', 'productora 780', '2022-09-01 18:00:00', 'Calle de las flores número 780 puerta C');
INSERT INTO espectaculos VALUES ('espectaculo 781', 'concierto', '2010-08-01', 'productora 781', 'lista participantes 781', 4, '00:17:00', '00:43:00', '00:26:00');
INSERT INTO eventos VALUES ('espectaculo 781', 'concierto', '2010-08-01', 'productora 781', '2022-09-01 18:00:00', 'Calle de las flores número 781 puerta C','Abierto');
INSERT INTO eventos VALUES ('espectaculo 781', 'concierto', '2010-08-01', 'productora 781', '2020-09-01 03:00:00', 'Calle de las flores número 781 puerta C','Abierto');
INSERT INTO gradas VALUES ('grada 1', 'espectaculo 781', 'concierto', '2010-08-01', 'productora 781', '2022-09-01 18:00:00', 'Calle de las flores número 781 puerta C');
INSERT INTO gradas VALUES ('grada 2', 'espectaculo 781', 'concierto', '2010-08-01', 'productora 781', '2022-09-01 18:00:00', 'Calle de las flores número 781 puerta C');
INSERT INTO gradas VALUES ('grada 3', 'espectaculo 781', 'concierto', '2010-08-01', 'productora 781', '2022-09-01 18:00:00', 'Calle de las flores número 781 puerta C');
INSERT INTO espectaculos VALUES ('espectaculo 782', 'teatro', '1995-11-20', 'productora 782', 'lista participantes 782', 4, '00:18:00', '00:50:00', '00:28:00');
INSERT INTO eventos VALUES ('espectaculo 782', 'teatro', '1995-11-20', 'productora 782', '2022-09-01 18:00:00', 'Calle de las flores número 782 puerta C','Abierto');
INSERT INTO eventos VALUES ('espectaculo 782', 'teatro', '1995-11-20', 'productora 782', '2020-09-01 03:00:00', 'Calle de las flores número 782 puerta C','Abierto');
INSERT INTO gradas VALUES ('grada 1', 'espectaculo 782', 'teatro', '1995-11-20', 'productora 782', '2022-09-01 18:00:00', 'Calle de las flores número 782 puerta C');
INSERT INTO gradas VALUES ('grada 2', 'espectaculo 782', 'teatro', '1995-11-20', 'productora 782', '2022-09-01 18:00:00', 'Calle de las flores número 782 puerta C');
INSERT INTO gradas VALUES ('grada 3', 'espectaculo 782', 'teatro', '1995-11-20', 'productora 782', '2022-09-01 18:00:00', 'Calle de las flores número 782 puerta C');
INSERT INTO espectaculos VALUES ('espectaculo 783', 'entrevista', '1986-10-02', 'productora 783', 'lista participantes 783', 5, '00:11:00', '00:57:00', '00:28:00');
INSERT INTO eventos VALUES ('espectaculo 783', 'entrevista', '1986-10-02', 'productora 783', '2022-09-01 18:00:00', 'Calle de las flores número 783 puerta C','Abierto');
INSERT INTO eventos VALUES ('espectaculo 783', 'entrevista', '1986-10-02', 'productora 783', '2020-09-01 03:00:00', 'Calle de las flores número 783 puerta C','Abierto');
INSERT INTO gradas VALUES ('grada 1', 'espectaculo 783', 'entrevista', '1986-10-02', 'productora 783', '2022-09-01 18:00:00', 'Calle de las flores número 783 puerta C');
INSERT INTO gradas VALUES ('grada 2', 'espectaculo 783', 'entrevista', '1986-10-02', 'productora 783', '2022-09-01 18:00:00', 'Calle de las flores número 783 puerta C');
INSERT INTO gradas VALUES ('grada 3', 'espectaculo 783', 'entrevista', '1986-10-02', 'productora 783', '2022-09-01 18:00:00', 'Calle de las flores número 783 puerta C');
INSERT INTO espectaculos VALUES ('espectaculo 784', 'entrevista', '2009-10-22', 'productora 784', 'lista participantes 784', 1, '00:15:00', '00:28:00', '00:24:00');
INSERT INTO eventos VALUES ('espectaculo 784', 'entrevista', '2009-10-22', 'productora 784', '2022-09-01 18:00:00', 'Calle de las flores número 784 puerta C','Abierto');
INSERT INTO eventos VALUES ('espectaculo 784', 'entrevista', '2009-10-22', 'productora 784', '2020-09-01 03:00:00', 'Calle de las flores número 784 puerta C','Abierto');
INSERT INTO gradas VALUES ('grada 1', 'espectaculo 784', 'entrevista', '2009-10-22', 'productora 784', '2022-09-01 18:00:00', 'Calle de las flores número 784 puerta C');
INSERT INTO gradas VALUES ('grada 2', 'espectaculo 784', 'entrevista', '2009-10-22', 'productora 784', '2022-09-01 18:00:00', 'Calle de las flores número 784 puerta C');
INSERT INTO gradas VALUES ('grada 3', 'espectaculo 784', 'entrevista', '2009-10-22', 'productora 784', '2022-09-01 18:00:00', 'Calle de las flores número 784 puerta C');
INSERT INTO espectaculos VALUES ('espectaculo 785', 'entrevista', '2008-07-24', 'productora 785', 'lista participantes 785', 4, '00:14:00', '00:22:00', '00:26:00');
INSERT INTO eventos VALUES ('espectaculo 785', 'entrevista', '2008-07-24', 'productora 785', '2022-09-01 18:00:00', 'Calle de las flores número 785 puerta C','Abierto');
INSERT INTO eventos VALUES ('espectaculo 785', 'entrevista', '2008-07-24', 'productora 785', '2020-09-01 03:00:00', 'Calle de las flores número 785 puerta C','Abierto');
INSERT INTO gradas VALUES ('grada 1', 'espectaculo 785', 'entrevista', '2008-07-24', 'productora 785', '2022-09-01 18:00:00', 'Calle de las flores número 785 puerta C');
INSERT INTO gradas VALUES ('grada 2', 'espectaculo 785', 'entrevista', '2008-07-24', 'productora 785', '2022-09-01 18:00:00', 'Calle de las flores número 785 puerta C');
INSERT INTO gradas VALUES ('grada 3', 'espectaculo 785', 'entrevista', '2008-07-24', 'productora 785', '2022-09-01 18:00:00', 'Calle de las flores número 785 puerta C');
INSERT INTO espectaculos VALUES ('espectaculo 786', 'concierto', '1995-08-09', 'productora 786', 'lista participantes 786', 7, '00:13:00', '00:54:00', '00:21:00');
INSERT INTO eventos VALUES ('espectaculo 786', 'concierto', '1995-08-09', 'productora 786', '2022-09-01 18:00:00', 'Calle de las flores número 786 puerta C','Abierto');
INSERT INTO eventos VALUES ('espectaculo 786', 'concierto', '1995-08-09', 'productora 786', '2020-09-01 03:00:00', 'Calle de las flores número 786 puerta C','Abierto');
INSERT INTO gradas VALUES ('grada 1', 'espectaculo 786', 'concierto', '1995-08-09', 'productora 786', '2022-09-01 18:00:00', 'Calle de las flores número 786 puerta C');
INSERT INTO gradas VALUES ('grada 2', 'espectaculo 786', 'concierto', '1995-08-09', 'productora 786', '2022-09-01 18:00:00', 'Calle de las flores número 786 puerta C');
INSERT INTO gradas VALUES ('grada 3', 'espectaculo 786', 'concierto', '1995-08-09', 'productora 786', '2022-09-01 18:00:00', 'Calle de las flores número 786 puerta C');
INSERT INTO espectaculos VALUES ('espectaculo 787', 'teatro', '1988-07-17', 'productora 787', 'lista participantes 787', 8, '00:19:00', '00:37:00', '00:27:00');
INSERT INTO eventos VALUES ('espectaculo 787', 'teatro', '1988-07-17', 'productora 787', '2022-09-01 18:00:00', 'Calle de las flores número 787 puerta C','Abierto');
INSERT INTO eventos VALUES ('espectaculo 787', 'teatro', '1988-07-17', 'productora 787', '2020-09-01 03:00:00', 'Calle de las flores número 787 puerta C','Abierto');
INSERT INTO gradas VALUES ('grada 1', 'espectaculo 787', 'teatro', '1988-07-17', 'productora 787', '2022-09-01 18:00:00', 'Calle de las flores número 787 puerta C');
INSERT INTO gradas VALUES ('grada 2', 'espectaculo 787', 'teatro', '1988-07-17', 'productora 787', '2022-09-01 18:00:00', 'Calle de las flores número 787 puerta C');
INSERT INTO gradas VALUES ('grada 3', 'espectaculo 787', 'teatro', '1988-07-17', 'productora 787', '2022-09-01 18:00:00', 'Calle de las flores número 787 puerta C');
INSERT INTO espectaculos VALUES ('espectaculo 788', 'entrevista', '2017-08-17', 'productora 788', 'lista participantes 788', 1, '00:15:00', '00:24:00', '00:19:00');
INSERT INTO eventos VALUES ('espectaculo 788', 'entrevista', '2017-08-17', 'productora 788', '2022-09-01 18:00:00', 'Calle de las flores número 788 puerta C','Abierto');
INSERT INTO eventos VALUES ('espectaculo 788', 'entrevista', '2017-08-17', 'productora 788', '2020-09-01 03:00:00', 'Calle de las flores número 788 puerta C','Abierto');
INSERT INTO gradas VALUES ('grada 1', 'espectaculo 788', 'entrevista', '2017-08-17', 'productora 788', '2022-09-01 18:00:00', 'Calle de las flores número 788 puerta C');
INSERT INTO gradas VALUES ('grada 2', 'espectaculo 788', 'entrevista', '2017-08-17', 'productora 788', '2022-09-01 18:00:00', 'Calle de las flores número 788 puerta C');
INSERT INTO gradas VALUES ('grada 3', 'espectaculo 788', 'entrevista', '2017-08-17', 'productora 788', '2022-09-01 18:00:00', 'Calle de las flores número 788 puerta C');
INSERT INTO espectaculos VALUES ('espectaculo 789', 'pelicula', '1994-10-23', 'productora 789', 'lista participantes 789', 9, '00:14:00', '00:27:00', '00:19:00');
INSERT INTO eventos VALUES ('espectaculo 789', 'pelicula', '1994-10-23', 'productora 789', '2022-09-01 18:00:00', 'Calle de las flores número 789 puerta C','Abierto');
INSERT INTO eventos VALUES ('espectaculo 789', 'pelicula', '1994-10-23', 'productora 789', '2020-09-01 03:00:00', 'Calle de las flores número 789 puerta C','Abierto');
INSERT INTO gradas VALUES ('grada 1', 'espectaculo 789', 'pelicula', '1994-10-23', 'productora 789', '2022-09-01 18:00:00', 'Calle de las flores número 789 puerta C');
INSERT INTO gradas VALUES ('grada 2', 'espectaculo 789', 'pelicula', '1994-10-23', 'productora 789', '2022-09-01 18:00:00', 'Calle de las flores número 789 puerta C');
INSERT INTO gradas VALUES ('grada 3', 'espectaculo 789', 'pelicula', '1994-10-23', 'productora 789', '2022-09-01 18:00:00', 'Calle de las flores número 789 puerta C');
INSERT INTO espectaculos VALUES ('espectaculo 790', 'deportivo', '2001-11-26', 'productora 790', 'lista participantes 790', 3, '00:15:00', '00:58:00', '00:19:00');
INSERT INTO eventos VALUES ('espectaculo 790', 'deportivo', '2001-11-26', 'productora 790', '2022-09-01 18:00:00', 'Calle de las flores número 790 puerta C','Abierto');
INSERT INTO eventos VALUES ('espectaculo 790', 'deportivo', '2001-11-26', 'productora 790', '2020-09-01 03:00:00', 'Calle de las flores número 790 puerta C','Abierto');
INSERT INTO gradas VALUES ('grada 1', 'espectaculo 790', 'deportivo', '2001-11-26', 'productora 790', '2022-09-01 18:00:00', 'Calle de las flores número 790 puerta C');
INSERT INTO gradas VALUES ('grada 2', 'espectaculo 790', 'deportivo', '2001-11-26', 'productora 790', '2022-09-01 18:00:00', 'Calle de las flores número 790 puerta C');
INSERT INTO gradas VALUES ('grada 3', 'espectaculo 790', 'deportivo', '2001-11-26', 'productora 790', '2022-09-01 18:00:00', 'Calle de las flores número 790 puerta C');
INSERT INTO espectaculos VALUES ('espectaculo 791', 'pelicula', '2012-02-25', 'productora 791', 'lista participantes 791', 6, '00:14:00', '00:48:00', '00:24:00');
INSERT INTO eventos VALUES ('espectaculo 791', 'pelicula', '2012-02-25', 'productora 791', '2022-09-01 18:00:00', 'Calle de las flores número 791 puerta C','Abierto');
INSERT INTO eventos VALUES ('espectaculo 791', 'pelicula', '2012-02-25', 'productora 791', '2020-09-01 03:00:00', 'Calle de las flores número 791 puerta C','Abierto');
INSERT INTO gradas VALUES ('grada 1', 'espectaculo 791', 'pelicula', '2012-02-25', 'productora 791', '2022-09-01 18:00:00', 'Calle de las flores número 791 puerta C');
INSERT INTO gradas VALUES ('grada 2', 'espectaculo 791', 'pelicula', '2012-02-25', 'productora 791', '2022-09-01 18:00:00', 'Calle de las flores número 791 puerta C');
INSERT INTO gradas VALUES ('grada 3', 'espectaculo 791', 'pelicula', '2012-02-25', 'productora 791', '2022-09-01 18:00:00', 'Calle de las flores número 791 puerta C');
INSERT INTO espectaculos VALUES ('espectaculo 792', 'pelicula', '1989-07-17', 'productora 792', 'lista participantes 792', 1, '00:17:00', '00:25:00', '00:16:00');
INSERT INTO eventos VALUES ('espectaculo 792', 'pelicula', '1989-07-17', 'productora 792', '2022-09-01 18:00:00', 'Calle de las flores número 792 puerta C','Abierto');
INSERT INTO eventos VALUES ('espectaculo 792', 'pelicula', '1989-07-17', 'productora 792', '2020-09-01 03:00:00', 'Calle de las flores número 792 puerta C','Abierto');
INSERT INTO gradas VALUES ('grada 1', 'espectaculo 792', 'pelicula', '1989-07-17', 'productora 792', '2022-09-01 18:00:00', 'Calle de las flores número 792 puerta C');
INSERT INTO gradas VALUES ('grada 2', 'espectaculo 792', 'pelicula', '1989-07-17', 'productora 792', '2022-09-01 18:00:00', 'Calle de las flores número 792 puerta C');
INSERT INTO gradas VALUES ('grada 3', 'espectaculo 792', 'pelicula', '1989-07-17', 'productora 792', '2022-09-01 18:00:00', 'Calle de las flores número 792 puerta C');
INSERT INTO espectaculos VALUES ('espectaculo 793', 'concierto', '2005-09-09', 'productora 793', 'lista participantes 793', 7, '00:17:00', '00:23:00', '00:16:00');
INSERT INTO eventos VALUES ('espectaculo 793', 'concierto', '2005-09-09', 'productora 793', '2022-09-01 18:00:00', 'Calle de las flores número 793 puerta C','Abierto');
INSERT INTO eventos VALUES ('espectaculo 793', 'concierto', '2005-09-09', 'productora 793', '2020-09-01 03:00:00', 'Calle de las flores número 793 puerta C','Abierto');
INSERT INTO gradas VALUES ('grada 1', 'espectaculo 793', 'concierto', '2005-09-09', 'productora 793', '2022-09-01 18:00:00', 'Calle de las flores número 793 puerta C');
INSERT INTO gradas VALUES ('grada 2', 'espectaculo 793', 'concierto', '2005-09-09', 'productora 793', '2022-09-01 18:00:00', 'Calle de las flores número 793 puerta C');
INSERT INTO gradas VALUES ('grada 3', 'espectaculo 793', 'concierto', '2005-09-09', 'productora 793', '2022-09-01 18:00:00', 'Calle de las flores número 793 puerta C');
INSERT INTO espectaculos VALUES ('espectaculo 794', 'pelicula', '2015-02-16', 'productora 794', 'lista participantes 794', 8, '00:19:00', '00:18:00', '00:29:00');
INSERT INTO eventos VALUES ('espectaculo 794', 'pelicula', '2015-02-16', 'productora 794', '2022-09-01 18:00:00', 'Calle de las flores número 794 puerta C','Abierto');
INSERT INTO eventos VALUES ('espectaculo 794', 'pelicula', '2015-02-16', 'productora 794', '2020-09-01 03:00:00', 'Calle de las flores número 794 puerta C','Abierto');
INSERT INTO gradas VALUES ('grada 1', 'espectaculo 794', 'pelicula', '2015-02-16', 'productora 794', '2022-09-01 18:00:00', 'Calle de las flores número 794 puerta C');
INSERT INTO gradas VALUES ('grada 2', 'espectaculo 794', 'pelicula', '2015-02-16', 'productora 794', '2022-09-01 18:00:00', 'Calle de las flores número 794 puerta C');
INSERT INTO gradas VALUES ('grada 3', 'espectaculo 794', 'pelicula', '2015-02-16', 'productora 794', '2022-09-01 18:00:00', 'Calle de las flores número 794 puerta C');
INSERT INTO espectaculos VALUES ('espectaculo 795', 'pelicula', '2017-08-01', 'productora 795', 'lista participantes 795', 6, '00:14:00', '00:52:00', '00:27:00');
INSERT INTO eventos VALUES ('espectaculo 795', 'pelicula', '2017-08-01', 'productora 795', '2022-09-01 18:00:00', 'Calle de las flores número 795 puerta C','Abierto');
INSERT INTO eventos VALUES ('espectaculo 795', 'pelicula', '2017-08-01', 'productora 795', '2020-09-01 03:00:00', 'Calle de las flores número 795 puerta C','Abierto');
INSERT INTO gradas VALUES ('grada 1', 'espectaculo 795', 'pelicula', '2017-08-01', 'productora 795', '2022-09-01 18:00:00', 'Calle de las flores número 795 puerta C');
INSERT INTO gradas VALUES ('grada 2', 'espectaculo 795', 'pelicula', '2017-08-01', 'productora 795', '2022-09-01 18:00:00', 'Calle de las flores número 795 puerta C');
INSERT INTO gradas VALUES ('grada 3', 'espectaculo 795', 'pelicula', '2017-08-01', 'productora 795', '2022-09-01 18:00:00', 'Calle de las flores número 795 puerta C');
INSERT INTO espectaculos VALUES ('espectaculo 796', 'teatro', '2011-09-22', 'productora 796', 'lista participantes 796', 2, '00:19:00', '00:50:00', '00:25:00');
INSERT INTO eventos VALUES ('espectaculo 796', 'teatro', '2011-09-22', 'productora 796', '2022-09-01 18:00:00', 'Calle de las flores número 796 puerta C','Abierto');
INSERT INTO eventos VALUES ('espectaculo 796', 'teatro', '2011-09-22', 'productora 796', '2020-09-01 03:00:00', 'Calle de las flores número 796 puerta C','Abierto');
INSERT INTO gradas VALUES ('grada 1', 'espectaculo 796', 'teatro', '2011-09-22', 'productora 796', '2022-09-01 18:00:00', 'Calle de las flores número 796 puerta C');
INSERT INTO gradas VALUES ('grada 2', 'espectaculo 796', 'teatro', '2011-09-22', 'productora 796', '2022-09-01 18:00:00', 'Calle de las flores número 796 puerta C');
INSERT INTO gradas VALUES ('grada 3', 'espectaculo 796', 'teatro', '2011-09-22', 'productora 796', '2022-09-01 18:00:00', 'Calle de las flores número 796 puerta C');
INSERT INTO espectaculos VALUES ('espectaculo 797', 'concierto', '1995-09-22', 'productora 797', 'lista participantes 797', 4, '00:15:00', '00:21:00', '00:20:00');
INSERT INTO eventos VALUES ('espectaculo 797', 'concierto', '1995-09-22', 'productora 797', '2022-09-01 18:00:00', 'Calle de las flores número 797 puerta C','Abierto');
INSERT INTO eventos VALUES ('espectaculo 797', 'concierto', '1995-09-22', 'productora 797', '2020-09-01 03:00:00', 'Calle de las flores número 797 puerta C','Abierto');
INSERT INTO gradas VALUES ('grada 1', 'espectaculo 797', 'concierto', '1995-09-22', 'productora 797', '2022-09-01 18:00:00', 'Calle de las flores número 797 puerta C');
INSERT INTO gradas VALUES ('grada 2', 'espectaculo 797', 'concierto', '1995-09-22', 'productora 797', '2022-09-01 18:00:00', 'Calle de las flores número 797 puerta C');
INSERT INTO gradas VALUES ('grada 3', 'espectaculo 797', 'concierto', '1995-09-22', 'productora 797', '2022-09-01 18:00:00', 'Calle de las flores número 797 puerta C');
INSERT INTO espectaculos VALUES ('espectaculo 798', 'deportivo', '2006-01-16', 'productora 798', 'lista participantes 798', 2, '00:18:00', '00:37:00', '00:26:00');
INSERT INTO eventos VALUES ('espectaculo 798', 'deportivo', '2006-01-16', 'productora 798', '2022-09-01 18:00:00', 'Calle de las flores número 798 puerta C','Abierto');
INSERT INTO eventos VALUES ('espectaculo 798', 'deportivo', '2006-01-16', 'productora 798', '2020-09-01 03:00:00', 'Calle de las flores número 798 puerta C','Abierto');
INSERT INTO gradas VALUES ('grada 1', 'espectaculo 798', 'deportivo', '2006-01-16', 'productora 798', '2022-09-01 18:00:00', 'Calle de las flores número 798 puerta C');
INSERT INTO gradas VALUES ('grada 2', 'espectaculo 798', 'deportivo', '2006-01-16', 'productora 798', '2022-09-01 18:00:00', 'Calle de las flores número 798 puerta C');
INSERT INTO gradas VALUES ('grada 3', 'espectaculo 798', 'deportivo', '2006-01-16', 'productora 798', '2022-09-01 18:00:00', 'Calle de las flores número 798 puerta C');
INSERT INTO espectaculos VALUES ('espectaculo 799', 'entrevista', '2012-04-20', 'productora 799', 'lista participantes 799', 1, '00:15:00', '00:18:00', '00:28:00');
INSERT INTO eventos VALUES ('espectaculo 799', 'entrevista', '2012-04-20', 'productora 799', '2022-09-01 18:00:00', 'Calle de las flores número 799 puerta C','Abierto');
INSERT INTO eventos VALUES ('espectaculo 799', 'entrevista', '2012-04-20', 'productora 799', '2020-09-01 03:00:00', 'Calle de las flores número 799 puerta C','Abierto');
INSERT INTO gradas VALUES ('grada 1', 'espectaculo 799', 'entrevista', '2012-04-20', 'productora 799', '2022-09-01 18:00:00', 'Calle de las flores número 799 puerta C');
INSERT INTO gradas VALUES ('grada 2', 'espectaculo 799', 'entrevista', '2012-04-20', 'productora 799', '2022-09-01 18:00:00', 'Calle de las flores número 799 puerta C');
INSERT INTO gradas VALUES ('grada 3', 'espectaculo 799', 'entrevista', '2012-04-20', 'productora 799', '2022-09-01 18:00:00', 'Calle de las flores número 799 puerta C');
INSERT INTO espectaculos VALUES ('espectaculo 800', 'pelicula', '2017-01-05', 'productora 800', 'lista participantes 800', 4, '00:16:00', '00:15:00', '00:16:00');
INSERT INTO eventos VALUES ('espectaculo 800', 'pelicula', '2017-01-05', 'productora 800', '2022-09-01 18:00:00', 'Calle de las flores número 800 puerta C','Abierto');
INSERT INTO eventos VALUES ('espectaculo 800', 'pelicula', '2017-01-05', 'productora 800', '2020-09-01 03:00:00', 'Calle de las flores número 800 puerta C','Abierto');
INSERT INTO gradas VALUES ('grada 1', 'espectaculo 800', 'pelicula', '2017-01-05', 'productora 800', '2022-09-01 18:00:00', 'Calle de las flores número 800 puerta C');
INSERT INTO gradas VALUES ('grada 2', 'espectaculo 800', 'pelicula', '2017-01-05', 'productora 800', '2022-09-01 18:00:00', 'Calle de las flores número 800 puerta C');
INSERT INTO gradas VALUES ('grada 3', 'espectaculo 800', 'pelicula', '2017-01-05', 'productora 800', '2022-09-01 18:00:00', 'Calle de las flores número 800 puerta C');
INSERT INTO espectaculos VALUES ('espectaculo 801', 'pelicula', '2005-01-02', 'productora 801', 'lista participantes 801', 8, '00:17:00', '00:38:00', '00:25:00');
INSERT INTO eventos VALUES ('espectaculo 801', 'pelicula', '2005-01-02', 'productora 801', '2022-09-01 18:00:00', 'Calle de las flores número 801 puerta C','Abierto');
INSERT INTO eventos VALUES ('espectaculo 801', 'pelicula', '2005-01-02', 'productora 801', '2020-09-01 03:00:00', 'Calle de las flores número 801 puerta C','Abierto');
INSERT INTO gradas VALUES ('grada 1', 'espectaculo 801', 'pelicula', '2005-01-02', 'productora 801', '2022-09-01 18:00:00', 'Calle de las flores número 801 puerta C');
INSERT INTO gradas VALUES ('grada 2', 'espectaculo 801', 'pelicula', '2005-01-02', 'productora 801', '2022-09-01 18:00:00', 'Calle de las flores número 801 puerta C');
INSERT INTO gradas VALUES ('grada 3', 'espectaculo 801', 'pelicula', '2005-01-02', 'productora 801', '2022-09-01 18:00:00', 'Calle de las flores número 801 puerta C');
INSERT INTO espectaculos VALUES ('espectaculo 802', 'entrevista', '1999-05-10', 'productora 802', 'lista participantes 802', 7, '00:17:00', '00:58:00', '00:19:00');
INSERT INTO eventos VALUES ('espectaculo 802', 'entrevista', '1999-05-10', 'productora 802', '2022-09-01 18:00:00', 'Calle de las flores número 802 puerta C','Abierto');
INSERT INTO eventos VALUES ('espectaculo 802', 'entrevista', '1999-05-10', 'productora 802', '2020-09-01 03:00:00', 'Calle de las flores número 802 puerta C','Abierto');
INSERT INTO gradas VALUES ('grada 1', 'espectaculo 802', 'entrevista', '1999-05-10', 'productora 802', '2022-09-01 18:00:00', 'Calle de las flores número 802 puerta C');
INSERT INTO gradas VALUES ('grada 2', 'espectaculo 802', 'entrevista', '1999-05-10', 'productora 802', '2022-09-01 18:00:00', 'Calle de las flores número 802 puerta C');
INSERT INTO gradas VALUES ('grada 3', 'espectaculo 802', 'entrevista', '1999-05-10', 'productora 802', '2022-09-01 18:00:00', 'Calle de las flores número 802 puerta C');
INSERT INTO espectaculos VALUES ('espectaculo 803', 'teatro', '2011-08-11', 'productora 803', 'lista participantes 803', 2, '00:16:00', '00:22:00', '00:20:00');
INSERT INTO eventos VALUES ('espectaculo 803', 'teatro', '2011-08-11', 'productora 803', '2022-09-01 18:00:00', 'Calle de las flores número 803 puerta C','Abierto');
INSERT INTO eventos VALUES ('espectaculo 803', 'teatro', '2011-08-11', 'productora 803', '2020-09-01 03:00:00', 'Calle de las flores número 803 puerta C','Abierto');
INSERT INTO gradas VALUES ('grada 1', 'espectaculo 803', 'teatro', '2011-08-11', 'productora 803', '2022-09-01 18:00:00', 'Calle de las flores número 803 puerta C');
INSERT INTO gradas VALUES ('grada 2', 'espectaculo 803', 'teatro', '2011-08-11', 'productora 803', '2022-09-01 18:00:00', 'Calle de las flores número 803 puerta C');
INSERT INTO gradas VALUES ('grada 3', 'espectaculo 803', 'teatro', '2011-08-11', 'productora 803', '2022-09-01 18:00:00', 'Calle de las flores número 803 puerta C');
INSERT INTO espectaculos VALUES ('espectaculo 804', 'teatro', '2013-06-25', 'productora 804', 'lista participantes 804', 9, '00:15:00', '00:19:00', '00:27:00');
INSERT INTO eventos VALUES ('espectaculo 804', 'teatro', '2013-06-25', 'productora 804', '2022-09-01 18:00:00', 'Calle de las flores número 804 puerta C','Abierto');
INSERT INTO eventos VALUES ('espectaculo 804', 'teatro', '2013-06-25', 'productora 804', '2020-09-01 03:00:00', 'Calle de las flores número 804 puerta C','Abierto');
INSERT INTO gradas VALUES ('grada 1', 'espectaculo 804', 'teatro', '2013-06-25', 'productora 804', '2022-09-01 18:00:00', 'Calle de las flores número 804 puerta C');
INSERT INTO gradas VALUES ('grada 2', 'espectaculo 804', 'teatro', '2013-06-25', 'productora 804', '2022-09-01 18:00:00', 'Calle de las flores número 804 puerta C');
INSERT INTO gradas VALUES ('grada 3', 'espectaculo 804', 'teatro', '2013-06-25', 'productora 804', '2022-09-01 18:00:00', 'Calle de las flores número 804 puerta C');
INSERT INTO espectaculos VALUES ('espectaculo 805', 'teatro', '1995-01-18', 'productora 805', 'lista participantes 805', 7, '00:12:00', '00:41:00', '00:29:00');
INSERT INTO eventos VALUES ('espectaculo 805', 'teatro', '1995-01-18', 'productora 805', '2022-09-01 18:00:00', 'Calle de las flores número 805 puerta C','Abierto');
INSERT INTO eventos VALUES ('espectaculo 805', 'teatro', '1995-01-18', 'productora 805', '2020-09-01 03:00:00', 'Calle de las flores número 805 puerta C','Abierto');
INSERT INTO gradas VALUES ('grada 1', 'espectaculo 805', 'teatro', '1995-01-18', 'productora 805', '2022-09-01 18:00:00', 'Calle de las flores número 805 puerta C');
INSERT INTO gradas VALUES ('grada 2', 'espectaculo 805', 'teatro', '1995-01-18', 'productora 805', '2022-09-01 18:00:00', 'Calle de las flores número 805 puerta C');
INSERT INTO gradas VALUES ('grada 3', 'espectaculo 805', 'teatro', '1995-01-18', 'productora 805', '2022-09-01 18:00:00', 'Calle de las flores número 805 puerta C');
INSERT INTO espectaculos VALUES ('espectaculo 806', 'pelicula', '1989-08-18', 'productora 806', 'lista participantes 806', 3, '00:13:00', '00:54:00', '00:27:00');
INSERT INTO eventos VALUES ('espectaculo 806', 'pelicula', '1989-08-18', 'productora 806', '2022-09-01 18:00:00', 'Calle de las flores número 806 puerta C','Abierto');
INSERT INTO eventos VALUES ('espectaculo 806', 'pelicula', '1989-08-18', 'productora 806', '2020-09-01 03:00:00', 'Calle de las flores número 806 puerta C','Abierto');
INSERT INTO gradas VALUES ('grada 1', 'espectaculo 806', 'pelicula', '1989-08-18', 'productora 806', '2022-09-01 18:00:00', 'Calle de las flores número 806 puerta C');
INSERT INTO gradas VALUES ('grada 2', 'espectaculo 806', 'pelicula', '1989-08-18', 'productora 806', '2022-09-01 18:00:00', 'Calle de las flores número 806 puerta C');
INSERT INTO gradas VALUES ('grada 3', 'espectaculo 806', 'pelicula', '1989-08-18', 'productora 806', '2022-09-01 18:00:00', 'Calle de las flores número 806 puerta C');
INSERT INTO espectaculos VALUES ('espectaculo 807', 'teatro', '2002-03-23', 'productora 807', 'lista participantes 807', 5, '00:15:00', '00:30:00', '00:27:00');
INSERT INTO eventos VALUES ('espectaculo 807', 'teatro', '2002-03-23', 'productora 807', '2022-09-01 18:00:00', 'Calle de las flores número 807 puerta C','Abierto');
INSERT INTO eventos VALUES ('espectaculo 807', 'teatro', '2002-03-23', 'productora 807', '2020-09-01 03:00:00', 'Calle de las flores número 807 puerta C','Abierto');
INSERT INTO gradas VALUES ('grada 1', 'espectaculo 807', 'teatro', '2002-03-23', 'productora 807', '2022-09-01 18:00:00', 'Calle de las flores número 807 puerta C');
INSERT INTO gradas VALUES ('grada 2', 'espectaculo 807', 'teatro', '2002-03-23', 'productora 807', '2022-09-01 18:00:00', 'Calle de las flores número 807 puerta C');
INSERT INTO gradas VALUES ('grada 3', 'espectaculo 807', 'teatro', '2002-03-23', 'productora 807', '2022-09-01 18:00:00', 'Calle de las flores número 807 puerta C');
INSERT INTO espectaculos VALUES ('espectaculo 808', 'pelicula', '2001-01-02', 'productora 808', 'lista participantes 808', 8, '00:14:00', '00:17:00', '00:16:00');
INSERT INTO eventos VALUES ('espectaculo 808', 'pelicula', '2001-01-02', 'productora 808', '2022-09-01 18:00:00', 'Calle de las flores número 808 puerta C','Abierto');
INSERT INTO eventos VALUES ('espectaculo 808', 'pelicula', '2001-01-02', 'productora 808', '2020-09-01 03:00:00', 'Calle de las flores número 808 puerta C','Abierto');
INSERT INTO gradas VALUES ('grada 1', 'espectaculo 808', 'pelicula', '2001-01-02', 'productora 808', '2022-09-01 18:00:00', 'Calle de las flores número 808 puerta C');
INSERT INTO gradas VALUES ('grada 2', 'espectaculo 808', 'pelicula', '2001-01-02', 'productora 808', '2022-09-01 18:00:00', 'Calle de las flores número 808 puerta C');
INSERT INTO gradas VALUES ('grada 3', 'espectaculo 808', 'pelicula', '2001-01-02', 'productora 808', '2022-09-01 18:00:00', 'Calle de las flores número 808 puerta C');
INSERT INTO espectaculos VALUES ('espectaculo 809', 'deportivo', '1986-11-09', 'productora 809', 'lista participantes 809', 2, '00:18:00', '00:50:00', '00:27:00');
INSERT INTO eventos VALUES ('espectaculo 809', 'deportivo', '1986-11-09', 'productora 809', '2022-09-01 18:00:00', 'Calle de las flores número 809 puerta C','Abierto');
INSERT INTO eventos VALUES ('espectaculo 809', 'deportivo', '1986-11-09', 'productora 809', '2020-09-01 03:00:00', 'Calle de las flores número 809 puerta C','Abierto');
INSERT INTO gradas VALUES ('grada 1', 'espectaculo 809', 'deportivo', '1986-11-09', 'productora 809', '2022-09-01 18:00:00', 'Calle de las flores número 809 puerta C');
INSERT INTO gradas VALUES ('grada 2', 'espectaculo 809', 'deportivo', '1986-11-09', 'productora 809', '2022-09-01 18:00:00', 'Calle de las flores número 809 puerta C');
INSERT INTO gradas VALUES ('grada 3', 'espectaculo 809', 'deportivo', '1986-11-09', 'productora 809', '2022-09-01 18:00:00', 'Calle de las flores número 809 puerta C');
INSERT INTO espectaculos VALUES ('espectaculo 810', 'teatro', '2002-01-22', 'productora 810', 'lista participantes 810', 4, '00:16:00', '00:40:00', '00:22:00');
INSERT INTO eventos VALUES ('espectaculo 810', 'teatro', '2002-01-22', 'productora 810', '2022-09-01 18:00:00', 'Calle de las flores número 810 puerta C','Abierto');
INSERT INTO eventos VALUES ('espectaculo 810', 'teatro', '2002-01-22', 'productora 810', '2020-09-01 03:00:00', 'Calle de las flores número 810 puerta C','Abierto');
INSERT INTO gradas VALUES ('grada 1', 'espectaculo 810', 'teatro', '2002-01-22', 'productora 810', '2022-09-01 18:00:00', 'Calle de las flores número 810 puerta C');
INSERT INTO gradas VALUES ('grada 2', 'espectaculo 810', 'teatro', '2002-01-22', 'productora 810', '2022-09-01 18:00:00', 'Calle de las flores número 810 puerta C');
INSERT INTO gradas VALUES ('grada 3', 'espectaculo 810', 'teatro', '2002-01-22', 'productora 810', '2022-09-01 18:00:00', 'Calle de las flores número 810 puerta C');
INSERT INTO espectaculos VALUES ('espectaculo 811', 'deportivo', '2014-08-05', 'productora 811', 'lista participantes 811', 3, '00:14:00', '00:36:00', '00:17:00');
INSERT INTO eventos VALUES ('espectaculo 811', 'deportivo', '2014-08-05', 'productora 811', '2022-09-01 18:00:00', 'Calle de las flores número 811 puerta C','Abierto');
INSERT INTO eventos VALUES ('espectaculo 811', 'deportivo', '2014-08-05', 'productora 811', '2020-09-01 03:00:00', 'Calle de las flores número 811 puerta C','Abierto');
INSERT INTO gradas VALUES ('grada 1', 'espectaculo 811', 'deportivo', '2014-08-05', 'productora 811', '2022-09-01 18:00:00', 'Calle de las flores número 811 puerta C');
INSERT INTO gradas VALUES ('grada 2', 'espectaculo 811', 'deportivo', '2014-08-05', 'productora 811', '2022-09-01 18:00:00', 'Calle de las flores número 811 puerta C');
INSERT INTO gradas VALUES ('grada 3', 'espectaculo 811', 'deportivo', '2014-08-05', 'productora 811', '2022-09-01 18:00:00', 'Calle de las flores número 811 puerta C');
INSERT INTO espectaculos VALUES ('espectaculo 812', 'entrevista', '2016-03-15', 'productora 812', 'lista participantes 812', 1, '00:19:00', '00:47:00', '00:28:00');
INSERT INTO eventos VALUES ('espectaculo 812', 'entrevista', '2016-03-15', 'productora 812', '2022-09-01 18:00:00', 'Calle de las flores número 812 puerta C','Abierto');
INSERT INTO eventos VALUES ('espectaculo 812', 'entrevista', '2016-03-15', 'productora 812', '2020-09-01 03:00:00', 'Calle de las flores número 812 puerta C','Abierto');
INSERT INTO gradas VALUES ('grada 1', 'espectaculo 812', 'entrevista', '2016-03-15', 'productora 812', '2022-09-01 18:00:00', 'Calle de las flores número 812 puerta C');
INSERT INTO gradas VALUES ('grada 2', 'espectaculo 812', 'entrevista', '2016-03-15', 'productora 812', '2022-09-01 18:00:00', 'Calle de las flores número 812 puerta C');
INSERT INTO gradas VALUES ('grada 3', 'espectaculo 812', 'entrevista', '2016-03-15', 'productora 812', '2022-09-01 18:00:00', 'Calle de las flores número 812 puerta C');
INSERT INTO espectaculos VALUES ('espectaculo 813', 'deportivo', '1986-07-07', 'productora 813', 'lista participantes 813', 4, '00:13:00', '00:19:00', '00:20:00');
INSERT INTO eventos VALUES ('espectaculo 813', 'deportivo', '1986-07-07', 'productora 813', '2022-09-01 18:00:00', 'Calle de las flores número 813 puerta C','Abierto');
INSERT INTO eventos VALUES ('espectaculo 813', 'deportivo', '1986-07-07', 'productora 813', '2020-09-01 03:00:00', 'Calle de las flores número 813 puerta C','Abierto');
INSERT INTO gradas VALUES ('grada 1', 'espectaculo 813', 'deportivo', '1986-07-07', 'productora 813', '2022-09-01 18:00:00', 'Calle de las flores número 813 puerta C');
INSERT INTO gradas VALUES ('grada 2', 'espectaculo 813', 'deportivo', '1986-07-07', 'productora 813', '2022-09-01 18:00:00', 'Calle de las flores número 813 puerta C');
INSERT INTO gradas VALUES ('grada 3', 'espectaculo 813', 'deportivo', '1986-07-07', 'productora 813', '2022-09-01 18:00:00', 'Calle de las flores número 813 puerta C');
INSERT INTO espectaculos VALUES ('espectaculo 814', 'concierto', '2007-02-04', 'productora 814', 'lista participantes 814', 7, '00:14:00', '00:44:00', '00:22:00');
INSERT INTO eventos VALUES ('espectaculo 814', 'concierto', '2007-02-04', 'productora 814', '2022-09-01 18:00:00', 'Calle de las flores número 814 puerta C','Abierto');
INSERT INTO eventos VALUES ('espectaculo 814', 'concierto', '2007-02-04', 'productora 814', '2020-09-01 03:00:00', 'Calle de las flores número 814 puerta C','Abierto');
INSERT INTO gradas VALUES ('grada 1', 'espectaculo 814', 'concierto', '2007-02-04', 'productora 814', '2022-09-01 18:00:00', 'Calle de las flores número 814 puerta C');
INSERT INTO gradas VALUES ('grada 2', 'espectaculo 814', 'concierto', '2007-02-04', 'productora 814', '2022-09-01 18:00:00', 'Calle de las flores número 814 puerta C');
INSERT INTO gradas VALUES ('grada 3', 'espectaculo 814', 'concierto', '2007-02-04', 'productora 814', '2022-09-01 18:00:00', 'Calle de las flores número 814 puerta C');
INSERT INTO espectaculos VALUES ('espectaculo 815', 'deportivo', '2007-05-20', 'productora 815', 'lista participantes 815', 2, '00:19:00', '00:42:00', '00:19:00');
INSERT INTO eventos VALUES ('espectaculo 815', 'deportivo', '2007-05-20', 'productora 815', '2022-09-01 18:00:00', 'Calle de las flores número 815 puerta C','Abierto');
INSERT INTO eventos VALUES ('espectaculo 815', 'deportivo', '2007-05-20', 'productora 815', '2020-09-01 03:00:00', 'Calle de las flores número 815 puerta C','Abierto');
INSERT INTO gradas VALUES ('grada 1', 'espectaculo 815', 'deportivo', '2007-05-20', 'productora 815', '2022-09-01 18:00:00', 'Calle de las flores número 815 puerta C');
INSERT INTO gradas VALUES ('grada 2', 'espectaculo 815', 'deportivo', '2007-05-20', 'productora 815', '2022-09-01 18:00:00', 'Calle de las flores número 815 puerta C');
INSERT INTO gradas VALUES ('grada 3', 'espectaculo 815', 'deportivo', '2007-05-20', 'productora 815', '2022-09-01 18:00:00', 'Calle de las flores número 815 puerta C');
INSERT INTO espectaculos VALUES ('espectaculo 816', 'concierto', '2020-11-02', 'productora 816', 'lista participantes 816', 3, '00:18:00', '00:28:00', '00:29:00');
INSERT INTO eventos VALUES ('espectaculo 816', 'concierto', '2020-11-02', 'productora 816', '2022-09-01 18:00:00', 'Calle de las flores número 816 puerta C','Abierto');
INSERT INTO eventos VALUES ('espectaculo 816', 'concierto', '2020-11-02', 'productora 816', '2020-09-01 03:00:00', 'Calle de las flores número 816 puerta C','Abierto');
INSERT INTO gradas VALUES ('grada 1', 'espectaculo 816', 'concierto', '2020-11-02', 'productora 816', '2022-09-01 18:00:00', 'Calle de las flores número 816 puerta C');
INSERT INTO gradas VALUES ('grada 2', 'espectaculo 816', 'concierto', '2020-11-02', 'productora 816', '2022-09-01 18:00:00', 'Calle de las flores número 816 puerta C');
INSERT INTO gradas VALUES ('grada 3', 'espectaculo 816', 'concierto', '2020-11-02', 'productora 816', '2022-09-01 18:00:00', 'Calle de las flores número 816 puerta C');
INSERT INTO espectaculos VALUES ('espectaculo 817', 'concierto', '2016-05-15', 'productora 817', 'lista participantes 817', 2, '00:14:00', '00:50:00', '00:29:00');
INSERT INTO eventos VALUES ('espectaculo 817', 'concierto', '2016-05-15', 'productora 817', '2022-09-01 18:00:00', 'Calle de las flores número 817 puerta C','Abierto');
INSERT INTO eventos VALUES ('espectaculo 817', 'concierto', '2016-05-15', 'productora 817', '2020-09-01 03:00:00', 'Calle de las flores número 817 puerta C','Abierto');
INSERT INTO gradas VALUES ('grada 1', 'espectaculo 817', 'concierto', '2016-05-15', 'productora 817', '2022-09-01 18:00:00', 'Calle de las flores número 817 puerta C');
INSERT INTO gradas VALUES ('grada 2', 'espectaculo 817', 'concierto', '2016-05-15', 'productora 817', '2022-09-01 18:00:00', 'Calle de las flores número 817 puerta C');
INSERT INTO gradas VALUES ('grada 3', 'espectaculo 817', 'concierto', '2016-05-15', 'productora 817', '2022-09-01 18:00:00', 'Calle de las flores número 817 puerta C');
INSERT INTO espectaculos VALUES ('espectaculo 818', 'deportivo', '2004-10-04', 'productora 818', 'lista participantes 818', 9, '00:17:00', '00:27:00', '00:22:00');
INSERT INTO eventos VALUES ('espectaculo 818', 'deportivo', '2004-10-04', 'productora 818', '2022-09-01 18:00:00', 'Calle de las flores número 818 puerta C','Abierto');
INSERT INTO eventos VALUES ('espectaculo 818', 'deportivo', '2004-10-04', 'productora 818', '2020-09-01 03:00:00', 'Calle de las flores número 818 puerta C','Abierto');
INSERT INTO gradas VALUES ('grada 1', 'espectaculo 818', 'deportivo', '2004-10-04', 'productora 818', '2022-09-01 18:00:00', 'Calle de las flores número 818 puerta C');
INSERT INTO gradas VALUES ('grada 2', 'espectaculo 818', 'deportivo', '2004-10-04', 'productora 818', '2022-09-01 18:00:00', 'Calle de las flores número 818 puerta C');
INSERT INTO gradas VALUES ('grada 3', 'espectaculo 818', 'deportivo', '2004-10-04', 'productora 818', '2022-09-01 18:00:00', 'Calle de las flores número 818 puerta C');
INSERT INTO espectaculos VALUES ('espectaculo 819', 'teatro', '1998-04-25', 'productora 819', 'lista participantes 819', 8, '00:11:00', '00:40:00', '00:15:00');
INSERT INTO eventos VALUES ('espectaculo 819', 'teatro', '1998-04-25', 'productora 819', '2022-09-01 18:00:00', 'Calle de las flores número 819 puerta C','Abierto');
INSERT INTO eventos VALUES ('espectaculo 819', 'teatro', '1998-04-25', 'productora 819', '2020-09-01 03:00:00', 'Calle de las flores número 819 puerta C','Abierto');
INSERT INTO gradas VALUES ('grada 1', 'espectaculo 819', 'teatro', '1998-04-25', 'productora 819', '2022-09-01 18:00:00', 'Calle de las flores número 819 puerta C');
INSERT INTO gradas VALUES ('grada 2', 'espectaculo 819', 'teatro', '1998-04-25', 'productora 819', '2022-09-01 18:00:00', 'Calle de las flores número 819 puerta C');
INSERT INTO gradas VALUES ('grada 3', 'espectaculo 819', 'teatro', '1998-04-25', 'productora 819', '2022-09-01 18:00:00', 'Calle de las flores número 819 puerta C');
INSERT INTO espectaculos VALUES ('espectaculo 820', 'deportivo', '2020-11-18', 'productora 820', 'lista participantes 820', 8, '00:17:00', '00:59:00', '00:18:00');
INSERT INTO eventos VALUES ('espectaculo 820', 'deportivo', '2020-11-18', 'productora 820', '2022-09-01 18:00:00', 'Calle de las flores número 820 puerta C','Abierto');
INSERT INTO eventos VALUES ('espectaculo 820', 'deportivo', '2020-11-18', 'productora 820', '2020-09-01 03:00:00', 'Calle de las flores número 820 puerta C','Abierto');
INSERT INTO gradas VALUES ('grada 1', 'espectaculo 820', 'deportivo', '2020-11-18', 'productora 820', '2022-09-01 18:00:00', 'Calle de las flores número 820 puerta C');
INSERT INTO gradas VALUES ('grada 2', 'espectaculo 820', 'deportivo', '2020-11-18', 'productora 820', '2022-09-01 18:00:00', 'Calle de las flores número 820 puerta C');
INSERT INTO gradas VALUES ('grada 3', 'espectaculo 820', 'deportivo', '2020-11-18', 'productora 820', '2022-09-01 18:00:00', 'Calle de las flores número 820 puerta C');
INSERT INTO espectaculos VALUES ('espectaculo 821', 'concierto', '2007-05-15', 'productora 821', 'lista participantes 821', 1, '00:16:00', '00:55:00', '00:19:00');
INSERT INTO eventos VALUES ('espectaculo 821', 'concierto', '2007-05-15', 'productora 821', '2022-09-01 18:00:00', 'Calle de las flores número 821 puerta C','Abierto');
INSERT INTO eventos VALUES ('espectaculo 821', 'concierto', '2007-05-15', 'productora 821', '2020-09-01 03:00:00', 'Calle de las flores número 821 puerta C','Abierto');
INSERT INTO gradas VALUES ('grada 1', 'espectaculo 821', 'concierto', '2007-05-15', 'productora 821', '2022-09-01 18:00:00', 'Calle de las flores número 821 puerta C');
INSERT INTO gradas VALUES ('grada 2', 'espectaculo 821', 'concierto', '2007-05-15', 'productora 821', '2022-09-01 18:00:00', 'Calle de las flores número 821 puerta C');
INSERT INTO gradas VALUES ('grada 3', 'espectaculo 821', 'concierto', '2007-05-15', 'productora 821', '2022-09-01 18:00:00', 'Calle de las flores número 821 puerta C');
INSERT INTO espectaculos VALUES ('espectaculo 822', 'teatro', '2008-03-08', 'productora 822', 'lista participantes 822', 3, '00:11:00', '00:53:00', '00:19:00');
INSERT INTO eventos VALUES ('espectaculo 822', 'teatro', '2008-03-08', 'productora 822', '2022-09-01 18:00:00', 'Calle de las flores número 822 puerta C','Abierto');
INSERT INTO eventos VALUES ('espectaculo 822', 'teatro', '2008-03-08', 'productora 822', '2020-09-01 03:00:00', 'Calle de las flores número 822 puerta C','Abierto');
INSERT INTO gradas VALUES ('grada 1', 'espectaculo 822', 'teatro', '2008-03-08', 'productora 822', '2022-09-01 18:00:00', 'Calle de las flores número 822 puerta C');
INSERT INTO gradas VALUES ('grada 2', 'espectaculo 822', 'teatro', '2008-03-08', 'productora 822', '2022-09-01 18:00:00', 'Calle de las flores número 822 puerta C');
INSERT INTO gradas VALUES ('grada 3', 'espectaculo 822', 'teatro', '2008-03-08', 'productora 822', '2022-09-01 18:00:00', 'Calle de las flores número 822 puerta C');
INSERT INTO espectaculos VALUES ('espectaculo 823', 'concierto', '1998-03-12', 'productora 823', 'lista participantes 823', 5, '00:18:00', '00:58:00', '00:29:00');
INSERT INTO eventos VALUES ('espectaculo 823', 'concierto', '1998-03-12', 'productora 823', '2022-09-01 18:00:00', 'Calle de las flores número 823 puerta C','Abierto');
INSERT INTO eventos VALUES ('espectaculo 823', 'concierto', '1998-03-12', 'productora 823', '2020-09-01 03:00:00', 'Calle de las flores número 823 puerta C','Abierto');
INSERT INTO gradas VALUES ('grada 1', 'espectaculo 823', 'concierto', '1998-03-12', 'productora 823', '2022-09-01 18:00:00', 'Calle de las flores número 823 puerta C');
INSERT INTO gradas VALUES ('grada 2', 'espectaculo 823', 'concierto', '1998-03-12', 'productora 823', '2022-09-01 18:00:00', 'Calle de las flores número 823 puerta C');
INSERT INTO gradas VALUES ('grada 3', 'espectaculo 823', 'concierto', '1998-03-12', 'productora 823', '2022-09-01 18:00:00', 'Calle de las flores número 823 puerta C');
INSERT INTO espectaculos VALUES ('espectaculo 824', 'entrevista', '1986-11-02', 'productora 824', 'lista participantes 824', 6, '00:18:00', '00:32:00', '00:18:00');
INSERT INTO eventos VALUES ('espectaculo 824', 'entrevista', '1986-11-02', 'productora 824', '2022-09-01 18:00:00', 'Calle de las flores número 824 puerta C','Abierto');
INSERT INTO eventos VALUES ('espectaculo 824', 'entrevista', '1986-11-02', 'productora 824', '2020-09-01 03:00:00', 'Calle de las flores número 824 puerta C','Abierto');
INSERT INTO gradas VALUES ('grada 1', 'espectaculo 824', 'entrevista', '1986-11-02', 'productora 824', '2022-09-01 18:00:00', 'Calle de las flores número 824 puerta C');
INSERT INTO gradas VALUES ('grada 2', 'espectaculo 824', 'entrevista', '1986-11-02', 'productora 824', '2022-09-01 18:00:00', 'Calle de las flores número 824 puerta C');
INSERT INTO gradas VALUES ('grada 3', 'espectaculo 824', 'entrevista', '1986-11-02', 'productora 824', '2022-09-01 18:00:00', 'Calle de las flores número 824 puerta C');
INSERT INTO espectaculos VALUES ('espectaculo 825', 'teatro', '2020-06-23', 'productora 825', 'lista participantes 825', 9, '00:16:00', '00:33:00', '00:29:00');
INSERT INTO eventos VALUES ('espectaculo 825', 'teatro', '2020-06-23', 'productora 825', '2022-09-01 18:00:00', 'Calle de las flores número 825 puerta C','Abierto');
INSERT INTO eventos VALUES ('espectaculo 825', 'teatro', '2020-06-23', 'productora 825', '2020-09-01 03:00:00', 'Calle de las flores número 825 puerta C','Abierto');
INSERT INTO gradas VALUES ('grada 1', 'espectaculo 825', 'teatro', '2020-06-23', 'productora 825', '2022-09-01 18:00:00', 'Calle de las flores número 825 puerta C');
INSERT INTO gradas VALUES ('grada 2', 'espectaculo 825', 'teatro', '2020-06-23', 'productora 825', '2022-09-01 18:00:00', 'Calle de las flores número 825 puerta C');
INSERT INTO gradas VALUES ('grada 3', 'espectaculo 825', 'teatro', '2020-06-23', 'productora 825', '2022-09-01 18:00:00', 'Calle de las flores número 825 puerta C');
INSERT INTO espectaculos VALUES ('espectaculo 826', 'concierto', '2013-11-10', 'productora 826', 'lista participantes 826', 9, '00:14:00', '00:43:00', '00:27:00');
INSERT INTO eventos VALUES ('espectaculo 826', 'concierto', '2013-11-10', 'productora 826', '2022-09-01 18:00:00', 'Calle de las flores número 826 puerta C','Abierto');
INSERT INTO eventos VALUES ('espectaculo 826', 'concierto', '2013-11-10', 'productora 826', '2020-09-01 03:00:00', 'Calle de las flores número 826 puerta C','Abierto');
INSERT INTO gradas VALUES ('grada 1', 'espectaculo 826', 'concierto', '2013-11-10', 'productora 826', '2022-09-01 18:00:00', 'Calle de las flores número 826 puerta C');
INSERT INTO gradas VALUES ('grada 2', 'espectaculo 826', 'concierto', '2013-11-10', 'productora 826', '2022-09-01 18:00:00', 'Calle de las flores número 826 puerta C');
INSERT INTO gradas VALUES ('grada 3', 'espectaculo 826', 'concierto', '2013-11-10', 'productora 826', '2022-09-01 18:00:00', 'Calle de las flores número 826 puerta C');
INSERT INTO espectaculos VALUES ('espectaculo 827', 'deportivo', '1998-03-08', 'productora 827', 'lista participantes 827', 9, '00:19:00', '00:27:00', '00:25:00');
INSERT INTO eventos VALUES ('espectaculo 827', 'deportivo', '1998-03-08', 'productora 827', '2022-09-01 18:00:00', 'Calle de las flores número 827 puerta C','Abierto');
INSERT INTO eventos VALUES ('espectaculo 827', 'deportivo', '1998-03-08', 'productora 827', '2020-09-01 03:00:00', 'Calle de las flores número 827 puerta C','Abierto');
INSERT INTO gradas VALUES ('grada 1', 'espectaculo 827', 'deportivo', '1998-03-08', 'productora 827', '2022-09-01 18:00:00', 'Calle de las flores número 827 puerta C');
INSERT INTO gradas VALUES ('grada 2', 'espectaculo 827', 'deportivo', '1998-03-08', 'productora 827', '2022-09-01 18:00:00', 'Calle de las flores número 827 puerta C');
INSERT INTO gradas VALUES ('grada 3', 'espectaculo 827', 'deportivo', '1998-03-08', 'productora 827', '2022-09-01 18:00:00', 'Calle de las flores número 827 puerta C');
INSERT INTO espectaculos VALUES ('espectaculo 828', 'concierto', '1985-03-05', 'productora 828', 'lista participantes 828', 4, '00:13:00', '00:35:00', '00:19:00');
INSERT INTO eventos VALUES ('espectaculo 828', 'concierto', '1985-03-05', 'productora 828', '2022-09-01 18:00:00', 'Calle de las flores número 828 puerta C','Abierto');
INSERT INTO eventos VALUES ('espectaculo 828', 'concierto', '1985-03-05', 'productora 828', '2020-09-01 03:00:00', 'Calle de las flores número 828 puerta C','Abierto');
INSERT INTO gradas VALUES ('grada 1', 'espectaculo 828', 'concierto', '1985-03-05', 'productora 828', '2022-09-01 18:00:00', 'Calle de las flores número 828 puerta C');
INSERT INTO gradas VALUES ('grada 2', 'espectaculo 828', 'concierto', '1985-03-05', 'productora 828', '2022-09-01 18:00:00', 'Calle de las flores número 828 puerta C');
INSERT INTO gradas VALUES ('grada 3', 'espectaculo 828', 'concierto', '1985-03-05', 'productora 828', '2022-09-01 18:00:00', 'Calle de las flores número 828 puerta C');
INSERT INTO espectaculos VALUES ('espectaculo 829', 'teatro', '2017-01-17', 'productora 829', 'lista participantes 829', 5, '00:13:00', '00:52:00', '00:15:00');
INSERT INTO eventos VALUES ('espectaculo 829', 'teatro', '2017-01-17', 'productora 829', '2022-09-01 18:00:00', 'Calle de las flores número 829 puerta C','Abierto');
INSERT INTO eventos VALUES ('espectaculo 829', 'teatro', '2017-01-17', 'productora 829', '2020-09-01 03:00:00', 'Calle de las flores número 829 puerta C','Abierto');
INSERT INTO gradas VALUES ('grada 1', 'espectaculo 829', 'teatro', '2017-01-17', 'productora 829', '2022-09-01 18:00:00', 'Calle de las flores número 829 puerta C');
INSERT INTO gradas VALUES ('grada 2', 'espectaculo 829', 'teatro', '2017-01-17', 'productora 829', '2022-09-01 18:00:00', 'Calle de las flores número 829 puerta C');
INSERT INTO gradas VALUES ('grada 3', 'espectaculo 829', 'teatro', '2017-01-17', 'productora 829', '2022-09-01 18:00:00', 'Calle de las flores número 829 puerta C');
INSERT INTO espectaculos VALUES ('espectaculo 830', 'teatro', '1989-02-10', 'productora 830', 'lista participantes 830', 8, '00:10:00', '00:22:00', '00:20:00');
INSERT INTO eventos VALUES ('espectaculo 830', 'teatro', '1989-02-10', 'productora 830', '2022-09-01 18:00:00', 'Calle de las flores número 830 puerta C','Abierto');
INSERT INTO eventos VALUES ('espectaculo 830', 'teatro', '1989-02-10', 'productora 830', '2020-09-01 03:00:00', 'Calle de las flores número 830 puerta C','Abierto');
INSERT INTO gradas VALUES ('grada 1', 'espectaculo 830', 'teatro', '1989-02-10', 'productora 830', '2022-09-01 18:00:00', 'Calle de las flores número 830 puerta C');
INSERT INTO gradas VALUES ('grada 2', 'espectaculo 830', 'teatro', '1989-02-10', 'productora 830', '2022-09-01 18:00:00', 'Calle de las flores número 830 puerta C');
INSERT INTO gradas VALUES ('grada 3', 'espectaculo 830', 'teatro', '1989-02-10', 'productora 830', '2022-09-01 18:00:00', 'Calle de las flores número 830 puerta C');
INSERT INTO espectaculos VALUES ('espectaculo 831', 'pelicula', '1994-11-21', 'productora 831', 'lista participantes 831', 8, '00:15:00', '00:32:00', '00:21:00');
INSERT INTO eventos VALUES ('espectaculo 831', 'pelicula', '1994-11-21', 'productora 831', '2022-09-01 18:00:00', 'Calle de las flores número 831 puerta C','Abierto');
INSERT INTO eventos VALUES ('espectaculo 831', 'pelicula', '1994-11-21', 'productora 831', '2020-09-01 03:00:00', 'Calle de las flores número 831 puerta C','Abierto');
INSERT INTO gradas VALUES ('grada 1', 'espectaculo 831', 'pelicula', '1994-11-21', 'productora 831', '2022-09-01 18:00:00', 'Calle de las flores número 831 puerta C');
INSERT INTO gradas VALUES ('grada 2', 'espectaculo 831', 'pelicula', '1994-11-21', 'productora 831', '2022-09-01 18:00:00', 'Calle de las flores número 831 puerta C');
INSERT INTO gradas VALUES ('grada 3', 'espectaculo 831', 'pelicula', '1994-11-21', 'productora 831', '2022-09-01 18:00:00', 'Calle de las flores número 831 puerta C');
INSERT INTO espectaculos VALUES ('espectaculo 832', 'teatro', '1987-08-17', 'productora 832', 'lista participantes 832', 2, '00:15:00', '00:21:00', '00:21:00');
INSERT INTO eventos VALUES ('espectaculo 832', 'teatro', '1987-08-17', 'productora 832', '2022-09-01 18:00:00', 'Calle de las flores número 832 puerta C','Abierto');
INSERT INTO eventos VALUES ('espectaculo 832', 'teatro', '1987-08-17', 'productora 832', '2020-09-01 03:00:00', 'Calle de las flores número 832 puerta C','Abierto');
INSERT INTO gradas VALUES ('grada 1', 'espectaculo 832', 'teatro', '1987-08-17', 'productora 832', '2022-09-01 18:00:00', 'Calle de las flores número 832 puerta C');
INSERT INTO gradas VALUES ('grada 2', 'espectaculo 832', 'teatro', '1987-08-17', 'productora 832', '2022-09-01 18:00:00', 'Calle de las flores número 832 puerta C');
INSERT INTO gradas VALUES ('grada 3', 'espectaculo 832', 'teatro', '1987-08-17', 'productora 832', '2022-09-01 18:00:00', 'Calle de las flores número 832 puerta C');
INSERT INTO espectaculos VALUES ('espectaculo 833', 'deportivo', '2000-01-21', 'productora 833', 'lista participantes 833', 4, '00:19:00', '00:32:00', '00:15:00');
INSERT INTO eventos VALUES ('espectaculo 833', 'deportivo', '2000-01-21', 'productora 833', '2022-09-01 18:00:00', 'Calle de las flores número 833 puerta C','Abierto');
INSERT INTO eventos VALUES ('espectaculo 833', 'deportivo', '2000-01-21', 'productora 833', '2020-09-01 03:00:00', 'Calle de las flores número 833 puerta C','Abierto');
INSERT INTO gradas VALUES ('grada 1', 'espectaculo 833', 'deportivo', '2000-01-21', 'productora 833', '2022-09-01 18:00:00', 'Calle de las flores número 833 puerta C');
INSERT INTO gradas VALUES ('grada 2', 'espectaculo 833', 'deportivo', '2000-01-21', 'productora 833', '2022-09-01 18:00:00', 'Calle de las flores número 833 puerta C');
INSERT INTO gradas VALUES ('grada 3', 'espectaculo 833', 'deportivo', '2000-01-21', 'productora 833', '2022-09-01 18:00:00', 'Calle de las flores número 833 puerta C');
INSERT INTO espectaculos VALUES ('espectaculo 834', 'pelicula', '1991-04-02', 'productora 834', 'lista participantes 834', 5, '00:15:00', '00:49:00', '00:22:00');
INSERT INTO eventos VALUES ('espectaculo 834', 'pelicula', '1991-04-02', 'productora 834', '2022-09-01 18:00:00', 'Calle de las flores número 834 puerta C','Abierto');
INSERT INTO eventos VALUES ('espectaculo 834', 'pelicula', '1991-04-02', 'productora 834', '2020-09-01 03:00:00', 'Calle de las flores número 834 puerta C','Abierto');
INSERT INTO gradas VALUES ('grada 1', 'espectaculo 834', 'pelicula', '1991-04-02', 'productora 834', '2022-09-01 18:00:00', 'Calle de las flores número 834 puerta C');
INSERT INTO gradas VALUES ('grada 2', 'espectaculo 834', 'pelicula', '1991-04-02', 'productora 834', '2022-09-01 18:00:00', 'Calle de las flores número 834 puerta C');
INSERT INTO gradas VALUES ('grada 3', 'espectaculo 834', 'pelicula', '1991-04-02', 'productora 834', '2022-09-01 18:00:00', 'Calle de las flores número 834 puerta C');
INSERT INTO espectaculos VALUES ('espectaculo 835', 'concierto', '1990-08-03', 'productora 835', 'lista participantes 835', 5, '00:19:00', '00:52:00', '00:23:00');
INSERT INTO eventos VALUES ('espectaculo 835', 'concierto', '1990-08-03', 'productora 835', '2022-09-01 18:00:00', 'Calle de las flores número 835 puerta C','Abierto');
INSERT INTO eventos VALUES ('espectaculo 835', 'concierto', '1990-08-03', 'productora 835', '2020-09-01 03:00:00', 'Calle de las flores número 835 puerta C','Abierto');
INSERT INTO gradas VALUES ('grada 1', 'espectaculo 835', 'concierto', '1990-08-03', 'productora 835', '2022-09-01 18:00:00', 'Calle de las flores número 835 puerta C');
INSERT INTO gradas VALUES ('grada 2', 'espectaculo 835', 'concierto', '1990-08-03', 'productora 835', '2022-09-01 18:00:00', 'Calle de las flores número 835 puerta C');
INSERT INTO gradas VALUES ('grada 3', 'espectaculo 835', 'concierto', '1990-08-03', 'productora 835', '2022-09-01 18:00:00', 'Calle de las flores número 835 puerta C');
INSERT INTO espectaculos VALUES ('espectaculo 836', 'deportivo', '2004-04-15', 'productora 836', 'lista participantes 836', 1, '00:16:00', '00:23:00', '00:16:00');
INSERT INTO eventos VALUES ('espectaculo 836', 'deportivo', '2004-04-15', 'productora 836', '2022-09-01 18:00:00', 'Calle de las flores número 836 puerta C','Abierto');
INSERT INTO eventos VALUES ('espectaculo 836', 'deportivo', '2004-04-15', 'productora 836', '2020-09-01 03:00:00', 'Calle de las flores número 836 puerta C','Abierto');
INSERT INTO gradas VALUES ('grada 1', 'espectaculo 836', 'deportivo', '2004-04-15', 'productora 836', '2022-09-01 18:00:00', 'Calle de las flores número 836 puerta C');
INSERT INTO gradas VALUES ('grada 2', 'espectaculo 836', 'deportivo', '2004-04-15', 'productora 836', '2022-09-01 18:00:00', 'Calle de las flores número 836 puerta C');
INSERT INTO gradas VALUES ('grada 3', 'espectaculo 836', 'deportivo', '2004-04-15', 'productora 836', '2022-09-01 18:00:00', 'Calle de las flores número 836 puerta C');
INSERT INTO espectaculos VALUES ('espectaculo 837', 'concierto', '1989-05-25', 'productora 837', 'lista participantes 837', 7, '00:12:00', '00:55:00', '00:25:00');
INSERT INTO eventos VALUES ('espectaculo 837', 'concierto', '1989-05-25', 'productora 837', '2022-09-01 18:00:00', 'Calle de las flores número 837 puerta C','Abierto');
INSERT INTO eventos VALUES ('espectaculo 837', 'concierto', '1989-05-25', 'productora 837', '2020-09-01 03:00:00', 'Calle de las flores número 837 puerta C','Abierto');
INSERT INTO gradas VALUES ('grada 1', 'espectaculo 837', 'concierto', '1989-05-25', 'productora 837', '2022-09-01 18:00:00', 'Calle de las flores número 837 puerta C');
INSERT INTO gradas VALUES ('grada 2', 'espectaculo 837', 'concierto', '1989-05-25', 'productora 837', '2022-09-01 18:00:00', 'Calle de las flores número 837 puerta C');
INSERT INTO gradas VALUES ('grada 3', 'espectaculo 837', 'concierto', '1989-05-25', 'productora 837', '2022-09-01 18:00:00', 'Calle de las flores número 837 puerta C');
INSERT INTO espectaculos VALUES ('espectaculo 838', 'concierto', '2012-07-15', 'productora 838', 'lista participantes 838', 7, '00:14:00', '00:54:00', '00:26:00');
INSERT INTO eventos VALUES ('espectaculo 838', 'concierto', '2012-07-15', 'productora 838', '2022-09-01 18:00:00', 'Calle de las flores número 838 puerta C','Abierto');
INSERT INTO eventos VALUES ('espectaculo 838', 'concierto', '2012-07-15', 'productora 838', '2020-09-01 03:00:00', 'Calle de las flores número 838 puerta C','Abierto');
INSERT INTO gradas VALUES ('grada 1', 'espectaculo 838', 'concierto', '2012-07-15', 'productora 838', '2022-09-01 18:00:00', 'Calle de las flores número 838 puerta C');
INSERT INTO gradas VALUES ('grada 2', 'espectaculo 838', 'concierto', '2012-07-15', 'productora 838', '2022-09-01 18:00:00', 'Calle de las flores número 838 puerta C');
INSERT INTO gradas VALUES ('grada 3', 'espectaculo 838', 'concierto', '2012-07-15', 'productora 838', '2022-09-01 18:00:00', 'Calle de las flores número 838 puerta C');
INSERT INTO espectaculos VALUES ('espectaculo 839', 'concierto', '2001-11-13', 'productora 839', 'lista participantes 839', 3, '00:15:00', '00:57:00', '00:19:00');
INSERT INTO eventos VALUES ('espectaculo 839', 'concierto', '2001-11-13', 'productora 839', '2022-09-01 18:00:00', 'Calle de las flores número 839 puerta C','Abierto');
INSERT INTO eventos VALUES ('espectaculo 839', 'concierto', '2001-11-13', 'productora 839', '2020-09-01 03:00:00', 'Calle de las flores número 839 puerta C','Abierto');
INSERT INTO gradas VALUES ('grada 1', 'espectaculo 839', 'concierto', '2001-11-13', 'productora 839', '2022-09-01 18:00:00', 'Calle de las flores número 839 puerta C');
INSERT INTO gradas VALUES ('grada 2', 'espectaculo 839', 'concierto', '2001-11-13', 'productora 839', '2022-09-01 18:00:00', 'Calle de las flores número 839 puerta C');
INSERT INTO gradas VALUES ('grada 3', 'espectaculo 839', 'concierto', '2001-11-13', 'productora 839', '2022-09-01 18:00:00', 'Calle de las flores número 839 puerta C');
INSERT INTO espectaculos VALUES ('espectaculo 840', 'concierto', '2011-02-22', 'productora 840', 'lista participantes 840', 8, '00:13:00', '00:46:00', '00:16:00');
INSERT INTO eventos VALUES ('espectaculo 840', 'concierto', '2011-02-22', 'productora 840', '2022-09-01 18:00:00', 'Calle de las flores número 840 puerta C','Abierto');
INSERT INTO eventos VALUES ('espectaculo 840', 'concierto', '2011-02-22', 'productora 840', '2020-09-01 03:00:00', 'Calle de las flores número 840 puerta C','Abierto');
INSERT INTO gradas VALUES ('grada 1', 'espectaculo 840', 'concierto', '2011-02-22', 'productora 840', '2022-09-01 18:00:00', 'Calle de las flores número 840 puerta C');
INSERT INTO gradas VALUES ('grada 2', 'espectaculo 840', 'concierto', '2011-02-22', 'productora 840', '2022-09-01 18:00:00', 'Calle de las flores número 840 puerta C');
INSERT INTO gradas VALUES ('grada 3', 'espectaculo 840', 'concierto', '2011-02-22', 'productora 840', '2022-09-01 18:00:00', 'Calle de las flores número 840 puerta C');
INSERT INTO espectaculos VALUES ('espectaculo 841', 'teatro', '1992-10-13', 'productora 841', 'lista participantes 841', 3, '00:12:00', '00:58:00', '00:26:00');
INSERT INTO eventos VALUES ('espectaculo 841', 'teatro', '1992-10-13', 'productora 841', '2022-09-01 18:00:00', 'Calle de las flores número 841 puerta C','Abierto');
INSERT INTO eventos VALUES ('espectaculo 841', 'teatro', '1992-10-13', 'productora 841', '2020-09-01 03:00:00', 'Calle de las flores número 841 puerta C','Abierto');
INSERT INTO gradas VALUES ('grada 1', 'espectaculo 841', 'teatro', '1992-10-13', 'productora 841', '2022-09-01 18:00:00', 'Calle de las flores número 841 puerta C');
INSERT INTO gradas VALUES ('grada 2', 'espectaculo 841', 'teatro', '1992-10-13', 'productora 841', '2022-09-01 18:00:00', 'Calle de las flores número 841 puerta C');
INSERT INTO gradas VALUES ('grada 3', 'espectaculo 841', 'teatro', '1992-10-13', 'productora 841', '2022-09-01 18:00:00', 'Calle de las flores número 841 puerta C');
INSERT INTO espectaculos VALUES ('espectaculo 842', 'pelicula', '1994-02-10', 'productora 842', 'lista participantes 842', 5, '00:15:00', '00:30:00', '00:16:00');
INSERT INTO eventos VALUES ('espectaculo 842', 'pelicula', '1994-02-10', 'productora 842', '2022-09-01 18:00:00', 'Calle de las flores número 842 puerta C','Abierto');
INSERT INTO eventos VALUES ('espectaculo 842', 'pelicula', '1994-02-10', 'productora 842', '2020-09-01 03:00:00', 'Calle de las flores número 842 puerta C','Abierto');
INSERT INTO gradas VALUES ('grada 1', 'espectaculo 842', 'pelicula', '1994-02-10', 'productora 842', '2022-09-01 18:00:00', 'Calle de las flores número 842 puerta C');
INSERT INTO gradas VALUES ('grada 2', 'espectaculo 842', 'pelicula', '1994-02-10', 'productora 842', '2022-09-01 18:00:00', 'Calle de las flores número 842 puerta C');
INSERT INTO gradas VALUES ('grada 3', 'espectaculo 842', 'pelicula', '1994-02-10', 'productora 842', '2022-09-01 18:00:00', 'Calle de las flores número 842 puerta C');
INSERT INTO espectaculos VALUES ('espectaculo 843', 'deportivo', '1994-02-15', 'productora 843', 'lista participantes 843', 3, '00:14:00', '00:40:00', '00:18:00');
INSERT INTO eventos VALUES ('espectaculo 843', 'deportivo', '1994-02-15', 'productora 843', '2022-09-01 18:00:00', 'Calle de las flores número 843 puerta C','Abierto');
INSERT INTO eventos VALUES ('espectaculo 843', 'deportivo', '1994-02-15', 'productora 843', '2020-09-01 03:00:00', 'Calle de las flores número 843 puerta C','Abierto');
INSERT INTO gradas VALUES ('grada 1', 'espectaculo 843', 'deportivo', '1994-02-15', 'productora 843', '2022-09-01 18:00:00', 'Calle de las flores número 843 puerta C');
INSERT INTO gradas VALUES ('grada 2', 'espectaculo 843', 'deportivo', '1994-02-15', 'productora 843', '2022-09-01 18:00:00', 'Calle de las flores número 843 puerta C');
INSERT INTO gradas VALUES ('grada 3', 'espectaculo 843', 'deportivo', '1994-02-15', 'productora 843', '2022-09-01 18:00:00', 'Calle de las flores número 843 puerta C');
INSERT INTO espectaculos VALUES ('espectaculo 844', 'entrevista', '2011-07-17', 'productora 844', 'lista participantes 844', 4, '00:14:00', '00:29:00', '00:20:00');
INSERT INTO eventos VALUES ('espectaculo 844', 'entrevista', '2011-07-17', 'productora 844', '2022-09-01 18:00:00', 'Calle de las flores número 844 puerta C','Abierto');
INSERT INTO eventos VALUES ('espectaculo 844', 'entrevista', '2011-07-17', 'productora 844', '2020-09-01 03:00:00', 'Calle de las flores número 844 puerta C','Abierto');
INSERT INTO gradas VALUES ('grada 1', 'espectaculo 844', 'entrevista', '2011-07-17', 'productora 844', '2022-09-01 18:00:00', 'Calle de las flores número 844 puerta C');
INSERT INTO gradas VALUES ('grada 2', 'espectaculo 844', 'entrevista', '2011-07-17', 'productora 844', '2022-09-01 18:00:00', 'Calle de las flores número 844 puerta C');
INSERT INTO gradas VALUES ('grada 3', 'espectaculo 844', 'entrevista', '2011-07-17', 'productora 844', '2022-09-01 18:00:00', 'Calle de las flores número 844 puerta C');
INSERT INTO espectaculos VALUES ('espectaculo 845', 'concierto', '2011-06-07', 'productora 845', 'lista participantes 845', 6, '00:16:00', '00:49:00', '00:26:00');
INSERT INTO eventos VALUES ('espectaculo 845', 'concierto', '2011-06-07', 'productora 845', '2022-09-01 18:00:00', 'Calle de las flores número 845 puerta C','Abierto');
INSERT INTO eventos VALUES ('espectaculo 845', 'concierto', '2011-06-07', 'productora 845', '2020-09-01 03:00:00', 'Calle de las flores número 845 puerta C','Abierto');
INSERT INTO gradas VALUES ('grada 1', 'espectaculo 845', 'concierto', '2011-06-07', 'productora 845', '2022-09-01 18:00:00', 'Calle de las flores número 845 puerta C');
INSERT INTO gradas VALUES ('grada 2', 'espectaculo 845', 'concierto', '2011-06-07', 'productora 845', '2022-09-01 18:00:00', 'Calle de las flores número 845 puerta C');
INSERT INTO gradas VALUES ('grada 3', 'espectaculo 845', 'concierto', '2011-06-07', 'productora 845', '2022-09-01 18:00:00', 'Calle de las flores número 845 puerta C');
INSERT INTO espectaculos VALUES ('espectaculo 846', 'entrevista', '1990-01-06', 'productora 846', 'lista participantes 846', 5, '00:11:00', '00:57:00', '00:20:00');
INSERT INTO eventos VALUES ('espectaculo 846', 'entrevista', '1990-01-06', 'productora 846', '2022-09-01 18:00:00', 'Calle de las flores número 846 puerta C','Abierto');
INSERT INTO eventos VALUES ('espectaculo 846', 'entrevista', '1990-01-06', 'productora 846', '2020-09-01 03:00:00', 'Calle de las flores número 846 puerta C','Abierto');
INSERT INTO gradas VALUES ('grada 1', 'espectaculo 846', 'entrevista', '1990-01-06', 'productora 846', '2022-09-01 18:00:00', 'Calle de las flores número 846 puerta C');
INSERT INTO gradas VALUES ('grada 2', 'espectaculo 846', 'entrevista', '1990-01-06', 'productora 846', '2022-09-01 18:00:00', 'Calle de las flores número 846 puerta C');
INSERT INTO gradas VALUES ('grada 3', 'espectaculo 846', 'entrevista', '1990-01-06', 'productora 846', '2022-09-01 18:00:00', 'Calle de las flores número 846 puerta C');
INSERT INTO espectaculos VALUES ('espectaculo 847', 'deportivo', '2009-09-27', 'productora 847', 'lista participantes 847', 2, '00:16:00', '00:57:00', '00:24:00');
INSERT INTO eventos VALUES ('espectaculo 847', 'deportivo', '2009-09-27', 'productora 847', '2022-09-01 18:00:00', 'Calle de las flores número 847 puerta C','Abierto');
INSERT INTO eventos VALUES ('espectaculo 847', 'deportivo', '2009-09-27', 'productora 847', '2020-09-01 03:00:00', 'Calle de las flores número 847 puerta C','Abierto');
INSERT INTO gradas VALUES ('grada 1', 'espectaculo 847', 'deportivo', '2009-09-27', 'productora 847', '2022-09-01 18:00:00', 'Calle de las flores número 847 puerta C');
INSERT INTO gradas VALUES ('grada 2', 'espectaculo 847', 'deportivo', '2009-09-27', 'productora 847', '2022-09-01 18:00:00', 'Calle de las flores número 847 puerta C');
INSERT INTO gradas VALUES ('grada 3', 'espectaculo 847', 'deportivo', '2009-09-27', 'productora 847', '2022-09-01 18:00:00', 'Calle de las flores número 847 puerta C');
INSERT INTO espectaculos VALUES ('espectaculo 848', 'concierto', '2001-04-02', 'productora 848', 'lista participantes 848', 8, '00:10:00', '00:57:00', '00:28:00');
INSERT INTO eventos VALUES ('espectaculo 848', 'concierto', '2001-04-02', 'productora 848', '2022-09-01 18:00:00', 'Calle de las flores número 848 puerta C','Abierto');
INSERT INTO eventos VALUES ('espectaculo 848', 'concierto', '2001-04-02', 'productora 848', '2020-09-01 03:00:00', 'Calle de las flores número 848 puerta C','Abierto');
INSERT INTO gradas VALUES ('grada 1', 'espectaculo 848', 'concierto', '2001-04-02', 'productora 848', '2022-09-01 18:00:00', 'Calle de las flores número 848 puerta C');
INSERT INTO gradas VALUES ('grada 2', 'espectaculo 848', 'concierto', '2001-04-02', 'productora 848', '2022-09-01 18:00:00', 'Calle de las flores número 848 puerta C');
INSERT INTO gradas VALUES ('grada 3', 'espectaculo 848', 'concierto', '2001-04-02', 'productora 848', '2022-09-01 18:00:00', 'Calle de las flores número 848 puerta C');
INSERT INTO espectaculos VALUES ('espectaculo 849', 'pelicula', '2006-01-19', 'productora 849', 'lista participantes 849', 6, '00:16:00', '00:48:00', '00:24:00');
INSERT INTO eventos VALUES ('espectaculo 849', 'pelicula', '2006-01-19', 'productora 849', '2022-09-01 18:00:00', 'Calle de las flores número 849 puerta C','Abierto');
INSERT INTO eventos VALUES ('espectaculo 849', 'pelicula', '2006-01-19', 'productora 849', '2020-09-01 03:00:00', 'Calle de las flores número 849 puerta C','Abierto');
INSERT INTO gradas VALUES ('grada 1', 'espectaculo 849', 'pelicula', '2006-01-19', 'productora 849', '2022-09-01 18:00:00', 'Calle de las flores número 849 puerta C');
INSERT INTO gradas VALUES ('grada 2', 'espectaculo 849', 'pelicula', '2006-01-19', 'productora 849', '2022-09-01 18:00:00', 'Calle de las flores número 849 puerta C');
INSERT INTO gradas VALUES ('grada 3', 'espectaculo 849', 'pelicula', '2006-01-19', 'productora 849', '2022-09-01 18:00:00', 'Calle de las flores número 849 puerta C');
INSERT INTO espectaculos VALUES ('espectaculo 850', 'entrevista', '1995-11-22', 'productora 850', 'lista participantes 850', 6, '00:17:00', '00:46:00', '00:20:00');
INSERT INTO eventos VALUES ('espectaculo 850', 'entrevista', '1995-11-22', 'productora 850', '2022-09-01 18:00:00', 'Calle de las flores número 850 puerta C','Abierto');
INSERT INTO eventos VALUES ('espectaculo 850', 'entrevista', '1995-11-22', 'productora 850', '2020-09-01 03:00:00', 'Calle de las flores número 850 puerta C','Abierto');
INSERT INTO gradas VALUES ('grada 1', 'espectaculo 850', 'entrevista', '1995-11-22', 'productora 850', '2022-09-01 18:00:00', 'Calle de las flores número 850 puerta C');
INSERT INTO gradas VALUES ('grada 2', 'espectaculo 850', 'entrevista', '1995-11-22', 'productora 850', '2022-09-01 18:00:00', 'Calle de las flores número 850 puerta C');
INSERT INTO gradas VALUES ('grada 3', 'espectaculo 850', 'entrevista', '1995-11-22', 'productora 850', '2022-09-01 18:00:00', 'Calle de las flores número 850 puerta C');
INSERT INTO espectaculos VALUES ('espectaculo 851', 'deportivo', '2002-01-21', 'productora 851', 'lista participantes 851', 1, '00:13:00', '00:45:00', '00:19:00');
INSERT INTO eventos VALUES ('espectaculo 851', 'deportivo', '2002-01-21', 'productora 851', '2022-09-01 18:00:00', 'Calle de las flores número 851 puerta C','Abierto');
INSERT INTO eventos VALUES ('espectaculo 851', 'deportivo', '2002-01-21', 'productora 851', '2020-09-01 03:00:00', 'Calle de las flores número 851 puerta C','Abierto');
INSERT INTO gradas VALUES ('grada 1', 'espectaculo 851', 'deportivo', '2002-01-21', 'productora 851', '2022-09-01 18:00:00', 'Calle de las flores número 851 puerta C');
INSERT INTO gradas VALUES ('grada 2', 'espectaculo 851', 'deportivo', '2002-01-21', 'productora 851', '2022-09-01 18:00:00', 'Calle de las flores número 851 puerta C');
INSERT INTO gradas VALUES ('grada 3', 'espectaculo 851', 'deportivo', '2002-01-21', 'productora 851', '2022-09-01 18:00:00', 'Calle de las flores número 851 puerta C');
INSERT INTO espectaculos VALUES ('espectaculo 852', 'deportivo', '1986-08-18', 'productora 852', 'lista participantes 852', 3, '00:10:00', '00:15:00', '00:29:00');
INSERT INTO eventos VALUES ('espectaculo 852', 'deportivo', '1986-08-18', 'productora 852', '2022-09-01 18:00:00', 'Calle de las flores número 852 puerta C','Abierto');
INSERT INTO eventos VALUES ('espectaculo 852', 'deportivo', '1986-08-18', 'productora 852', '2020-09-01 03:00:00', 'Calle de las flores número 852 puerta C','Abierto');
INSERT INTO gradas VALUES ('grada 1', 'espectaculo 852', 'deportivo', '1986-08-18', 'productora 852', '2022-09-01 18:00:00', 'Calle de las flores número 852 puerta C');
INSERT INTO gradas VALUES ('grada 2', 'espectaculo 852', 'deportivo', '1986-08-18', 'productora 852', '2022-09-01 18:00:00', 'Calle de las flores número 852 puerta C');
INSERT INTO gradas VALUES ('grada 3', 'espectaculo 852', 'deportivo', '1986-08-18', 'productora 852', '2022-09-01 18:00:00', 'Calle de las flores número 852 puerta C');
INSERT INTO espectaculos VALUES ('espectaculo 853', 'teatro', '2006-02-19', 'productora 853', 'lista participantes 853', 8, '00:13:00', '00:59:00', '00:27:00');
INSERT INTO eventos VALUES ('espectaculo 853', 'teatro', '2006-02-19', 'productora 853', '2022-09-01 18:00:00', 'Calle de las flores número 853 puerta C','Abierto');
INSERT INTO eventos VALUES ('espectaculo 853', 'teatro', '2006-02-19', 'productora 853', '2020-09-01 03:00:00', 'Calle de las flores número 853 puerta C','Abierto');
INSERT INTO gradas VALUES ('grada 1', 'espectaculo 853', 'teatro', '2006-02-19', 'productora 853', '2022-09-01 18:00:00', 'Calle de las flores número 853 puerta C');
INSERT INTO gradas VALUES ('grada 2', 'espectaculo 853', 'teatro', '2006-02-19', 'productora 853', '2022-09-01 18:00:00', 'Calle de las flores número 853 puerta C');
INSERT INTO gradas VALUES ('grada 3', 'espectaculo 853', 'teatro', '2006-02-19', 'productora 853', '2022-09-01 18:00:00', 'Calle de las flores número 853 puerta C');
INSERT INTO espectaculos VALUES ('espectaculo 854', 'concierto', '1994-09-21', 'productora 854', 'lista participantes 854', 9, '00:10:00', '00:37:00', '00:20:00');
INSERT INTO eventos VALUES ('espectaculo 854', 'concierto', '1994-09-21', 'productora 854', '2022-09-01 18:00:00', 'Calle de las flores número 854 puerta C','Abierto');
INSERT INTO eventos VALUES ('espectaculo 854', 'concierto', '1994-09-21', 'productora 854', '2020-09-01 03:00:00', 'Calle de las flores número 854 puerta C','Abierto');
INSERT INTO gradas VALUES ('grada 1', 'espectaculo 854', 'concierto', '1994-09-21', 'productora 854', '2022-09-01 18:00:00', 'Calle de las flores número 854 puerta C');
INSERT INTO gradas VALUES ('grada 2', 'espectaculo 854', 'concierto', '1994-09-21', 'productora 854', '2022-09-01 18:00:00', 'Calle de las flores número 854 puerta C');
INSERT INTO gradas VALUES ('grada 3', 'espectaculo 854', 'concierto', '1994-09-21', 'productora 854', '2022-09-01 18:00:00', 'Calle de las flores número 854 puerta C');
INSERT INTO espectaculos VALUES ('espectaculo 855', 'pelicula', '1996-06-21', 'productora 855', 'lista participantes 855', 4, '00:17:00', '00:53:00', '00:28:00');
INSERT INTO eventos VALUES ('espectaculo 855', 'pelicula', '1996-06-21', 'productora 855', '2022-09-01 18:00:00', 'Calle de las flores número 855 puerta C','Abierto');
INSERT INTO eventos VALUES ('espectaculo 855', 'pelicula', '1996-06-21', 'productora 855', '2020-09-01 03:00:00', 'Calle de las flores número 855 puerta C','Abierto');
INSERT INTO gradas VALUES ('grada 1', 'espectaculo 855', 'pelicula', '1996-06-21', 'productora 855', '2022-09-01 18:00:00', 'Calle de las flores número 855 puerta C');
INSERT INTO gradas VALUES ('grada 2', 'espectaculo 855', 'pelicula', '1996-06-21', 'productora 855', '2022-09-01 18:00:00', 'Calle de las flores número 855 puerta C');
INSERT INTO gradas VALUES ('grada 3', 'espectaculo 855', 'pelicula', '1996-06-21', 'productora 855', '2022-09-01 18:00:00', 'Calle de las flores número 855 puerta C');
INSERT INTO espectaculos VALUES ('espectaculo 856', 'entrevista', '2005-07-10', 'productora 856', 'lista participantes 856', 4, '00:17:00', '00:33:00', '00:16:00');
INSERT INTO eventos VALUES ('espectaculo 856', 'entrevista', '2005-07-10', 'productora 856', '2022-09-01 18:00:00', 'Calle de las flores número 856 puerta C','Abierto');
INSERT INTO eventos VALUES ('espectaculo 856', 'entrevista', '2005-07-10', 'productora 856', '2020-09-01 03:00:00', 'Calle de las flores número 856 puerta C','Abierto');
INSERT INTO gradas VALUES ('grada 1', 'espectaculo 856', 'entrevista', '2005-07-10', 'productora 856', '2022-09-01 18:00:00', 'Calle de las flores número 856 puerta C');
INSERT INTO gradas VALUES ('grada 2', 'espectaculo 856', 'entrevista', '2005-07-10', 'productora 856', '2022-09-01 18:00:00', 'Calle de las flores número 856 puerta C');
INSERT INTO gradas VALUES ('grada 3', 'espectaculo 856', 'entrevista', '2005-07-10', 'productora 856', '2022-09-01 18:00:00', 'Calle de las flores número 856 puerta C');
INSERT INTO espectaculos VALUES ('espectaculo 857', 'entrevista', '2004-03-17', 'productora 857', 'lista participantes 857', 3, '00:15:00', '00:21:00', '00:15:00');
INSERT INTO eventos VALUES ('espectaculo 857', 'entrevista', '2004-03-17', 'productora 857', '2022-09-01 18:00:00', 'Calle de las flores número 857 puerta C','Abierto');
INSERT INTO eventos VALUES ('espectaculo 857', 'entrevista', '2004-03-17', 'productora 857', '2020-09-01 03:00:00', 'Calle de las flores número 857 puerta C','Abierto');
INSERT INTO gradas VALUES ('grada 1', 'espectaculo 857', 'entrevista', '2004-03-17', 'productora 857', '2022-09-01 18:00:00', 'Calle de las flores número 857 puerta C');
INSERT INTO gradas VALUES ('grada 2', 'espectaculo 857', 'entrevista', '2004-03-17', 'productora 857', '2022-09-01 18:00:00', 'Calle de las flores número 857 puerta C');
INSERT INTO gradas VALUES ('grada 3', 'espectaculo 857', 'entrevista', '2004-03-17', 'productora 857', '2022-09-01 18:00:00', 'Calle de las flores número 857 puerta C');
INSERT INTO espectaculos VALUES ('espectaculo 858', 'pelicula', '1993-04-26', 'productora 858', 'lista participantes 858', 6, '00:19:00', '00:20:00', '00:18:00');
INSERT INTO eventos VALUES ('espectaculo 858', 'pelicula', '1993-04-26', 'productora 858', '2022-09-01 18:00:00', 'Calle de las flores número 858 puerta C','Abierto');
INSERT INTO eventos VALUES ('espectaculo 858', 'pelicula', '1993-04-26', 'productora 858', '2020-09-01 03:00:00', 'Calle de las flores número 858 puerta C','Abierto');
INSERT INTO gradas VALUES ('grada 1', 'espectaculo 858', 'pelicula', '1993-04-26', 'productora 858', '2022-09-01 18:00:00', 'Calle de las flores número 858 puerta C');
INSERT INTO gradas VALUES ('grada 2', 'espectaculo 858', 'pelicula', '1993-04-26', 'productora 858', '2022-09-01 18:00:00', 'Calle de las flores número 858 puerta C');
INSERT INTO gradas VALUES ('grada 3', 'espectaculo 858', 'pelicula', '1993-04-26', 'productora 858', '2022-09-01 18:00:00', 'Calle de las flores número 858 puerta C');
INSERT INTO espectaculos VALUES ('espectaculo 859', 'pelicula', '1990-08-15', 'productora 859', 'lista participantes 859', 1, '00:18:00', '00:49:00', '00:29:00');
INSERT INTO eventos VALUES ('espectaculo 859', 'pelicula', '1990-08-15', 'productora 859', '2022-09-01 18:00:00', 'Calle de las flores número 859 puerta C','Abierto');
INSERT INTO eventos VALUES ('espectaculo 859', 'pelicula', '1990-08-15', 'productora 859', '2020-09-01 03:00:00', 'Calle de las flores número 859 puerta C','Abierto');
INSERT INTO gradas VALUES ('grada 1', 'espectaculo 859', 'pelicula', '1990-08-15', 'productora 859', '2022-09-01 18:00:00', 'Calle de las flores número 859 puerta C');
INSERT INTO gradas VALUES ('grada 2', 'espectaculo 859', 'pelicula', '1990-08-15', 'productora 859', '2022-09-01 18:00:00', 'Calle de las flores número 859 puerta C');
INSERT INTO gradas VALUES ('grada 3', 'espectaculo 859', 'pelicula', '1990-08-15', 'productora 859', '2022-09-01 18:00:00', 'Calle de las flores número 859 puerta C');
INSERT INTO espectaculos VALUES ('espectaculo 860', 'pelicula', '1998-03-11', 'productora 860', 'lista participantes 860', 9, '00:15:00', '00:38:00', '00:21:00');
INSERT INTO eventos VALUES ('espectaculo 860', 'pelicula', '1998-03-11', 'productora 860', '2022-09-01 18:00:00', 'Calle de las flores número 860 puerta C','Abierto');
INSERT INTO eventos VALUES ('espectaculo 860', 'pelicula', '1998-03-11', 'productora 860', '2020-09-01 03:00:00', 'Calle de las flores número 860 puerta C','Abierto');
INSERT INTO gradas VALUES ('grada 1', 'espectaculo 860', 'pelicula', '1998-03-11', 'productora 860', '2022-09-01 18:00:00', 'Calle de las flores número 860 puerta C');
INSERT INTO gradas VALUES ('grada 2', 'espectaculo 860', 'pelicula', '1998-03-11', 'productora 860', '2022-09-01 18:00:00', 'Calle de las flores número 860 puerta C');
INSERT INTO gradas VALUES ('grada 3', 'espectaculo 860', 'pelicula', '1998-03-11', 'productora 860', '2022-09-01 18:00:00', 'Calle de las flores número 860 puerta C');
INSERT INTO espectaculos VALUES ('espectaculo 861', 'entrevista', '2004-04-16', 'productora 861', 'lista participantes 861', 8, '00:17:00', '00:40:00', '00:18:00');
INSERT INTO eventos VALUES ('espectaculo 861', 'entrevista', '2004-04-16', 'productora 861', '2022-09-01 18:00:00', 'Calle de las flores número 861 puerta C','Abierto');
INSERT INTO eventos VALUES ('espectaculo 861', 'entrevista', '2004-04-16', 'productora 861', '2020-09-01 03:00:00', 'Calle de las flores número 861 puerta C','Abierto');
INSERT INTO gradas VALUES ('grada 1', 'espectaculo 861', 'entrevista', '2004-04-16', 'productora 861', '2022-09-01 18:00:00', 'Calle de las flores número 861 puerta C');
INSERT INTO gradas VALUES ('grada 2', 'espectaculo 861', 'entrevista', '2004-04-16', 'productora 861', '2022-09-01 18:00:00', 'Calle de las flores número 861 puerta C');
INSERT INTO gradas VALUES ('grada 3', 'espectaculo 861', 'entrevista', '2004-04-16', 'productora 861', '2022-09-01 18:00:00', 'Calle de las flores número 861 puerta C');
INSERT INTO espectaculos VALUES ('espectaculo 862', 'concierto', '2006-09-21', 'productora 862', 'lista participantes 862', 3, '00:16:00', '00:59:00', '00:19:00');
INSERT INTO eventos VALUES ('espectaculo 862', 'concierto', '2006-09-21', 'productora 862', '2022-09-01 18:00:00', 'Calle de las flores número 862 puerta C','Abierto');
INSERT INTO eventos VALUES ('espectaculo 862', 'concierto', '2006-09-21', 'productora 862', '2020-09-01 03:00:00', 'Calle de las flores número 862 puerta C','Abierto');
INSERT INTO gradas VALUES ('grada 1', 'espectaculo 862', 'concierto', '2006-09-21', 'productora 862', '2022-09-01 18:00:00', 'Calle de las flores número 862 puerta C');
INSERT INTO gradas VALUES ('grada 2', 'espectaculo 862', 'concierto', '2006-09-21', 'productora 862', '2022-09-01 18:00:00', 'Calle de las flores número 862 puerta C');
INSERT INTO gradas VALUES ('grada 3', 'espectaculo 862', 'concierto', '2006-09-21', 'productora 862', '2022-09-01 18:00:00', 'Calle de las flores número 862 puerta C');
INSERT INTO espectaculos VALUES ('espectaculo 863', 'pelicula', '2001-04-17', 'productora 863', 'lista participantes 863', 6, '00:10:00', '00:29:00', '00:22:00');
INSERT INTO eventos VALUES ('espectaculo 863', 'pelicula', '2001-04-17', 'productora 863', '2022-09-01 18:00:00', 'Calle de las flores número 863 puerta C','Abierto');
INSERT INTO eventos VALUES ('espectaculo 863', 'pelicula', '2001-04-17', 'productora 863', '2020-09-01 03:00:00', 'Calle de las flores número 863 puerta C','Abierto');
INSERT INTO gradas VALUES ('grada 1', 'espectaculo 863', 'pelicula', '2001-04-17', 'productora 863', '2022-09-01 18:00:00', 'Calle de las flores número 863 puerta C');
INSERT INTO gradas VALUES ('grada 2', 'espectaculo 863', 'pelicula', '2001-04-17', 'productora 863', '2022-09-01 18:00:00', 'Calle de las flores número 863 puerta C');
INSERT INTO gradas VALUES ('grada 3', 'espectaculo 863', 'pelicula', '2001-04-17', 'productora 863', '2022-09-01 18:00:00', 'Calle de las flores número 863 puerta C');
INSERT INTO espectaculos VALUES ('espectaculo 864', 'deportivo', '2013-09-23', 'productora 864', 'lista participantes 864', 4, '00:12:00', '00:21:00', '00:28:00');
INSERT INTO eventos VALUES ('espectaculo 864', 'deportivo', '2013-09-23', 'productora 864', '2022-09-01 18:00:00', 'Calle de las flores número 864 puerta C','Abierto');
INSERT INTO eventos VALUES ('espectaculo 864', 'deportivo', '2013-09-23', 'productora 864', '2020-09-01 03:00:00', 'Calle de las flores número 864 puerta C','Abierto');
INSERT INTO gradas VALUES ('grada 1', 'espectaculo 864', 'deportivo', '2013-09-23', 'productora 864', '2022-09-01 18:00:00', 'Calle de las flores número 864 puerta C');
INSERT INTO gradas VALUES ('grada 2', 'espectaculo 864', 'deportivo', '2013-09-23', 'productora 864', '2022-09-01 18:00:00', 'Calle de las flores número 864 puerta C');
INSERT INTO gradas VALUES ('grada 3', 'espectaculo 864', 'deportivo', '2013-09-23', 'productora 864', '2022-09-01 18:00:00', 'Calle de las flores número 864 puerta C');
INSERT INTO espectaculos VALUES ('espectaculo 865', 'pelicula', '2013-08-02', 'productora 865', 'lista participantes 865', 2, '00:15:00', '00:54:00', '00:26:00');
INSERT INTO eventos VALUES ('espectaculo 865', 'pelicula', '2013-08-02', 'productora 865', '2022-09-01 18:00:00', 'Calle de las flores número 865 puerta C','Abierto');
INSERT INTO eventos VALUES ('espectaculo 865', 'pelicula', '2013-08-02', 'productora 865', '2020-09-01 03:00:00', 'Calle de las flores número 865 puerta C','Abierto');
INSERT INTO gradas VALUES ('grada 1', 'espectaculo 865', 'pelicula', '2013-08-02', 'productora 865', '2022-09-01 18:00:00', 'Calle de las flores número 865 puerta C');
INSERT INTO gradas VALUES ('grada 2', 'espectaculo 865', 'pelicula', '2013-08-02', 'productora 865', '2022-09-01 18:00:00', 'Calle de las flores número 865 puerta C');
INSERT INTO gradas VALUES ('grada 3', 'espectaculo 865', 'pelicula', '2013-08-02', 'productora 865', '2022-09-01 18:00:00', 'Calle de las flores número 865 puerta C');
INSERT INTO espectaculos VALUES ('espectaculo 866', 'deportivo', '1992-03-12', 'productora 866', 'lista participantes 866', 6, '00:17:00', '00:29:00', '00:20:00');
INSERT INTO eventos VALUES ('espectaculo 866', 'deportivo', '1992-03-12', 'productora 866', '2022-09-01 18:00:00', 'Calle de las flores número 866 puerta C','Abierto');
INSERT INTO eventos VALUES ('espectaculo 866', 'deportivo', '1992-03-12', 'productora 866', '2020-09-01 03:00:00', 'Calle de las flores número 866 puerta C','Abierto');
INSERT INTO gradas VALUES ('grada 1', 'espectaculo 866', 'deportivo', '1992-03-12', 'productora 866', '2022-09-01 18:00:00', 'Calle de las flores número 866 puerta C');
INSERT INTO gradas VALUES ('grada 2', 'espectaculo 866', 'deportivo', '1992-03-12', 'productora 866', '2022-09-01 18:00:00', 'Calle de las flores número 866 puerta C');
INSERT INTO gradas VALUES ('grada 3', 'espectaculo 866', 'deportivo', '1992-03-12', 'productora 866', '2022-09-01 18:00:00', 'Calle de las flores número 866 puerta C');
INSERT INTO espectaculos VALUES ('espectaculo 867', 'deportivo', '1992-04-16', 'productora 867', 'lista participantes 867', 6, '00:10:00', '00:35:00', '00:28:00');
INSERT INTO eventos VALUES ('espectaculo 867', 'deportivo', '1992-04-16', 'productora 867', '2022-09-01 18:00:00', 'Calle de las flores número 867 puerta C','Abierto');
INSERT INTO eventos VALUES ('espectaculo 867', 'deportivo', '1992-04-16', 'productora 867', '2020-09-01 03:00:00', 'Calle de las flores número 867 puerta C','Abierto');
INSERT INTO gradas VALUES ('grada 1', 'espectaculo 867', 'deportivo', '1992-04-16', 'productora 867', '2022-09-01 18:00:00', 'Calle de las flores número 867 puerta C');
INSERT INTO gradas VALUES ('grada 2', 'espectaculo 867', 'deportivo', '1992-04-16', 'productora 867', '2022-09-01 18:00:00', 'Calle de las flores número 867 puerta C');
INSERT INTO gradas VALUES ('grada 3', 'espectaculo 867', 'deportivo', '1992-04-16', 'productora 867', '2022-09-01 18:00:00', 'Calle de las flores número 867 puerta C');
INSERT INTO espectaculos VALUES ('espectaculo 868', 'teatro', '2009-10-24', 'productora 868', 'lista participantes 868', 7, '00:19:00', '00:38:00', '00:25:00');
INSERT INTO eventos VALUES ('espectaculo 868', 'teatro', '2009-10-24', 'productora 868', '2022-09-01 18:00:00', 'Calle de las flores número 868 puerta C','Abierto');
INSERT INTO eventos VALUES ('espectaculo 868', 'teatro', '2009-10-24', 'productora 868', '2020-09-01 03:00:00', 'Calle de las flores número 868 puerta C','Abierto');
INSERT INTO gradas VALUES ('grada 1', 'espectaculo 868', 'teatro', '2009-10-24', 'productora 868', '2022-09-01 18:00:00', 'Calle de las flores número 868 puerta C');
INSERT INTO gradas VALUES ('grada 2', 'espectaculo 868', 'teatro', '2009-10-24', 'productora 868', '2022-09-01 18:00:00', 'Calle de las flores número 868 puerta C');
INSERT INTO gradas VALUES ('grada 3', 'espectaculo 868', 'teatro', '2009-10-24', 'productora 868', '2022-09-01 18:00:00', 'Calle de las flores número 868 puerta C');
INSERT INTO espectaculos VALUES ('espectaculo 869', 'teatro', '2016-01-24', 'productora 869', 'lista participantes 869', 3, '00:12:00', '00:55:00', '00:26:00');
INSERT INTO eventos VALUES ('espectaculo 869', 'teatro', '2016-01-24', 'productora 869', '2022-09-01 18:00:00', 'Calle de las flores número 869 puerta C','Abierto');
INSERT INTO eventos VALUES ('espectaculo 869', 'teatro', '2016-01-24', 'productora 869', '2020-09-01 03:00:00', 'Calle de las flores número 869 puerta C','Abierto');
INSERT INTO gradas VALUES ('grada 1', 'espectaculo 869', 'teatro', '2016-01-24', 'productora 869', '2022-09-01 18:00:00', 'Calle de las flores número 869 puerta C');
INSERT INTO gradas VALUES ('grada 2', 'espectaculo 869', 'teatro', '2016-01-24', 'productora 869', '2022-09-01 18:00:00', 'Calle de las flores número 869 puerta C');
INSERT INTO gradas VALUES ('grada 3', 'espectaculo 869', 'teatro', '2016-01-24', 'productora 869', '2022-09-01 18:00:00', 'Calle de las flores número 869 puerta C');
INSERT INTO espectaculos VALUES ('espectaculo 870', 'teatro', '2001-08-21', 'productora 870', 'lista participantes 870', 9, '00:16:00', '00:19:00', '00:27:00');
INSERT INTO eventos VALUES ('espectaculo 870', 'teatro', '2001-08-21', 'productora 870', '2022-09-01 18:00:00', 'Calle de las flores número 870 puerta C','Abierto');
INSERT INTO eventos VALUES ('espectaculo 870', 'teatro', '2001-08-21', 'productora 870', '2020-09-01 03:00:00', 'Calle de las flores número 870 puerta C','Abierto');
INSERT INTO gradas VALUES ('grada 1', 'espectaculo 870', 'teatro', '2001-08-21', 'productora 870', '2022-09-01 18:00:00', 'Calle de las flores número 870 puerta C');
INSERT INTO gradas VALUES ('grada 2', 'espectaculo 870', 'teatro', '2001-08-21', 'productora 870', '2022-09-01 18:00:00', 'Calle de las flores número 870 puerta C');
INSERT INTO gradas VALUES ('grada 3', 'espectaculo 870', 'teatro', '2001-08-21', 'productora 870', '2022-09-01 18:00:00', 'Calle de las flores número 870 puerta C');
INSERT INTO espectaculos VALUES ('espectaculo 871', 'deportivo', '2016-05-14', 'productora 871', 'lista participantes 871', 7, '00:16:00', '00:53:00', '00:23:00');
INSERT INTO eventos VALUES ('espectaculo 871', 'deportivo', '2016-05-14', 'productora 871', '2022-09-01 18:00:00', 'Calle de las flores número 871 puerta C','Abierto');
INSERT INTO eventos VALUES ('espectaculo 871', 'deportivo', '2016-05-14', 'productora 871', '2020-09-01 03:00:00', 'Calle de las flores número 871 puerta C','Abierto');
INSERT INTO gradas VALUES ('grada 1', 'espectaculo 871', 'deportivo', '2016-05-14', 'productora 871', '2022-09-01 18:00:00', 'Calle de las flores número 871 puerta C');
INSERT INTO gradas VALUES ('grada 2', 'espectaculo 871', 'deportivo', '2016-05-14', 'productora 871', '2022-09-01 18:00:00', 'Calle de las flores número 871 puerta C');
INSERT INTO gradas VALUES ('grada 3', 'espectaculo 871', 'deportivo', '2016-05-14', 'productora 871', '2022-09-01 18:00:00', 'Calle de las flores número 871 puerta C');
INSERT INTO espectaculos VALUES ('espectaculo 872', 'concierto', '1995-10-26', 'productora 872', 'lista participantes 872', 7, '00:17:00', '00:23:00', '00:29:00');
INSERT INTO eventos VALUES ('espectaculo 872', 'concierto', '1995-10-26', 'productora 872', '2022-09-01 18:00:00', 'Calle de las flores número 872 puerta C','Abierto');
INSERT INTO eventos VALUES ('espectaculo 872', 'concierto', '1995-10-26', 'productora 872', '2020-09-01 03:00:00', 'Calle de las flores número 872 puerta C','Abierto');
INSERT INTO gradas VALUES ('grada 1', 'espectaculo 872', 'concierto', '1995-10-26', 'productora 872', '2022-09-01 18:00:00', 'Calle de las flores número 872 puerta C');
INSERT INTO gradas VALUES ('grada 2', 'espectaculo 872', 'concierto', '1995-10-26', 'productora 872', '2022-09-01 18:00:00', 'Calle de las flores número 872 puerta C');
INSERT INTO gradas VALUES ('grada 3', 'espectaculo 872', 'concierto', '1995-10-26', 'productora 872', '2022-09-01 18:00:00', 'Calle de las flores número 872 puerta C');
INSERT INTO espectaculos VALUES ('espectaculo 873', 'deportivo', '2015-02-12', 'productora 873', 'lista participantes 873', 7, '00:15:00', '00:42:00', '00:29:00');
INSERT INTO eventos VALUES ('espectaculo 873', 'deportivo', '2015-02-12', 'productora 873', '2022-09-01 18:00:00', 'Calle de las flores número 873 puerta C','Abierto');
INSERT INTO eventos VALUES ('espectaculo 873', 'deportivo', '2015-02-12', 'productora 873', '2020-09-01 03:00:00', 'Calle de las flores número 873 puerta C','Abierto');
INSERT INTO gradas VALUES ('grada 1', 'espectaculo 873', 'deportivo', '2015-02-12', 'productora 873', '2022-09-01 18:00:00', 'Calle de las flores número 873 puerta C');
INSERT INTO gradas VALUES ('grada 2', 'espectaculo 873', 'deportivo', '2015-02-12', 'productora 873', '2022-09-01 18:00:00', 'Calle de las flores número 873 puerta C');
INSERT INTO gradas VALUES ('grada 3', 'espectaculo 873', 'deportivo', '2015-02-12', 'productora 873', '2022-09-01 18:00:00', 'Calle de las flores número 873 puerta C');
INSERT INTO espectaculos VALUES ('espectaculo 874', 'teatro', '1992-09-04', 'productora 874', 'lista participantes 874', 6, '00:11:00', '00:32:00', '00:27:00');
INSERT INTO eventos VALUES ('espectaculo 874', 'teatro', '1992-09-04', 'productora 874', '2022-09-01 18:00:00', 'Calle de las flores número 874 puerta C','Abierto');
INSERT INTO eventos VALUES ('espectaculo 874', 'teatro', '1992-09-04', 'productora 874', '2020-09-01 03:00:00', 'Calle de las flores número 874 puerta C','Abierto');
INSERT INTO gradas VALUES ('grada 1', 'espectaculo 874', 'teatro', '1992-09-04', 'productora 874', '2022-09-01 18:00:00', 'Calle de las flores número 874 puerta C');
INSERT INTO gradas VALUES ('grada 2', 'espectaculo 874', 'teatro', '1992-09-04', 'productora 874', '2022-09-01 18:00:00', 'Calle de las flores número 874 puerta C');
INSERT INTO gradas VALUES ('grada 3', 'espectaculo 874', 'teatro', '1992-09-04', 'productora 874', '2022-09-01 18:00:00', 'Calle de las flores número 874 puerta C');
INSERT INTO espectaculos VALUES ('espectaculo 875', 'entrevista', '2016-06-21', 'productora 875', 'lista participantes 875', 1, '00:19:00', '00:38:00', '00:23:00');
INSERT INTO eventos VALUES ('espectaculo 875', 'entrevista', '2016-06-21', 'productora 875', '2022-09-01 18:00:00', 'Calle de las flores número 875 puerta C','Abierto');
INSERT INTO eventos VALUES ('espectaculo 875', 'entrevista', '2016-06-21', 'productora 875', '2020-09-01 03:00:00', 'Calle de las flores número 875 puerta C','Abierto');
INSERT INTO gradas VALUES ('grada 1', 'espectaculo 875', 'entrevista', '2016-06-21', 'productora 875', '2022-09-01 18:00:00', 'Calle de las flores número 875 puerta C');
INSERT INTO gradas VALUES ('grada 2', 'espectaculo 875', 'entrevista', '2016-06-21', 'productora 875', '2022-09-01 18:00:00', 'Calle de las flores número 875 puerta C');
INSERT INTO gradas VALUES ('grada 3', 'espectaculo 875', 'entrevista', '2016-06-21', 'productora 875', '2022-09-01 18:00:00', 'Calle de las flores número 875 puerta C');
INSERT INTO espectaculos VALUES ('espectaculo 876', 'concierto', '2013-07-19', 'productora 876', 'lista participantes 876', 8, '00:14:00', '00:17:00', '00:24:00');
INSERT INTO eventos VALUES ('espectaculo 876', 'concierto', '2013-07-19', 'productora 876', '2022-09-01 18:00:00', 'Calle de las flores número 876 puerta C','Abierto');
INSERT INTO eventos VALUES ('espectaculo 876', 'concierto', '2013-07-19', 'productora 876', '2020-09-01 03:00:00', 'Calle de las flores número 876 puerta C','Abierto');
INSERT INTO gradas VALUES ('grada 1', 'espectaculo 876', 'concierto', '2013-07-19', 'productora 876', '2022-09-01 18:00:00', 'Calle de las flores número 876 puerta C');
INSERT INTO gradas VALUES ('grada 2', 'espectaculo 876', 'concierto', '2013-07-19', 'productora 876', '2022-09-01 18:00:00', 'Calle de las flores número 876 puerta C');
INSERT INTO gradas VALUES ('grada 3', 'espectaculo 876', 'concierto', '2013-07-19', 'productora 876', '2022-09-01 18:00:00', 'Calle de las flores número 876 puerta C');
INSERT INTO espectaculos VALUES ('espectaculo 877', 'teatro', '2002-06-01', 'productora 877', 'lista participantes 877', 6, '00:16:00', '00:15:00', '00:28:00');
INSERT INTO eventos VALUES ('espectaculo 877', 'teatro', '2002-06-01', 'productora 877', '2022-09-01 18:00:00', 'Calle de las flores número 877 puerta C','Abierto');
INSERT INTO eventos VALUES ('espectaculo 877', 'teatro', '2002-06-01', 'productora 877', '2020-09-01 03:00:00', 'Calle de las flores número 877 puerta C','Abierto');
INSERT INTO gradas VALUES ('grada 1', 'espectaculo 877', 'teatro', '2002-06-01', 'productora 877', '2022-09-01 18:00:00', 'Calle de las flores número 877 puerta C');
INSERT INTO gradas VALUES ('grada 2', 'espectaculo 877', 'teatro', '2002-06-01', 'productora 877', '2022-09-01 18:00:00', 'Calle de las flores número 877 puerta C');
INSERT INTO gradas VALUES ('grada 3', 'espectaculo 877', 'teatro', '2002-06-01', 'productora 877', '2022-09-01 18:00:00', 'Calle de las flores número 877 puerta C');
INSERT INTO espectaculos VALUES ('espectaculo 878', 'concierto', '2001-07-09', 'productora 878', 'lista participantes 878', 9, '00:10:00', '00:33:00', '00:17:00');
INSERT INTO eventos VALUES ('espectaculo 878', 'concierto', '2001-07-09', 'productora 878', '2022-09-01 18:00:00', 'Calle de las flores número 878 puerta C','Abierto');
INSERT INTO eventos VALUES ('espectaculo 878', 'concierto', '2001-07-09', 'productora 878', '2020-09-01 03:00:00', 'Calle de las flores número 878 puerta C','Abierto');
INSERT INTO gradas VALUES ('grada 1', 'espectaculo 878', 'concierto', '2001-07-09', 'productora 878', '2022-09-01 18:00:00', 'Calle de las flores número 878 puerta C');
INSERT INTO gradas VALUES ('grada 2', 'espectaculo 878', 'concierto', '2001-07-09', 'productora 878', '2022-09-01 18:00:00', 'Calle de las flores número 878 puerta C');
INSERT INTO gradas VALUES ('grada 3', 'espectaculo 878', 'concierto', '2001-07-09', 'productora 878', '2022-09-01 18:00:00', 'Calle de las flores número 878 puerta C');
INSERT INTO espectaculos VALUES ('espectaculo 879', 'concierto', '1999-07-10', 'productora 879', 'lista participantes 879', 9, '00:19:00', '00:27:00', '00:17:00');
INSERT INTO eventos VALUES ('espectaculo 879', 'concierto', '1999-07-10', 'productora 879', '2022-09-01 18:00:00', 'Calle de las flores número 879 puerta C','Abierto');
INSERT INTO eventos VALUES ('espectaculo 879', 'concierto', '1999-07-10', 'productora 879', '2020-09-01 03:00:00', 'Calle de las flores número 879 puerta C','Abierto');
INSERT INTO gradas VALUES ('grada 1', 'espectaculo 879', 'concierto', '1999-07-10', 'productora 879', '2022-09-01 18:00:00', 'Calle de las flores número 879 puerta C');
INSERT INTO gradas VALUES ('grada 2', 'espectaculo 879', 'concierto', '1999-07-10', 'productora 879', '2022-09-01 18:00:00', 'Calle de las flores número 879 puerta C');
INSERT INTO gradas VALUES ('grada 3', 'espectaculo 879', 'concierto', '1999-07-10', 'productora 879', '2022-09-01 18:00:00', 'Calle de las flores número 879 puerta C');
INSERT INTO espectaculos VALUES ('espectaculo 880', 'concierto', '1996-03-20', 'productora 880', 'lista participantes 880', 3, '00:11:00', '00:37:00', '00:16:00');
INSERT INTO eventos VALUES ('espectaculo 880', 'concierto', '1996-03-20', 'productora 880', '2022-09-01 18:00:00', 'Calle de las flores número 880 puerta C','Abierto');
INSERT INTO eventos VALUES ('espectaculo 880', 'concierto', '1996-03-20', 'productora 880', '2020-09-01 03:00:00', 'Calle de las flores número 880 puerta C','Abierto');
INSERT INTO gradas VALUES ('grada 1', 'espectaculo 880', 'concierto', '1996-03-20', 'productora 880', '2022-09-01 18:00:00', 'Calle de las flores número 880 puerta C');
INSERT INTO gradas VALUES ('grada 2', 'espectaculo 880', 'concierto', '1996-03-20', 'productora 880', '2022-09-01 18:00:00', 'Calle de las flores número 880 puerta C');
INSERT INTO gradas VALUES ('grada 3', 'espectaculo 880', 'concierto', '1996-03-20', 'productora 880', '2022-09-01 18:00:00', 'Calle de las flores número 880 puerta C');
INSERT INTO espectaculos VALUES ('espectaculo 881', 'entrevista', '2001-07-08', 'productora 881', 'lista participantes 881', 5, '00:19:00', '00:31:00', '00:26:00');
INSERT INTO eventos VALUES ('espectaculo 881', 'entrevista', '2001-07-08', 'productora 881', '2022-09-01 18:00:00', 'Calle de las flores número 881 puerta C','Abierto');
INSERT INTO eventos VALUES ('espectaculo 881', 'entrevista', '2001-07-08', 'productora 881', '2020-09-01 03:00:00', 'Calle de las flores número 881 puerta C','Abierto');
INSERT INTO gradas VALUES ('grada 1', 'espectaculo 881', 'entrevista', '2001-07-08', 'productora 881', '2022-09-01 18:00:00', 'Calle de las flores número 881 puerta C');
INSERT INTO gradas VALUES ('grada 2', 'espectaculo 881', 'entrevista', '2001-07-08', 'productora 881', '2022-09-01 18:00:00', 'Calle de las flores número 881 puerta C');
INSERT INTO gradas VALUES ('grada 3', 'espectaculo 881', 'entrevista', '2001-07-08', 'productora 881', '2022-09-01 18:00:00', 'Calle de las flores número 881 puerta C');
INSERT INTO espectaculos VALUES ('espectaculo 882', 'entrevista', '2014-08-06', 'productora 882', 'lista participantes 882', 4, '00:19:00', '00:20:00', '00:24:00');
INSERT INTO eventos VALUES ('espectaculo 882', 'entrevista', '2014-08-06', 'productora 882', '2022-09-01 18:00:00', 'Calle de las flores número 882 puerta C','Abierto');
INSERT INTO eventos VALUES ('espectaculo 882', 'entrevista', '2014-08-06', 'productora 882', '2020-09-01 03:00:00', 'Calle de las flores número 882 puerta C','Abierto');
INSERT INTO gradas VALUES ('grada 1', 'espectaculo 882', 'entrevista', '2014-08-06', 'productora 882', '2022-09-01 18:00:00', 'Calle de las flores número 882 puerta C');
INSERT INTO gradas VALUES ('grada 2', 'espectaculo 882', 'entrevista', '2014-08-06', 'productora 882', '2022-09-01 18:00:00', 'Calle de las flores número 882 puerta C');
INSERT INTO gradas VALUES ('grada 3', 'espectaculo 882', 'entrevista', '2014-08-06', 'productora 882', '2022-09-01 18:00:00', 'Calle de las flores número 882 puerta C');
INSERT INTO espectaculos VALUES ('espectaculo 883', 'teatro', '1987-04-23', 'productora 883', 'lista participantes 883', 1, '00:13:00', '00:29:00', '00:15:00');
INSERT INTO eventos VALUES ('espectaculo 883', 'teatro', '1987-04-23', 'productora 883', '2022-09-01 18:00:00', 'Calle de las flores número 883 puerta C','Abierto');
INSERT INTO eventos VALUES ('espectaculo 883', 'teatro', '1987-04-23', 'productora 883', '2020-09-01 03:00:00', 'Calle de las flores número 883 puerta C','Abierto');
INSERT INTO gradas VALUES ('grada 1', 'espectaculo 883', 'teatro', '1987-04-23', 'productora 883', '2022-09-01 18:00:00', 'Calle de las flores número 883 puerta C');
INSERT INTO gradas VALUES ('grada 2', 'espectaculo 883', 'teatro', '1987-04-23', 'productora 883', '2022-09-01 18:00:00', 'Calle de las flores número 883 puerta C');
INSERT INTO gradas VALUES ('grada 3', 'espectaculo 883', 'teatro', '1987-04-23', 'productora 883', '2022-09-01 18:00:00', 'Calle de las flores número 883 puerta C');
INSERT INTO espectaculos VALUES ('espectaculo 884', 'deportivo', '1996-09-22', 'productora 884', 'lista participantes 884', 9, '00:19:00', '00:17:00', '00:29:00');
INSERT INTO eventos VALUES ('espectaculo 884', 'deportivo', '1996-09-22', 'productora 884', '2022-09-01 18:00:00', 'Calle de las flores número 884 puerta C','Abierto');
INSERT INTO eventos VALUES ('espectaculo 884', 'deportivo', '1996-09-22', 'productora 884', '2020-09-01 03:00:00', 'Calle de las flores número 884 puerta C','Abierto');
INSERT INTO gradas VALUES ('grada 1', 'espectaculo 884', 'deportivo', '1996-09-22', 'productora 884', '2022-09-01 18:00:00', 'Calle de las flores número 884 puerta C');
INSERT INTO gradas VALUES ('grada 2', 'espectaculo 884', 'deportivo', '1996-09-22', 'productora 884', '2022-09-01 18:00:00', 'Calle de las flores número 884 puerta C');
INSERT INTO gradas VALUES ('grada 3', 'espectaculo 884', 'deportivo', '1996-09-22', 'productora 884', '2022-09-01 18:00:00', 'Calle de las flores número 884 puerta C');
INSERT INTO espectaculos VALUES ('espectaculo 885', 'teatro', '2008-04-24', 'productora 885', 'lista participantes 885', 1, '00:11:00', '00:42:00', '00:16:00');
INSERT INTO eventos VALUES ('espectaculo 885', 'teatro', '2008-04-24', 'productora 885', '2022-09-01 18:00:00', 'Calle de las flores número 885 puerta C','Abierto');
INSERT INTO eventos VALUES ('espectaculo 885', 'teatro', '2008-04-24', 'productora 885', '2020-09-01 03:00:00', 'Calle de las flores número 885 puerta C','Abierto');
INSERT INTO gradas VALUES ('grada 1', 'espectaculo 885', 'teatro', '2008-04-24', 'productora 885', '2022-09-01 18:00:00', 'Calle de las flores número 885 puerta C');
INSERT INTO gradas VALUES ('grada 2', 'espectaculo 885', 'teatro', '2008-04-24', 'productora 885', '2022-09-01 18:00:00', 'Calle de las flores número 885 puerta C');
INSERT INTO gradas VALUES ('grada 3', 'espectaculo 885', 'teatro', '2008-04-24', 'productora 885', '2022-09-01 18:00:00', 'Calle de las flores número 885 puerta C');
INSERT INTO espectaculos VALUES ('espectaculo 886', 'pelicula', '2012-09-11', 'productora 886', 'lista participantes 886', 3, '00:16:00', '00:59:00', '00:26:00');
INSERT INTO eventos VALUES ('espectaculo 886', 'pelicula', '2012-09-11', 'productora 886', '2022-09-01 18:00:00', 'Calle de las flores número 886 puerta C','Abierto');
INSERT INTO eventos VALUES ('espectaculo 886', 'pelicula', '2012-09-11', 'productora 886', '2020-09-01 03:00:00', 'Calle de las flores número 886 puerta C','Abierto');
INSERT INTO gradas VALUES ('grada 1', 'espectaculo 886', 'pelicula', '2012-09-11', 'productora 886', '2022-09-01 18:00:00', 'Calle de las flores número 886 puerta C');
INSERT INTO gradas VALUES ('grada 2', 'espectaculo 886', 'pelicula', '2012-09-11', 'productora 886', '2022-09-01 18:00:00', 'Calle de las flores número 886 puerta C');
INSERT INTO gradas VALUES ('grada 3', 'espectaculo 886', 'pelicula', '2012-09-11', 'productora 886', '2022-09-01 18:00:00', 'Calle de las flores número 886 puerta C');
INSERT INTO espectaculos VALUES ('espectaculo 887', 'teatro', '2014-02-19', 'productora 887', 'lista participantes 887', 2, '00:11:00', '00:19:00', '00:17:00');
INSERT INTO eventos VALUES ('espectaculo 887', 'teatro', '2014-02-19', 'productora 887', '2022-09-01 18:00:00', 'Calle de las flores número 887 puerta C','Abierto');
INSERT INTO eventos VALUES ('espectaculo 887', 'teatro', '2014-02-19', 'productora 887', '2020-09-01 03:00:00', 'Calle de las flores número 887 puerta C','Abierto');
INSERT INTO gradas VALUES ('grada 1', 'espectaculo 887', 'teatro', '2014-02-19', 'productora 887', '2022-09-01 18:00:00', 'Calle de las flores número 887 puerta C');
INSERT INTO gradas VALUES ('grada 2', 'espectaculo 887', 'teatro', '2014-02-19', 'productora 887', '2022-09-01 18:00:00', 'Calle de las flores número 887 puerta C');
INSERT INTO gradas VALUES ('grada 3', 'espectaculo 887', 'teatro', '2014-02-19', 'productora 887', '2022-09-01 18:00:00', 'Calle de las flores número 887 puerta C');
INSERT INTO espectaculos VALUES ('espectaculo 888', 'pelicula', '2015-04-06', 'productora 888', 'lista participantes 888', 9, '00:11:00', '00:56:00', '00:27:00');
INSERT INTO eventos VALUES ('espectaculo 888', 'pelicula', '2015-04-06', 'productora 888', '2022-09-01 18:00:00', 'Calle de las flores número 888 puerta C','Abierto');
INSERT INTO eventos VALUES ('espectaculo 888', 'pelicula', '2015-04-06', 'productora 888', '2020-09-01 03:00:00', 'Calle de las flores número 888 puerta C','Abierto');
INSERT INTO gradas VALUES ('grada 1', 'espectaculo 888', 'pelicula', '2015-04-06', 'productora 888', '2022-09-01 18:00:00', 'Calle de las flores número 888 puerta C');
INSERT INTO gradas VALUES ('grada 2', 'espectaculo 888', 'pelicula', '2015-04-06', 'productora 888', '2022-09-01 18:00:00', 'Calle de las flores número 888 puerta C');
INSERT INTO gradas VALUES ('grada 3', 'espectaculo 888', 'pelicula', '2015-04-06', 'productora 888', '2022-09-01 18:00:00', 'Calle de las flores número 888 puerta C');
INSERT INTO espectaculos VALUES ('espectaculo 889', 'entrevista', '2016-04-22', 'productora 889', 'lista participantes 889', 4, '00:16:00', '00:51:00', '00:27:00');
INSERT INTO eventos VALUES ('espectaculo 889', 'entrevista', '2016-04-22', 'productora 889', '2022-09-01 18:00:00', 'Calle de las flores número 889 puerta C','Abierto');
INSERT INTO eventos VALUES ('espectaculo 889', 'entrevista', '2016-04-22', 'productora 889', '2020-09-01 03:00:00', 'Calle de las flores número 889 puerta C','Abierto');
INSERT INTO gradas VALUES ('grada 1', 'espectaculo 889', 'entrevista', '2016-04-22', 'productora 889', '2022-09-01 18:00:00', 'Calle de las flores número 889 puerta C');
INSERT INTO gradas VALUES ('grada 2', 'espectaculo 889', 'entrevista', '2016-04-22', 'productora 889', '2022-09-01 18:00:00', 'Calle de las flores número 889 puerta C');
INSERT INTO gradas VALUES ('grada 3', 'espectaculo 889', 'entrevista', '2016-04-22', 'productora 889', '2022-09-01 18:00:00', 'Calle de las flores número 889 puerta C');
INSERT INTO espectaculos VALUES ('espectaculo 890', 'pelicula', '1985-05-22', 'productora 890', 'lista participantes 890', 4, '00:19:00', '00:17:00', '00:29:00');
INSERT INTO eventos VALUES ('espectaculo 890', 'pelicula', '1985-05-22', 'productora 890', '2022-09-01 18:00:00', 'Calle de las flores número 890 puerta C','Abierto');
INSERT INTO eventos VALUES ('espectaculo 890', 'pelicula', '1985-05-22', 'productora 890', '2020-09-01 03:00:00', 'Calle de las flores número 890 puerta C','Abierto');
INSERT INTO gradas VALUES ('grada 1', 'espectaculo 890', 'pelicula', '1985-05-22', 'productora 890', '2022-09-01 18:00:00', 'Calle de las flores número 890 puerta C');
INSERT INTO gradas VALUES ('grada 2', 'espectaculo 890', 'pelicula', '1985-05-22', 'productora 890', '2022-09-01 18:00:00', 'Calle de las flores número 890 puerta C');
INSERT INTO gradas VALUES ('grada 3', 'espectaculo 890', 'pelicula', '1985-05-22', 'productora 890', '2022-09-01 18:00:00', 'Calle de las flores número 890 puerta C');
INSERT INTO espectaculos VALUES ('espectaculo 891', 'concierto', '2011-06-04', 'productora 891', 'lista participantes 891', 4, '00:13:00', '00:41:00', '00:24:00');
INSERT INTO eventos VALUES ('espectaculo 891', 'concierto', '2011-06-04', 'productora 891', '2022-09-01 18:00:00', 'Calle de las flores número 891 puerta C','Abierto');
INSERT INTO eventos VALUES ('espectaculo 891', 'concierto', '2011-06-04', 'productora 891', '2020-09-01 03:00:00', 'Calle de las flores número 891 puerta C','Abierto');
INSERT INTO gradas VALUES ('grada 1', 'espectaculo 891', 'concierto', '2011-06-04', 'productora 891', '2022-09-01 18:00:00', 'Calle de las flores número 891 puerta C');
INSERT INTO gradas VALUES ('grada 2', 'espectaculo 891', 'concierto', '2011-06-04', 'productora 891', '2022-09-01 18:00:00', 'Calle de las flores número 891 puerta C');
INSERT INTO gradas VALUES ('grada 3', 'espectaculo 891', 'concierto', '2011-06-04', 'productora 891', '2022-09-01 18:00:00', 'Calle de las flores número 891 puerta C');
INSERT INTO espectaculos VALUES ('espectaculo 892', 'teatro', '2016-02-06', 'productora 892', 'lista participantes 892', 2, '00:15:00', '00:27:00', '00:19:00');
INSERT INTO eventos VALUES ('espectaculo 892', 'teatro', '2016-02-06', 'productora 892', '2022-09-01 18:00:00', 'Calle de las flores número 892 puerta C','Abierto');
INSERT INTO eventos VALUES ('espectaculo 892', 'teatro', '2016-02-06', 'productora 892', '2020-09-01 03:00:00', 'Calle de las flores número 892 puerta C','Abierto');
INSERT INTO gradas VALUES ('grada 1', 'espectaculo 892', 'teatro', '2016-02-06', 'productora 892', '2022-09-01 18:00:00', 'Calle de las flores número 892 puerta C');
INSERT INTO gradas VALUES ('grada 2', 'espectaculo 892', 'teatro', '2016-02-06', 'productora 892', '2022-09-01 18:00:00', 'Calle de las flores número 892 puerta C');
INSERT INTO gradas VALUES ('grada 3', 'espectaculo 892', 'teatro', '2016-02-06', 'productora 892', '2022-09-01 18:00:00', 'Calle de las flores número 892 puerta C');
INSERT INTO espectaculos VALUES ('espectaculo 893', 'deportivo', '1997-02-01', 'productora 893', 'lista participantes 893', 7, '00:14:00', '00:42:00', '00:24:00');
INSERT INTO eventos VALUES ('espectaculo 893', 'deportivo', '1997-02-01', 'productora 893', '2022-09-01 18:00:00', 'Calle de las flores número 893 puerta C','Abierto');
INSERT INTO eventos VALUES ('espectaculo 893', 'deportivo', '1997-02-01', 'productora 893', '2020-09-01 03:00:00', 'Calle de las flores número 893 puerta C','Abierto');
INSERT INTO gradas VALUES ('grada 1', 'espectaculo 893', 'deportivo', '1997-02-01', 'productora 893', '2022-09-01 18:00:00', 'Calle de las flores número 893 puerta C');
INSERT INTO gradas VALUES ('grada 2', 'espectaculo 893', 'deportivo', '1997-02-01', 'productora 893', '2022-09-01 18:00:00', 'Calle de las flores número 893 puerta C');
INSERT INTO gradas VALUES ('grada 3', 'espectaculo 893', 'deportivo', '1997-02-01', 'productora 893', '2022-09-01 18:00:00', 'Calle de las flores número 893 puerta C');
INSERT INTO espectaculos VALUES ('espectaculo 894', 'concierto', '1993-04-20', 'productora 894', 'lista participantes 894', 2, '00:17:00', '00:39:00', '00:15:00');
INSERT INTO eventos VALUES ('espectaculo 894', 'concierto', '1993-04-20', 'productora 894', '2022-09-01 18:00:00', 'Calle de las flores número 894 puerta C','Abierto');
INSERT INTO eventos VALUES ('espectaculo 894', 'concierto', '1993-04-20', 'productora 894', '2020-09-01 03:00:00', 'Calle de las flores número 894 puerta C','Abierto');
INSERT INTO gradas VALUES ('grada 1', 'espectaculo 894', 'concierto', '1993-04-20', 'productora 894', '2022-09-01 18:00:00', 'Calle de las flores número 894 puerta C');
INSERT INTO gradas VALUES ('grada 2', 'espectaculo 894', 'concierto', '1993-04-20', 'productora 894', '2022-09-01 18:00:00', 'Calle de las flores número 894 puerta C');
INSERT INTO gradas VALUES ('grada 3', 'espectaculo 894', 'concierto', '1993-04-20', 'productora 894', '2022-09-01 18:00:00', 'Calle de las flores número 894 puerta C');
INSERT INTO espectaculos VALUES ('espectaculo 895', 'concierto', '1999-10-19', 'productora 895', 'lista participantes 895', 4, '00:17:00', '00:15:00', '00:16:00');
INSERT INTO eventos VALUES ('espectaculo 895', 'concierto', '1999-10-19', 'productora 895', '2022-09-01 18:00:00', 'Calle de las flores número 895 puerta C','Abierto');
INSERT INTO eventos VALUES ('espectaculo 895', 'concierto', '1999-10-19', 'productora 895', '2020-09-01 03:00:00', 'Calle de las flores número 895 puerta C','Abierto');
INSERT INTO gradas VALUES ('grada 1', 'espectaculo 895', 'concierto', '1999-10-19', 'productora 895', '2022-09-01 18:00:00', 'Calle de las flores número 895 puerta C');
INSERT INTO gradas VALUES ('grada 2', 'espectaculo 895', 'concierto', '1999-10-19', 'productora 895', '2022-09-01 18:00:00', 'Calle de las flores número 895 puerta C');
INSERT INTO gradas VALUES ('grada 3', 'espectaculo 895', 'concierto', '1999-10-19', 'productora 895', '2022-09-01 18:00:00', 'Calle de las flores número 895 puerta C');
INSERT INTO espectaculos VALUES ('espectaculo 896', 'teatro', '2020-01-05', 'productora 896', 'lista participantes 896', 3, '00:18:00', '00:17:00', '00:15:00');
INSERT INTO eventos VALUES ('espectaculo 896', 'teatro', '2020-01-05', 'productora 896', '2022-09-01 18:00:00', 'Calle de las flores número 896 puerta C','Abierto');
INSERT INTO eventos VALUES ('espectaculo 896', 'teatro', '2020-01-05', 'productora 896', '2020-09-01 03:00:00', 'Calle de las flores número 896 puerta C','Abierto');
INSERT INTO gradas VALUES ('grada 1', 'espectaculo 896', 'teatro', '2020-01-05', 'productora 896', '2022-09-01 18:00:00', 'Calle de las flores número 896 puerta C');
INSERT INTO gradas VALUES ('grada 2', 'espectaculo 896', 'teatro', '2020-01-05', 'productora 896', '2022-09-01 18:00:00', 'Calle de las flores número 896 puerta C');
INSERT INTO gradas VALUES ('grada 3', 'espectaculo 896', 'teatro', '2020-01-05', 'productora 896', '2022-09-01 18:00:00', 'Calle de las flores número 896 puerta C');
INSERT INTO espectaculos VALUES ('espectaculo 897', 'entrevista', '1996-05-25', 'productora 897', 'lista participantes 897', 4, '00:17:00', '00:19:00', '00:21:00');
INSERT INTO eventos VALUES ('espectaculo 897', 'entrevista', '1996-05-25', 'productora 897', '2022-09-01 18:00:00', 'Calle de las flores número 897 puerta C','Abierto');
INSERT INTO eventos VALUES ('espectaculo 897', 'entrevista', '1996-05-25', 'productora 897', '2020-09-01 03:00:00', 'Calle de las flores número 897 puerta C','Abierto');
INSERT INTO gradas VALUES ('grada 1', 'espectaculo 897', 'entrevista', '1996-05-25', 'productora 897', '2022-09-01 18:00:00', 'Calle de las flores número 897 puerta C');
INSERT INTO gradas VALUES ('grada 2', 'espectaculo 897', 'entrevista', '1996-05-25', 'productora 897', '2022-09-01 18:00:00', 'Calle de las flores número 897 puerta C');
INSERT INTO gradas VALUES ('grada 3', 'espectaculo 897', 'entrevista', '1996-05-25', 'productora 897', '2022-09-01 18:00:00', 'Calle de las flores número 897 puerta C');
INSERT INTO espectaculos VALUES ('espectaculo 898', 'entrevista', '1998-04-23', 'productora 898', 'lista participantes 898', 5, '00:14:00', '00:26:00', '00:20:00');
INSERT INTO eventos VALUES ('espectaculo 898', 'entrevista', '1998-04-23', 'productora 898', '2022-09-01 18:00:00', 'Calle de las flores número 898 puerta C','Abierto');
INSERT INTO eventos VALUES ('espectaculo 898', 'entrevista', '1998-04-23', 'productora 898', '2020-09-01 03:00:00', 'Calle de las flores número 898 puerta C','Abierto');
INSERT INTO gradas VALUES ('grada 1', 'espectaculo 898', 'entrevista', '1998-04-23', 'productora 898', '2022-09-01 18:00:00', 'Calle de las flores número 898 puerta C');
INSERT INTO gradas VALUES ('grada 2', 'espectaculo 898', 'entrevista', '1998-04-23', 'productora 898', '2022-09-01 18:00:00', 'Calle de las flores número 898 puerta C');
INSERT INTO gradas VALUES ('grada 3', 'espectaculo 898', 'entrevista', '1998-04-23', 'productora 898', '2022-09-01 18:00:00', 'Calle de las flores número 898 puerta C');
INSERT INTO espectaculos VALUES ('espectaculo 899', 'pelicula', '2006-08-24', 'productora 899', 'lista participantes 899', 4, '00:14:00', '00:41:00', '00:20:00');
INSERT INTO eventos VALUES ('espectaculo 899', 'pelicula', '2006-08-24', 'productora 899', '2022-09-01 18:00:00', 'Calle de las flores número 899 puerta C','Abierto');
INSERT INTO eventos VALUES ('espectaculo 899', 'pelicula', '2006-08-24', 'productora 899', '2020-09-01 03:00:00', 'Calle de las flores número 899 puerta C','Abierto');
INSERT INTO gradas VALUES ('grada 1', 'espectaculo 899', 'pelicula', '2006-08-24', 'productora 899', '2022-09-01 18:00:00', 'Calle de las flores número 899 puerta C');
INSERT INTO gradas VALUES ('grada 2', 'espectaculo 899', 'pelicula', '2006-08-24', 'productora 899', '2022-09-01 18:00:00', 'Calle de las flores número 899 puerta C');
INSERT INTO gradas VALUES ('grada 3', 'espectaculo 899', 'pelicula', '2006-08-24', 'productora 899', '2022-09-01 18:00:00', 'Calle de las flores número 899 puerta C');
INSERT INTO espectaculos VALUES ('espectaculo 900', 'pelicula', '2000-09-19', 'productora 900', 'lista participantes 900', 9, '00:16:00', '00:15:00', '00:27:00');
INSERT INTO eventos VALUES ('espectaculo 900', 'pelicula', '2000-09-19', 'productora 900', '2022-09-01 18:00:00', 'Calle de las flores número 900 puerta C','Abierto');
INSERT INTO eventos VALUES ('espectaculo 900', 'pelicula', '2000-09-19', 'productora 900', '2020-09-01 03:00:00', 'Calle de las flores número 900 puerta C','Abierto');
INSERT INTO gradas VALUES ('grada 1', 'espectaculo 900', 'pelicula', '2000-09-19', 'productora 900', '2022-09-01 18:00:00', 'Calle de las flores número 900 puerta C');
INSERT INTO gradas VALUES ('grada 2', 'espectaculo 900', 'pelicula', '2000-09-19', 'productora 900', '2022-09-01 18:00:00', 'Calle de las flores número 900 puerta C');
INSERT INTO gradas VALUES ('grada 3', 'espectaculo 900', 'pelicula', '2000-09-19', 'productora 900', '2022-09-01 18:00:00', 'Calle de las flores número 900 puerta C');
INSERT INTO espectaculos VALUES ('espectaculo 901', 'pelicula', '2020-09-04', 'productora 901', 'lista participantes 901', 9, '00:10:00', '00:40:00', '00:15:00');
INSERT INTO eventos VALUES ('espectaculo 901', 'pelicula', '2020-09-04', 'productora 901', '2022-09-01 18:00:00', 'Calle de las flores número 901 puerta C','Abierto');
INSERT INTO eventos VALUES ('espectaculo 901', 'pelicula', '2020-09-04', 'productora 901', '2020-09-01 03:00:00', 'Calle de las flores número 901 puerta C','Abierto');
INSERT INTO gradas VALUES ('grada 1', 'espectaculo 901', 'pelicula', '2020-09-04', 'productora 901', '2022-09-01 18:00:00', 'Calle de las flores número 901 puerta C');
INSERT INTO gradas VALUES ('grada 2', 'espectaculo 901', 'pelicula', '2020-09-04', 'productora 901', '2022-09-01 18:00:00', 'Calle de las flores número 901 puerta C');
INSERT INTO gradas VALUES ('grada 3', 'espectaculo 901', 'pelicula', '2020-09-04', 'productora 901', '2022-09-01 18:00:00', 'Calle de las flores número 901 puerta C');
INSERT INTO espectaculos VALUES ('espectaculo 902', 'concierto', '2014-06-26', 'productora 902', 'lista participantes 902', 4, '00:12:00', '00:37:00', '00:16:00');
INSERT INTO eventos VALUES ('espectaculo 902', 'concierto', '2014-06-26', 'productora 902', '2022-09-01 18:00:00', 'Calle de las flores número 902 puerta C','Abierto');
INSERT INTO eventos VALUES ('espectaculo 902', 'concierto', '2014-06-26', 'productora 902', '2020-09-01 03:00:00', 'Calle de las flores número 902 puerta C','Abierto');
INSERT INTO gradas VALUES ('grada 1', 'espectaculo 902', 'concierto', '2014-06-26', 'productora 902', '2022-09-01 18:00:00', 'Calle de las flores número 902 puerta C');
INSERT INTO gradas VALUES ('grada 2', 'espectaculo 902', 'concierto', '2014-06-26', 'productora 902', '2022-09-01 18:00:00', 'Calle de las flores número 902 puerta C');
INSERT INTO gradas VALUES ('grada 3', 'espectaculo 902', 'concierto', '2014-06-26', 'productora 902', '2022-09-01 18:00:00', 'Calle de las flores número 902 puerta C');
INSERT INTO espectaculos VALUES ('espectaculo 903', 'pelicula', '1996-07-17', 'productora 903', 'lista participantes 903', 6, '00:10:00', '00:41:00', '00:22:00');
INSERT INTO eventos VALUES ('espectaculo 903', 'pelicula', '1996-07-17', 'productora 903', '2022-09-01 18:00:00', 'Calle de las flores número 903 puerta C','Abierto');
INSERT INTO eventos VALUES ('espectaculo 903', 'pelicula', '1996-07-17', 'productora 903', '2020-09-01 03:00:00', 'Calle de las flores número 903 puerta C','Abierto');
INSERT INTO gradas VALUES ('grada 1', 'espectaculo 903', 'pelicula', '1996-07-17', 'productora 903', '2022-09-01 18:00:00', 'Calle de las flores número 903 puerta C');
INSERT INTO gradas VALUES ('grada 2', 'espectaculo 903', 'pelicula', '1996-07-17', 'productora 903', '2022-09-01 18:00:00', 'Calle de las flores número 903 puerta C');
INSERT INTO gradas VALUES ('grada 3', 'espectaculo 903', 'pelicula', '1996-07-17', 'productora 903', '2022-09-01 18:00:00', 'Calle de las flores número 903 puerta C');
INSERT INTO espectaculos VALUES ('espectaculo 904', 'teatro', '1995-08-09', 'productora 904', 'lista participantes 904', 4, '00:12:00', '00:55:00', '00:26:00');
INSERT INTO eventos VALUES ('espectaculo 904', 'teatro', '1995-08-09', 'productora 904', '2022-09-01 18:00:00', 'Calle de las flores número 904 puerta C','Abierto');
INSERT INTO eventos VALUES ('espectaculo 904', 'teatro', '1995-08-09', 'productora 904', '2020-09-01 03:00:00', 'Calle de las flores número 904 puerta C','Abierto');
INSERT INTO gradas VALUES ('grada 1', 'espectaculo 904', 'teatro', '1995-08-09', 'productora 904', '2022-09-01 18:00:00', 'Calle de las flores número 904 puerta C');
INSERT INTO gradas VALUES ('grada 2', 'espectaculo 904', 'teatro', '1995-08-09', 'productora 904', '2022-09-01 18:00:00', 'Calle de las flores número 904 puerta C');
INSERT INTO gradas VALUES ('grada 3', 'espectaculo 904', 'teatro', '1995-08-09', 'productora 904', '2022-09-01 18:00:00', 'Calle de las flores número 904 puerta C');
INSERT INTO espectaculos VALUES ('espectaculo 905', 'pelicula', '1990-08-26', 'productora 905', 'lista participantes 905', 3, '00:13:00', '00:59:00', '00:28:00');
INSERT INTO eventos VALUES ('espectaculo 905', 'pelicula', '1990-08-26', 'productora 905', '2022-09-01 18:00:00', 'Calle de las flores número 905 puerta C','Abierto');
INSERT INTO eventos VALUES ('espectaculo 905', 'pelicula', '1990-08-26', 'productora 905', '2020-09-01 03:00:00', 'Calle de las flores número 905 puerta C','Abierto');
INSERT INTO gradas VALUES ('grada 1', 'espectaculo 905', 'pelicula', '1990-08-26', 'productora 905', '2022-09-01 18:00:00', 'Calle de las flores número 905 puerta C');
INSERT INTO gradas VALUES ('grada 2', 'espectaculo 905', 'pelicula', '1990-08-26', 'productora 905', '2022-09-01 18:00:00', 'Calle de las flores número 905 puerta C');
INSERT INTO gradas VALUES ('grada 3', 'espectaculo 905', 'pelicula', '1990-08-26', 'productora 905', '2022-09-01 18:00:00', 'Calle de las flores número 905 puerta C');
INSERT INTO espectaculos VALUES ('espectaculo 906', 'pelicula', '1988-09-10', 'productora 906', 'lista participantes 906', 4, '00:15:00', '00:18:00', '00:28:00');
INSERT INTO eventos VALUES ('espectaculo 906', 'pelicula', '1988-09-10', 'productora 906', '2022-09-01 18:00:00', 'Calle de las flores número 906 puerta C','Abierto');
INSERT INTO eventos VALUES ('espectaculo 906', 'pelicula', '1988-09-10', 'productora 906', '2020-09-01 03:00:00', 'Calle de las flores número 906 puerta C','Abierto');
INSERT INTO gradas VALUES ('grada 1', 'espectaculo 906', 'pelicula', '1988-09-10', 'productora 906', '2022-09-01 18:00:00', 'Calle de las flores número 906 puerta C');
INSERT INTO gradas VALUES ('grada 2', 'espectaculo 906', 'pelicula', '1988-09-10', 'productora 906', '2022-09-01 18:00:00', 'Calle de las flores número 906 puerta C');
INSERT INTO gradas VALUES ('grada 3', 'espectaculo 906', 'pelicula', '1988-09-10', 'productora 906', '2022-09-01 18:00:00', 'Calle de las flores número 906 puerta C');
INSERT INTO espectaculos VALUES ('espectaculo 907', 'concierto', '1985-05-18', 'productora 907', 'lista participantes 907', 8, '00:19:00', '00:54:00', '00:27:00');
INSERT INTO eventos VALUES ('espectaculo 907', 'concierto', '1985-05-18', 'productora 907', '2022-09-01 18:00:00', 'Calle de las flores número 907 puerta C','Abierto');
INSERT INTO eventos VALUES ('espectaculo 907', 'concierto', '1985-05-18', 'productora 907', '2020-09-01 03:00:00', 'Calle de las flores número 907 puerta C','Abierto');
INSERT INTO gradas VALUES ('grada 1', 'espectaculo 907', 'concierto', '1985-05-18', 'productora 907', '2022-09-01 18:00:00', 'Calle de las flores número 907 puerta C');
INSERT INTO gradas VALUES ('grada 2', 'espectaculo 907', 'concierto', '1985-05-18', 'productora 907', '2022-09-01 18:00:00', 'Calle de las flores número 907 puerta C');
INSERT INTO gradas VALUES ('grada 3', 'espectaculo 907', 'concierto', '1985-05-18', 'productora 907', '2022-09-01 18:00:00', 'Calle de las flores número 907 puerta C');
INSERT INTO espectaculos VALUES ('espectaculo 908', 'deportivo', '2016-01-26', 'productora 908', 'lista participantes 908', 1, '00:19:00', '00:44:00', '00:19:00');
INSERT INTO eventos VALUES ('espectaculo 908', 'deportivo', '2016-01-26', 'productora 908', '2022-09-01 18:00:00', 'Calle de las flores número 908 puerta C','Abierto');
INSERT INTO eventos VALUES ('espectaculo 908', 'deportivo', '2016-01-26', 'productora 908', '2020-09-01 03:00:00', 'Calle de las flores número 908 puerta C','Abierto');
INSERT INTO gradas VALUES ('grada 1', 'espectaculo 908', 'deportivo', '2016-01-26', 'productora 908', '2022-09-01 18:00:00', 'Calle de las flores número 908 puerta C');
INSERT INTO gradas VALUES ('grada 2', 'espectaculo 908', 'deportivo', '2016-01-26', 'productora 908', '2022-09-01 18:00:00', 'Calle de las flores número 908 puerta C');
INSERT INTO gradas VALUES ('grada 3', 'espectaculo 908', 'deportivo', '2016-01-26', 'productora 908', '2022-09-01 18:00:00', 'Calle de las flores número 908 puerta C');
INSERT INTO espectaculos VALUES ('espectaculo 909', 'pelicula', '1992-05-17', 'productora 909', 'lista participantes 909', 6, '00:10:00', '00:26:00', '00:27:00');
INSERT INTO eventos VALUES ('espectaculo 909', 'pelicula', '1992-05-17', 'productora 909', '2022-09-01 18:00:00', 'Calle de las flores número 909 puerta C','Abierto');
INSERT INTO eventos VALUES ('espectaculo 909', 'pelicula', '1992-05-17', 'productora 909', '2020-09-01 03:00:00', 'Calle de las flores número 909 puerta C','Abierto');
INSERT INTO gradas VALUES ('grada 1', 'espectaculo 909', 'pelicula', '1992-05-17', 'productora 909', '2022-09-01 18:00:00', 'Calle de las flores número 909 puerta C');
INSERT INTO gradas VALUES ('grada 2', 'espectaculo 909', 'pelicula', '1992-05-17', 'productora 909', '2022-09-01 18:00:00', 'Calle de las flores número 909 puerta C');
INSERT INTO gradas VALUES ('grada 3', 'espectaculo 909', 'pelicula', '1992-05-17', 'productora 909', '2022-09-01 18:00:00', 'Calle de las flores número 909 puerta C');
INSERT INTO espectaculos VALUES ('espectaculo 910', 'concierto', '2017-08-07', 'productora 910', 'lista participantes 910', 5, '00:11:00', '00:25:00', '00:21:00');
INSERT INTO eventos VALUES ('espectaculo 910', 'concierto', '2017-08-07', 'productora 910', '2022-09-01 18:00:00', 'Calle de las flores número 910 puerta C','Abierto');
INSERT INTO eventos VALUES ('espectaculo 910', 'concierto', '2017-08-07', 'productora 910', '2020-09-01 03:00:00', 'Calle de las flores número 910 puerta C','Abierto');
INSERT INTO gradas VALUES ('grada 1', 'espectaculo 910', 'concierto', '2017-08-07', 'productora 910', '2022-09-01 18:00:00', 'Calle de las flores número 910 puerta C');
INSERT INTO gradas VALUES ('grada 2', 'espectaculo 910', 'concierto', '2017-08-07', 'productora 910', '2022-09-01 18:00:00', 'Calle de las flores número 910 puerta C');
INSERT INTO gradas VALUES ('grada 3', 'espectaculo 910', 'concierto', '2017-08-07', 'productora 910', '2022-09-01 18:00:00', 'Calle de las flores número 910 puerta C');
INSERT INTO espectaculos VALUES ('espectaculo 911', 'concierto', '2009-07-19', 'productora 911', 'lista participantes 911', 2, '00:18:00', '00:21:00', '00:20:00');
INSERT INTO eventos VALUES ('espectaculo 911', 'concierto', '2009-07-19', 'productora 911', '2022-09-01 18:00:00', 'Calle de las flores número 911 puerta C','Abierto');
INSERT INTO eventos VALUES ('espectaculo 911', 'concierto', '2009-07-19', 'productora 911', '2020-09-01 03:00:00', 'Calle de las flores número 911 puerta C','Abierto');
INSERT INTO gradas VALUES ('grada 1', 'espectaculo 911', 'concierto', '2009-07-19', 'productora 911', '2022-09-01 18:00:00', 'Calle de las flores número 911 puerta C');
INSERT INTO gradas VALUES ('grada 2', 'espectaculo 911', 'concierto', '2009-07-19', 'productora 911', '2022-09-01 18:00:00', 'Calle de las flores número 911 puerta C');
INSERT INTO gradas VALUES ('grada 3', 'espectaculo 911', 'concierto', '2009-07-19', 'productora 911', '2022-09-01 18:00:00', 'Calle de las flores número 911 puerta C');
INSERT INTO espectaculos VALUES ('espectaculo 912', 'entrevista', '2002-04-11', 'productora 912', 'lista participantes 912', 1, '00:14:00', '00:23:00', '00:16:00');
INSERT INTO eventos VALUES ('espectaculo 912', 'entrevista', '2002-04-11', 'productora 912', '2022-09-01 18:00:00', 'Calle de las flores número 912 puerta C','Abierto');
INSERT INTO eventos VALUES ('espectaculo 912', 'entrevista', '2002-04-11', 'productora 912', '2020-09-01 03:00:00', 'Calle de las flores número 912 puerta C','Abierto');
INSERT INTO gradas VALUES ('grada 1', 'espectaculo 912', 'entrevista', '2002-04-11', 'productora 912', '2022-09-01 18:00:00', 'Calle de las flores número 912 puerta C');
INSERT INTO gradas VALUES ('grada 2', 'espectaculo 912', 'entrevista', '2002-04-11', 'productora 912', '2022-09-01 18:00:00', 'Calle de las flores número 912 puerta C');
INSERT INTO gradas VALUES ('grada 3', 'espectaculo 912', 'entrevista', '2002-04-11', 'productora 912', '2022-09-01 18:00:00', 'Calle de las flores número 912 puerta C');
INSERT INTO espectaculos VALUES ('espectaculo 913', 'entrevista', '1994-08-07', 'productora 913', 'lista participantes 913', 2, '00:18:00', '00:38:00', '00:17:00');
INSERT INTO eventos VALUES ('espectaculo 913', 'entrevista', '1994-08-07', 'productora 913', '2022-09-01 18:00:00', 'Calle de las flores número 913 puerta C','Abierto');
INSERT INTO eventos VALUES ('espectaculo 913', 'entrevista', '1994-08-07', 'productora 913', '2020-09-01 03:00:00', 'Calle de las flores número 913 puerta C','Abierto');
INSERT INTO gradas VALUES ('grada 1', 'espectaculo 913', 'entrevista', '1994-08-07', 'productora 913', '2022-09-01 18:00:00', 'Calle de las flores número 913 puerta C');
INSERT INTO gradas VALUES ('grada 2', 'espectaculo 913', 'entrevista', '1994-08-07', 'productora 913', '2022-09-01 18:00:00', 'Calle de las flores número 913 puerta C');
INSERT INTO gradas VALUES ('grada 3', 'espectaculo 913', 'entrevista', '1994-08-07', 'productora 913', '2022-09-01 18:00:00', 'Calle de las flores número 913 puerta C');
INSERT INTO espectaculos VALUES ('espectaculo 914', 'entrevista', '2010-10-01', 'productora 914', 'lista participantes 914', 4, '00:16:00', '00:40:00', '00:16:00');
INSERT INTO eventos VALUES ('espectaculo 914', 'entrevista', '2010-10-01', 'productora 914', '2022-09-01 18:00:00', 'Calle de las flores número 914 puerta C','Abierto');
INSERT INTO eventos VALUES ('espectaculo 914', 'entrevista', '2010-10-01', 'productora 914', '2020-09-01 03:00:00', 'Calle de las flores número 914 puerta C','Abierto');
INSERT INTO gradas VALUES ('grada 1', 'espectaculo 914', 'entrevista', '2010-10-01', 'productora 914', '2022-09-01 18:00:00', 'Calle de las flores número 914 puerta C');
INSERT INTO gradas VALUES ('grada 2', 'espectaculo 914', 'entrevista', '2010-10-01', 'productora 914', '2022-09-01 18:00:00', 'Calle de las flores número 914 puerta C');
INSERT INTO gradas VALUES ('grada 3', 'espectaculo 914', 'entrevista', '2010-10-01', 'productora 914', '2022-09-01 18:00:00', 'Calle de las flores número 914 puerta C');
INSERT INTO espectaculos VALUES ('espectaculo 915', 'teatro', '1986-07-10', 'productora 915', 'lista participantes 915', 8, '00:17:00', '00:37:00', '00:28:00');
INSERT INTO eventos VALUES ('espectaculo 915', 'teatro', '1986-07-10', 'productora 915', '2022-09-01 18:00:00', 'Calle de las flores número 915 puerta C','Abierto');
INSERT INTO eventos VALUES ('espectaculo 915', 'teatro', '1986-07-10', 'productora 915', '2020-09-01 03:00:00', 'Calle de las flores número 915 puerta C','Abierto');
INSERT INTO gradas VALUES ('grada 1', 'espectaculo 915', 'teatro', '1986-07-10', 'productora 915', '2022-09-01 18:00:00', 'Calle de las flores número 915 puerta C');
INSERT INTO gradas VALUES ('grada 2', 'espectaculo 915', 'teatro', '1986-07-10', 'productora 915', '2022-09-01 18:00:00', 'Calle de las flores número 915 puerta C');
INSERT INTO gradas VALUES ('grada 3', 'espectaculo 915', 'teatro', '1986-07-10', 'productora 915', '2022-09-01 18:00:00', 'Calle de las flores número 915 puerta C');
INSERT INTO espectaculos VALUES ('espectaculo 916', 'pelicula', '1988-11-27', 'productora 916', 'lista participantes 916', 8, '00:19:00', '00:58:00', '00:25:00');
INSERT INTO eventos VALUES ('espectaculo 916', 'pelicula', '1988-11-27', 'productora 916', '2022-09-01 18:00:00', 'Calle de las flores número 916 puerta C','Abierto');
INSERT INTO eventos VALUES ('espectaculo 916', 'pelicula', '1988-11-27', 'productora 916', '2020-09-01 03:00:00', 'Calle de las flores número 916 puerta C','Abierto');
INSERT INTO gradas VALUES ('grada 1', 'espectaculo 916', 'pelicula', '1988-11-27', 'productora 916', '2022-09-01 18:00:00', 'Calle de las flores número 916 puerta C');
INSERT INTO gradas VALUES ('grada 2', 'espectaculo 916', 'pelicula', '1988-11-27', 'productora 916', '2022-09-01 18:00:00', 'Calle de las flores número 916 puerta C');
INSERT INTO gradas VALUES ('grada 3', 'espectaculo 916', 'pelicula', '1988-11-27', 'productora 916', '2022-09-01 18:00:00', 'Calle de las flores número 916 puerta C');
INSERT INTO espectaculos VALUES ('espectaculo 917', 'entrevista', '1985-08-22', 'productora 917', 'lista participantes 917', 6, '00:12:00', '00:20:00', '00:20:00');
INSERT INTO eventos VALUES ('espectaculo 917', 'entrevista', '1985-08-22', 'productora 917', '2022-09-01 18:00:00', 'Calle de las flores número 917 puerta C','Abierto');
INSERT INTO eventos VALUES ('espectaculo 917', 'entrevista', '1985-08-22', 'productora 917', '2020-09-01 03:00:00', 'Calle de las flores número 917 puerta C','Abierto');
INSERT INTO gradas VALUES ('grada 1', 'espectaculo 917', 'entrevista', '1985-08-22', 'productora 917', '2022-09-01 18:00:00', 'Calle de las flores número 917 puerta C');
INSERT INTO gradas VALUES ('grada 2', 'espectaculo 917', 'entrevista', '1985-08-22', 'productora 917', '2022-09-01 18:00:00', 'Calle de las flores número 917 puerta C');
INSERT INTO gradas VALUES ('grada 3', 'espectaculo 917', 'entrevista', '1985-08-22', 'productora 917', '2022-09-01 18:00:00', 'Calle de las flores número 917 puerta C');
INSERT INTO espectaculos VALUES ('espectaculo 918', 'concierto', '2019-02-01', 'productora 918', 'lista participantes 918', 1, '00:13:00', '00:47:00', '00:29:00');
INSERT INTO eventos VALUES ('espectaculo 918', 'concierto', '2019-02-01', 'productora 918', '2022-09-01 18:00:00', 'Calle de las flores número 918 puerta C','Abierto');
INSERT INTO eventos VALUES ('espectaculo 918', 'concierto', '2019-02-01', 'productora 918', '2020-09-01 03:00:00', 'Calle de las flores número 918 puerta C','Abierto');
INSERT INTO gradas VALUES ('grada 1', 'espectaculo 918', 'concierto', '2019-02-01', 'productora 918', '2022-09-01 18:00:00', 'Calle de las flores número 918 puerta C');
INSERT INTO gradas VALUES ('grada 2', 'espectaculo 918', 'concierto', '2019-02-01', 'productora 918', '2022-09-01 18:00:00', 'Calle de las flores número 918 puerta C');
INSERT INTO gradas VALUES ('grada 3', 'espectaculo 918', 'concierto', '2019-02-01', 'productora 918', '2022-09-01 18:00:00', 'Calle de las flores número 918 puerta C');
INSERT INTO espectaculos VALUES ('espectaculo 919', 'concierto', '2020-04-27', 'productora 919', 'lista participantes 919', 8, '00:17:00', '00:29:00', '00:22:00');
INSERT INTO eventos VALUES ('espectaculo 919', 'concierto', '2020-04-27', 'productora 919', '2022-09-01 18:00:00', 'Calle de las flores número 919 puerta C','Abierto');
INSERT INTO eventos VALUES ('espectaculo 919', 'concierto', '2020-04-27', 'productora 919', '2020-09-01 03:00:00', 'Calle de las flores número 919 puerta C','Abierto');
INSERT INTO gradas VALUES ('grada 1', 'espectaculo 919', 'concierto', '2020-04-27', 'productora 919', '2022-09-01 18:00:00', 'Calle de las flores número 919 puerta C');
INSERT INTO gradas VALUES ('grada 2', 'espectaculo 919', 'concierto', '2020-04-27', 'productora 919', '2022-09-01 18:00:00', 'Calle de las flores número 919 puerta C');
INSERT INTO gradas VALUES ('grada 3', 'espectaculo 919', 'concierto', '2020-04-27', 'productora 919', '2022-09-01 18:00:00', 'Calle de las flores número 919 puerta C');
INSERT INTO espectaculos VALUES ('espectaculo 920', 'concierto', '1987-02-15', 'productora 920', 'lista participantes 920', 9, '00:15:00', '00:27:00', '00:23:00');
INSERT INTO eventos VALUES ('espectaculo 920', 'concierto', '1987-02-15', 'productora 920', '2022-09-01 18:00:00', 'Calle de las flores número 920 puerta C','Abierto');
INSERT INTO eventos VALUES ('espectaculo 920', 'concierto', '1987-02-15', 'productora 920', '2020-09-01 03:00:00', 'Calle de las flores número 920 puerta C','Abierto');
INSERT INTO gradas VALUES ('grada 1', 'espectaculo 920', 'concierto', '1987-02-15', 'productora 920', '2022-09-01 18:00:00', 'Calle de las flores número 920 puerta C');
INSERT INTO gradas VALUES ('grada 2', 'espectaculo 920', 'concierto', '1987-02-15', 'productora 920', '2022-09-01 18:00:00', 'Calle de las flores número 920 puerta C');
INSERT INTO gradas VALUES ('grada 3', 'espectaculo 920', 'concierto', '1987-02-15', 'productora 920', '2022-09-01 18:00:00', 'Calle de las flores número 920 puerta C');
INSERT INTO espectaculos VALUES ('espectaculo 921', 'teatro', '1994-07-10', 'productora 921', 'lista participantes 921', 2, '00:19:00', '00:16:00', '00:18:00');
INSERT INTO eventos VALUES ('espectaculo 921', 'teatro', '1994-07-10', 'productora 921', '2022-09-01 18:00:00', 'Calle de las flores número 921 puerta C','Abierto');
INSERT INTO eventos VALUES ('espectaculo 921', 'teatro', '1994-07-10', 'productora 921', '2020-09-01 03:00:00', 'Calle de las flores número 921 puerta C','Abierto');
INSERT INTO gradas VALUES ('grada 1', 'espectaculo 921', 'teatro', '1994-07-10', 'productora 921', '2022-09-01 18:00:00', 'Calle de las flores número 921 puerta C');
INSERT INTO gradas VALUES ('grada 2', 'espectaculo 921', 'teatro', '1994-07-10', 'productora 921', '2022-09-01 18:00:00', 'Calle de las flores número 921 puerta C');
INSERT INTO gradas VALUES ('grada 3', 'espectaculo 921', 'teatro', '1994-07-10', 'productora 921', '2022-09-01 18:00:00', 'Calle de las flores número 921 puerta C');
INSERT INTO espectaculos VALUES ('espectaculo 922', 'concierto', '2006-09-12', 'productora 922', 'lista participantes 922', 1, '00:19:00', '00:34:00', '00:20:00');
INSERT INTO eventos VALUES ('espectaculo 922', 'concierto', '2006-09-12', 'productora 922', '2022-09-01 18:00:00', 'Calle de las flores número 922 puerta C','Abierto');
INSERT INTO eventos VALUES ('espectaculo 922', 'concierto', '2006-09-12', 'productora 922', '2020-09-01 03:00:00', 'Calle de las flores número 922 puerta C','Abierto');
INSERT INTO gradas VALUES ('grada 1', 'espectaculo 922', 'concierto', '2006-09-12', 'productora 922', '2022-09-01 18:00:00', 'Calle de las flores número 922 puerta C');
INSERT INTO gradas VALUES ('grada 2', 'espectaculo 922', 'concierto', '2006-09-12', 'productora 922', '2022-09-01 18:00:00', 'Calle de las flores número 922 puerta C');
INSERT INTO gradas VALUES ('grada 3', 'espectaculo 922', 'concierto', '2006-09-12', 'productora 922', '2022-09-01 18:00:00', 'Calle de las flores número 922 puerta C');
INSERT INTO espectaculos VALUES ('espectaculo 923', 'entrevista', '2018-03-03', 'productora 923', 'lista participantes 923', 4, '00:12:00', '00:31:00', '00:21:00');
INSERT INTO eventos VALUES ('espectaculo 923', 'entrevista', '2018-03-03', 'productora 923', '2022-09-01 18:00:00', 'Calle de las flores número 923 puerta C','Abierto');
INSERT INTO eventos VALUES ('espectaculo 923', 'entrevista', '2018-03-03', 'productora 923', '2020-09-01 03:00:00', 'Calle de las flores número 923 puerta C','Abierto');
INSERT INTO gradas VALUES ('grada 1', 'espectaculo 923', 'entrevista', '2018-03-03', 'productora 923', '2022-09-01 18:00:00', 'Calle de las flores número 923 puerta C');
INSERT INTO gradas VALUES ('grada 2', 'espectaculo 923', 'entrevista', '2018-03-03', 'productora 923', '2022-09-01 18:00:00', 'Calle de las flores número 923 puerta C');
INSERT INTO gradas VALUES ('grada 3', 'espectaculo 923', 'entrevista', '2018-03-03', 'productora 923', '2022-09-01 18:00:00', 'Calle de las flores número 923 puerta C');
INSERT INTO espectaculos VALUES ('espectaculo 924', 'deportivo', '2000-07-27', 'productora 924', 'lista participantes 924', 6, '00:19:00', '00:36:00', '00:20:00');
INSERT INTO eventos VALUES ('espectaculo 924', 'deportivo', '2000-07-27', 'productora 924', '2022-09-01 18:00:00', 'Calle de las flores número 924 puerta C','Abierto');
INSERT INTO eventos VALUES ('espectaculo 924', 'deportivo', '2000-07-27', 'productora 924', '2020-09-01 03:00:00', 'Calle de las flores número 924 puerta C','Abierto');
INSERT INTO gradas VALUES ('grada 1', 'espectaculo 924', 'deportivo', '2000-07-27', 'productora 924', '2022-09-01 18:00:00', 'Calle de las flores número 924 puerta C');
INSERT INTO gradas VALUES ('grada 2', 'espectaculo 924', 'deportivo', '2000-07-27', 'productora 924', '2022-09-01 18:00:00', 'Calle de las flores número 924 puerta C');
INSERT INTO gradas VALUES ('grada 3', 'espectaculo 924', 'deportivo', '2000-07-27', 'productora 924', '2022-09-01 18:00:00', 'Calle de las flores número 924 puerta C');
INSERT INTO espectaculos VALUES ('espectaculo 925', 'concierto', '2016-11-13', 'productora 925', 'lista participantes 925', 4, '00:17:00', '00:40:00', '00:20:00');
INSERT INTO eventos VALUES ('espectaculo 925', 'concierto', '2016-11-13', 'productora 925', '2022-09-01 18:00:00', 'Calle de las flores número 925 puerta C','Abierto');
INSERT INTO eventos VALUES ('espectaculo 925', 'concierto', '2016-11-13', 'productora 925', '2020-09-01 03:00:00', 'Calle de las flores número 925 puerta C','Abierto');
INSERT INTO gradas VALUES ('grada 1', 'espectaculo 925', 'concierto', '2016-11-13', 'productora 925', '2022-09-01 18:00:00', 'Calle de las flores número 925 puerta C');
INSERT INTO gradas VALUES ('grada 2', 'espectaculo 925', 'concierto', '2016-11-13', 'productora 925', '2022-09-01 18:00:00', 'Calle de las flores número 925 puerta C');
INSERT INTO gradas VALUES ('grada 3', 'espectaculo 925', 'concierto', '2016-11-13', 'productora 925', '2022-09-01 18:00:00', 'Calle de las flores número 925 puerta C');
INSERT INTO espectaculos VALUES ('espectaculo 926', 'teatro', '2010-06-11', 'productora 926', 'lista participantes 926', 1, '00:11:00', '00:28:00', '00:26:00');
INSERT INTO eventos VALUES ('espectaculo 926', 'teatro', '2010-06-11', 'productora 926', '2022-09-01 18:00:00', 'Calle de las flores número 926 puerta C','Abierto');
INSERT INTO eventos VALUES ('espectaculo 926', 'teatro', '2010-06-11', 'productora 926', '2020-09-01 03:00:00', 'Calle de las flores número 926 puerta C','Abierto');
INSERT INTO gradas VALUES ('grada 1', 'espectaculo 926', 'teatro', '2010-06-11', 'productora 926', '2022-09-01 18:00:00', 'Calle de las flores número 926 puerta C');
INSERT INTO gradas VALUES ('grada 2', 'espectaculo 926', 'teatro', '2010-06-11', 'productora 926', '2022-09-01 18:00:00', 'Calle de las flores número 926 puerta C');
INSERT INTO gradas VALUES ('grada 3', 'espectaculo 926', 'teatro', '2010-06-11', 'productora 926', '2022-09-01 18:00:00', 'Calle de las flores número 926 puerta C');
INSERT INTO espectaculos VALUES ('espectaculo 927', 'teatro', '1991-08-25', 'productora 927', 'lista participantes 927', 3, '00:16:00', '00:49:00', '00:15:00');
INSERT INTO eventos VALUES ('espectaculo 927', 'teatro', '1991-08-25', 'productora 927', '2022-09-01 18:00:00', 'Calle de las flores número 927 puerta C','Abierto');
INSERT INTO eventos VALUES ('espectaculo 927', 'teatro', '1991-08-25', 'productora 927', '2020-09-01 03:00:00', 'Calle de las flores número 927 puerta C','Abierto');
INSERT INTO gradas VALUES ('grada 1', 'espectaculo 927', 'teatro', '1991-08-25', 'productora 927', '2022-09-01 18:00:00', 'Calle de las flores número 927 puerta C');
INSERT INTO gradas VALUES ('grada 2', 'espectaculo 927', 'teatro', '1991-08-25', 'productora 927', '2022-09-01 18:00:00', 'Calle de las flores número 927 puerta C');
INSERT INTO gradas VALUES ('grada 3', 'espectaculo 927', 'teatro', '1991-08-25', 'productora 927', '2022-09-01 18:00:00', 'Calle de las flores número 927 puerta C');
INSERT INTO espectaculos VALUES ('espectaculo 928', 'pelicula', '2017-10-25', 'productora 928', 'lista participantes 928', 1, '00:19:00', '00:19:00', '00:28:00');
INSERT INTO eventos VALUES ('espectaculo 928', 'pelicula', '2017-10-25', 'productora 928', '2022-09-01 18:00:00', 'Calle de las flores número 928 puerta C','Abierto');
INSERT INTO eventos VALUES ('espectaculo 928', 'pelicula', '2017-10-25', 'productora 928', '2020-09-01 03:00:00', 'Calle de las flores número 928 puerta C','Abierto');
INSERT INTO gradas VALUES ('grada 1', 'espectaculo 928', 'pelicula', '2017-10-25', 'productora 928', '2022-09-01 18:00:00', 'Calle de las flores número 928 puerta C');
INSERT INTO gradas VALUES ('grada 2', 'espectaculo 928', 'pelicula', '2017-10-25', 'productora 928', '2022-09-01 18:00:00', 'Calle de las flores número 928 puerta C');
INSERT INTO gradas VALUES ('grada 3', 'espectaculo 928', 'pelicula', '2017-10-25', 'productora 928', '2022-09-01 18:00:00', 'Calle de las flores número 928 puerta C');
INSERT INTO espectaculos VALUES ('espectaculo 929', 'entrevista', '1998-11-12', 'productora 929', 'lista participantes 929', 6, '00:16:00', '00:31:00', '00:28:00');
INSERT INTO eventos VALUES ('espectaculo 929', 'entrevista', '1998-11-12', 'productora 929', '2022-09-01 18:00:00', 'Calle de las flores número 929 puerta C','Abierto');
INSERT INTO eventos VALUES ('espectaculo 929', 'entrevista', '1998-11-12', 'productora 929', '2020-09-01 03:00:00', 'Calle de las flores número 929 puerta C','Abierto');
INSERT INTO gradas VALUES ('grada 1', 'espectaculo 929', 'entrevista', '1998-11-12', 'productora 929', '2022-09-01 18:00:00', 'Calle de las flores número 929 puerta C');
INSERT INTO gradas VALUES ('grada 2', 'espectaculo 929', 'entrevista', '1998-11-12', 'productora 929', '2022-09-01 18:00:00', 'Calle de las flores número 929 puerta C');
INSERT INTO gradas VALUES ('grada 3', 'espectaculo 929', 'entrevista', '1998-11-12', 'productora 929', '2022-09-01 18:00:00', 'Calle de las flores número 929 puerta C');
INSERT INTO espectaculos VALUES ('espectaculo 930', 'pelicula', '1993-03-15', 'productora 930', 'lista participantes 930', 8, '00:17:00', '00:46:00', '00:15:00');
INSERT INTO eventos VALUES ('espectaculo 930', 'pelicula', '1993-03-15', 'productora 930', '2022-09-01 18:00:00', 'Calle de las flores número 930 puerta C','Abierto');
INSERT INTO eventos VALUES ('espectaculo 930', 'pelicula', '1993-03-15', 'productora 930', '2020-09-01 03:00:00', 'Calle de las flores número 930 puerta C','Abierto');
INSERT INTO gradas VALUES ('grada 1', 'espectaculo 930', 'pelicula', '1993-03-15', 'productora 930', '2022-09-01 18:00:00', 'Calle de las flores número 930 puerta C');
INSERT INTO gradas VALUES ('grada 2', 'espectaculo 930', 'pelicula', '1993-03-15', 'productora 930', '2022-09-01 18:00:00', 'Calle de las flores número 930 puerta C');
INSERT INTO gradas VALUES ('grada 3', 'espectaculo 930', 'pelicula', '1993-03-15', 'productora 930', '2022-09-01 18:00:00', 'Calle de las flores número 930 puerta C');
INSERT INTO espectaculos VALUES ('espectaculo 931', 'concierto', '1997-06-07', 'productora 931', 'lista participantes 931', 2, '00:15:00', '00:38:00', '00:28:00');
INSERT INTO eventos VALUES ('espectaculo 931', 'concierto', '1997-06-07', 'productora 931', '2022-09-01 18:00:00', 'Calle de las flores número 931 puerta C','Abierto');
INSERT INTO eventos VALUES ('espectaculo 931', 'concierto', '1997-06-07', 'productora 931', '2020-09-01 03:00:00', 'Calle de las flores número 931 puerta C','Abierto');
INSERT INTO gradas VALUES ('grada 1', 'espectaculo 931', 'concierto', '1997-06-07', 'productora 931', '2022-09-01 18:00:00', 'Calle de las flores número 931 puerta C');
INSERT INTO gradas VALUES ('grada 2', 'espectaculo 931', 'concierto', '1997-06-07', 'productora 931', '2022-09-01 18:00:00', 'Calle de las flores número 931 puerta C');
INSERT INTO gradas VALUES ('grada 3', 'espectaculo 931', 'concierto', '1997-06-07', 'productora 931', '2022-09-01 18:00:00', 'Calle de las flores número 931 puerta C');
INSERT INTO espectaculos VALUES ('espectaculo 932', 'concierto', '1996-07-12', 'productora 932', 'lista participantes 932', 3, '00:10:00', '00:20:00', '00:29:00');
INSERT INTO eventos VALUES ('espectaculo 932', 'concierto', '1996-07-12', 'productora 932', '2022-09-01 18:00:00', 'Calle de las flores número 932 puerta C','Abierto');
INSERT INTO eventos VALUES ('espectaculo 932', 'concierto', '1996-07-12', 'productora 932', '2020-09-01 03:00:00', 'Calle de las flores número 932 puerta C','Abierto');
INSERT INTO gradas VALUES ('grada 1', 'espectaculo 932', 'concierto', '1996-07-12', 'productora 932', '2022-09-01 18:00:00', 'Calle de las flores número 932 puerta C');
INSERT INTO gradas VALUES ('grada 2', 'espectaculo 932', 'concierto', '1996-07-12', 'productora 932', '2022-09-01 18:00:00', 'Calle de las flores número 932 puerta C');
INSERT INTO gradas VALUES ('grada 3', 'espectaculo 932', 'concierto', '1996-07-12', 'productora 932', '2022-09-01 18:00:00', 'Calle de las flores número 932 puerta C');
INSERT INTO espectaculos VALUES ('espectaculo 933', 'entrevista', '2010-07-03', 'productora 933', 'lista participantes 933', 3, '00:15:00', '00:29:00', '00:23:00');
INSERT INTO eventos VALUES ('espectaculo 933', 'entrevista', '2010-07-03', 'productora 933', '2022-09-01 18:00:00', 'Calle de las flores número 933 puerta C','Abierto');
INSERT INTO eventos VALUES ('espectaculo 933', 'entrevista', '2010-07-03', 'productora 933', '2020-09-01 03:00:00', 'Calle de las flores número 933 puerta C','Abierto');
INSERT INTO gradas VALUES ('grada 1', 'espectaculo 933', 'entrevista', '2010-07-03', 'productora 933', '2022-09-01 18:00:00', 'Calle de las flores número 933 puerta C');
INSERT INTO gradas VALUES ('grada 2', 'espectaculo 933', 'entrevista', '2010-07-03', 'productora 933', '2022-09-01 18:00:00', 'Calle de las flores número 933 puerta C');
INSERT INTO gradas VALUES ('grada 3', 'espectaculo 933', 'entrevista', '2010-07-03', 'productora 933', '2022-09-01 18:00:00', 'Calle de las flores número 933 puerta C');
INSERT INTO espectaculos VALUES ('espectaculo 934', 'deportivo', '1988-08-08', 'productora 934', 'lista participantes 934', 5, '00:11:00', '00:30:00', '00:15:00');
INSERT INTO eventos VALUES ('espectaculo 934', 'deportivo', '1988-08-08', 'productora 934', '2022-09-01 18:00:00', 'Calle de las flores número 934 puerta C','Abierto');
INSERT INTO eventos VALUES ('espectaculo 934', 'deportivo', '1988-08-08', 'productora 934', '2020-09-01 03:00:00', 'Calle de las flores número 934 puerta C','Abierto');
INSERT INTO gradas VALUES ('grada 1', 'espectaculo 934', 'deportivo', '1988-08-08', 'productora 934', '2022-09-01 18:00:00', 'Calle de las flores número 934 puerta C');
INSERT INTO gradas VALUES ('grada 2', 'espectaculo 934', 'deportivo', '1988-08-08', 'productora 934', '2022-09-01 18:00:00', 'Calle de las flores número 934 puerta C');
INSERT INTO gradas VALUES ('grada 3', 'espectaculo 934', 'deportivo', '1988-08-08', 'productora 934', '2022-09-01 18:00:00', 'Calle de las flores número 934 puerta C');
INSERT INTO espectaculos VALUES ('espectaculo 935', 'pelicula', '2016-02-13', 'productora 935', 'lista participantes 935', 2, '00:18:00', '00:40:00', '00:25:00');
INSERT INTO eventos VALUES ('espectaculo 935', 'pelicula', '2016-02-13', 'productora 935', '2022-09-01 18:00:00', 'Calle de las flores número 935 puerta C','Abierto');
INSERT INTO eventos VALUES ('espectaculo 935', 'pelicula', '2016-02-13', 'productora 935', '2020-09-01 03:00:00', 'Calle de las flores número 935 puerta C','Abierto');
INSERT INTO gradas VALUES ('grada 1', 'espectaculo 935', 'pelicula', '2016-02-13', 'productora 935', '2022-09-01 18:00:00', 'Calle de las flores número 935 puerta C');
INSERT INTO gradas VALUES ('grada 2', 'espectaculo 935', 'pelicula', '2016-02-13', 'productora 935', '2022-09-01 18:00:00', 'Calle de las flores número 935 puerta C');
INSERT INTO gradas VALUES ('grada 3', 'espectaculo 935', 'pelicula', '2016-02-13', 'productora 935', '2022-09-01 18:00:00', 'Calle de las flores número 935 puerta C');
INSERT INTO espectaculos VALUES ('espectaculo 936', 'deportivo', '2019-05-08', 'productora 936', 'lista participantes 936', 5, '00:11:00', '00:47:00', '00:24:00');
INSERT INTO eventos VALUES ('espectaculo 936', 'deportivo', '2019-05-08', 'productora 936', '2022-09-01 18:00:00', 'Calle de las flores número 936 puerta C','Abierto');
INSERT INTO eventos VALUES ('espectaculo 936', 'deportivo', '2019-05-08', 'productora 936', '2020-09-01 03:00:00', 'Calle de las flores número 936 puerta C','Abierto');
INSERT INTO gradas VALUES ('grada 1', 'espectaculo 936', 'deportivo', '2019-05-08', 'productora 936', '2022-09-01 18:00:00', 'Calle de las flores número 936 puerta C');
INSERT INTO gradas VALUES ('grada 2', 'espectaculo 936', 'deportivo', '2019-05-08', 'productora 936', '2022-09-01 18:00:00', 'Calle de las flores número 936 puerta C');
INSERT INTO gradas VALUES ('grada 3', 'espectaculo 936', 'deportivo', '2019-05-08', 'productora 936', '2022-09-01 18:00:00', 'Calle de las flores número 936 puerta C');
INSERT INTO espectaculos VALUES ('espectaculo 937', 'pelicula', '2001-02-17', 'productora 937', 'lista participantes 937', 1, '00:11:00', '00:27:00', '00:26:00');
INSERT INTO eventos VALUES ('espectaculo 937', 'pelicula', '2001-02-17', 'productora 937', '2022-09-01 18:00:00', 'Calle de las flores número 937 puerta C','Abierto');
INSERT INTO eventos VALUES ('espectaculo 937', 'pelicula', '2001-02-17', 'productora 937', '2020-09-01 03:00:00', 'Calle de las flores número 937 puerta C','Abierto');
INSERT INTO gradas VALUES ('grada 1', 'espectaculo 937', 'pelicula', '2001-02-17', 'productora 937', '2022-09-01 18:00:00', 'Calle de las flores número 937 puerta C');
INSERT INTO gradas VALUES ('grada 2', 'espectaculo 937', 'pelicula', '2001-02-17', 'productora 937', '2022-09-01 18:00:00', 'Calle de las flores número 937 puerta C');
INSERT INTO gradas VALUES ('grada 3', 'espectaculo 937', 'pelicula', '2001-02-17', 'productora 937', '2022-09-01 18:00:00', 'Calle de las flores número 937 puerta C');
INSERT INTO espectaculos VALUES ('espectaculo 938', 'pelicula', '2010-06-07', 'productora 938', 'lista participantes 938', 7, '00:14:00', '00:33:00', '00:21:00');
INSERT INTO eventos VALUES ('espectaculo 938', 'pelicula', '2010-06-07', 'productora 938', '2022-09-01 18:00:00', 'Calle de las flores número 938 puerta C','Abierto');
INSERT INTO eventos VALUES ('espectaculo 938', 'pelicula', '2010-06-07', 'productora 938', '2020-09-01 03:00:00', 'Calle de las flores número 938 puerta C','Abierto');
INSERT INTO gradas VALUES ('grada 1', 'espectaculo 938', 'pelicula', '2010-06-07', 'productora 938', '2022-09-01 18:00:00', 'Calle de las flores número 938 puerta C');
INSERT INTO gradas VALUES ('grada 2', 'espectaculo 938', 'pelicula', '2010-06-07', 'productora 938', '2022-09-01 18:00:00', 'Calle de las flores número 938 puerta C');
INSERT INTO gradas VALUES ('grada 3', 'espectaculo 938', 'pelicula', '2010-06-07', 'productora 938', '2022-09-01 18:00:00', 'Calle de las flores número 938 puerta C');
INSERT INTO espectaculos VALUES ('espectaculo 939', 'pelicula', '2001-08-19', 'productora 939', 'lista participantes 939', 6, '00:19:00', '00:22:00', '00:25:00');
INSERT INTO eventos VALUES ('espectaculo 939', 'pelicula', '2001-08-19', 'productora 939', '2022-09-01 18:00:00', 'Calle de las flores número 939 puerta C','Abierto');
INSERT INTO eventos VALUES ('espectaculo 939', 'pelicula', '2001-08-19', 'productora 939', '2020-09-01 03:00:00', 'Calle de las flores número 939 puerta C','Abierto');
INSERT INTO gradas VALUES ('grada 1', 'espectaculo 939', 'pelicula', '2001-08-19', 'productora 939', '2022-09-01 18:00:00', 'Calle de las flores número 939 puerta C');
INSERT INTO gradas VALUES ('grada 2', 'espectaculo 939', 'pelicula', '2001-08-19', 'productora 939', '2022-09-01 18:00:00', 'Calle de las flores número 939 puerta C');
INSERT INTO gradas VALUES ('grada 3', 'espectaculo 939', 'pelicula', '2001-08-19', 'productora 939', '2022-09-01 18:00:00', 'Calle de las flores número 939 puerta C');
INSERT INTO espectaculos VALUES ('espectaculo 940', 'concierto', '1992-11-15', 'productora 940', 'lista participantes 940', 1, '00:11:00', '00:55:00', '00:20:00');
INSERT INTO eventos VALUES ('espectaculo 940', 'concierto', '1992-11-15', 'productora 940', '2022-09-01 18:00:00', 'Calle de las flores número 940 puerta C','Abierto');
INSERT INTO eventos VALUES ('espectaculo 940', 'concierto', '1992-11-15', 'productora 940', '2020-09-01 03:00:00', 'Calle de las flores número 940 puerta C','Abierto');
INSERT INTO gradas VALUES ('grada 1', 'espectaculo 940', 'concierto', '1992-11-15', 'productora 940', '2022-09-01 18:00:00', 'Calle de las flores número 940 puerta C');
INSERT INTO gradas VALUES ('grada 2', 'espectaculo 940', 'concierto', '1992-11-15', 'productora 940', '2022-09-01 18:00:00', 'Calle de las flores número 940 puerta C');
INSERT INTO gradas VALUES ('grada 3', 'espectaculo 940', 'concierto', '1992-11-15', 'productora 940', '2022-09-01 18:00:00', 'Calle de las flores número 940 puerta C');
INSERT INTO espectaculos VALUES ('espectaculo 941', 'pelicula', '1989-11-22', 'productora 941', 'lista participantes 941', 9, '00:12:00', '00:26:00', '00:21:00');
INSERT INTO eventos VALUES ('espectaculo 941', 'pelicula', '1989-11-22', 'productora 941', '2022-09-01 18:00:00', 'Calle de las flores número 941 puerta C','Abierto');
INSERT INTO eventos VALUES ('espectaculo 941', 'pelicula', '1989-11-22', 'productora 941', '2020-09-01 03:00:00', 'Calle de las flores número 941 puerta C','Abierto');
INSERT INTO gradas VALUES ('grada 1', 'espectaculo 941', 'pelicula', '1989-11-22', 'productora 941', '2022-09-01 18:00:00', 'Calle de las flores número 941 puerta C');
INSERT INTO gradas VALUES ('grada 2', 'espectaculo 941', 'pelicula', '1989-11-22', 'productora 941', '2022-09-01 18:00:00', 'Calle de las flores número 941 puerta C');
INSERT INTO gradas VALUES ('grada 3', 'espectaculo 941', 'pelicula', '1989-11-22', 'productora 941', '2022-09-01 18:00:00', 'Calle de las flores número 941 puerta C');
INSERT INTO espectaculos VALUES ('espectaculo 942', 'teatro', '1999-10-15', 'productora 942', 'lista participantes 942', 9, '00:19:00', '00:54:00', '00:16:00');
INSERT INTO eventos VALUES ('espectaculo 942', 'teatro', '1999-10-15', 'productora 942', '2022-09-01 18:00:00', 'Calle de las flores número 942 puerta C','Abierto');
INSERT INTO eventos VALUES ('espectaculo 942', 'teatro', '1999-10-15', 'productora 942', '2020-09-01 03:00:00', 'Calle de las flores número 942 puerta C','Abierto');
INSERT INTO gradas VALUES ('grada 1', 'espectaculo 942', 'teatro', '1999-10-15', 'productora 942', '2022-09-01 18:00:00', 'Calle de las flores número 942 puerta C');
INSERT INTO gradas VALUES ('grada 2', 'espectaculo 942', 'teatro', '1999-10-15', 'productora 942', '2022-09-01 18:00:00', 'Calle de las flores número 942 puerta C');
INSERT INTO gradas VALUES ('grada 3', 'espectaculo 942', 'teatro', '1999-10-15', 'productora 942', '2022-09-01 18:00:00', 'Calle de las flores número 942 puerta C');
INSERT INTO espectaculos VALUES ('espectaculo 943', 'entrevista', '2007-02-18', 'productora 943', 'lista participantes 943', 8, '00:15:00', '00:27:00', '00:28:00');
INSERT INTO eventos VALUES ('espectaculo 943', 'entrevista', '2007-02-18', 'productora 943', '2022-09-01 18:00:00', 'Calle de las flores número 943 puerta C','Abierto');
INSERT INTO eventos VALUES ('espectaculo 943', 'entrevista', '2007-02-18', 'productora 943', '2020-09-01 03:00:00', 'Calle de las flores número 943 puerta C','Abierto');
INSERT INTO gradas VALUES ('grada 1', 'espectaculo 943', 'entrevista', '2007-02-18', 'productora 943', '2022-09-01 18:00:00', 'Calle de las flores número 943 puerta C');
INSERT INTO gradas VALUES ('grada 2', 'espectaculo 943', 'entrevista', '2007-02-18', 'productora 943', '2022-09-01 18:00:00', 'Calle de las flores número 943 puerta C');
INSERT INTO gradas VALUES ('grada 3', 'espectaculo 943', 'entrevista', '2007-02-18', 'productora 943', '2022-09-01 18:00:00', 'Calle de las flores número 943 puerta C');
INSERT INTO espectaculos VALUES ('espectaculo 944', 'entrevista', '2010-10-25', 'productora 944', 'lista participantes 944', 1, '00:11:00', '00:59:00', '00:21:00');
INSERT INTO eventos VALUES ('espectaculo 944', 'entrevista', '2010-10-25', 'productora 944', '2022-09-01 18:00:00', 'Calle de las flores número 944 puerta C','Abierto');
INSERT INTO eventos VALUES ('espectaculo 944', 'entrevista', '2010-10-25', 'productora 944', '2020-09-01 03:00:00', 'Calle de las flores número 944 puerta C','Abierto');
INSERT INTO gradas VALUES ('grada 1', 'espectaculo 944', 'entrevista', '2010-10-25', 'productora 944', '2022-09-01 18:00:00', 'Calle de las flores número 944 puerta C');
INSERT INTO gradas VALUES ('grada 2', 'espectaculo 944', 'entrevista', '2010-10-25', 'productora 944', '2022-09-01 18:00:00', 'Calle de las flores número 944 puerta C');
INSERT INTO gradas VALUES ('grada 3', 'espectaculo 944', 'entrevista', '2010-10-25', 'productora 944', '2022-09-01 18:00:00', 'Calle de las flores número 944 puerta C');
INSERT INTO espectaculos VALUES ('espectaculo 945', 'entrevista', '2004-03-24', 'productora 945', 'lista participantes 945', 8, '00:11:00', '00:58:00', '00:16:00');
INSERT INTO eventos VALUES ('espectaculo 945', 'entrevista', '2004-03-24', 'productora 945', '2022-09-01 18:00:00', 'Calle de las flores número 945 puerta C','Abierto');
INSERT INTO eventos VALUES ('espectaculo 945', 'entrevista', '2004-03-24', 'productora 945', '2020-09-01 03:00:00', 'Calle de las flores número 945 puerta C','Abierto');
INSERT INTO gradas VALUES ('grada 1', 'espectaculo 945', 'entrevista', '2004-03-24', 'productora 945', '2022-09-01 18:00:00', 'Calle de las flores número 945 puerta C');
INSERT INTO gradas VALUES ('grada 2', 'espectaculo 945', 'entrevista', '2004-03-24', 'productora 945', '2022-09-01 18:00:00', 'Calle de las flores número 945 puerta C');
INSERT INTO gradas VALUES ('grada 3', 'espectaculo 945', 'entrevista', '2004-03-24', 'productora 945', '2022-09-01 18:00:00', 'Calle de las flores número 945 puerta C');
INSERT INTO espectaculos VALUES ('espectaculo 946', 'pelicula', '1989-06-12', 'productora 946', 'lista participantes 946', 4, '00:12:00', '00:37:00', '00:25:00');
INSERT INTO eventos VALUES ('espectaculo 946', 'pelicula', '1989-06-12', 'productora 946', '2022-09-01 18:00:00', 'Calle de las flores número 946 puerta C','Abierto');
INSERT INTO eventos VALUES ('espectaculo 946', 'pelicula', '1989-06-12', 'productora 946', '2020-09-01 03:00:00', 'Calle de las flores número 946 puerta C','Abierto');
INSERT INTO gradas VALUES ('grada 1', 'espectaculo 946', 'pelicula', '1989-06-12', 'productora 946', '2022-09-01 18:00:00', 'Calle de las flores número 946 puerta C');
INSERT INTO gradas VALUES ('grada 2', 'espectaculo 946', 'pelicula', '1989-06-12', 'productora 946', '2022-09-01 18:00:00', 'Calle de las flores número 946 puerta C');
INSERT INTO gradas VALUES ('grada 3', 'espectaculo 946', 'pelicula', '1989-06-12', 'productora 946', '2022-09-01 18:00:00', 'Calle de las flores número 946 puerta C');
INSERT INTO espectaculos VALUES ('espectaculo 947', 'deportivo', '2009-05-23', 'productora 947', 'lista participantes 947', 8, '00:19:00', '00:34:00', '00:27:00');
INSERT INTO eventos VALUES ('espectaculo 947', 'deportivo', '2009-05-23', 'productora 947', '2022-09-01 18:00:00', 'Calle de las flores número 947 puerta C','Abierto');
INSERT INTO eventos VALUES ('espectaculo 947', 'deportivo', '2009-05-23', 'productora 947', '2020-09-01 03:00:00', 'Calle de las flores número 947 puerta C','Abierto');
INSERT INTO gradas VALUES ('grada 1', 'espectaculo 947', 'deportivo', '2009-05-23', 'productora 947', '2022-09-01 18:00:00', 'Calle de las flores número 947 puerta C');
INSERT INTO gradas VALUES ('grada 2', 'espectaculo 947', 'deportivo', '2009-05-23', 'productora 947', '2022-09-01 18:00:00', 'Calle de las flores número 947 puerta C');
INSERT INTO gradas VALUES ('grada 3', 'espectaculo 947', 'deportivo', '2009-05-23', 'productora 947', '2022-09-01 18:00:00', 'Calle de las flores número 947 puerta C');
INSERT INTO espectaculos VALUES ('espectaculo 948', 'teatro', '2006-02-04', 'productora 948', 'lista participantes 948', 3, '00:15:00', '00:47:00', '00:22:00');
INSERT INTO eventos VALUES ('espectaculo 948', 'teatro', '2006-02-04', 'productora 948', '2022-09-01 18:00:00', 'Calle de las flores número 948 puerta C','Abierto');
INSERT INTO eventos VALUES ('espectaculo 948', 'teatro', '2006-02-04', 'productora 948', '2020-09-01 03:00:00', 'Calle de las flores número 948 puerta C','Abierto');
INSERT INTO gradas VALUES ('grada 1', 'espectaculo 948', 'teatro', '2006-02-04', 'productora 948', '2022-09-01 18:00:00', 'Calle de las flores número 948 puerta C');
INSERT INTO gradas VALUES ('grada 2', 'espectaculo 948', 'teatro', '2006-02-04', 'productora 948', '2022-09-01 18:00:00', 'Calle de las flores número 948 puerta C');
INSERT INTO gradas VALUES ('grada 3', 'espectaculo 948', 'teatro', '2006-02-04', 'productora 948', '2022-09-01 18:00:00', 'Calle de las flores número 948 puerta C');
INSERT INTO espectaculos VALUES ('espectaculo 949', 'entrevista', '2010-01-07', 'productora 949', 'lista participantes 949', 1, '00:15:00', '00:52:00', '00:17:00');
INSERT INTO eventos VALUES ('espectaculo 949', 'entrevista', '2010-01-07', 'productora 949', '2022-09-01 18:00:00', 'Calle de las flores número 949 puerta C','Abierto');
INSERT INTO eventos VALUES ('espectaculo 949', 'entrevista', '2010-01-07', 'productora 949', '2020-09-01 03:00:00', 'Calle de las flores número 949 puerta C','Abierto');
INSERT INTO gradas VALUES ('grada 1', 'espectaculo 949', 'entrevista', '2010-01-07', 'productora 949', '2022-09-01 18:00:00', 'Calle de las flores número 949 puerta C');
INSERT INTO gradas VALUES ('grada 2', 'espectaculo 949', 'entrevista', '2010-01-07', 'productora 949', '2022-09-01 18:00:00', 'Calle de las flores número 949 puerta C');
INSERT INTO gradas VALUES ('grada 3', 'espectaculo 949', 'entrevista', '2010-01-07', 'productora 949', '2022-09-01 18:00:00', 'Calle de las flores número 949 puerta C');
INSERT INTO espectaculos VALUES ('espectaculo 950', 'teatro', '2017-02-15', 'productora 950', 'lista participantes 950', 4, '00:19:00', '00:29:00', '00:28:00');
INSERT INTO eventos VALUES ('espectaculo 950', 'teatro', '2017-02-15', 'productora 950', '2022-09-01 18:00:00', 'Calle de las flores número 950 puerta C','Abierto');
INSERT INTO eventos VALUES ('espectaculo 950', 'teatro', '2017-02-15', 'productora 950', '2020-09-01 03:00:00', 'Calle de las flores número 950 puerta C','Abierto');
INSERT INTO gradas VALUES ('grada 1', 'espectaculo 950', 'teatro', '2017-02-15', 'productora 950', '2022-09-01 18:00:00', 'Calle de las flores número 950 puerta C');
INSERT INTO gradas VALUES ('grada 2', 'espectaculo 950', 'teatro', '2017-02-15', 'productora 950', '2022-09-01 18:00:00', 'Calle de las flores número 950 puerta C');
INSERT INTO gradas VALUES ('grada 3', 'espectaculo 950', 'teatro', '2017-02-15', 'productora 950', '2022-09-01 18:00:00', 'Calle de las flores número 950 puerta C');
INSERT INTO espectaculos VALUES ('espectaculo 951', 'entrevista', '2017-11-14', 'productora 951', 'lista participantes 951', 5, '00:15:00', '00:37:00', '00:23:00');
INSERT INTO eventos VALUES ('espectaculo 951', 'entrevista', '2017-11-14', 'productora 951', '2022-09-01 18:00:00', 'Calle de las flores número 951 puerta C','Abierto');
INSERT INTO eventos VALUES ('espectaculo 951', 'entrevista', '2017-11-14', 'productora 951', '2020-09-01 03:00:00', 'Calle de las flores número 951 puerta C','Abierto');
INSERT INTO gradas VALUES ('grada 1', 'espectaculo 951', 'entrevista', '2017-11-14', 'productora 951', '2022-09-01 18:00:00', 'Calle de las flores número 951 puerta C');
INSERT INTO gradas VALUES ('grada 2', 'espectaculo 951', 'entrevista', '2017-11-14', 'productora 951', '2022-09-01 18:00:00', 'Calle de las flores número 951 puerta C');
INSERT INTO gradas VALUES ('grada 3', 'espectaculo 951', 'entrevista', '2017-11-14', 'productora 951', '2022-09-01 18:00:00', 'Calle de las flores número 951 puerta C');
INSERT INTO espectaculos VALUES ('espectaculo 952', 'pelicula', '1996-01-10', 'productora 952', 'lista participantes 952', 6, '00:18:00', '00:22:00', '00:16:00');
INSERT INTO eventos VALUES ('espectaculo 952', 'pelicula', '1996-01-10', 'productora 952', '2022-09-01 18:00:00', 'Calle de las flores número 952 puerta C','Abierto');
INSERT INTO eventos VALUES ('espectaculo 952', 'pelicula', '1996-01-10', 'productora 952', '2020-09-01 03:00:00', 'Calle de las flores número 952 puerta C','Abierto');
INSERT INTO gradas VALUES ('grada 1', 'espectaculo 952', 'pelicula', '1996-01-10', 'productora 952', '2022-09-01 18:00:00', 'Calle de las flores número 952 puerta C');
INSERT INTO gradas VALUES ('grada 2', 'espectaculo 952', 'pelicula', '1996-01-10', 'productora 952', '2022-09-01 18:00:00', 'Calle de las flores número 952 puerta C');
INSERT INTO gradas VALUES ('grada 3', 'espectaculo 952', 'pelicula', '1996-01-10', 'productora 952', '2022-09-01 18:00:00', 'Calle de las flores número 952 puerta C');
INSERT INTO espectaculos VALUES ('espectaculo 953', 'concierto', '2010-01-09', 'productora 953', 'lista participantes 953', 9, '00:10:00', '00:34:00', '00:25:00');
INSERT INTO eventos VALUES ('espectaculo 953', 'concierto', '2010-01-09', 'productora 953', '2022-09-01 18:00:00', 'Calle de las flores número 953 puerta C','Abierto');
INSERT INTO eventos VALUES ('espectaculo 953', 'concierto', '2010-01-09', 'productora 953', '2020-09-01 03:00:00', 'Calle de las flores número 953 puerta C','Abierto');
INSERT INTO gradas VALUES ('grada 1', 'espectaculo 953', 'concierto', '2010-01-09', 'productora 953', '2022-09-01 18:00:00', 'Calle de las flores número 953 puerta C');
INSERT INTO gradas VALUES ('grada 2', 'espectaculo 953', 'concierto', '2010-01-09', 'productora 953', '2022-09-01 18:00:00', 'Calle de las flores número 953 puerta C');
INSERT INTO gradas VALUES ('grada 3', 'espectaculo 953', 'concierto', '2010-01-09', 'productora 953', '2022-09-01 18:00:00', 'Calle de las flores número 953 puerta C');
INSERT INTO espectaculos VALUES ('espectaculo 954', 'teatro', '1993-06-27', 'productora 954', 'lista participantes 954', 3, '00:10:00', '00:18:00', '00:28:00');
INSERT INTO eventos VALUES ('espectaculo 954', 'teatro', '1993-06-27', 'productora 954', '2022-09-01 18:00:00', 'Calle de las flores número 954 puerta C','Abierto');
INSERT INTO eventos VALUES ('espectaculo 954', 'teatro', '1993-06-27', 'productora 954', '2020-09-01 03:00:00', 'Calle de las flores número 954 puerta C','Abierto');
INSERT INTO gradas VALUES ('grada 1', 'espectaculo 954', 'teatro', '1993-06-27', 'productora 954', '2022-09-01 18:00:00', 'Calle de las flores número 954 puerta C');
INSERT INTO gradas VALUES ('grada 2', 'espectaculo 954', 'teatro', '1993-06-27', 'productora 954', '2022-09-01 18:00:00', 'Calle de las flores número 954 puerta C');
INSERT INTO gradas VALUES ('grada 3', 'espectaculo 954', 'teatro', '1993-06-27', 'productora 954', '2022-09-01 18:00:00', 'Calle de las flores número 954 puerta C');
INSERT INTO espectaculos VALUES ('espectaculo 955', 'pelicula', '2012-10-06', 'productora 955', 'lista participantes 955', 1, '00:13:00', '00:27:00', '00:17:00');
INSERT INTO eventos VALUES ('espectaculo 955', 'pelicula', '2012-10-06', 'productora 955', '2022-09-01 18:00:00', 'Calle de las flores número 955 puerta C','Abierto');
INSERT INTO eventos VALUES ('espectaculo 955', 'pelicula', '2012-10-06', 'productora 955', '2020-09-01 03:00:00', 'Calle de las flores número 955 puerta C','Abierto');
INSERT INTO gradas VALUES ('grada 1', 'espectaculo 955', 'pelicula', '2012-10-06', 'productora 955', '2022-09-01 18:00:00', 'Calle de las flores número 955 puerta C');
INSERT INTO gradas VALUES ('grada 2', 'espectaculo 955', 'pelicula', '2012-10-06', 'productora 955', '2022-09-01 18:00:00', 'Calle de las flores número 955 puerta C');
INSERT INTO gradas VALUES ('grada 3', 'espectaculo 955', 'pelicula', '2012-10-06', 'productora 955', '2022-09-01 18:00:00', 'Calle de las flores número 955 puerta C');
INSERT INTO espectaculos VALUES ('espectaculo 956', 'concierto', '2014-05-11', 'productora 956', 'lista participantes 956', 5, '00:15:00', '00:55:00', '00:16:00');
INSERT INTO eventos VALUES ('espectaculo 956', 'concierto', '2014-05-11', 'productora 956', '2022-09-01 18:00:00', 'Calle de las flores número 956 puerta C','Abierto');
INSERT INTO eventos VALUES ('espectaculo 956', 'concierto', '2014-05-11', 'productora 956', '2020-09-01 03:00:00', 'Calle de las flores número 956 puerta C','Abierto');
INSERT INTO gradas VALUES ('grada 1', 'espectaculo 956', 'concierto', '2014-05-11', 'productora 956', '2022-09-01 18:00:00', 'Calle de las flores número 956 puerta C');
INSERT INTO gradas VALUES ('grada 2', 'espectaculo 956', 'concierto', '2014-05-11', 'productora 956', '2022-09-01 18:00:00', 'Calle de las flores número 956 puerta C');
INSERT INTO gradas VALUES ('grada 3', 'espectaculo 956', 'concierto', '2014-05-11', 'productora 956', '2022-09-01 18:00:00', 'Calle de las flores número 956 puerta C');
INSERT INTO espectaculos VALUES ('espectaculo 957', 'entrevista', '1994-05-18', 'productora 957', 'lista participantes 957', 2, '00:10:00', '00:31:00', '00:21:00');
INSERT INTO eventos VALUES ('espectaculo 957', 'entrevista', '1994-05-18', 'productora 957', '2022-09-01 18:00:00', 'Calle de las flores número 957 puerta C','Abierto');
INSERT INTO eventos VALUES ('espectaculo 957', 'entrevista', '1994-05-18', 'productora 957', '2020-09-01 03:00:00', 'Calle de las flores número 957 puerta C','Abierto');
INSERT INTO gradas VALUES ('grada 1', 'espectaculo 957', 'entrevista', '1994-05-18', 'productora 957', '2022-09-01 18:00:00', 'Calle de las flores número 957 puerta C');
INSERT INTO gradas VALUES ('grada 2', 'espectaculo 957', 'entrevista', '1994-05-18', 'productora 957', '2022-09-01 18:00:00', 'Calle de las flores número 957 puerta C');
INSERT INTO gradas VALUES ('grada 3', 'espectaculo 957', 'entrevista', '1994-05-18', 'productora 957', '2022-09-01 18:00:00', 'Calle de las flores número 957 puerta C');
INSERT INTO espectaculos VALUES ('espectaculo 958', 'entrevista', '2003-02-26', 'productora 958', 'lista participantes 958', 6, '00:19:00', '00:20:00', '00:24:00');
INSERT INTO eventos VALUES ('espectaculo 958', 'entrevista', '2003-02-26', 'productora 958', '2022-09-01 18:00:00', 'Calle de las flores número 958 puerta C','Abierto');
INSERT INTO eventos VALUES ('espectaculo 958', 'entrevista', '2003-02-26', 'productora 958', '2020-09-01 03:00:00', 'Calle de las flores número 958 puerta C','Abierto');
INSERT INTO gradas VALUES ('grada 1', 'espectaculo 958', 'entrevista', '2003-02-26', 'productora 958', '2022-09-01 18:00:00', 'Calle de las flores número 958 puerta C');
INSERT INTO gradas VALUES ('grada 2', 'espectaculo 958', 'entrevista', '2003-02-26', 'productora 958', '2022-09-01 18:00:00', 'Calle de las flores número 958 puerta C');
INSERT INTO gradas VALUES ('grada 3', 'espectaculo 958', 'entrevista', '2003-02-26', 'productora 958', '2022-09-01 18:00:00', 'Calle de las flores número 958 puerta C');
INSERT INTO espectaculos VALUES ('espectaculo 959', 'pelicula', '1991-10-19', 'productora 959', 'lista participantes 959', 2, '00:14:00', '00:30:00', '00:19:00');
INSERT INTO eventos VALUES ('espectaculo 959', 'pelicula', '1991-10-19', 'productora 959', '2022-09-01 18:00:00', 'Calle de las flores número 959 puerta C','Abierto');
INSERT INTO eventos VALUES ('espectaculo 959', 'pelicula', '1991-10-19', 'productora 959', '2020-09-01 03:00:00', 'Calle de las flores número 959 puerta C','Abierto');
INSERT INTO gradas VALUES ('grada 1', 'espectaculo 959', 'pelicula', '1991-10-19', 'productora 959', '2022-09-01 18:00:00', 'Calle de las flores número 959 puerta C');
INSERT INTO gradas VALUES ('grada 2', 'espectaculo 959', 'pelicula', '1991-10-19', 'productora 959', '2022-09-01 18:00:00', 'Calle de las flores número 959 puerta C');
INSERT INTO gradas VALUES ('grada 3', 'espectaculo 959', 'pelicula', '1991-10-19', 'productora 959', '2022-09-01 18:00:00', 'Calle de las flores número 959 puerta C');
INSERT INTO espectaculos VALUES ('espectaculo 960', 'teatro', '1998-03-23', 'productora 960', 'lista participantes 960', 3, '00:14:00', '00:56:00', '00:16:00');
INSERT INTO eventos VALUES ('espectaculo 960', 'teatro', '1998-03-23', 'productora 960', '2022-09-01 18:00:00', 'Calle de las flores número 960 puerta C','Abierto');
INSERT INTO eventos VALUES ('espectaculo 960', 'teatro', '1998-03-23', 'productora 960', '2020-09-01 03:00:00', 'Calle de las flores número 960 puerta C','Abierto');
INSERT INTO gradas VALUES ('grada 1', 'espectaculo 960', 'teatro', '1998-03-23', 'productora 960', '2022-09-01 18:00:00', 'Calle de las flores número 960 puerta C');
INSERT INTO gradas VALUES ('grada 2', 'espectaculo 960', 'teatro', '1998-03-23', 'productora 960', '2022-09-01 18:00:00', 'Calle de las flores número 960 puerta C');
INSERT INTO gradas VALUES ('grada 3', 'espectaculo 960', 'teatro', '1998-03-23', 'productora 960', '2022-09-01 18:00:00', 'Calle de las flores número 960 puerta C');
INSERT INTO espectaculos VALUES ('espectaculo 961', 'entrevista', '2016-10-11', 'productora 961', 'lista participantes 961', 1, '00:16:00', '00:16:00', '00:25:00');
INSERT INTO eventos VALUES ('espectaculo 961', 'entrevista', '2016-10-11', 'productora 961', '2022-09-01 18:00:00', 'Calle de las flores número 961 puerta C','Abierto');
INSERT INTO eventos VALUES ('espectaculo 961', 'entrevista', '2016-10-11', 'productora 961', '2020-09-01 03:00:00', 'Calle de las flores número 961 puerta C','Abierto');
INSERT INTO gradas VALUES ('grada 1', 'espectaculo 961', 'entrevista', '2016-10-11', 'productora 961', '2022-09-01 18:00:00', 'Calle de las flores número 961 puerta C');
INSERT INTO gradas VALUES ('grada 2', 'espectaculo 961', 'entrevista', '2016-10-11', 'productora 961', '2022-09-01 18:00:00', 'Calle de las flores número 961 puerta C');
INSERT INTO gradas VALUES ('grada 3', 'espectaculo 961', 'entrevista', '2016-10-11', 'productora 961', '2022-09-01 18:00:00', 'Calle de las flores número 961 puerta C');
INSERT INTO espectaculos VALUES ('espectaculo 962', 'entrevista', '1985-06-07', 'productora 962', 'lista participantes 962', 6, '00:15:00', '00:27:00', '00:22:00');
INSERT INTO eventos VALUES ('espectaculo 962', 'entrevista', '1985-06-07', 'productora 962', '2022-09-01 18:00:00', 'Calle de las flores número 962 puerta C','Abierto');
INSERT INTO eventos VALUES ('espectaculo 962', 'entrevista', '1985-06-07', 'productora 962', '2020-09-01 03:00:00', 'Calle de las flores número 962 puerta C','Abierto');
INSERT INTO gradas VALUES ('grada 1', 'espectaculo 962', 'entrevista', '1985-06-07', 'productora 962', '2022-09-01 18:00:00', 'Calle de las flores número 962 puerta C');
INSERT INTO gradas VALUES ('grada 2', 'espectaculo 962', 'entrevista', '1985-06-07', 'productora 962', '2022-09-01 18:00:00', 'Calle de las flores número 962 puerta C');
INSERT INTO gradas VALUES ('grada 3', 'espectaculo 962', 'entrevista', '1985-06-07', 'productora 962', '2022-09-01 18:00:00', 'Calle de las flores número 962 puerta C');
INSERT INTO espectaculos VALUES ('espectaculo 963', 'entrevista', '2002-09-27', 'productora 963', 'lista participantes 963', 7, '00:15:00', '00:43:00', '00:23:00');
INSERT INTO eventos VALUES ('espectaculo 963', 'entrevista', '2002-09-27', 'productora 963', '2022-09-01 18:00:00', 'Calle de las flores número 963 puerta C','Abierto');
INSERT INTO eventos VALUES ('espectaculo 963', 'entrevista', '2002-09-27', 'productora 963', '2020-09-01 03:00:00', 'Calle de las flores número 963 puerta C','Abierto');
INSERT INTO gradas VALUES ('grada 1', 'espectaculo 963', 'entrevista', '2002-09-27', 'productora 963', '2022-09-01 18:00:00', 'Calle de las flores número 963 puerta C');
INSERT INTO gradas VALUES ('grada 2', 'espectaculo 963', 'entrevista', '2002-09-27', 'productora 963', '2022-09-01 18:00:00', 'Calle de las flores número 963 puerta C');
INSERT INTO gradas VALUES ('grada 3', 'espectaculo 963', 'entrevista', '2002-09-27', 'productora 963', '2022-09-01 18:00:00', 'Calle de las flores número 963 puerta C');
INSERT INTO espectaculos VALUES ('espectaculo 964', 'pelicula', '2018-06-13', 'productora 964', 'lista participantes 964', 6, '00:12:00', '00:35:00', '00:28:00');
INSERT INTO eventos VALUES ('espectaculo 964', 'pelicula', '2018-06-13', 'productora 964', '2022-09-01 18:00:00', 'Calle de las flores número 964 puerta C','Abierto');
INSERT INTO eventos VALUES ('espectaculo 964', 'pelicula', '2018-06-13', 'productora 964', '2020-09-01 03:00:00', 'Calle de las flores número 964 puerta C','Abierto');
INSERT INTO gradas VALUES ('grada 1', 'espectaculo 964', 'pelicula', '2018-06-13', 'productora 964', '2022-09-01 18:00:00', 'Calle de las flores número 964 puerta C');
INSERT INTO gradas VALUES ('grada 2', 'espectaculo 964', 'pelicula', '2018-06-13', 'productora 964', '2022-09-01 18:00:00', 'Calle de las flores número 964 puerta C');
INSERT INTO gradas VALUES ('grada 3', 'espectaculo 964', 'pelicula', '2018-06-13', 'productora 964', '2022-09-01 18:00:00', 'Calle de las flores número 964 puerta C');
INSERT INTO espectaculos VALUES ('espectaculo 965', 'deportivo', '1989-04-01', 'productora 965', 'lista participantes 965', 1, '00:17:00', '00:49:00', '00:19:00');
INSERT INTO eventos VALUES ('espectaculo 965', 'deportivo', '1989-04-01', 'productora 965', '2022-09-01 18:00:00', 'Calle de las flores número 965 puerta C','Abierto');
INSERT INTO eventos VALUES ('espectaculo 965', 'deportivo', '1989-04-01', 'productora 965', '2020-09-01 03:00:00', 'Calle de las flores número 965 puerta C','Abierto');
INSERT INTO gradas VALUES ('grada 1', 'espectaculo 965', 'deportivo', '1989-04-01', 'productora 965', '2022-09-01 18:00:00', 'Calle de las flores número 965 puerta C');
INSERT INTO gradas VALUES ('grada 2', 'espectaculo 965', 'deportivo', '1989-04-01', 'productora 965', '2022-09-01 18:00:00', 'Calle de las flores número 965 puerta C');
INSERT INTO gradas VALUES ('grada 3', 'espectaculo 965', 'deportivo', '1989-04-01', 'productora 965', '2022-09-01 18:00:00', 'Calle de las flores número 965 puerta C');
INSERT INTO espectaculos VALUES ('espectaculo 966', 'teatro', '1998-07-15', 'productora 966', 'lista participantes 966', 3, '00:17:00', '00:52:00', '00:26:00');
INSERT INTO eventos VALUES ('espectaculo 966', 'teatro', '1998-07-15', 'productora 966', '2022-09-01 18:00:00', 'Calle de las flores número 966 puerta C','Abierto');
INSERT INTO eventos VALUES ('espectaculo 966', 'teatro', '1998-07-15', 'productora 966', '2020-09-01 03:00:00', 'Calle de las flores número 966 puerta C','Abierto');
INSERT INTO gradas VALUES ('grada 1', 'espectaculo 966', 'teatro', '1998-07-15', 'productora 966', '2022-09-01 18:00:00', 'Calle de las flores número 966 puerta C');
INSERT INTO gradas VALUES ('grada 2', 'espectaculo 966', 'teatro', '1998-07-15', 'productora 966', '2022-09-01 18:00:00', 'Calle de las flores número 966 puerta C');
INSERT INTO gradas VALUES ('grada 3', 'espectaculo 966', 'teatro', '1998-07-15', 'productora 966', '2022-09-01 18:00:00', 'Calle de las flores número 966 puerta C');
INSERT INTO espectaculos VALUES ('espectaculo 967', 'deportivo', '1992-06-07', 'productora 967', 'lista participantes 967', 7, '00:13:00', '00:52:00', '00:22:00');
INSERT INTO eventos VALUES ('espectaculo 967', 'deportivo', '1992-06-07', 'productora 967', '2022-09-01 18:00:00', 'Calle de las flores número 967 puerta C','Abierto');
INSERT INTO eventos VALUES ('espectaculo 967', 'deportivo', '1992-06-07', 'productora 967', '2020-09-01 03:00:00', 'Calle de las flores número 967 puerta C','Abierto');
INSERT INTO gradas VALUES ('grada 1', 'espectaculo 967', 'deportivo', '1992-06-07', 'productora 967', '2022-09-01 18:00:00', 'Calle de las flores número 967 puerta C');
INSERT INTO gradas VALUES ('grada 2', 'espectaculo 967', 'deportivo', '1992-06-07', 'productora 967', '2022-09-01 18:00:00', 'Calle de las flores número 967 puerta C');
INSERT INTO gradas VALUES ('grada 3', 'espectaculo 967', 'deportivo', '1992-06-07', 'productora 967', '2022-09-01 18:00:00', 'Calle de las flores número 967 puerta C');
INSERT INTO espectaculos VALUES ('espectaculo 968', 'deportivo', '1989-04-15', 'productora 968', 'lista participantes 968', 7, '00:19:00', '00:53:00', '00:15:00');
INSERT INTO eventos VALUES ('espectaculo 968', 'deportivo', '1989-04-15', 'productora 968', '2022-09-01 18:00:00', 'Calle de las flores número 968 puerta C','Abierto');
INSERT INTO eventos VALUES ('espectaculo 968', 'deportivo', '1989-04-15', 'productora 968', '2020-09-01 03:00:00', 'Calle de las flores número 968 puerta C','Abierto');
INSERT INTO gradas VALUES ('grada 1', 'espectaculo 968', 'deportivo', '1989-04-15', 'productora 968', '2022-09-01 18:00:00', 'Calle de las flores número 968 puerta C');
INSERT INTO gradas VALUES ('grada 2', 'espectaculo 968', 'deportivo', '1989-04-15', 'productora 968', '2022-09-01 18:00:00', 'Calle de las flores número 968 puerta C');
INSERT INTO gradas VALUES ('grada 3', 'espectaculo 968', 'deportivo', '1989-04-15', 'productora 968', '2022-09-01 18:00:00', 'Calle de las flores número 968 puerta C');
INSERT INTO espectaculos VALUES ('espectaculo 969', 'deportivo', '1996-08-19', 'productora 969', 'lista participantes 969', 8, '00:19:00', '00:34:00', '00:23:00');
INSERT INTO eventos VALUES ('espectaculo 969', 'deportivo', '1996-08-19', 'productora 969', '2022-09-01 18:00:00', 'Calle de las flores número 969 puerta C','Abierto');
INSERT INTO eventos VALUES ('espectaculo 969', 'deportivo', '1996-08-19', 'productora 969', '2020-09-01 03:00:00', 'Calle de las flores número 969 puerta C','Abierto');
INSERT INTO gradas VALUES ('grada 1', 'espectaculo 969', 'deportivo', '1996-08-19', 'productora 969', '2022-09-01 18:00:00', 'Calle de las flores número 969 puerta C');
INSERT INTO gradas VALUES ('grada 2', 'espectaculo 969', 'deportivo', '1996-08-19', 'productora 969', '2022-09-01 18:00:00', 'Calle de las flores número 969 puerta C');
INSERT INTO gradas VALUES ('grada 3', 'espectaculo 969', 'deportivo', '1996-08-19', 'productora 969', '2022-09-01 18:00:00', 'Calle de las flores número 969 puerta C');
INSERT INTO espectaculos VALUES ('espectaculo 970', 'teatro', '1990-07-11', 'productora 970', 'lista participantes 970', 5, '00:16:00', '00:57:00', '00:19:00');
INSERT INTO eventos VALUES ('espectaculo 970', 'teatro', '1990-07-11', 'productora 970', '2022-09-01 18:00:00', 'Calle de las flores número 970 puerta C','Abierto');
INSERT INTO eventos VALUES ('espectaculo 970', 'teatro', '1990-07-11', 'productora 970', '2020-09-01 03:00:00', 'Calle de las flores número 970 puerta C','Abierto');
INSERT INTO gradas VALUES ('grada 1', 'espectaculo 970', 'teatro', '1990-07-11', 'productora 970', '2022-09-01 18:00:00', 'Calle de las flores número 970 puerta C');
INSERT INTO gradas VALUES ('grada 2', 'espectaculo 970', 'teatro', '1990-07-11', 'productora 970', '2022-09-01 18:00:00', 'Calle de las flores número 970 puerta C');
INSERT INTO gradas VALUES ('grada 3', 'espectaculo 970', 'teatro', '1990-07-11', 'productora 970', '2022-09-01 18:00:00', 'Calle de las flores número 970 puerta C');
INSERT INTO espectaculos VALUES ('espectaculo 971', 'teatro', '2005-10-26', 'productora 971', 'lista participantes 971', 4, '00:13:00', '00:32:00', '00:29:00');
INSERT INTO eventos VALUES ('espectaculo 971', 'teatro', '2005-10-26', 'productora 971', '2022-09-01 18:00:00', 'Calle de las flores número 971 puerta C','Abierto');
INSERT INTO eventos VALUES ('espectaculo 971', 'teatro', '2005-10-26', 'productora 971', '2020-09-01 03:00:00', 'Calle de las flores número 971 puerta C','Abierto');
INSERT INTO gradas VALUES ('grada 1', 'espectaculo 971', 'teatro', '2005-10-26', 'productora 971', '2022-09-01 18:00:00', 'Calle de las flores número 971 puerta C');
INSERT INTO gradas VALUES ('grada 2', 'espectaculo 971', 'teatro', '2005-10-26', 'productora 971', '2022-09-01 18:00:00', 'Calle de las flores número 971 puerta C');
INSERT INTO gradas VALUES ('grada 3', 'espectaculo 971', 'teatro', '2005-10-26', 'productora 971', '2022-09-01 18:00:00', 'Calle de las flores número 971 puerta C');
INSERT INTO espectaculos VALUES ('espectaculo 972', 'teatro', '2008-05-27', 'productora 972', 'lista participantes 972', 2, '00:18:00', '00:37:00', '00:21:00');
INSERT INTO eventos VALUES ('espectaculo 972', 'teatro', '2008-05-27', 'productora 972', '2022-09-01 18:00:00', 'Calle de las flores número 972 puerta C','Abierto');
INSERT INTO eventos VALUES ('espectaculo 972', 'teatro', '2008-05-27', 'productora 972', '2020-09-01 03:00:00', 'Calle de las flores número 972 puerta C','Abierto');
INSERT INTO gradas VALUES ('grada 1', 'espectaculo 972', 'teatro', '2008-05-27', 'productora 972', '2022-09-01 18:00:00', 'Calle de las flores número 972 puerta C');
INSERT INTO gradas VALUES ('grada 2', 'espectaculo 972', 'teatro', '2008-05-27', 'productora 972', '2022-09-01 18:00:00', 'Calle de las flores número 972 puerta C');
INSERT INTO gradas VALUES ('grada 3', 'espectaculo 972', 'teatro', '2008-05-27', 'productora 972', '2022-09-01 18:00:00', 'Calle de las flores número 972 puerta C');
INSERT INTO espectaculos VALUES ('espectaculo 973', 'teatro', '2005-03-11', 'productora 973', 'lista participantes 973', 5, '00:16:00', '00:32:00', '00:17:00');
INSERT INTO eventos VALUES ('espectaculo 973', 'teatro', '2005-03-11', 'productora 973', '2022-09-01 18:00:00', 'Calle de las flores número 973 puerta C','Abierto');
INSERT INTO eventos VALUES ('espectaculo 973', 'teatro', '2005-03-11', 'productora 973', '2020-09-01 03:00:00', 'Calle de las flores número 973 puerta C','Abierto');
INSERT INTO gradas VALUES ('grada 1', 'espectaculo 973', 'teatro', '2005-03-11', 'productora 973', '2022-09-01 18:00:00', 'Calle de las flores número 973 puerta C');
INSERT INTO gradas VALUES ('grada 2', 'espectaculo 973', 'teatro', '2005-03-11', 'productora 973', '2022-09-01 18:00:00', 'Calle de las flores número 973 puerta C');
INSERT INTO gradas VALUES ('grada 3', 'espectaculo 973', 'teatro', '2005-03-11', 'productora 973', '2022-09-01 18:00:00', 'Calle de las flores número 973 puerta C');
INSERT INTO espectaculos VALUES ('espectaculo 974', 'teatro', '2013-08-03', 'productora 974', 'lista participantes 974', 9, '00:17:00', '00:24:00', '00:26:00');
INSERT INTO eventos VALUES ('espectaculo 974', 'teatro', '2013-08-03', 'productora 974', '2022-09-01 18:00:00', 'Calle de las flores número 974 puerta C','Abierto');
INSERT INTO eventos VALUES ('espectaculo 974', 'teatro', '2013-08-03', 'productora 974', '2020-09-01 03:00:00', 'Calle de las flores número 974 puerta C','Abierto');
INSERT INTO gradas VALUES ('grada 1', 'espectaculo 974', 'teatro', '2013-08-03', 'productora 974', '2022-09-01 18:00:00', 'Calle de las flores número 974 puerta C');
INSERT INTO gradas VALUES ('grada 2', 'espectaculo 974', 'teatro', '2013-08-03', 'productora 974', '2022-09-01 18:00:00', 'Calle de las flores número 974 puerta C');
INSERT INTO gradas VALUES ('grada 3', 'espectaculo 974', 'teatro', '2013-08-03', 'productora 974', '2022-09-01 18:00:00', 'Calle de las flores número 974 puerta C');
INSERT INTO espectaculos VALUES ('espectaculo 975', 'entrevista', '2016-03-04', 'productora 975', 'lista participantes 975', 5, '00:18:00', '00:35:00', '00:21:00');
INSERT INTO eventos VALUES ('espectaculo 975', 'entrevista', '2016-03-04', 'productora 975', '2022-09-01 18:00:00', 'Calle de las flores número 975 puerta C','Abierto');
INSERT INTO eventos VALUES ('espectaculo 975', 'entrevista', '2016-03-04', 'productora 975', '2020-09-01 03:00:00', 'Calle de las flores número 975 puerta C','Abierto');
INSERT INTO gradas VALUES ('grada 1', 'espectaculo 975', 'entrevista', '2016-03-04', 'productora 975', '2022-09-01 18:00:00', 'Calle de las flores número 975 puerta C');
INSERT INTO gradas VALUES ('grada 2', 'espectaculo 975', 'entrevista', '2016-03-04', 'productora 975', '2022-09-01 18:00:00', 'Calle de las flores número 975 puerta C');
INSERT INTO gradas VALUES ('grada 3', 'espectaculo 975', 'entrevista', '2016-03-04', 'productora 975', '2022-09-01 18:00:00', 'Calle de las flores número 975 puerta C');
INSERT INTO espectaculos VALUES ('espectaculo 976', 'teatro', '2000-07-13', 'productora 976', 'lista participantes 976', 3, '00:13:00', '00:31:00', '00:20:00');
INSERT INTO eventos VALUES ('espectaculo 976', 'teatro', '2000-07-13', 'productora 976', '2022-09-01 18:00:00', 'Calle de las flores número 976 puerta C','Abierto');
INSERT INTO eventos VALUES ('espectaculo 976', 'teatro', '2000-07-13', 'productora 976', '2020-09-01 03:00:00', 'Calle de las flores número 976 puerta C','Abierto');
INSERT INTO gradas VALUES ('grada 1', 'espectaculo 976', 'teatro', '2000-07-13', 'productora 976', '2022-09-01 18:00:00', 'Calle de las flores número 976 puerta C');
INSERT INTO gradas VALUES ('grada 2', 'espectaculo 976', 'teatro', '2000-07-13', 'productora 976', '2022-09-01 18:00:00', 'Calle de las flores número 976 puerta C');
INSERT INTO gradas VALUES ('grada 3', 'espectaculo 976', 'teatro', '2000-07-13', 'productora 976', '2022-09-01 18:00:00', 'Calle de las flores número 976 puerta C');
INSERT INTO espectaculos VALUES ('espectaculo 977', 'concierto', '2015-06-23', 'productora 977', 'lista participantes 977', 9, '00:13:00', '00:17:00', '00:24:00');
INSERT INTO eventos VALUES ('espectaculo 977', 'concierto', '2015-06-23', 'productora 977', '2022-09-01 18:00:00', 'Calle de las flores número 977 puerta C','Abierto');
INSERT INTO eventos VALUES ('espectaculo 977', 'concierto', '2015-06-23', 'productora 977', '2020-09-01 03:00:00', 'Calle de las flores número 977 puerta C','Abierto');
INSERT INTO gradas VALUES ('grada 1', 'espectaculo 977', 'concierto', '2015-06-23', 'productora 977', '2022-09-01 18:00:00', 'Calle de las flores número 977 puerta C');
INSERT INTO gradas VALUES ('grada 2', 'espectaculo 977', 'concierto', '2015-06-23', 'productora 977', '2022-09-01 18:00:00', 'Calle de las flores número 977 puerta C');
INSERT INTO gradas VALUES ('grada 3', 'espectaculo 977', 'concierto', '2015-06-23', 'productora 977', '2022-09-01 18:00:00', 'Calle de las flores número 977 puerta C');
INSERT INTO espectaculos VALUES ('espectaculo 978', 'concierto', '2003-06-04', 'productora 978', 'lista participantes 978', 7, '00:14:00', '00:46:00', '00:18:00');
INSERT INTO eventos VALUES ('espectaculo 978', 'concierto', '2003-06-04', 'productora 978', '2022-09-01 18:00:00', 'Calle de las flores número 978 puerta C','Abierto');
INSERT INTO eventos VALUES ('espectaculo 978', 'concierto', '2003-06-04', 'productora 978', '2020-09-01 03:00:00', 'Calle de las flores número 978 puerta C','Abierto');
INSERT INTO gradas VALUES ('grada 1', 'espectaculo 978', 'concierto', '2003-06-04', 'productora 978', '2022-09-01 18:00:00', 'Calle de las flores número 978 puerta C');
INSERT INTO gradas VALUES ('grada 2', 'espectaculo 978', 'concierto', '2003-06-04', 'productora 978', '2022-09-01 18:00:00', 'Calle de las flores número 978 puerta C');
INSERT INTO gradas VALUES ('grada 3', 'espectaculo 978', 'concierto', '2003-06-04', 'productora 978', '2022-09-01 18:00:00', 'Calle de las flores número 978 puerta C');
INSERT INTO espectaculos VALUES ('espectaculo 979', 'deportivo', '1998-06-26', 'productora 979', 'lista participantes 979', 9, '00:13:00', '00:44:00', '00:18:00');
INSERT INTO eventos VALUES ('espectaculo 979', 'deportivo', '1998-06-26', 'productora 979', '2022-09-01 18:00:00', 'Calle de las flores número 979 puerta C','Abierto');
INSERT INTO eventos VALUES ('espectaculo 979', 'deportivo', '1998-06-26', 'productora 979', '2020-09-01 03:00:00', 'Calle de las flores número 979 puerta C','Abierto');
INSERT INTO gradas VALUES ('grada 1', 'espectaculo 979', 'deportivo', '1998-06-26', 'productora 979', '2022-09-01 18:00:00', 'Calle de las flores número 979 puerta C');
INSERT INTO gradas VALUES ('grada 2', 'espectaculo 979', 'deportivo', '1998-06-26', 'productora 979', '2022-09-01 18:00:00', 'Calle de las flores número 979 puerta C');
INSERT INTO gradas VALUES ('grada 3', 'espectaculo 979', 'deportivo', '1998-06-26', 'productora 979', '2022-09-01 18:00:00', 'Calle de las flores número 979 puerta C');
INSERT INTO espectaculos VALUES ('espectaculo 980', 'deportivo', '1999-03-11', 'productora 980', 'lista participantes 980', 5, '00:11:00', '00:31:00', '00:25:00');
INSERT INTO eventos VALUES ('espectaculo 980', 'deportivo', '1999-03-11', 'productora 980', '2022-09-01 18:00:00', 'Calle de las flores número 980 puerta C','Abierto');
INSERT INTO eventos VALUES ('espectaculo 980', 'deportivo', '1999-03-11', 'productora 980', '2020-09-01 03:00:00', 'Calle de las flores número 980 puerta C','Abierto');
INSERT INTO gradas VALUES ('grada 1', 'espectaculo 980', 'deportivo', '1999-03-11', 'productora 980', '2022-09-01 18:00:00', 'Calle de las flores número 980 puerta C');
INSERT INTO gradas VALUES ('grada 2', 'espectaculo 980', 'deportivo', '1999-03-11', 'productora 980', '2022-09-01 18:00:00', 'Calle de las flores número 980 puerta C');
INSERT INTO gradas VALUES ('grada 3', 'espectaculo 980', 'deportivo', '1999-03-11', 'productora 980', '2022-09-01 18:00:00', 'Calle de las flores número 980 puerta C');
INSERT INTO espectaculos VALUES ('espectaculo 981', 'pelicula', '1993-08-13', 'productora 981', 'lista participantes 981', 1, '00:16:00', '00:20:00', '00:21:00');
INSERT INTO eventos VALUES ('espectaculo 981', 'pelicula', '1993-08-13', 'productora 981', '2022-09-01 18:00:00', 'Calle de las flores número 981 puerta C','Abierto');
INSERT INTO eventos VALUES ('espectaculo 981', 'pelicula', '1993-08-13', 'productora 981', '2020-09-01 03:00:00', 'Calle de las flores número 981 puerta C','Abierto');
INSERT INTO gradas VALUES ('grada 1', 'espectaculo 981', 'pelicula', '1993-08-13', 'productora 981', '2022-09-01 18:00:00', 'Calle de las flores número 981 puerta C');
INSERT INTO gradas VALUES ('grada 2', 'espectaculo 981', 'pelicula', '1993-08-13', 'productora 981', '2022-09-01 18:00:00', 'Calle de las flores número 981 puerta C');
INSERT INTO gradas VALUES ('grada 3', 'espectaculo 981', 'pelicula', '1993-08-13', 'productora 981', '2022-09-01 18:00:00', 'Calle de las flores número 981 puerta C');
INSERT INTO espectaculos VALUES ('espectaculo 982', 'entrevista', '2016-09-14', 'productora 982', 'lista participantes 982', 3, '00:19:00', '00:28:00', '00:17:00');
INSERT INTO eventos VALUES ('espectaculo 982', 'entrevista', '2016-09-14', 'productora 982', '2022-09-01 18:00:00', 'Calle de las flores número 982 puerta C','Abierto');
INSERT INTO eventos VALUES ('espectaculo 982', 'entrevista', '2016-09-14', 'productora 982', '2020-09-01 03:00:00', 'Calle de las flores número 982 puerta C','Abierto');
INSERT INTO gradas VALUES ('grada 1', 'espectaculo 982', 'entrevista', '2016-09-14', 'productora 982', '2022-09-01 18:00:00', 'Calle de las flores número 982 puerta C');
INSERT INTO gradas VALUES ('grada 2', 'espectaculo 982', 'entrevista', '2016-09-14', 'productora 982', '2022-09-01 18:00:00', 'Calle de las flores número 982 puerta C');
INSERT INTO gradas VALUES ('grada 3', 'espectaculo 982', 'entrevista', '2016-09-14', 'productora 982', '2022-09-01 18:00:00', 'Calle de las flores número 982 puerta C');
INSERT INTO espectaculos VALUES ('espectaculo 983', 'pelicula', '1990-05-27', 'productora 983', 'lista participantes 983', 5, '00:15:00', '00:38:00', '00:23:00');
INSERT INTO eventos VALUES ('espectaculo 983', 'pelicula', '1990-05-27', 'productora 983', '2022-09-01 18:00:00', 'Calle de las flores número 983 puerta C','Abierto');
INSERT INTO eventos VALUES ('espectaculo 983', 'pelicula', '1990-05-27', 'productora 983', '2020-09-01 03:00:00', 'Calle de las flores número 983 puerta C','Abierto');
INSERT INTO gradas VALUES ('grada 1', 'espectaculo 983', 'pelicula', '1990-05-27', 'productora 983', '2022-09-01 18:00:00', 'Calle de las flores número 983 puerta C');
INSERT INTO gradas VALUES ('grada 2', 'espectaculo 983', 'pelicula', '1990-05-27', 'productora 983', '2022-09-01 18:00:00', 'Calle de las flores número 983 puerta C');
INSERT INTO gradas VALUES ('grada 3', 'espectaculo 983', 'pelicula', '1990-05-27', 'productora 983', '2022-09-01 18:00:00', 'Calle de las flores número 983 puerta C');
INSERT INTO espectaculos VALUES ('espectaculo 984', 'teatro', '2001-10-09', 'productora 984', 'lista participantes 984', 3, '00:10:00', '00:15:00', '00:19:00');
INSERT INTO eventos VALUES ('espectaculo 984', 'teatro', '2001-10-09', 'productora 984', '2022-09-01 18:00:00', 'Calle de las flores número 984 puerta C','Abierto');
INSERT INTO eventos VALUES ('espectaculo 984', 'teatro', '2001-10-09', 'productora 984', '2020-09-01 03:00:00', 'Calle de las flores número 984 puerta C','Abierto');
INSERT INTO gradas VALUES ('grada 1', 'espectaculo 984', 'teatro', '2001-10-09', 'productora 984', '2022-09-01 18:00:00', 'Calle de las flores número 984 puerta C');
INSERT INTO gradas VALUES ('grada 2', 'espectaculo 984', 'teatro', '2001-10-09', 'productora 984', '2022-09-01 18:00:00', 'Calle de las flores número 984 puerta C');
INSERT INTO gradas VALUES ('grada 3', 'espectaculo 984', 'teatro', '2001-10-09', 'productora 984', '2022-09-01 18:00:00', 'Calle de las flores número 984 puerta C');
INSERT INTO espectaculos VALUES ('espectaculo 985', 'entrevista', '2011-06-11', 'productora 985', 'lista participantes 985', 5, '00:15:00', '00:18:00', '00:24:00');
INSERT INTO eventos VALUES ('espectaculo 985', 'entrevista', '2011-06-11', 'productora 985', '2022-09-01 18:00:00', 'Calle de las flores número 985 puerta C','Abierto');
INSERT INTO eventos VALUES ('espectaculo 985', 'entrevista', '2011-06-11', 'productora 985', '2020-09-01 03:00:00', 'Calle de las flores número 985 puerta C','Abierto');
INSERT INTO gradas VALUES ('grada 1', 'espectaculo 985', 'entrevista', '2011-06-11', 'productora 985', '2022-09-01 18:00:00', 'Calle de las flores número 985 puerta C');
INSERT INTO gradas VALUES ('grada 2', 'espectaculo 985', 'entrevista', '2011-06-11', 'productora 985', '2022-09-01 18:00:00', 'Calle de las flores número 985 puerta C');
INSERT INTO gradas VALUES ('grada 3', 'espectaculo 985', 'entrevista', '2011-06-11', 'productora 985', '2022-09-01 18:00:00', 'Calle de las flores número 985 puerta C');
INSERT INTO espectaculos VALUES ('espectaculo 986', 'pelicula', '1988-05-11', 'productora 986', 'lista participantes 986', 6, '00:13:00', '00:41:00', '00:26:00');
INSERT INTO eventos VALUES ('espectaculo 986', 'pelicula', '1988-05-11', 'productora 986', '2022-09-01 18:00:00', 'Calle de las flores número 986 puerta C','Abierto');
INSERT INTO eventos VALUES ('espectaculo 986', 'pelicula', '1988-05-11', 'productora 986', '2020-09-01 03:00:00', 'Calle de las flores número 986 puerta C','Abierto');
INSERT INTO gradas VALUES ('grada 1', 'espectaculo 986', 'pelicula', '1988-05-11', 'productora 986', '2022-09-01 18:00:00', 'Calle de las flores número 986 puerta C');
INSERT INTO gradas VALUES ('grada 2', 'espectaculo 986', 'pelicula', '1988-05-11', 'productora 986', '2022-09-01 18:00:00', 'Calle de las flores número 986 puerta C');
INSERT INTO gradas VALUES ('grada 3', 'espectaculo 986', 'pelicula', '1988-05-11', 'productora 986', '2022-09-01 18:00:00', 'Calle de las flores número 986 puerta C');
INSERT INTO espectaculos VALUES ('espectaculo 987', 'entrevista', '2018-05-10', 'productora 987', 'lista participantes 987', 5, '00:16:00', '00:44:00', '00:18:00');
INSERT INTO eventos VALUES ('espectaculo 987', 'entrevista', '2018-05-10', 'productora 987', '2022-09-01 18:00:00', 'Calle de las flores número 987 puerta C','Abierto');
INSERT INTO eventos VALUES ('espectaculo 987', 'entrevista', '2018-05-10', 'productora 987', '2020-09-01 03:00:00', 'Calle de las flores número 987 puerta C','Abierto');
INSERT INTO gradas VALUES ('grada 1', 'espectaculo 987', 'entrevista', '2018-05-10', 'productora 987', '2022-09-01 18:00:00', 'Calle de las flores número 987 puerta C');
INSERT INTO gradas VALUES ('grada 2', 'espectaculo 987', 'entrevista', '2018-05-10', 'productora 987', '2022-09-01 18:00:00', 'Calle de las flores número 987 puerta C');
INSERT INTO gradas VALUES ('grada 3', 'espectaculo 987', 'entrevista', '2018-05-10', 'productora 987', '2022-09-01 18:00:00', 'Calle de las flores número 987 puerta C');
INSERT INTO espectaculos VALUES ('espectaculo 988', 'deportivo', '1989-07-19', 'productora 988', 'lista participantes 988', 8, '00:13:00', '00:54:00', '00:27:00');
INSERT INTO eventos VALUES ('espectaculo 988', 'deportivo', '1989-07-19', 'productora 988', '2022-09-01 18:00:00', 'Calle de las flores número 988 puerta C','Abierto');
INSERT INTO eventos VALUES ('espectaculo 988', 'deportivo', '1989-07-19', 'productora 988', '2020-09-01 03:00:00', 'Calle de las flores número 988 puerta C','Abierto');
INSERT INTO gradas VALUES ('grada 1', 'espectaculo 988', 'deportivo', '1989-07-19', 'productora 988', '2022-09-01 18:00:00', 'Calle de las flores número 988 puerta C');
INSERT INTO gradas VALUES ('grada 2', 'espectaculo 988', 'deportivo', '1989-07-19', 'productora 988', '2022-09-01 18:00:00', 'Calle de las flores número 988 puerta C');
INSERT INTO gradas VALUES ('grada 3', 'espectaculo 988', 'deportivo', '1989-07-19', 'productora 988', '2022-09-01 18:00:00', 'Calle de las flores número 988 puerta C');
INSERT INTO espectaculos VALUES ('espectaculo 989', 'teatro', '2010-09-10', 'productora 989', 'lista participantes 989', 6, '00:19:00', '00:48:00', '00:22:00');
INSERT INTO eventos VALUES ('espectaculo 989', 'teatro', '2010-09-10', 'productora 989', '2022-09-01 18:00:00', 'Calle de las flores número 989 puerta C','Abierto');
INSERT INTO eventos VALUES ('espectaculo 989', 'teatro', '2010-09-10', 'productora 989', '2020-09-01 03:00:00', 'Calle de las flores número 989 puerta C','Abierto');
INSERT INTO gradas VALUES ('grada 1', 'espectaculo 989', 'teatro', '2010-09-10', 'productora 989', '2022-09-01 18:00:00', 'Calle de las flores número 989 puerta C');
INSERT INTO gradas VALUES ('grada 2', 'espectaculo 989', 'teatro', '2010-09-10', 'productora 989', '2022-09-01 18:00:00', 'Calle de las flores número 989 puerta C');
INSERT INTO gradas VALUES ('grada 3', 'espectaculo 989', 'teatro', '2010-09-10', 'productora 989', '2022-09-01 18:00:00', 'Calle de las flores número 989 puerta C');
INSERT INTO espectaculos VALUES ('espectaculo 990', 'concierto', '1985-08-14', 'productora 990', 'lista participantes 990', 9, '00:10:00', '00:27:00', '00:25:00');
INSERT INTO eventos VALUES ('espectaculo 990', 'concierto', '1985-08-14', 'productora 990', '2022-09-01 18:00:00', 'Calle de las flores número 990 puerta C','Abierto');
INSERT INTO eventos VALUES ('espectaculo 990', 'concierto', '1985-08-14', 'productora 990', '2020-09-01 03:00:00', 'Calle de las flores número 990 puerta C','Abierto');
INSERT INTO gradas VALUES ('grada 1', 'espectaculo 990', 'concierto', '1985-08-14', 'productora 990', '2022-09-01 18:00:00', 'Calle de las flores número 990 puerta C');
INSERT INTO gradas VALUES ('grada 2', 'espectaculo 990', 'concierto', '1985-08-14', 'productora 990', '2022-09-01 18:00:00', 'Calle de las flores número 990 puerta C');
INSERT INTO gradas VALUES ('grada 3', 'espectaculo 990', 'concierto', '1985-08-14', 'productora 990', '2022-09-01 18:00:00', 'Calle de las flores número 990 puerta C');
INSERT INTO espectaculos VALUES ('espectaculo 991', 'deportivo', '1988-04-17', 'productora 991', 'lista participantes 991', 2, '00:17:00', '00:55:00', '00:15:00');
INSERT INTO eventos VALUES ('espectaculo 991', 'deportivo', '1988-04-17', 'productora 991', '2022-09-01 18:00:00', 'Calle de las flores número 991 puerta C','Abierto');
INSERT INTO eventos VALUES ('espectaculo 991', 'deportivo', '1988-04-17', 'productora 991', '2020-09-01 03:00:00', 'Calle de las flores número 991 puerta C','Abierto');
INSERT INTO gradas VALUES ('grada 1', 'espectaculo 991', 'deportivo', '1988-04-17', 'productora 991', '2022-09-01 18:00:00', 'Calle de las flores número 991 puerta C');
INSERT INTO gradas VALUES ('grada 2', 'espectaculo 991', 'deportivo', '1988-04-17', 'productora 991', '2022-09-01 18:00:00', 'Calle de las flores número 991 puerta C');
INSERT INTO gradas VALUES ('grada 3', 'espectaculo 991', 'deportivo', '1988-04-17', 'productora 991', '2022-09-01 18:00:00', 'Calle de las flores número 991 puerta C');
INSERT INTO espectaculos VALUES ('espectaculo 992', 'pelicula', '2016-09-07', 'productora 992', 'lista participantes 992', 4, '00:17:00', '00:35:00', '00:24:00');
INSERT INTO eventos VALUES ('espectaculo 992', 'pelicula', '2016-09-07', 'productora 992', '2022-09-01 18:00:00', 'Calle de las flores número 992 puerta C','Abierto');
INSERT INTO eventos VALUES ('espectaculo 992', 'pelicula', '2016-09-07', 'productora 992', '2020-09-01 03:00:00', 'Calle de las flores número 992 puerta C','Abierto');
INSERT INTO gradas VALUES ('grada 1', 'espectaculo 992', 'pelicula', '2016-09-07', 'productora 992', '2022-09-01 18:00:00', 'Calle de las flores número 992 puerta C');
INSERT INTO gradas VALUES ('grada 2', 'espectaculo 992', 'pelicula', '2016-09-07', 'productora 992', '2022-09-01 18:00:00', 'Calle de las flores número 992 puerta C');
INSERT INTO gradas VALUES ('grada 3', 'espectaculo 992', 'pelicula', '2016-09-07', 'productora 992', '2022-09-01 18:00:00', 'Calle de las flores número 992 puerta C');
INSERT INTO espectaculos VALUES ('espectaculo 993', 'pelicula', '2002-08-06', 'productora 993', 'lista participantes 993', 5, '00:10:00', '00:35:00', '00:28:00');
INSERT INTO eventos VALUES ('espectaculo 993', 'pelicula', '2002-08-06', 'productora 993', '2022-09-01 18:00:00', 'Calle de las flores número 993 puerta C','Abierto');
INSERT INTO eventos VALUES ('espectaculo 993', 'pelicula', '2002-08-06', 'productora 993', '2020-09-01 03:00:00', 'Calle de las flores número 993 puerta C','Abierto');
INSERT INTO gradas VALUES ('grada 1', 'espectaculo 993', 'pelicula', '2002-08-06', 'productora 993', '2022-09-01 18:00:00', 'Calle de las flores número 993 puerta C');
INSERT INTO gradas VALUES ('grada 2', 'espectaculo 993', 'pelicula', '2002-08-06', 'productora 993', '2022-09-01 18:00:00', 'Calle de las flores número 993 puerta C');
INSERT INTO gradas VALUES ('grada 3', 'espectaculo 993', 'pelicula', '2002-08-06', 'productora 993', '2022-09-01 18:00:00', 'Calle de las flores número 993 puerta C');
INSERT INTO espectaculos VALUES ('espectaculo 994', 'pelicula', '1993-11-19', 'productora 994', 'lista participantes 994', 2, '00:15:00', '00:23:00', '00:20:00');
INSERT INTO eventos VALUES ('espectaculo 994', 'pelicula', '1993-11-19', 'productora 994', '2022-09-01 18:00:00', 'Calle de las flores número 994 puerta C','Abierto');
INSERT INTO eventos VALUES ('espectaculo 994', 'pelicula', '1993-11-19', 'productora 994', '2020-09-01 03:00:00', 'Calle de las flores número 994 puerta C','Abierto');
INSERT INTO gradas VALUES ('grada 1', 'espectaculo 994', 'pelicula', '1993-11-19', 'productora 994', '2022-09-01 18:00:00', 'Calle de las flores número 994 puerta C');
INSERT INTO gradas VALUES ('grada 2', 'espectaculo 994', 'pelicula', '1993-11-19', 'productora 994', '2022-09-01 18:00:00', 'Calle de las flores número 994 puerta C');
INSERT INTO gradas VALUES ('grada 3', 'espectaculo 994', 'pelicula', '1993-11-19', 'productora 994', '2022-09-01 18:00:00', 'Calle de las flores número 994 puerta C');
INSERT INTO espectaculos VALUES ('espectaculo 995', 'entrevista', '2012-10-01', 'productora 995', 'lista participantes 995', 4, '00:13:00', '00:39:00', '00:29:00');
INSERT INTO eventos VALUES ('espectaculo 995', 'entrevista', '2012-10-01', 'productora 995', '2022-09-01 18:00:00', 'Calle de las flores número 995 puerta C','Abierto');
INSERT INTO eventos VALUES ('espectaculo 995', 'entrevista', '2012-10-01', 'productora 995', '2020-09-01 03:00:00', 'Calle de las flores número 995 puerta C','Abierto');
INSERT INTO gradas VALUES ('grada 1', 'espectaculo 995', 'entrevista', '2012-10-01', 'productora 995', '2022-09-01 18:00:00', 'Calle de las flores número 995 puerta C');
INSERT INTO gradas VALUES ('grada 2', 'espectaculo 995', 'entrevista', '2012-10-01', 'productora 995', '2022-09-01 18:00:00', 'Calle de las flores número 995 puerta C');
INSERT INTO gradas VALUES ('grada 3', 'espectaculo 995', 'entrevista', '2012-10-01', 'productora 995', '2022-09-01 18:00:00', 'Calle de las flores número 995 puerta C');
INSERT INTO espectaculos VALUES ('espectaculo 996', 'concierto', '2006-05-14', 'productora 996', 'lista participantes 996', 2, '00:17:00', '00:56:00', '00:15:00');
INSERT INTO eventos VALUES ('espectaculo 996', 'concierto', '2006-05-14', 'productora 996', '2022-09-01 18:00:00', 'Calle de las flores número 996 puerta C','Abierto');
INSERT INTO eventos VALUES ('espectaculo 996', 'concierto', '2006-05-14', 'productora 996', '2020-09-01 03:00:00', 'Calle de las flores número 996 puerta C','Abierto');
INSERT INTO gradas VALUES ('grada 1', 'espectaculo 996', 'concierto', '2006-05-14', 'productora 996', '2022-09-01 18:00:00', 'Calle de las flores número 996 puerta C');
INSERT INTO gradas VALUES ('grada 2', 'espectaculo 996', 'concierto', '2006-05-14', 'productora 996', '2022-09-01 18:00:00', 'Calle de las flores número 996 puerta C');
INSERT INTO gradas VALUES ('grada 3', 'espectaculo 996', 'concierto', '2006-05-14', 'productora 996', '2022-09-01 18:00:00', 'Calle de las flores número 996 puerta C');
INSERT INTO espectaculos VALUES ('espectaculo 997', 'entrevista', '2013-02-23', 'productora 997', 'lista participantes 997', 5, '00:19:00', '00:42:00', '00:19:00');
INSERT INTO eventos VALUES ('espectaculo 997', 'entrevista', '2013-02-23', 'productora 997', '2022-09-01 18:00:00', 'Calle de las flores número 997 puerta C','Abierto');
INSERT INTO eventos VALUES ('espectaculo 997', 'entrevista', '2013-02-23', 'productora 997', '2020-09-01 03:00:00', 'Calle de las flores número 997 puerta C','Abierto');
INSERT INTO gradas VALUES ('grada 1', 'espectaculo 997', 'entrevista', '2013-02-23', 'productora 997', '2022-09-01 18:00:00', 'Calle de las flores número 997 puerta C');
INSERT INTO gradas VALUES ('grada 2', 'espectaculo 997', 'entrevista', '2013-02-23', 'productora 997', '2022-09-01 18:00:00', 'Calle de las flores número 997 puerta C');
INSERT INTO gradas VALUES ('grada 3', 'espectaculo 997', 'entrevista', '2013-02-23', 'productora 997', '2022-09-01 18:00:00', 'Calle de las flores número 997 puerta C');
INSERT INTO espectaculos VALUES ('espectaculo 998', 'pelicula', '1992-07-22', 'productora 998', 'lista participantes 998', 4, '00:10:00', '00:40:00', '00:21:00');
INSERT INTO eventos VALUES ('espectaculo 998', 'pelicula', '1992-07-22', 'productora 998', '2022-09-01 18:00:00', 'Calle de las flores número 998 puerta C','Abierto');
INSERT INTO eventos VALUES ('espectaculo 998', 'pelicula', '1992-07-22', 'productora 998', '2020-09-01 03:00:00', 'Calle de las flores número 998 puerta C','Abierto');
INSERT INTO gradas VALUES ('grada 1', 'espectaculo 998', 'pelicula', '1992-07-22', 'productora 998', '2022-09-01 18:00:00', 'Calle de las flores número 998 puerta C');
INSERT INTO gradas VALUES ('grada 2', 'espectaculo 998', 'pelicula', '1992-07-22', 'productora 998', '2022-09-01 18:00:00', 'Calle de las flores número 998 puerta C');
INSERT INTO gradas VALUES ('grada 3', 'espectaculo 998', 'pelicula', '1992-07-22', 'productora 998', '2022-09-01 18:00:00', 'Calle de las flores número 998 puerta C');
INSERT INTO espectaculos VALUES ('espectaculo 999', 'teatro', '1991-05-17', 'productora 999', 'lista participantes 999', 9, '00:13:00', '00:53:00', '00:24:00');
INSERT INTO eventos VALUES ('espectaculo 999', 'teatro', '1991-05-17', 'productora 999', '2022-09-01 18:00:00', 'Calle de las flores número 999 puerta C','Abierto');
INSERT INTO eventos VALUES ('espectaculo 999', 'teatro', '1991-05-17', 'productora 999', '2020-09-01 03:00:00', 'Calle de las flores número 999 puerta C','Abierto');
INSERT INTO gradas VALUES ('grada 1', 'espectaculo 999', 'teatro', '1991-05-17', 'productora 999', '2022-09-01 18:00:00', 'Calle de las flores número 999 puerta C');
INSERT INTO gradas VALUES ('grada 2', 'espectaculo 999', 'teatro', '1991-05-17', 'productora 999', '2022-09-01 18:00:00', 'Calle de las flores número 999 puerta C');
INSERT INTO gradas VALUES ('grada 3', 'espectaculo 999', 'teatro', '1991-05-17', 'productora 999', '2022-09-01 18:00:00', 'Calle de las flores número 999 puerta C');
=======
INSERT INTO espectaculos VALUES ('espectaculo 0', 'entrevista', '2007-10-10', 'productora 0', 'lista participantes 0', 6, '00:11:00', '00:48:00', '00:29:00');
INSERT INTO eventos VALUES ('espectaculo 0', 'entrevista', '2007-10-10', 'productora 0', '2022-09-01 18:00:00', 'Calle de las flores número 0 puerta C','Abierto');
INSERT INTO gradas VALUES ('grada 1', 'espectaculo 0', 'entrevista', '2007-10-10', 'productora 0', '2022-09-01 18:00:00', 'Calle de las flores número 0 puerta C');
INSERT INTO gradas VALUES ('grada 2', 'espectaculo 0', 'entrevista', '2007-10-10', 'productora 0', '2022-09-01 18:00:00', 'Calle de las flores número 0 puerta C');
INSERT INTO gradas VALUES ('grada 3', 'espectaculo 0', 'entrevista', '2007-10-10', 'productora 0', '2022-09-01 18:00:00', 'Calle de las flores número 0 puerta C');
INSERT INTO espectaculos VALUES ('espectaculo 1', 'deportivo', '1997-10-16', 'productora 1', 'lista participantes 1', 8, '00:16:00', '00:36:00', '00:19:00');
INSERT INTO eventos VALUES ('espectaculo 1', 'deportivo', '1997-10-16', 'productora 1', '2022-09-01 18:00:00', 'Calle de las flores número 1 puerta C','Abierto');
INSERT INTO gradas VALUES ('grada 1', 'espectaculo 1', 'deportivo', '1997-10-16', 'productora 1', '2022-09-01 18:00:00', 'Calle de las flores número 1 puerta C');
INSERT INTO gradas VALUES ('grada 2', 'espectaculo 1', 'deportivo', '1997-10-16', 'productora 1', '2022-09-01 18:00:00', 'Calle de las flores número 1 puerta C');
INSERT INTO gradas VALUES ('grada 3', 'espectaculo 1', 'deportivo', '1997-10-16', 'productora 1', '2022-09-01 18:00:00', 'Calle de las flores número 1 puerta C');
INSERT INTO espectaculos VALUES ('espectaculo 2', 'concierto', '1998-06-05', 'productora 2', 'lista participantes 2', 1, '00:11:00', '00:42:00', '00:15:00');
INSERT INTO eventos VALUES ('espectaculo 2', 'concierto', '1998-06-05', 'productora 2', '2022-09-01 18:00:00', 'Calle de las flores número 2 puerta C','Abierto');
INSERT INTO gradas VALUES ('grada 1', 'espectaculo 2', 'concierto', '1998-06-05', 'productora 2', '2022-09-01 18:00:00', 'Calle de las flores número 2 puerta C');
INSERT INTO gradas VALUES ('grada 2', 'espectaculo 2', 'concierto', '1998-06-05', 'productora 2', '2022-09-01 18:00:00', 'Calle de las flores número 2 puerta C');
INSERT INTO gradas VALUES ('grada 3', 'espectaculo 2', 'concierto', '1998-06-05', 'productora 2', '2022-09-01 18:00:00', 'Calle de las flores número 2 puerta C');
INSERT INTO espectaculos VALUES ('espectaculo 3', 'pelicula', '2007-01-08', 'productora 3', 'lista participantes 3', 6, '00:13:00', '00:21:00', '00:15:00');
INSERT INTO eventos VALUES ('espectaculo 3', 'pelicula', '2007-01-08', 'productora 3', '2022-09-01 18:00:00', 'Calle de las flores número 3 puerta C','Abierto');
INSERT INTO gradas VALUES ('grada 1', 'espectaculo 3', 'pelicula', '2007-01-08', 'productora 3', '2022-09-01 18:00:00', 'Calle de las flores número 3 puerta C');
INSERT INTO gradas VALUES ('grada 2', 'espectaculo 3', 'pelicula', '2007-01-08', 'productora 3', '2022-09-01 18:00:00', 'Calle de las flores número 3 puerta C');
INSERT INTO gradas VALUES ('grada 3', 'espectaculo 3', 'pelicula', '2007-01-08', 'productora 3', '2022-09-01 18:00:00', 'Calle de las flores número 3 puerta C');
INSERT INTO espectaculos VALUES ('espectaculo 4', 'pelicula', '1996-10-02', 'productora 4', 'lista participantes 4', 4, '00:19:00', '00:50:00', '00:18:00');
INSERT INTO eventos VALUES ('espectaculo 4', 'pelicula', '1996-10-02', 'productora 4', '2022-09-01 18:00:00', 'Calle de las flores número 4 puerta C','Abierto');
INSERT INTO gradas VALUES ('grada 1', 'espectaculo 4', 'pelicula', '1996-10-02', 'productora 4', '2022-09-01 18:00:00', 'Calle de las flores número 4 puerta C');
INSERT INTO gradas VALUES ('grada 2', 'espectaculo 4', 'pelicula', '1996-10-02', 'productora 4', '2022-09-01 18:00:00', 'Calle de las flores número 4 puerta C');
INSERT INTO gradas VALUES ('grada 3', 'espectaculo 4', 'pelicula', '1996-10-02', 'productora 4', '2022-09-01 18:00:00', 'Calle de las flores número 4 puerta C');
INSERT INTO espectaculos VALUES ('espectaculo 5', 'entrevista', '1995-04-12', 'productora 5', 'lista participantes 5', 6, '00:13:00', '00:50:00', '00:23:00');
INSERT INTO eventos VALUES ('espectaculo 5', 'entrevista', '1995-04-12', 'productora 5', '2022-09-01 18:00:00', 'Calle de las flores número 5 puerta C','Abierto');
INSERT INTO gradas VALUES ('grada 1', 'espectaculo 5', 'entrevista', '1995-04-12', 'productora 5', '2022-09-01 18:00:00', 'Calle de las flores número 5 puerta C');
INSERT INTO gradas VALUES ('grada 2', 'espectaculo 5', 'entrevista', '1995-04-12', 'productora 5', '2022-09-01 18:00:00', 'Calle de las flores número 5 puerta C');
INSERT INTO gradas VALUES ('grada 3', 'espectaculo 5', 'entrevista', '1995-04-12', 'productora 5', '2022-09-01 18:00:00', 'Calle de las flores número 5 puerta C');
INSERT INTO espectaculos VALUES ('espectaculo 6', 'deportivo', '2010-07-08', 'productora 6', 'lista participantes 6', 5, '00:10:00', '00:52:00', '00:17:00');
INSERT INTO eventos VALUES ('espectaculo 6', 'deportivo', '2010-07-08', 'productora 6', '2022-09-01 18:00:00', 'Calle de las flores número 6 puerta C','Abierto');
INSERT INTO gradas VALUES ('grada 1', 'espectaculo 6', 'deportivo', '2010-07-08', 'productora 6', '2022-09-01 18:00:00', 'Calle de las flores número 6 puerta C');
INSERT INTO gradas VALUES ('grada 2', 'espectaculo 6', 'deportivo', '2010-07-08', 'productora 6', '2022-09-01 18:00:00', 'Calle de las flores número 6 puerta C');
INSERT INTO gradas VALUES ('grada 3', 'espectaculo 6', 'deportivo', '2010-07-08', 'productora 6', '2022-09-01 18:00:00', 'Calle de las flores número 6 puerta C');
INSERT INTO espectaculos VALUES ('espectaculo 7', 'teatro', '2003-03-22', 'productora 7', 'lista participantes 7', 5, '00:16:00', '00:30:00', '00:29:00');
INSERT INTO eventos VALUES ('espectaculo 7', 'teatro', '2003-03-22', 'productora 7', '2022-09-01 18:00:00', 'Calle de las flores número 7 puerta C','Abierto');
INSERT INTO gradas VALUES ('grada 1', 'espectaculo 7', 'teatro', '2003-03-22', 'productora 7', '2022-09-01 18:00:00', 'Calle de las flores número 7 puerta C');
INSERT INTO gradas VALUES ('grada 2', 'espectaculo 7', 'teatro', '2003-03-22', 'productora 7', '2022-09-01 18:00:00', 'Calle de las flores número 7 puerta C');
INSERT INTO gradas VALUES ('grada 3', 'espectaculo 7', 'teatro', '2003-03-22', 'productora 7', '2022-09-01 18:00:00', 'Calle de las flores número 7 puerta C');
INSERT INTO espectaculos VALUES ('espectaculo 8', 'concierto', '2017-06-03', 'productora 8', 'lista participantes 8', 6, '00:16:00', '00:50:00', '00:20:00');
INSERT INTO eventos VALUES ('espectaculo 8', 'concierto', '2017-06-03', 'productora 8', '2022-09-01 18:00:00', 'Calle de las flores número 8 puerta C','Abierto');
INSERT INTO gradas VALUES ('grada 1', 'espectaculo 8', 'concierto', '2017-06-03', 'productora 8', '2022-09-01 18:00:00', 'Calle de las flores número 8 puerta C');
INSERT INTO gradas VALUES ('grada 2', 'espectaculo 8', 'concierto', '2017-06-03', 'productora 8', '2022-09-01 18:00:00', 'Calle de las flores número 8 puerta C');
INSERT INTO gradas VALUES ('grada 3', 'espectaculo 8', 'concierto', '2017-06-03', 'productora 8', '2022-09-01 18:00:00', 'Calle de las flores número 8 puerta C');
INSERT INTO espectaculos VALUES ('espectaculo 9', 'concierto', '1993-11-05', 'productora 9', 'lista participantes 9', 3, '00:18:00', '00:29:00', '00:18:00');
INSERT INTO eventos VALUES ('espectaculo 9', 'concierto', '1993-11-05', 'productora 9', '2022-09-01 18:00:00', 'Calle de las flores número 9 puerta C','Abierto');
INSERT INTO gradas VALUES ('grada 1', 'espectaculo 9', 'concierto', '1993-11-05', 'productora 9', '2022-09-01 18:00:00', 'Calle de las flores número 9 puerta C');
INSERT INTO gradas VALUES ('grada 2', 'espectaculo 9', 'concierto', '1993-11-05', 'productora 9', '2022-09-01 18:00:00', 'Calle de las flores número 9 puerta C');
INSERT INTO gradas VALUES ('grada 3', 'espectaculo 9', 'concierto', '1993-11-05', 'productora 9', '2022-09-01 18:00:00', 'Calle de las flores número 9 puerta C');
INSERT INTO espectaculos VALUES ('espectaculo 10', 'concierto', '1998-10-15', 'productora 10', 'lista participantes 10', 3, '00:17:00', '00:53:00', '00:29:00');
INSERT INTO eventos VALUES ('espectaculo 10', 'concierto', '1998-10-15', 'productora 10', '2022-09-01 18:00:00', 'Calle de las flores número 10 puerta C','Abierto');
INSERT INTO gradas VALUES ('grada 1', 'espectaculo 10', 'concierto', '1998-10-15', 'productora 10', '2022-09-01 18:00:00', 'Calle de las flores número 10 puerta C');
INSERT INTO gradas VALUES ('grada 2', 'espectaculo 10', 'concierto', '1998-10-15', 'productora 10', '2022-09-01 18:00:00', 'Calle de las flores número 10 puerta C');
INSERT INTO gradas VALUES ('grada 3', 'espectaculo 10', 'concierto', '1998-10-15', 'productora 10', '2022-09-01 18:00:00', 'Calle de las flores número 10 puerta C');
INSERT INTO espectaculos VALUES ('espectaculo 11', 'entrevista', '1985-08-14', 'productora 11', 'lista participantes 11', 1, '00:13:00', '00:55:00', '00:29:00');
INSERT INTO eventos VALUES ('espectaculo 11', 'entrevista', '1985-08-14', 'productora 11', '2022-09-01 18:00:00', 'Calle de las flores número 11 puerta C','Abierto');
INSERT INTO gradas VALUES ('grada 1', 'espectaculo 11', 'entrevista', '1985-08-14', 'productora 11', '2022-09-01 18:00:00', 'Calle de las flores número 11 puerta C');
INSERT INTO gradas VALUES ('grada 2', 'espectaculo 11', 'entrevista', '1985-08-14', 'productora 11', '2022-09-01 18:00:00', 'Calle de las flores número 11 puerta C');
INSERT INTO gradas VALUES ('grada 3', 'espectaculo 11', 'entrevista', '1985-08-14', 'productora 11', '2022-09-01 18:00:00', 'Calle de las flores número 11 puerta C');
INSERT INTO espectaculos VALUES ('espectaculo 12', 'deportivo', '2006-10-12', 'productora 12', 'lista participantes 12', 6, '00:10:00', '00:32:00', '00:24:00');
INSERT INTO eventos VALUES ('espectaculo 12', 'deportivo', '2006-10-12', 'productora 12', '2022-09-01 18:00:00', 'Calle de las flores número 12 puerta C','Abierto');
INSERT INTO gradas VALUES ('grada 1', 'espectaculo 12', 'deportivo', '2006-10-12', 'productora 12', '2022-09-01 18:00:00', 'Calle de las flores número 12 puerta C');
INSERT INTO gradas VALUES ('grada 2', 'espectaculo 12', 'deportivo', '2006-10-12', 'productora 12', '2022-09-01 18:00:00', 'Calle de las flores número 12 puerta C');
INSERT INTO gradas VALUES ('grada 3', 'espectaculo 12', 'deportivo', '2006-10-12', 'productora 12', '2022-09-01 18:00:00', 'Calle de las flores número 12 puerta C');
INSERT INTO espectaculos VALUES ('espectaculo 13', 'deportivo', '1986-06-12', 'productora 13', 'lista participantes 13', 8, '00:10:00', '00:53:00', '00:23:00');
INSERT INTO eventos VALUES ('espectaculo 13', 'deportivo', '1986-06-12', 'productora 13', '2022-09-01 18:00:00', 'Calle de las flores número 13 puerta C','Abierto');
INSERT INTO gradas VALUES ('grada 1', 'espectaculo 13', 'deportivo', '1986-06-12', 'productora 13', '2022-09-01 18:00:00', 'Calle de las flores número 13 puerta C');
INSERT INTO gradas VALUES ('grada 2', 'espectaculo 13', 'deportivo', '1986-06-12', 'productora 13', '2022-09-01 18:00:00', 'Calle de las flores número 13 puerta C');
INSERT INTO gradas VALUES ('grada 3', 'espectaculo 13', 'deportivo', '1986-06-12', 'productora 13', '2022-09-01 18:00:00', 'Calle de las flores número 13 puerta C');
INSERT INTO espectaculos VALUES ('espectaculo 14', 'entrevista', '1991-04-15', 'productora 14', 'lista participantes 14', 5, '00:15:00', '00:20:00', '00:29:00');
INSERT INTO eventos VALUES ('espectaculo 14', 'entrevista', '1991-04-15', 'productora 14', '2022-09-01 18:00:00', 'Calle de las flores número 14 puerta C','Abierto');
INSERT INTO gradas VALUES ('grada 1', 'espectaculo 14', 'entrevista', '1991-04-15', 'productora 14', '2022-09-01 18:00:00', 'Calle de las flores número 14 puerta C');
INSERT INTO gradas VALUES ('grada 2', 'espectaculo 14', 'entrevista', '1991-04-15', 'productora 14', '2022-09-01 18:00:00', 'Calle de las flores número 14 puerta C');
INSERT INTO gradas VALUES ('grada 3', 'espectaculo 14', 'entrevista', '1991-04-15', 'productora 14', '2022-09-01 18:00:00', 'Calle de las flores número 14 puerta C');
INSERT INTO espectaculos VALUES ('espectaculo 15', 'pelicula', '2007-07-23', 'productora 15', 'lista participantes 15', 9, '00:15:00', '00:40:00', '00:24:00');
INSERT INTO eventos VALUES ('espectaculo 15', 'pelicula', '2007-07-23', 'productora 15', '2022-09-01 18:00:00', 'Calle de las flores número 15 puerta C','Abierto');
INSERT INTO gradas VALUES ('grada 1', 'espectaculo 15', 'pelicula', '2007-07-23', 'productora 15', '2022-09-01 18:00:00', 'Calle de las flores número 15 puerta C');
INSERT INTO gradas VALUES ('grada 2', 'espectaculo 15', 'pelicula', '2007-07-23', 'productora 15', '2022-09-01 18:00:00', 'Calle de las flores número 15 puerta C');
INSERT INTO gradas VALUES ('grada 3', 'espectaculo 15', 'pelicula', '2007-07-23', 'productora 15', '2022-09-01 18:00:00', 'Calle de las flores número 15 puerta C');
INSERT INTO espectaculos VALUES ('espectaculo 16', 'entrevista', '2019-07-22', 'productora 16', 'lista participantes 16', 6, '00:11:00', '00:45:00', '00:28:00');
INSERT INTO eventos VALUES ('espectaculo 16', 'entrevista', '2019-07-22', 'productora 16', '2022-09-01 18:00:00', 'Calle de las flores número 16 puerta C','Abierto');
INSERT INTO gradas VALUES ('grada 1', 'espectaculo 16', 'entrevista', '2019-07-22', 'productora 16', '2022-09-01 18:00:00', 'Calle de las flores número 16 puerta C');
INSERT INTO gradas VALUES ('grada 2', 'espectaculo 16', 'entrevista', '2019-07-22', 'productora 16', '2022-09-01 18:00:00', 'Calle de las flores número 16 puerta C');
INSERT INTO gradas VALUES ('grada 3', 'espectaculo 16', 'entrevista', '2019-07-22', 'productora 16', '2022-09-01 18:00:00', 'Calle de las flores número 16 puerta C');
INSERT INTO espectaculos VALUES ('espectaculo 17', 'entrevista', '2016-11-27', 'productora 17', 'lista participantes 17', 9, '00:17:00', '00:57:00', '00:22:00');
INSERT INTO eventos VALUES ('espectaculo 17', 'entrevista', '2016-11-27', 'productora 17', '2022-09-01 18:00:00', 'Calle de las flores número 17 puerta C','Abierto');
INSERT INTO gradas VALUES ('grada 1', 'espectaculo 17', 'entrevista', '2016-11-27', 'productora 17', '2022-09-01 18:00:00', 'Calle de las flores número 17 puerta C');
INSERT INTO gradas VALUES ('grada 2', 'espectaculo 17', 'entrevista', '2016-11-27', 'productora 17', '2022-09-01 18:00:00', 'Calle de las flores número 17 puerta C');
INSERT INTO gradas VALUES ('grada 3', 'espectaculo 17', 'entrevista', '2016-11-27', 'productora 17', '2022-09-01 18:00:00', 'Calle de las flores número 17 puerta C');
INSERT INTO espectaculos VALUES ('espectaculo 18', 'concierto', '2011-07-13', 'productora 18', 'lista participantes 18', 4, '00:17:00', '00:19:00', '00:28:00');
INSERT INTO eventos VALUES ('espectaculo 18', 'concierto', '2011-07-13', 'productora 18', '2022-09-01 18:00:00', 'Calle de las flores número 18 puerta C','Abierto');
INSERT INTO gradas VALUES ('grada 1', 'espectaculo 18', 'concierto', '2011-07-13', 'productora 18', '2022-09-01 18:00:00', 'Calle de las flores número 18 puerta C');
INSERT INTO gradas VALUES ('grada 2', 'espectaculo 18', 'concierto', '2011-07-13', 'productora 18', '2022-09-01 18:00:00', 'Calle de las flores número 18 puerta C');
INSERT INTO gradas VALUES ('grada 3', 'espectaculo 18', 'concierto', '2011-07-13', 'productora 18', '2022-09-01 18:00:00', 'Calle de las flores número 18 puerta C');
INSERT INTO espectaculos VALUES ('espectaculo 19', 'pelicula', '2018-05-07', 'productora 19', 'lista participantes 19', 5, '00:17:00', '00:45:00', '00:17:00');
INSERT INTO eventos VALUES ('espectaculo 19', 'pelicula', '2018-05-07', 'productora 19', '2022-09-01 18:00:00', 'Calle de las flores número 19 puerta C','Abierto');
INSERT INTO gradas VALUES ('grada 1', 'espectaculo 19', 'pelicula', '2018-05-07', 'productora 19', '2022-09-01 18:00:00', 'Calle de las flores número 19 puerta C');
INSERT INTO gradas VALUES ('grada 2', 'espectaculo 19', 'pelicula', '2018-05-07', 'productora 19', '2022-09-01 18:00:00', 'Calle de las flores número 19 puerta C');
INSERT INTO gradas VALUES ('grada 3', 'espectaculo 19', 'pelicula', '2018-05-07', 'productora 19', '2022-09-01 18:00:00', 'Calle de las flores número 19 puerta C');
>>>>>>> 25fb681e9ccf96865971498074582fd408caf094
SELECT table_name, table_rows FROM INFORMATION_SCHEMA.TABLES WHERE TABLE_SCHEMA = 'proyecto';