DROP DATABASE IF EXISTS proyecto;
CREATE DATABASE proyecto;
USE proyecto;
CREATE TABLE espectaculos (
    nombreEsp VARCHAR(30) NOT NULL,
    tipoEsp VARCHAR(30) NOT NULL,
    fechaProduccion DATE NOT NULL,
    productora VARCHAR(30) NOT NULL,
    participantes VARCHAR(30),
    penalizacion INT NOT NULL,
    tValidezReserva TIME NOT NULL,
    tAntelacionReserva TIME NOT NULL,
    tCancelacion TIME NOT NULL,
    PRIMARY KEY(nombreEsp, tipoEsp, fechaProduccion, productora)
    );
CREATE TABLE horarios (
    fechaYHora DATETIME NOT NULL,
    PRIMARY KEY(fechaYHora)
    );
CREATE TABLE recintos (
    direccion VARCHAR(50) NOT NULL,
    nombre VARCHAR(30),
    PRIMARY KEY(direccion)
    );
CREATE TABLE horariosRecintos (
    fechaYHora DATETIME NOT NULL,
    direccion VARCHAR(50) NOT NULL,
    FOREIGN KEY(fechaYHora) references horarios(fechaYHora) ON DELETE CASCADE,
    FOREIGN KEY(direccion) references recintos(direccion) ON DELETE CASCADE,
    primary key(fechaYHora, direccion)
    );
CREATE TABLE eventos (
    nombreEsp VARCHAR(30) NOT NULL,
    tipoEsp VARCHAR(30) NOT NULL,
    fechaProduccion DATE NOT NULL,
    productora VARCHAR(30) NOT NULL,
    fechaYHora DATETIME NOT NULL,
    direccion VARCHAR(50) NOT NULL,
    estado ENUM ('Abierto', 'Cerrado', 'Finalizado') NOT NULL DEFAULT 'Abierto',
    FOREIGN KEY(nombreEsp, tipoEsp, fechaProduccion, productora) references espectaculos(nombreEsp, tipoEsp, fechaProduccion, productora) ON DELETE CASCADE,
    FOREIGN KEY(fechaYHora, direccion) references horariosRecintos(fechaYHora, direccion) ON DELETE CASCADE,
    primary key (nombreEsp, tipoEsp, fechaProduccion, productora, fechaYHora, direccion)
    );
CREATE TABLE gradas (
    nombreGrada VARCHAR(30) NOT NULL,
    nombreEsp VARCHAR(30) NOT NULL,
    tipoEsp VARCHAR(30) NOT NULL,
    fechaProduccion DATE NOT NULL,
    productora VARCHAR(30) NOT NULL,
    fechaYHora DATETIME NOT NULL,
    direccion VARCHAR(50) NOT NULL,
    FOREIGN KEY(nombreEsp, tipoEsp, fechaProduccion, productora) references espectaculos(nombreEsp, tipoEsp, fechaProduccion, productora) ON DELETE CASCADE,
    FOREIGN KEY(fechaYHora, direccion) references horariosRecintos(fechaYHora, direccion) ON DELETE CASCADE,
    PRIMARY KEY(nombreGrada, nombreEsp, tipoEsp, fechaProduccion, productora, fechaYHora, direccion)
    );
CREATE TABLE localidades (
    asientoLocalidad INT NOT NULL,
    nombreGrada VARCHAR(30) NOT NULL,
    nombreEsp VARCHAR(30) NOT NULL,
    tipoEsp VARCHAR(30) NOT NULL,
    fechaProduccion DATE NOT NULL,
    productora VARCHAR(30) NOT NULL,
    fechaYHora DATETIME NOT NULL,
    direccion VARCHAR(50) NOT NULL,
    estado ENUM ('Libre', 'Reservado', 'Prereservado', 'Deteriorado') NOT NULL DEFAULT 'Libre',
    FOREIGN KEY(nombreEsp, tipoEsp, fechaProduccion, productora) references espectaculos(nombreEsp, tipoEsp, fechaProduccion, productora) ON DELETE CASCADE,
    FOREIGN KEY(fechaYHora, direccion) references horariosRecintos(fechaYHora, direccion) ON DELETE CASCADE,
    FOREIGN KEY(nombreGrada) references gradas(nombreGrada) ON DELETE CASCADE,
    PRIMARY KEY(asientoLocalidad, nombreGrada, nombreEsp, tipoEsp, fechaProduccion, productora, fechaYHora, direccion)
    );
CREATE TABLE tarifas (
    tipoUsuario ENUM ('bebe', 'infantil', 'juvenil', 'adulto', 'jubilado') NOT NULL,
    precio INT NOT NULL,
    maxLocalidadesReserva INT NOT NULL,
    nombreGrada VARCHAR(30) NOT NULL,
    nombreEsp VARCHAR(30) NOT NULL,
    tipoEsp VARCHAR(30) NOT NULL,
    fechaProduccion DATE NOT NULL,
    productora VARCHAR(30) NOT NULL,
    fechaYHora DATETIME NOT NULL,
    direccion VARCHAR(50) NOT NULL,
    FOREIGN KEY(nombreEsp, tipoEsp, fechaProduccion, productora) references espectaculos(nombreEsp, tipoEsp, fechaProduccion, productora) ON DELETE CASCADE,
    FOREIGN KEY(fechaYHora, direccion) references horariosRecintos(fechaYHora, direccion) ON DELETE CASCADE,
    FOREIGN KEY(nombreGrada) references gradas(nombreGrada) ON DELETE CASCADE,
    PRIMARY KEY(tipoUsuario, nombreGrada, nombreEsp, tipoEsp, fechaProduccion, productora, fechaYHora, direccion)
    );
CREATE TABLE clientes (
    correoCliente VARCHAR(30),
    nombreCliente VARCHAR(30),
    tlfCliente INT(9),
    datosBanco VARCHAR(30),
    PRIMARY KEY(correoCliente)
    );
CREATE TABLE entradas (
    formaPago VARCHAR(20) DEFAULT NULL,
    horaReserva DATETIME NOT NULL,
    correoCliente VARCHAR(30),
    tipoUsuario ENUM ('bebe', 'infantil', 'juvenil', 'adulto', 'jubilado') NOT NULL,
    asientoLocalidad INT NOT NULL,
    nombreGrada VARCHAR(30) NOT NULL,
    nombreEsp VARCHAR(30) NOT NULL,
    tipoEsp VARCHAR(30) NOT NULL,
    fechaProduccion DATE NOT NULL,
    productora VARCHAR(30) NOT NULL,
    fechaYHora DATETIME NOT NULL,
    direccion VARCHAR(50) NOT NULL,
    FOREIGN KEY(nombreEsp, tipoEsp, fechaProduccion, productora) references espectaculos(nombreEsp, tipoEsp, fechaProduccion, productora) ON DELETE CASCADE,
    FOREIGN KEY(fechaYHora, direccion) references horariosRecintos(fechaYHora, direccion) ON DELETE CASCADE,
    FOREIGN KEY(nombreGrada) references gradas(nombreGrada) ON DELETE CASCADE,
    FOREIGN KEY(asientoLocalidad) references localidades(asientoLocalidad) ON DELETE CASCADE,
    FOREIGN KEY(tipoUsuario) references tarifas(tipoUsuario) ON DELETE CASCADE,
    FOREIGN KEY(correoCliente) references clientes(correoCliente) ON DELETE CASCADE,
    PRIMARY KEY(tipoUsuario, asientoLocalidad, nombreGrada, nombreEsp, tipoEsp, fechaProduccion, productora, fechaYHora, direccion)
    );
CREATE TABLE cancelaciones (
    formaPago VARCHAR(20) NOT NULL,
    horaReserva DATETIME NOT NULL,
    correoCliente VARCHAR(30),
    tipoUsuario ENUM ('bebe', 'infantil', 'juvenil', 'adulto', 'jubilado') NOT NULL,
    asientoLocalidad INT NOT NULL,
    nombreGrada VARCHAR(30) NOT NULL,
    nombreEsp VARCHAR(30) NOT NULL,
    tipoEsp VARCHAR(30) NOT NULL,
    fechaProduccion DATE NOT NULL,
    productora VARCHAR(30) NOT NULL,
    fechaYHora DATETIME NOT NULL,
    direccion VARCHAR(50) NOT NULL,
    horaCancelacion DATETIME NOT NULL,
    FOREIGN KEY(nombreEsp, tipoEsp, fechaProduccion, productora) references espectaculos(nombreEsp, tipoEsp, fechaProduccion, productora) ON DELETE CASCADE,
    FOREIGN KEY(fechaYHora, direccion) references horariosRecintos(fechaYHora, direccion) ON DELETE CASCADE,
    FOREIGN KEY(nombreGrada) references gradas(nombreGrada) ON DELETE CASCADE,
    FOREIGN KEY(asientoLocalidad) references localidades(asientoLocalidad) ON DELETE CASCADE,
    FOREIGN KEY(tipoUsuario) references tarifas(tipoUsuario) ON DELETE CASCADE,
    FOREIGN KEY(correoCliente) references clientes(correoCliente) ON DELETE CASCADE,
    PRIMARY KEY(tipoUsuario, asientoLocalidad, nombreGrada, nombreEsp, tipoEsp, fechaProduccion, productora, fechaYHora, direccion, horaCancelacion)
    );

INSERT INTO clientes VALUES ('alba@gmail.com', 'Alba', '123456789', 'ES15753123');
INSERT INTO clientes VALUES ('omar@gmail.com', 'Omar', '147258369', 'ES15753123');
INSERT INTO clientes VALUES ('dario@gmail.com', 'Dario', '987654321', 'ES15753123');
INSERT INTO clientes VALUES ('martina@gmail.com', 'Martina', '258369147', 'ES15753123');
INSERT INTO clientes VALUES ('fernando@gmail.com', 'Fernando', '369147258', 'ES15753123');
INSERT INTO espectaculos VALUES ('Rey Leon', 'pelicula', '1994-01-01', 'Disney', 'dibujos animados', '3', '00:01:00', '00:02:00', '00:02:00');
INSERT IGNORE INTO horarios VALUES ('2022-07-01 19:00:00');
INSERT IGNORE INTO recintos VALUES ('Cine Gran Via Vigo sala 1', 'Cine Gran Via');
INSERT IGNORE INTO horariosRecintos VALUES ('2022-07-01 19:00:00', 'Cine Gran Via Vigo sala 1');
INSERT INTO eventos VALUES ('Rey Leon', 'pelicula', '1994-01-01', 'Disney', '2022-07-01 19:00:00', 'Cine Gran Via Vigo sala 1', 'Abierto');
INSERT INTO gradas VALUES ('grada 1', 'Rey Leon', 'pelicula', '1994-01-01', 'Disney', '2022-07-01 19:00:00', 'Cine Gran Via Vigo sala 1');
INSERT INTO localidades VALUES (0,'grada 1', 'Rey Leon', 'pelicula', '1994-01-01', 'Disney', '2022-07-01 19:00:00', 'Cine Gran Via Vigo sala 1', 'Libre');
INSERT INTO localidades VALUES (1,'grada 1', 'Rey Leon', 'pelicula', '1994-01-01', 'Disney', '2022-07-01 19:00:00', 'Cine Gran Via Vigo sala 1', 'Libre');
INSERT INTO localidades VALUES (2,'grada 1', 'Rey Leon', 'pelicula', '1994-01-01', 'Disney', '2022-07-01 19:00:00', 'Cine Gran Via Vigo sala 1', 'Libre');
INSERT INTO localidades VALUES (3,'grada 1', 'Rey Leon', 'pelicula', '1994-01-01', 'Disney', '2022-07-01 19:00:00', 'Cine Gran Via Vigo sala 1', 'Libre');
INSERT INTO localidades VALUES (4,'grada 1', 'Rey Leon', 'pelicula', '1994-01-01', 'Disney', '2022-07-01 19:00:00', 'Cine Gran Via Vigo sala 1', 'Libre');
INSERT INTO localidades VALUES (5,'grada 1', 'Rey Leon', 'pelicula', '1994-01-01', 'Disney', '2022-07-01 19:00:00', 'Cine Gran Via Vigo sala 1', 'Libre');
INSERT INTO localidades VALUES (6,'grada 1', 'Rey Leon', 'pelicula', '1994-01-01', 'Disney', '2022-07-01 19:00:00', 'Cine Gran Via Vigo sala 1', 'Libre');
INSERT INTO localidades VALUES (7,'grada 1', 'Rey Leon', 'pelicula', '1994-01-01', 'Disney', '2022-07-01 19:00:00', 'Cine Gran Via Vigo sala 1', 'Libre');
INSERT INTO localidades VALUES (8,'grada 1', 'Rey Leon', 'pelicula', '1994-01-01', 'Disney', '2022-07-01 19:00:00', 'Cine Gran Via Vigo sala 1', 'Libre');
INSERT INTO localidades VALUES (9,'grada 1', 'Rey Leon', 'pelicula', '1994-01-01', 'Disney', '2022-07-01 19:00:00', 'Cine Gran Via Vigo sala 1', 'Libre');
INSERT INTO localidades VALUES (10,'grada 1', 'Rey Leon', 'pelicula', '1994-01-01', 'Disney', '2022-07-01 19:00:00', 'Cine Gran Via Vigo sala 1', 'Libre');
INSERT INTO localidades VALUES (11,'grada 1', 'Rey Leon', 'pelicula', '1994-01-01', 'Disney', '2022-07-01 19:00:00', 'Cine Gran Via Vigo sala 1', 'Libre');
INSERT INTO localidades VALUES (12,'grada 1', 'Rey Leon', 'pelicula', '1994-01-01', 'Disney', '2022-07-01 19:00:00', 'Cine Gran Via Vigo sala 1', 'Libre');
INSERT INTO localidades VALUES (13,'grada 1', 'Rey Leon', 'pelicula', '1994-01-01', 'Disney', '2022-07-01 19:00:00', 'Cine Gran Via Vigo sala 1', 'Libre');
INSERT INTO localidades VALUES (14,'grada 1', 'Rey Leon', 'pelicula', '1994-01-01', 'Disney', '2022-07-01 19:00:00', 'Cine Gran Via Vigo sala 1', 'Libre');
INSERT INTO localidades VALUES (15,'grada 1', 'Rey Leon', 'pelicula', '1994-01-01', 'Disney', '2022-07-01 19:00:00', 'Cine Gran Via Vigo sala 1', 'Libre');
INSERT INTO localidades VALUES (16,'grada 1', 'Rey Leon', 'pelicula', '1994-01-01', 'Disney', '2022-07-01 19:00:00', 'Cine Gran Via Vigo sala 1', 'Libre');
INSERT INTO localidades VALUES (17,'grada 1', 'Rey Leon', 'pelicula', '1994-01-01', 'Disney', '2022-07-01 19:00:00', 'Cine Gran Via Vigo sala 1', 'Libre');
INSERT INTO localidades VALUES (18,'grada 1', 'Rey Leon', 'pelicula', '1994-01-01', 'Disney', '2022-07-01 19:00:00', 'Cine Gran Via Vigo sala 1', 'Libre');
INSERT INTO localidades VALUES (19,'grada 1', 'Rey Leon', 'pelicula', '1994-01-01', 'Disney', '2022-07-01 19:00:00', 'Cine Gran Via Vigo sala 1', 'Libre');
INSERT INTO localidades VALUES (20,'grada 1', 'Rey Leon', 'pelicula', '1994-01-01', 'Disney', '2022-07-01 19:00:00', 'Cine Gran Via Vigo sala 1', 'Libre');
INSERT INTO localidades VALUES (21,'grada 1', 'Rey Leon', 'pelicula', '1994-01-01', 'Disney', '2022-07-01 19:00:00', 'Cine Gran Via Vigo sala 1', 'Libre');
INSERT INTO localidades VALUES (22,'grada 1', 'Rey Leon', 'pelicula', '1994-01-01', 'Disney', '2022-07-01 19:00:00', 'Cine Gran Via Vigo sala 1', 'Libre');
INSERT INTO localidades VALUES (23,'grada 1', 'Rey Leon', 'pelicula', '1994-01-01', 'Disney', '2022-07-01 19:00:00', 'Cine Gran Via Vigo sala 1', 'Libre');
INSERT INTO localidades VALUES (24,'grada 1', 'Rey Leon', 'pelicula', '1994-01-01', 'Disney', '2022-07-01 19:00:00', 'Cine Gran Via Vigo sala 1', 'Libre');
INSERT INTO localidades VALUES (25,'grada 1', 'Rey Leon', 'pelicula', '1994-01-01', 'Disney', '2022-07-01 19:00:00', 'Cine Gran Via Vigo sala 1', 'Libre');
INSERT INTO localidades VALUES (26,'grada 1', 'Rey Leon', 'pelicula', '1994-01-01', 'Disney', '2022-07-01 19:00:00', 'Cine Gran Via Vigo sala 1', 'Libre');
INSERT INTO localidades VALUES (27,'grada 1', 'Rey Leon', 'pelicula', '1994-01-01', 'Disney', '2022-07-01 19:00:00', 'Cine Gran Via Vigo sala 1', 'Libre');
INSERT INTO localidades VALUES (28,'grada 1', 'Rey Leon', 'pelicula', '1994-01-01', 'Disney', '2022-07-01 19:00:00', 'Cine Gran Via Vigo sala 1', 'Libre');
INSERT INTO localidades VALUES (29,'grada 1', 'Rey Leon', 'pelicula', '1994-01-01', 'Disney', '2022-07-01 19:00:00', 'Cine Gran Via Vigo sala 1', 'Libre');
INSERT INTO tarifas VALUES ('bebe', '0', '5', 'grada 1', 'Rey Leon', 'pelicula', '1994-01-01', 'Disney', '2022-07-01 19:00:00', 'Cine Gran Via Vigo sala 1');
INSERT INTO tarifas VALUES ('infantil', '5', '5', 'grada 1', 'Rey Leon', 'pelicula', '1994-01-01', 'Disney', '2022-07-01 19:00:00', 'Cine Gran Via Vigo sala 1');
INSERT INTO tarifas VALUES ('juvenil', '8', '5', 'grada 1', 'Rey Leon', 'pelicula', '1994-01-01', 'Disney', '2022-07-01 19:00:00', 'Cine Gran Via Vigo sala 1');
INSERT INTO tarifas VALUES ('adulto', '10', '5', 'grada 1', 'Rey Leon', 'pelicula', '1994-01-01', 'Disney', '2022-07-01 19:00:00', 'Cine Gran Via Vigo sala 1');
INSERT INTO tarifas VALUES ('jubilado', '5', '5', 'grada 1', 'Rey Leon', 'pelicula', '1994-01-01', 'Disney', '2022-07-01 19:00:00', 'Cine Gran Via Vigo sala 1');
INSERT IGNORE INTO recintos VALUES ('Cine Gran Via Vigo sala 2', 'Cine Gran Via');
INSERT IGNORE INTO horariosRecintos VALUES ('2022-07-01 19:00:00', 'Cine Gran Via Vigo sala 2');
INSERT INTO eventos VALUES ('Rey Leon', 'pelicula', '1994-01-01', 'Disney', '2022-07-01 19:00:00', 'Cine Gran Via Vigo sala 2', 'Abierto');
INSERT INTO gradas VALUES ('grada 1', 'Rey Leon', 'pelicula', '1994-01-01', 'Disney', '2022-07-01 19:00:00', 'Cine Gran Via Vigo sala 2');
INSERT INTO localidades VALUES (0,'grada 1', 'Rey Leon', 'pelicula', '1994-01-01', 'Disney', '2022-07-01 19:00:00', 'Cine Gran Via Vigo sala 2', 'Libre');
INSERT INTO localidades VALUES (1,'grada 1', 'Rey Leon', 'pelicula', '1994-01-01', 'Disney', '2022-07-01 19:00:00', 'Cine Gran Via Vigo sala 2', 'Libre');
INSERT INTO localidades VALUES (2,'grada 1', 'Rey Leon', 'pelicula', '1994-01-01', 'Disney', '2022-07-01 19:00:00', 'Cine Gran Via Vigo sala 2', 'Libre');
INSERT INTO localidades VALUES (3,'grada 1', 'Rey Leon', 'pelicula', '1994-01-01', 'Disney', '2022-07-01 19:00:00', 'Cine Gran Via Vigo sala 2', 'Libre');
INSERT INTO localidades VALUES (4,'grada 1', 'Rey Leon', 'pelicula', '1994-01-01', 'Disney', '2022-07-01 19:00:00', 'Cine Gran Via Vigo sala 2', 'Libre');
INSERT INTO localidades VALUES (5,'grada 1', 'Rey Leon', 'pelicula', '1994-01-01', 'Disney', '2022-07-01 19:00:00', 'Cine Gran Via Vigo sala 2', 'Libre');
INSERT INTO localidades VALUES (6,'grada 1', 'Rey Leon', 'pelicula', '1994-01-01', 'Disney', '2022-07-01 19:00:00', 'Cine Gran Via Vigo sala 2', 'Libre');
INSERT INTO localidades VALUES (7,'grada 1', 'Rey Leon', 'pelicula', '1994-01-01', 'Disney', '2022-07-01 19:00:00', 'Cine Gran Via Vigo sala 2', 'Libre');
INSERT INTO localidades VALUES (8,'grada 1', 'Rey Leon', 'pelicula', '1994-01-01', 'Disney', '2022-07-01 19:00:00', 'Cine Gran Via Vigo sala 2', 'Libre');
INSERT INTO localidades VALUES (9,'grada 1', 'Rey Leon', 'pelicula', '1994-01-01', 'Disney', '2022-07-01 19:00:00', 'Cine Gran Via Vigo sala 2', 'Libre');
INSERT INTO localidades VALUES (10,'grada 1', 'Rey Leon', 'pelicula', '1994-01-01', 'Disney', '2022-07-01 19:00:00', 'Cine Gran Via Vigo sala 2', 'Libre');
INSERT INTO localidades VALUES (11,'grada 1', 'Rey Leon', 'pelicula', '1994-01-01', 'Disney', '2022-07-01 19:00:00', 'Cine Gran Via Vigo sala 2', 'Libre');
INSERT INTO localidades VALUES (12,'grada 1', 'Rey Leon', 'pelicula', '1994-01-01', 'Disney', '2022-07-01 19:00:00', 'Cine Gran Via Vigo sala 2', 'Libre');
INSERT INTO localidades VALUES (13,'grada 1', 'Rey Leon', 'pelicula', '1994-01-01', 'Disney', '2022-07-01 19:00:00', 'Cine Gran Via Vigo sala 2', 'Libre');
INSERT INTO localidades VALUES (14,'grada 1', 'Rey Leon', 'pelicula', '1994-01-01', 'Disney', '2022-07-01 19:00:00', 'Cine Gran Via Vigo sala 2', 'Libre');
INSERT INTO localidades VALUES (15,'grada 1', 'Rey Leon', 'pelicula', '1994-01-01', 'Disney', '2022-07-01 19:00:00', 'Cine Gran Via Vigo sala 2', 'Libre');
INSERT INTO localidades VALUES (16,'grada 1', 'Rey Leon', 'pelicula', '1994-01-01', 'Disney', '2022-07-01 19:00:00', 'Cine Gran Via Vigo sala 2', 'Libre');
INSERT INTO localidades VALUES (17,'grada 1', 'Rey Leon', 'pelicula', '1994-01-01', 'Disney', '2022-07-01 19:00:00', 'Cine Gran Via Vigo sala 2', 'Libre');
INSERT INTO localidades VALUES (18,'grada 1', 'Rey Leon', 'pelicula', '1994-01-01', 'Disney', '2022-07-01 19:00:00', 'Cine Gran Via Vigo sala 2', 'Libre');
INSERT INTO localidades VALUES (19,'grada 1', 'Rey Leon', 'pelicula', '1994-01-01', 'Disney', '2022-07-01 19:00:00', 'Cine Gran Via Vigo sala 2', 'Libre');
INSERT INTO localidades VALUES (20,'grada 1', 'Rey Leon', 'pelicula', '1994-01-01', 'Disney', '2022-07-01 19:00:00', 'Cine Gran Via Vigo sala 2', 'Libre');
INSERT INTO localidades VALUES (21,'grada 1', 'Rey Leon', 'pelicula', '1994-01-01', 'Disney', '2022-07-01 19:00:00', 'Cine Gran Via Vigo sala 2', 'Libre');
INSERT INTO localidades VALUES (22,'grada 1', 'Rey Leon', 'pelicula', '1994-01-01', 'Disney', '2022-07-01 19:00:00', 'Cine Gran Via Vigo sala 2', 'Libre');
INSERT INTO localidades VALUES (23,'grada 1', 'Rey Leon', 'pelicula', '1994-01-01', 'Disney', '2022-07-01 19:00:00', 'Cine Gran Via Vigo sala 2', 'Libre');
INSERT INTO localidades VALUES (24,'grada 1', 'Rey Leon', 'pelicula', '1994-01-01', 'Disney', '2022-07-01 19:00:00', 'Cine Gran Via Vigo sala 2', 'Libre');
INSERT INTO localidades VALUES (25,'grada 1', 'Rey Leon', 'pelicula', '1994-01-01', 'Disney', '2022-07-01 19:00:00', 'Cine Gran Via Vigo sala 2', 'Libre');
INSERT INTO localidades VALUES (26,'grada 1', 'Rey Leon', 'pelicula', '1994-01-01', 'Disney', '2022-07-01 19:00:00', 'Cine Gran Via Vigo sala 2', 'Libre');
INSERT INTO localidades VALUES (27,'grada 1', 'Rey Leon', 'pelicula', '1994-01-01', 'Disney', '2022-07-01 19:00:00', 'Cine Gran Via Vigo sala 2', 'Libre');
INSERT INTO localidades VALUES (28,'grada 1', 'Rey Leon', 'pelicula', '1994-01-01', 'Disney', '2022-07-01 19:00:00', 'Cine Gran Via Vigo sala 2', 'Libre');
INSERT INTO localidades VALUES (29,'grada 1', 'Rey Leon', 'pelicula', '1994-01-01', 'Disney', '2022-07-01 19:00:00', 'Cine Gran Via Vigo sala 2', 'Libre');
INSERT INTO tarifas VALUES ('bebe', '0', '5', 'grada 1', 'Rey Leon', 'pelicula', '1994-01-01', 'Disney', '2022-07-01 19:00:00', 'Cine Gran Via Vigo sala 2');
INSERT INTO tarifas VALUES ('infantil', '5', '5', 'grada 1', 'Rey Leon', 'pelicula', '1994-01-01', 'Disney', '2022-07-01 19:00:00', 'Cine Gran Via Vigo sala 2');
INSERT INTO tarifas VALUES ('juvenil', '8', '5', 'grada 1', 'Rey Leon', 'pelicula', '1994-01-01', 'Disney', '2022-07-01 19:00:00', 'Cine Gran Via Vigo sala 2');
INSERT INTO tarifas VALUES ('adulto', '10', '5', 'grada 1', 'Rey Leon', 'pelicula', '1994-01-01', 'Disney', '2022-07-01 19:00:00', 'Cine Gran Via Vigo sala 2');
INSERT INTO tarifas VALUES ('jubilado', '5', '5', 'grada 1', 'Rey Leon', 'pelicula', '1994-01-01', 'Disney', '2022-07-01 19:00:00', 'Cine Gran Via Vigo sala 2');
INSERT INTO espectaculos VALUES ('Hamlet', 'teatro', '2010-01-01', 'Teatro andante', 'Pedro Gomez - Laura Perez', '10', '00:03:00', '00:10:00', '00:10:00');
INSERT IGNORE INTO horarios VALUES ('2022-07-01 19:00:00');
INSERT IGNORE INTO recintos VALUES ('Auditorio Mar de Vigo', 'Auditorio Mar de Vigo');
INSERT IGNORE INTO horariosRecintos VALUES ('2022-07-01 19:00:00', 'Auditorio Mar de Vigo');
INSERT INTO eventos VALUES ('Hamlet', 'teatro', '2010-01-01', 'Teatro andante', '2022-07-01 19:00:00', 'Auditorio Mar de Vigo', 'Abierto');
INSERT INTO gradas VALUES ('grada central', 'Hamlet', 'teatro', '2010-01-01', 'Teatro andante', '2022-07-01 19:00:00', 'Auditorio Mar de Vigo');
INSERT INTO localidades VALUES (0,'grada central', 'Hamlet', 'teatro', '2010-01-01', 'Teatro andante', '2022-07-01 19:00:00', 'Auditorio Mar de Vigo', 'Libre');
INSERT INTO localidades VALUES (1,'grada central', 'Hamlet', 'teatro', '2010-01-01', 'Teatro andante', '2022-07-01 19:00:00', 'Auditorio Mar de Vigo', 'Libre');
INSERT INTO localidades VALUES (2,'grada central', 'Hamlet', 'teatro', '2010-01-01', 'Teatro andante', '2022-07-01 19:00:00', 'Auditorio Mar de Vigo', 'Libre');
INSERT INTO localidades VALUES (3,'grada central', 'Hamlet', 'teatro', '2010-01-01', 'Teatro andante', '2022-07-01 19:00:00', 'Auditorio Mar de Vigo', 'Libre');
INSERT INTO localidades VALUES (4,'grada central', 'Hamlet', 'teatro', '2010-01-01', 'Teatro andante', '2022-07-01 19:00:00', 'Auditorio Mar de Vigo', 'Libre');
INSERT INTO localidades VALUES (5,'grada central', 'Hamlet', 'teatro', '2010-01-01', 'Teatro andante', '2022-07-01 19:00:00', 'Auditorio Mar de Vigo', 'Libre');
INSERT INTO localidades VALUES (6,'grada central', 'Hamlet', 'teatro', '2010-01-01', 'Teatro andante', '2022-07-01 19:00:00', 'Auditorio Mar de Vigo', 'Libre');
INSERT INTO localidades VALUES (7,'grada central', 'Hamlet', 'teatro', '2010-01-01', 'Teatro andante', '2022-07-01 19:00:00', 'Auditorio Mar de Vigo', 'Libre');
INSERT INTO localidades VALUES (8,'grada central', 'Hamlet', 'teatro', '2010-01-01', 'Teatro andante', '2022-07-01 19:00:00', 'Auditorio Mar de Vigo', 'Libre');
INSERT INTO localidades VALUES (9,'grada central', 'Hamlet', 'teatro', '2010-01-01', 'Teatro andante', '2022-07-01 19:00:00', 'Auditorio Mar de Vigo', 'Libre');
INSERT INTO localidades VALUES (10,'grada central', 'Hamlet', 'teatro', '2010-01-01', 'Teatro andante', '2022-07-01 19:00:00', 'Auditorio Mar de Vigo', 'Libre');
INSERT INTO localidades VALUES (11,'grada central', 'Hamlet', 'teatro', '2010-01-01', 'Teatro andante', '2022-07-01 19:00:00', 'Auditorio Mar de Vigo', 'Libre');
INSERT INTO localidades VALUES (12,'grada central', 'Hamlet', 'teatro', '2010-01-01', 'Teatro andante', '2022-07-01 19:00:00', 'Auditorio Mar de Vigo', 'Libre');
INSERT INTO localidades VALUES (13,'grada central', 'Hamlet', 'teatro', '2010-01-01', 'Teatro andante', '2022-07-01 19:00:00', 'Auditorio Mar de Vigo', 'Libre');
INSERT INTO localidades VALUES (14,'grada central', 'Hamlet', 'teatro', '2010-01-01', 'Teatro andante', '2022-07-01 19:00:00', 'Auditorio Mar de Vigo', 'Libre');
INSERT INTO localidades VALUES (15,'grada central', 'Hamlet', 'teatro', '2010-01-01', 'Teatro andante', '2022-07-01 19:00:00', 'Auditorio Mar de Vigo', 'Libre');
INSERT INTO localidades VALUES (16,'grada central', 'Hamlet', 'teatro', '2010-01-01', 'Teatro andante', '2022-07-01 19:00:00', 'Auditorio Mar de Vigo', 'Libre');
INSERT INTO localidades VALUES (17,'grada central', 'Hamlet', 'teatro', '2010-01-01', 'Teatro andante', '2022-07-01 19:00:00', 'Auditorio Mar de Vigo', 'Libre');
INSERT INTO localidades VALUES (18,'grada central', 'Hamlet', 'teatro', '2010-01-01', 'Teatro andante', '2022-07-01 19:00:00', 'Auditorio Mar de Vigo', 'Libre');
INSERT INTO localidades VALUES (19,'grada central', 'Hamlet', 'teatro', '2010-01-01', 'Teatro andante', '2022-07-01 19:00:00', 'Auditorio Mar de Vigo', 'Libre');
INSERT INTO localidades VALUES (20,'grada central', 'Hamlet', 'teatro', '2010-01-01', 'Teatro andante', '2022-07-01 19:00:00', 'Auditorio Mar de Vigo', 'Libre');
INSERT INTO localidades VALUES (21,'grada central', 'Hamlet', 'teatro', '2010-01-01', 'Teatro andante', '2022-07-01 19:00:00', 'Auditorio Mar de Vigo', 'Libre');
INSERT INTO localidades VALUES (22,'grada central', 'Hamlet', 'teatro', '2010-01-01', 'Teatro andante', '2022-07-01 19:00:00', 'Auditorio Mar de Vigo', 'Libre');
INSERT INTO localidades VALUES (23,'grada central', 'Hamlet', 'teatro', '2010-01-01', 'Teatro andante', '2022-07-01 19:00:00', 'Auditorio Mar de Vigo', 'Libre');
INSERT INTO localidades VALUES (24,'grada central', 'Hamlet', 'teatro', '2010-01-01', 'Teatro andante', '2022-07-01 19:00:00', 'Auditorio Mar de Vigo', 'Libre');
INSERT INTO localidades VALUES (25,'grada central', 'Hamlet', 'teatro', '2010-01-01', 'Teatro andante', '2022-07-01 19:00:00', 'Auditorio Mar de Vigo', 'Libre');
INSERT INTO localidades VALUES (26,'grada central', 'Hamlet', 'teatro', '2010-01-01', 'Teatro andante', '2022-07-01 19:00:00', 'Auditorio Mar de Vigo', 'Libre');
INSERT INTO localidades VALUES (27,'grada central', 'Hamlet', 'teatro', '2010-01-01', 'Teatro andante', '2022-07-01 19:00:00', 'Auditorio Mar de Vigo', 'Libre');
INSERT INTO localidades VALUES (28,'grada central', 'Hamlet', 'teatro', '2010-01-01', 'Teatro andante', '2022-07-01 19:00:00', 'Auditorio Mar de Vigo', 'Libre');
INSERT INTO localidades VALUES (29,'grada central', 'Hamlet', 'teatro', '2010-01-01', 'Teatro andante', '2022-07-01 19:00:00', 'Auditorio Mar de Vigo', 'Libre');
INSERT INTO localidades VALUES (30,'grada central', 'Hamlet', 'teatro', '2010-01-01', 'Teatro andante', '2022-07-01 19:00:00', 'Auditorio Mar de Vigo', 'Libre');
INSERT INTO localidades VALUES (31,'grada central', 'Hamlet', 'teatro', '2010-01-01', 'Teatro andante', '2022-07-01 19:00:00', 'Auditorio Mar de Vigo', 'Libre');
INSERT INTO localidades VALUES (32,'grada central', 'Hamlet', 'teatro', '2010-01-01', 'Teatro andante', '2022-07-01 19:00:00', 'Auditorio Mar de Vigo', 'Libre');
INSERT INTO localidades VALUES (33,'grada central', 'Hamlet', 'teatro', '2010-01-01', 'Teatro andante', '2022-07-01 19:00:00', 'Auditorio Mar de Vigo', 'Libre');
INSERT INTO localidades VALUES (34,'grada central', 'Hamlet', 'teatro', '2010-01-01', 'Teatro andante', '2022-07-01 19:00:00', 'Auditorio Mar de Vigo', 'Libre');
INSERT INTO localidades VALUES (35,'grada central', 'Hamlet', 'teatro', '2010-01-01', 'Teatro andante', '2022-07-01 19:00:00', 'Auditorio Mar de Vigo', 'Libre');
INSERT INTO localidades VALUES (36,'grada central', 'Hamlet', 'teatro', '2010-01-01', 'Teatro andante', '2022-07-01 19:00:00', 'Auditorio Mar de Vigo', 'Libre');
INSERT INTO localidades VALUES (37,'grada central', 'Hamlet', 'teatro', '2010-01-01', 'Teatro andante', '2022-07-01 19:00:00', 'Auditorio Mar de Vigo', 'Libre');
INSERT INTO localidades VALUES (38,'grada central', 'Hamlet', 'teatro', '2010-01-01', 'Teatro andante', '2022-07-01 19:00:00', 'Auditorio Mar de Vigo', 'Libre');
INSERT INTO localidades VALUES (39,'grada central', 'Hamlet', 'teatro', '2010-01-01', 'Teatro andante', '2022-07-01 19:00:00', 'Auditorio Mar de Vigo', 'Libre');
INSERT INTO localidades VALUES (40,'grada central', 'Hamlet', 'teatro', '2010-01-01', 'Teatro andante', '2022-07-01 19:00:00', 'Auditorio Mar de Vigo', 'Libre');
INSERT INTO localidades VALUES (41,'grada central', 'Hamlet', 'teatro', '2010-01-01', 'Teatro andante', '2022-07-01 19:00:00', 'Auditorio Mar de Vigo', 'Libre');
INSERT INTO localidades VALUES (42,'grada central', 'Hamlet', 'teatro', '2010-01-01', 'Teatro andante', '2022-07-01 19:00:00', 'Auditorio Mar de Vigo', 'Libre');
INSERT INTO localidades VALUES (43,'grada central', 'Hamlet', 'teatro', '2010-01-01', 'Teatro andante', '2022-07-01 19:00:00', 'Auditorio Mar de Vigo', 'Libre');
INSERT INTO localidades VALUES (44,'grada central', 'Hamlet', 'teatro', '2010-01-01', 'Teatro andante', '2022-07-01 19:00:00', 'Auditorio Mar de Vigo', 'Libre');
INSERT INTO localidades VALUES (45,'grada central', 'Hamlet', 'teatro', '2010-01-01', 'Teatro andante', '2022-07-01 19:00:00', 'Auditorio Mar de Vigo', 'Libre');
INSERT INTO localidades VALUES (46,'grada central', 'Hamlet', 'teatro', '2010-01-01', 'Teatro andante', '2022-07-01 19:00:00', 'Auditorio Mar de Vigo', 'Libre');
INSERT INTO localidades VALUES (47,'grada central', 'Hamlet', 'teatro', '2010-01-01', 'Teatro andante', '2022-07-01 19:00:00', 'Auditorio Mar de Vigo', 'Libre');
INSERT INTO localidades VALUES (48,'grada central', 'Hamlet', 'teatro', '2010-01-01', 'Teatro andante', '2022-07-01 19:00:00', 'Auditorio Mar de Vigo', 'Libre');
INSERT INTO localidades VALUES (49,'grada central', 'Hamlet', 'teatro', '2010-01-01', 'Teatro andante', '2022-07-01 19:00:00', 'Auditorio Mar de Vigo', 'Libre');
INSERT INTO localidades VALUES (50,'grada central', 'Hamlet', 'teatro', '2010-01-01', 'Teatro andante', '2022-07-01 19:00:00', 'Auditorio Mar de Vigo', 'Libre');
INSERT INTO localidades VALUES (51,'grada central', 'Hamlet', 'teatro', '2010-01-01', 'Teatro andante', '2022-07-01 19:00:00', 'Auditorio Mar de Vigo', 'Libre');
INSERT INTO localidades VALUES (52,'grada central', 'Hamlet', 'teatro', '2010-01-01', 'Teatro andante', '2022-07-01 19:00:00', 'Auditorio Mar de Vigo', 'Libre');
INSERT INTO localidades VALUES (53,'grada central', 'Hamlet', 'teatro', '2010-01-01', 'Teatro andante', '2022-07-01 19:00:00', 'Auditorio Mar de Vigo', 'Libre');
INSERT INTO localidades VALUES (54,'grada central', 'Hamlet', 'teatro', '2010-01-01', 'Teatro andante', '2022-07-01 19:00:00', 'Auditorio Mar de Vigo', 'Libre');
INSERT INTO localidades VALUES (55,'grada central', 'Hamlet', 'teatro', '2010-01-01', 'Teatro andante', '2022-07-01 19:00:00', 'Auditorio Mar de Vigo', 'Libre');
INSERT INTO localidades VALUES (56,'grada central', 'Hamlet', 'teatro', '2010-01-01', 'Teatro andante', '2022-07-01 19:00:00', 'Auditorio Mar de Vigo', 'Libre');
INSERT INTO localidades VALUES (57,'grada central', 'Hamlet', 'teatro', '2010-01-01', 'Teatro andante', '2022-07-01 19:00:00', 'Auditorio Mar de Vigo', 'Libre');
INSERT INTO localidades VALUES (58,'grada central', 'Hamlet', 'teatro', '2010-01-01', 'Teatro andante', '2022-07-01 19:00:00', 'Auditorio Mar de Vigo', 'Libre');
INSERT INTO localidades VALUES (59,'grada central', 'Hamlet', 'teatro', '2010-01-01', 'Teatro andante', '2022-07-01 19:00:00', 'Auditorio Mar de Vigo', 'Libre');
INSERT INTO localidades VALUES (60,'grada central', 'Hamlet', 'teatro', '2010-01-01', 'Teatro andante', '2022-07-01 19:00:00', 'Auditorio Mar de Vigo', 'Libre');
INSERT INTO localidades VALUES (61,'grada central', 'Hamlet', 'teatro', '2010-01-01', 'Teatro andante', '2022-07-01 19:00:00', 'Auditorio Mar de Vigo', 'Libre');
INSERT INTO localidades VALUES (62,'grada central', 'Hamlet', 'teatro', '2010-01-01', 'Teatro andante', '2022-07-01 19:00:00', 'Auditorio Mar de Vigo', 'Libre');
INSERT INTO localidades VALUES (63,'grada central', 'Hamlet', 'teatro', '2010-01-01', 'Teatro andante', '2022-07-01 19:00:00', 'Auditorio Mar de Vigo', 'Libre');
INSERT INTO localidades VALUES (64,'grada central', 'Hamlet', 'teatro', '2010-01-01', 'Teatro andante', '2022-07-01 19:00:00', 'Auditorio Mar de Vigo', 'Libre');
INSERT INTO localidades VALUES (65,'grada central', 'Hamlet', 'teatro', '2010-01-01', 'Teatro andante', '2022-07-01 19:00:00', 'Auditorio Mar de Vigo', 'Libre');
INSERT INTO localidades VALUES (66,'grada central', 'Hamlet', 'teatro', '2010-01-01', 'Teatro andante', '2022-07-01 19:00:00', 'Auditorio Mar de Vigo', 'Libre');
INSERT INTO localidades VALUES (67,'grada central', 'Hamlet', 'teatro', '2010-01-01', 'Teatro andante', '2022-07-01 19:00:00', 'Auditorio Mar de Vigo', 'Libre');
INSERT INTO localidades VALUES (68,'grada central', 'Hamlet', 'teatro', '2010-01-01', 'Teatro andante', '2022-07-01 19:00:00', 'Auditorio Mar de Vigo', 'Libre');
INSERT INTO localidades VALUES (69,'grada central', 'Hamlet', 'teatro', '2010-01-01', 'Teatro andante', '2022-07-01 19:00:00', 'Auditorio Mar de Vigo', 'Libre');
INSERT INTO localidades VALUES (70,'grada central', 'Hamlet', 'teatro', '2010-01-01', 'Teatro andante', '2022-07-01 19:00:00', 'Auditorio Mar de Vigo', 'Libre');
INSERT INTO localidades VALUES (71,'grada central', 'Hamlet', 'teatro', '2010-01-01', 'Teatro andante', '2022-07-01 19:00:00', 'Auditorio Mar de Vigo', 'Libre');
INSERT INTO localidades VALUES (72,'grada central', 'Hamlet', 'teatro', '2010-01-01', 'Teatro andante', '2022-07-01 19:00:00', 'Auditorio Mar de Vigo', 'Libre');
INSERT INTO localidades VALUES (73,'grada central', 'Hamlet', 'teatro', '2010-01-01', 'Teatro andante', '2022-07-01 19:00:00', 'Auditorio Mar de Vigo', 'Libre');
INSERT INTO localidades VALUES (74,'grada central', 'Hamlet', 'teatro', '2010-01-01', 'Teatro andante', '2022-07-01 19:00:00', 'Auditorio Mar de Vigo', 'Libre');
INSERT INTO localidades VALUES (75,'grada central', 'Hamlet', 'teatro', '2010-01-01', 'Teatro andante', '2022-07-01 19:00:00', 'Auditorio Mar de Vigo', 'Libre');
INSERT INTO localidades VALUES (76,'grada central', 'Hamlet', 'teatro', '2010-01-01', 'Teatro andante', '2022-07-01 19:00:00', 'Auditorio Mar de Vigo', 'Libre');
INSERT INTO localidades VALUES (77,'grada central', 'Hamlet', 'teatro', '2010-01-01', 'Teatro andante', '2022-07-01 19:00:00', 'Auditorio Mar de Vigo', 'Libre');
INSERT INTO localidades VALUES (78,'grada central', 'Hamlet', 'teatro', '2010-01-01', 'Teatro andante', '2022-07-01 19:00:00', 'Auditorio Mar de Vigo', 'Libre');
INSERT INTO localidades VALUES (79,'grada central', 'Hamlet', 'teatro', '2010-01-01', 'Teatro andante', '2022-07-01 19:00:00', 'Auditorio Mar de Vigo', 'Libre');
INSERT INTO localidades VALUES (80,'grada central', 'Hamlet', 'teatro', '2010-01-01', 'Teatro andante', '2022-07-01 19:00:00', 'Auditorio Mar de Vigo', 'Libre');
INSERT INTO localidades VALUES (81,'grada central', 'Hamlet', 'teatro', '2010-01-01', 'Teatro andante', '2022-07-01 19:00:00', 'Auditorio Mar de Vigo', 'Libre');
INSERT INTO localidades VALUES (82,'grada central', 'Hamlet', 'teatro', '2010-01-01', 'Teatro andante', '2022-07-01 19:00:00', 'Auditorio Mar de Vigo', 'Libre');
INSERT INTO localidades VALUES (83,'grada central', 'Hamlet', 'teatro', '2010-01-01', 'Teatro andante', '2022-07-01 19:00:00', 'Auditorio Mar de Vigo', 'Libre');
INSERT INTO localidades VALUES (84,'grada central', 'Hamlet', 'teatro', '2010-01-01', 'Teatro andante', '2022-07-01 19:00:00', 'Auditorio Mar de Vigo', 'Libre');
INSERT INTO localidades VALUES (85,'grada central', 'Hamlet', 'teatro', '2010-01-01', 'Teatro andante', '2022-07-01 19:00:00', 'Auditorio Mar de Vigo', 'Libre');
INSERT INTO localidades VALUES (86,'grada central', 'Hamlet', 'teatro', '2010-01-01', 'Teatro andante', '2022-07-01 19:00:00', 'Auditorio Mar de Vigo', 'Libre');
INSERT INTO localidades VALUES (87,'grada central', 'Hamlet', 'teatro', '2010-01-01', 'Teatro andante', '2022-07-01 19:00:00', 'Auditorio Mar de Vigo', 'Libre');
INSERT INTO localidades VALUES (88,'grada central', 'Hamlet', 'teatro', '2010-01-01', 'Teatro andante', '2022-07-01 19:00:00', 'Auditorio Mar de Vigo', 'Libre');
INSERT INTO localidades VALUES (89,'grada central', 'Hamlet', 'teatro', '2010-01-01', 'Teatro andante', '2022-07-01 19:00:00', 'Auditorio Mar de Vigo', 'Libre');
INSERT INTO localidades VALUES (90,'grada central', 'Hamlet', 'teatro', '2010-01-01', 'Teatro andante', '2022-07-01 19:00:00', 'Auditorio Mar de Vigo', 'Libre');
INSERT INTO localidades VALUES (91,'grada central', 'Hamlet', 'teatro', '2010-01-01', 'Teatro andante', '2022-07-01 19:00:00', 'Auditorio Mar de Vigo', 'Libre');
INSERT INTO localidades VALUES (92,'grada central', 'Hamlet', 'teatro', '2010-01-01', 'Teatro andante', '2022-07-01 19:00:00', 'Auditorio Mar de Vigo', 'Libre');
INSERT INTO localidades VALUES (93,'grada central', 'Hamlet', 'teatro', '2010-01-01', 'Teatro andante', '2022-07-01 19:00:00', 'Auditorio Mar de Vigo', 'Libre');
INSERT INTO localidades VALUES (94,'grada central', 'Hamlet', 'teatro', '2010-01-01', 'Teatro andante', '2022-07-01 19:00:00', 'Auditorio Mar de Vigo', 'Libre');
INSERT INTO localidades VALUES (95,'grada central', 'Hamlet', 'teatro', '2010-01-01', 'Teatro andante', '2022-07-01 19:00:00', 'Auditorio Mar de Vigo', 'Libre');
INSERT INTO localidades VALUES (96,'grada central', 'Hamlet', 'teatro', '2010-01-01', 'Teatro andante', '2022-07-01 19:00:00', 'Auditorio Mar de Vigo', 'Libre');
INSERT INTO localidades VALUES (97,'grada central', 'Hamlet', 'teatro', '2010-01-01', 'Teatro andante', '2022-07-01 19:00:00', 'Auditorio Mar de Vigo', 'Libre');
INSERT INTO localidades VALUES (98,'grada central', 'Hamlet', 'teatro', '2010-01-01', 'Teatro andante', '2022-07-01 19:00:00', 'Auditorio Mar de Vigo', 'Libre');
INSERT INTO localidades VALUES (99,'grada central', 'Hamlet', 'teatro', '2010-01-01', 'Teatro andante', '2022-07-01 19:00:00', 'Auditorio Mar de Vigo', 'Libre');
INSERT INTO tarifas VALUES ('adulto', '35', '5', 'grada central', 'Hamlet', 'teatro', '2010-01-01', 'Teatro andante', '2022-07-01 19:00:00', 'Auditorio Mar de Vigo');
INSERT INTO tarifas VALUES ('jubilado', '20', '5', 'grada central', 'Hamlet', 'teatro', '2010-01-01', 'Teatro andante', '2022-07-01 19:00:00', 'Auditorio Mar de Vigo');
INSERT INTO gradas VALUES ('grada superior', 'Hamlet', 'teatro', '2010-01-01', 'Teatro andante', '2022-07-01 19:00:00', 'Auditorio Mar de Vigo');
INSERT INTO localidades VALUES (0,'grada superior', 'Hamlet', 'teatro', '2010-01-01', 'Teatro andante', '2022-07-01 19:00:00', 'Auditorio Mar de Vigo', 'Libre');
INSERT INTO localidades VALUES (1,'grada superior', 'Hamlet', 'teatro', '2010-01-01', 'Teatro andante', '2022-07-01 19:00:00', 'Auditorio Mar de Vigo', 'Libre');
INSERT INTO localidades VALUES (2,'grada superior', 'Hamlet', 'teatro', '2010-01-01', 'Teatro andante', '2022-07-01 19:00:00', 'Auditorio Mar de Vigo', 'Libre');
INSERT INTO localidades VALUES (3,'grada superior', 'Hamlet', 'teatro', '2010-01-01', 'Teatro andante', '2022-07-01 19:00:00', 'Auditorio Mar de Vigo', 'Libre');
INSERT INTO localidades VALUES (4,'grada superior', 'Hamlet', 'teatro', '2010-01-01', 'Teatro andante', '2022-07-01 19:00:00', 'Auditorio Mar de Vigo', 'Libre');
INSERT INTO localidades VALUES (5,'grada superior', 'Hamlet', 'teatro', '2010-01-01', 'Teatro andante', '2022-07-01 19:00:00', 'Auditorio Mar de Vigo', 'Libre');
INSERT INTO localidades VALUES (6,'grada superior', 'Hamlet', 'teatro', '2010-01-01', 'Teatro andante', '2022-07-01 19:00:00', 'Auditorio Mar de Vigo', 'Libre');
INSERT INTO localidades VALUES (7,'grada superior', 'Hamlet', 'teatro', '2010-01-01', 'Teatro andante', '2022-07-01 19:00:00', 'Auditorio Mar de Vigo', 'Libre');
INSERT INTO localidades VALUES (8,'grada superior', 'Hamlet', 'teatro', '2010-01-01', 'Teatro andante', '2022-07-01 19:00:00', 'Auditorio Mar de Vigo', 'Libre');
INSERT INTO localidades VALUES (9,'grada superior', 'Hamlet', 'teatro', '2010-01-01', 'Teatro andante', '2022-07-01 19:00:00', 'Auditorio Mar de Vigo', 'Libre');
INSERT INTO localidades VALUES (10,'grada superior', 'Hamlet', 'teatro', '2010-01-01', 'Teatro andante', '2022-07-01 19:00:00', 'Auditorio Mar de Vigo', 'Libre');
INSERT INTO localidades VALUES (11,'grada superior', 'Hamlet', 'teatro', '2010-01-01', 'Teatro andante', '2022-07-01 19:00:00', 'Auditorio Mar de Vigo', 'Libre');
INSERT INTO localidades VALUES (12,'grada superior', 'Hamlet', 'teatro', '2010-01-01', 'Teatro andante', '2022-07-01 19:00:00', 'Auditorio Mar de Vigo', 'Libre');
INSERT INTO localidades VALUES (13,'grada superior', 'Hamlet', 'teatro', '2010-01-01', 'Teatro andante', '2022-07-01 19:00:00', 'Auditorio Mar de Vigo', 'Libre');
INSERT INTO localidades VALUES (14,'grada superior', 'Hamlet', 'teatro', '2010-01-01', 'Teatro andante', '2022-07-01 19:00:00', 'Auditorio Mar de Vigo', 'Libre');
INSERT INTO localidades VALUES (15,'grada superior', 'Hamlet', 'teatro', '2010-01-01', 'Teatro andante', '2022-07-01 19:00:00', 'Auditorio Mar de Vigo', 'Libre');
INSERT INTO localidades VALUES (16,'grada superior', 'Hamlet', 'teatro', '2010-01-01', 'Teatro andante', '2022-07-01 19:00:00', 'Auditorio Mar de Vigo', 'Libre');
INSERT INTO localidades VALUES (17,'grada superior', 'Hamlet', 'teatro', '2010-01-01', 'Teatro andante', '2022-07-01 19:00:00', 'Auditorio Mar de Vigo', 'Libre');
INSERT INTO localidades VALUES (18,'grada superior', 'Hamlet', 'teatro', '2010-01-01', 'Teatro andante', '2022-07-01 19:00:00', 'Auditorio Mar de Vigo', 'Libre');
INSERT INTO localidades VALUES (19,'grada superior', 'Hamlet', 'teatro', '2010-01-01', 'Teatro andante', '2022-07-01 19:00:00', 'Auditorio Mar de Vigo', 'Libre');
INSERT INTO localidades VALUES (20,'grada superior', 'Hamlet', 'teatro', '2010-01-01', 'Teatro andante', '2022-07-01 19:00:00', 'Auditorio Mar de Vigo', 'Libre');
INSERT INTO localidades VALUES (21,'grada superior', 'Hamlet', 'teatro', '2010-01-01', 'Teatro andante', '2022-07-01 19:00:00', 'Auditorio Mar de Vigo', 'Libre');
INSERT INTO localidades VALUES (22,'grada superior', 'Hamlet', 'teatro', '2010-01-01', 'Teatro andante', '2022-07-01 19:00:00', 'Auditorio Mar de Vigo', 'Libre');
INSERT INTO localidades VALUES (23,'grada superior', 'Hamlet', 'teatro', '2010-01-01', 'Teatro andante', '2022-07-01 19:00:00', 'Auditorio Mar de Vigo', 'Libre');
INSERT INTO localidades VALUES (24,'grada superior', 'Hamlet', 'teatro', '2010-01-01', 'Teatro andante', '2022-07-01 19:00:00', 'Auditorio Mar de Vigo', 'Libre');
INSERT INTO localidades VALUES (25,'grada superior', 'Hamlet', 'teatro', '2010-01-01', 'Teatro andante', '2022-07-01 19:00:00', 'Auditorio Mar de Vigo', 'Libre');
INSERT INTO localidades VALUES (26,'grada superior', 'Hamlet', 'teatro', '2010-01-01', 'Teatro andante', '2022-07-01 19:00:00', 'Auditorio Mar de Vigo', 'Libre');
INSERT INTO localidades VALUES (27,'grada superior', 'Hamlet', 'teatro', '2010-01-01', 'Teatro andante', '2022-07-01 19:00:00', 'Auditorio Mar de Vigo', 'Libre');
INSERT INTO localidades VALUES (28,'grada superior', 'Hamlet', 'teatro', '2010-01-01', 'Teatro andante', '2022-07-01 19:00:00', 'Auditorio Mar de Vigo', 'Libre');
INSERT INTO localidades VALUES (29,'grada superior', 'Hamlet', 'teatro', '2010-01-01', 'Teatro andante', '2022-07-01 19:00:00', 'Auditorio Mar de Vigo', 'Libre');
INSERT INTO localidades VALUES (30,'grada superior', 'Hamlet', 'teatro', '2010-01-01', 'Teatro andante', '2022-07-01 19:00:00', 'Auditorio Mar de Vigo', 'Libre');
INSERT INTO localidades VALUES (31,'grada superior', 'Hamlet', 'teatro', '2010-01-01', 'Teatro andante', '2022-07-01 19:00:00', 'Auditorio Mar de Vigo', 'Libre');
INSERT INTO localidades VALUES (32,'grada superior', 'Hamlet', 'teatro', '2010-01-01', 'Teatro andante', '2022-07-01 19:00:00', 'Auditorio Mar de Vigo', 'Libre');
INSERT INTO localidades VALUES (33,'grada superior', 'Hamlet', 'teatro', '2010-01-01', 'Teatro andante', '2022-07-01 19:00:00', 'Auditorio Mar de Vigo', 'Libre');
INSERT INTO localidades VALUES (34,'grada superior', 'Hamlet', 'teatro', '2010-01-01', 'Teatro andante', '2022-07-01 19:00:00', 'Auditorio Mar de Vigo', 'Libre');
INSERT INTO localidades VALUES (35,'grada superior', 'Hamlet', 'teatro', '2010-01-01', 'Teatro andante', '2022-07-01 19:00:00', 'Auditorio Mar de Vigo', 'Libre');
INSERT INTO localidades VALUES (36,'grada superior', 'Hamlet', 'teatro', '2010-01-01', 'Teatro andante', '2022-07-01 19:00:00', 'Auditorio Mar de Vigo', 'Libre');
INSERT INTO localidades VALUES (37,'grada superior', 'Hamlet', 'teatro', '2010-01-01', 'Teatro andante', '2022-07-01 19:00:00', 'Auditorio Mar de Vigo', 'Libre');
INSERT INTO localidades VALUES (38,'grada superior', 'Hamlet', 'teatro', '2010-01-01', 'Teatro andante', '2022-07-01 19:00:00', 'Auditorio Mar de Vigo', 'Libre');
INSERT INTO localidades VALUES (39,'grada superior', 'Hamlet', 'teatro', '2010-01-01', 'Teatro andante', '2022-07-01 19:00:00', 'Auditorio Mar de Vigo', 'Libre');
INSERT INTO localidades VALUES (40,'grada superior', 'Hamlet', 'teatro', '2010-01-01', 'Teatro andante', '2022-07-01 19:00:00', 'Auditorio Mar de Vigo', 'Libre');
INSERT INTO localidades VALUES (41,'grada superior', 'Hamlet', 'teatro', '2010-01-01', 'Teatro andante', '2022-07-01 19:00:00', 'Auditorio Mar de Vigo', 'Libre');
INSERT INTO localidades VALUES (42,'grada superior', 'Hamlet', 'teatro', '2010-01-01', 'Teatro andante', '2022-07-01 19:00:00', 'Auditorio Mar de Vigo', 'Libre');
INSERT INTO localidades VALUES (43,'grada superior', 'Hamlet', 'teatro', '2010-01-01', 'Teatro andante', '2022-07-01 19:00:00', 'Auditorio Mar de Vigo', 'Libre');
INSERT INTO localidades VALUES (44,'grada superior', 'Hamlet', 'teatro', '2010-01-01', 'Teatro andante', '2022-07-01 19:00:00', 'Auditorio Mar de Vigo', 'Libre');
INSERT INTO localidades VALUES (45,'grada superior', 'Hamlet', 'teatro', '2010-01-01', 'Teatro andante', '2022-07-01 19:00:00', 'Auditorio Mar de Vigo', 'Libre');
INSERT INTO localidades VALUES (46,'grada superior', 'Hamlet', 'teatro', '2010-01-01', 'Teatro andante', '2022-07-01 19:00:00', 'Auditorio Mar de Vigo', 'Libre');
INSERT INTO localidades VALUES (47,'grada superior', 'Hamlet', 'teatro', '2010-01-01', 'Teatro andante', '2022-07-01 19:00:00', 'Auditorio Mar de Vigo', 'Libre');
INSERT INTO localidades VALUES (48,'grada superior', 'Hamlet', 'teatro', '2010-01-01', 'Teatro andante', '2022-07-01 19:00:00', 'Auditorio Mar de Vigo', 'Libre');
INSERT INTO localidades VALUES (49,'grada superior', 'Hamlet', 'teatro', '2010-01-01', 'Teatro andante', '2022-07-01 19:00:00', 'Auditorio Mar de Vigo', 'Libre');
INSERT INTO localidades VALUES (50,'grada superior', 'Hamlet', 'teatro', '2010-01-01', 'Teatro andante', '2022-07-01 19:00:00', 'Auditorio Mar de Vigo', 'Libre');
INSERT INTO localidades VALUES (51,'grada superior', 'Hamlet', 'teatro', '2010-01-01', 'Teatro andante', '2022-07-01 19:00:00', 'Auditorio Mar de Vigo', 'Libre');
INSERT INTO localidades VALUES (52,'grada superior', 'Hamlet', 'teatro', '2010-01-01', 'Teatro andante', '2022-07-01 19:00:00', 'Auditorio Mar de Vigo', 'Libre');
INSERT INTO localidades VALUES (53,'grada superior', 'Hamlet', 'teatro', '2010-01-01', 'Teatro andante', '2022-07-01 19:00:00', 'Auditorio Mar de Vigo', 'Libre');
INSERT INTO localidades VALUES (54,'grada superior', 'Hamlet', 'teatro', '2010-01-01', 'Teatro andante', '2022-07-01 19:00:00', 'Auditorio Mar de Vigo', 'Libre');
INSERT INTO localidades VALUES (55,'grada superior', 'Hamlet', 'teatro', '2010-01-01', 'Teatro andante', '2022-07-01 19:00:00', 'Auditorio Mar de Vigo', 'Libre');
INSERT INTO localidades VALUES (56,'grada superior', 'Hamlet', 'teatro', '2010-01-01', 'Teatro andante', '2022-07-01 19:00:00', 'Auditorio Mar de Vigo', 'Libre');
INSERT INTO localidades VALUES (57,'grada superior', 'Hamlet', 'teatro', '2010-01-01', 'Teatro andante', '2022-07-01 19:00:00', 'Auditorio Mar de Vigo', 'Libre');
INSERT INTO localidades VALUES (58,'grada superior', 'Hamlet', 'teatro', '2010-01-01', 'Teatro andante', '2022-07-01 19:00:00', 'Auditorio Mar de Vigo', 'Libre');
INSERT INTO localidades VALUES (59,'grada superior', 'Hamlet', 'teatro', '2010-01-01', 'Teatro andante', '2022-07-01 19:00:00', 'Auditorio Mar de Vigo', 'Libre');
INSERT INTO localidades VALUES (60,'grada superior', 'Hamlet', 'teatro', '2010-01-01', 'Teatro andante', '2022-07-01 19:00:00', 'Auditorio Mar de Vigo', 'Libre');
INSERT INTO localidades VALUES (61,'grada superior', 'Hamlet', 'teatro', '2010-01-01', 'Teatro andante', '2022-07-01 19:00:00', 'Auditorio Mar de Vigo', 'Libre');
INSERT INTO localidades VALUES (62,'grada superior', 'Hamlet', 'teatro', '2010-01-01', 'Teatro andante', '2022-07-01 19:00:00', 'Auditorio Mar de Vigo', 'Libre');
INSERT INTO localidades VALUES (63,'grada superior', 'Hamlet', 'teatro', '2010-01-01', 'Teatro andante', '2022-07-01 19:00:00', 'Auditorio Mar de Vigo', 'Libre');
INSERT INTO localidades VALUES (64,'grada superior', 'Hamlet', 'teatro', '2010-01-01', 'Teatro andante', '2022-07-01 19:00:00', 'Auditorio Mar de Vigo', 'Libre');
INSERT INTO localidades VALUES (65,'grada superior', 'Hamlet', 'teatro', '2010-01-01', 'Teatro andante', '2022-07-01 19:00:00', 'Auditorio Mar de Vigo', 'Libre');
INSERT INTO localidades VALUES (66,'grada superior', 'Hamlet', 'teatro', '2010-01-01', 'Teatro andante', '2022-07-01 19:00:00', 'Auditorio Mar de Vigo', 'Libre');
INSERT INTO localidades VALUES (67,'grada superior', 'Hamlet', 'teatro', '2010-01-01', 'Teatro andante', '2022-07-01 19:00:00', 'Auditorio Mar de Vigo', 'Libre');
INSERT INTO localidades VALUES (68,'grada superior', 'Hamlet', 'teatro', '2010-01-01', 'Teatro andante', '2022-07-01 19:00:00', 'Auditorio Mar de Vigo', 'Libre');
INSERT INTO localidades VALUES (69,'grada superior', 'Hamlet', 'teatro', '2010-01-01', 'Teatro andante', '2022-07-01 19:00:00', 'Auditorio Mar de Vigo', 'Libre');
INSERT INTO localidades VALUES (70,'grada superior', 'Hamlet', 'teatro', '2010-01-01', 'Teatro andante', '2022-07-01 19:00:00', 'Auditorio Mar de Vigo', 'Libre');
INSERT INTO localidades VALUES (71,'grada superior', 'Hamlet', 'teatro', '2010-01-01', 'Teatro andante', '2022-07-01 19:00:00', 'Auditorio Mar de Vigo', 'Libre');
INSERT INTO localidades VALUES (72,'grada superior', 'Hamlet', 'teatro', '2010-01-01', 'Teatro andante', '2022-07-01 19:00:00', 'Auditorio Mar de Vigo', 'Libre');
INSERT INTO localidades VALUES (73,'grada superior', 'Hamlet', 'teatro', '2010-01-01', 'Teatro andante', '2022-07-01 19:00:00', 'Auditorio Mar de Vigo', 'Libre');
INSERT INTO localidades VALUES (74,'grada superior', 'Hamlet', 'teatro', '2010-01-01', 'Teatro andante', '2022-07-01 19:00:00', 'Auditorio Mar de Vigo', 'Libre');
INSERT INTO localidades VALUES (75,'grada superior', 'Hamlet', 'teatro', '2010-01-01', 'Teatro andante', '2022-07-01 19:00:00', 'Auditorio Mar de Vigo', 'Libre');
INSERT INTO localidades VALUES (76,'grada superior', 'Hamlet', 'teatro', '2010-01-01', 'Teatro andante', '2022-07-01 19:00:00', 'Auditorio Mar de Vigo', 'Libre');
INSERT INTO localidades VALUES (77,'grada superior', 'Hamlet', 'teatro', '2010-01-01', 'Teatro andante', '2022-07-01 19:00:00', 'Auditorio Mar de Vigo', 'Libre');
INSERT INTO localidades VALUES (78,'grada superior', 'Hamlet', 'teatro', '2010-01-01', 'Teatro andante', '2022-07-01 19:00:00', 'Auditorio Mar de Vigo', 'Libre');
INSERT INTO localidades VALUES (79,'grada superior', 'Hamlet', 'teatro', '2010-01-01', 'Teatro andante', '2022-07-01 19:00:00', 'Auditorio Mar de Vigo', 'Libre');
INSERT INTO localidades VALUES (80,'grada superior', 'Hamlet', 'teatro', '2010-01-01', 'Teatro andante', '2022-07-01 19:00:00', 'Auditorio Mar de Vigo', 'Libre');
INSERT INTO localidades VALUES (81,'grada superior', 'Hamlet', 'teatro', '2010-01-01', 'Teatro andante', '2022-07-01 19:00:00', 'Auditorio Mar de Vigo', 'Libre');
INSERT INTO localidades VALUES (82,'grada superior', 'Hamlet', 'teatro', '2010-01-01', 'Teatro andante', '2022-07-01 19:00:00', 'Auditorio Mar de Vigo', 'Libre');
INSERT INTO localidades VALUES (83,'grada superior', 'Hamlet', 'teatro', '2010-01-01', 'Teatro andante', '2022-07-01 19:00:00', 'Auditorio Mar de Vigo', 'Libre');
INSERT INTO localidades VALUES (84,'grada superior', 'Hamlet', 'teatro', '2010-01-01', 'Teatro andante', '2022-07-01 19:00:00', 'Auditorio Mar de Vigo', 'Libre');
INSERT INTO localidades VALUES (85,'grada superior', 'Hamlet', 'teatro', '2010-01-01', 'Teatro andante', '2022-07-01 19:00:00', 'Auditorio Mar de Vigo', 'Libre');
INSERT INTO localidades VALUES (86,'grada superior', 'Hamlet', 'teatro', '2010-01-01', 'Teatro andante', '2022-07-01 19:00:00', 'Auditorio Mar de Vigo', 'Libre');
INSERT INTO localidades VALUES (87,'grada superior', 'Hamlet', 'teatro', '2010-01-01', 'Teatro andante', '2022-07-01 19:00:00', 'Auditorio Mar de Vigo', 'Libre');
INSERT INTO localidades VALUES (88,'grada superior', 'Hamlet', 'teatro', '2010-01-01', 'Teatro andante', '2022-07-01 19:00:00', 'Auditorio Mar de Vigo', 'Libre');
INSERT INTO localidades VALUES (89,'grada superior', 'Hamlet', 'teatro', '2010-01-01', 'Teatro andante', '2022-07-01 19:00:00', 'Auditorio Mar de Vigo', 'Libre');
INSERT INTO localidades VALUES (90,'grada superior', 'Hamlet', 'teatro', '2010-01-01', 'Teatro andante', '2022-07-01 19:00:00', 'Auditorio Mar de Vigo', 'Libre');
INSERT INTO localidades VALUES (91,'grada superior', 'Hamlet', 'teatro', '2010-01-01', 'Teatro andante', '2022-07-01 19:00:00', 'Auditorio Mar de Vigo', 'Libre');
INSERT INTO localidades VALUES (92,'grada superior', 'Hamlet', 'teatro', '2010-01-01', 'Teatro andante', '2022-07-01 19:00:00', 'Auditorio Mar de Vigo', 'Libre');
INSERT INTO localidades VALUES (93,'grada superior', 'Hamlet', 'teatro', '2010-01-01', 'Teatro andante', '2022-07-01 19:00:00', 'Auditorio Mar de Vigo', 'Libre');
INSERT INTO localidades VALUES (94,'grada superior', 'Hamlet', 'teatro', '2010-01-01', 'Teatro andante', '2022-07-01 19:00:00', 'Auditorio Mar de Vigo', 'Libre');
INSERT INTO localidades VALUES (95,'grada superior', 'Hamlet', 'teatro', '2010-01-01', 'Teatro andante', '2022-07-01 19:00:00', 'Auditorio Mar de Vigo', 'Libre');
INSERT INTO localidades VALUES (96,'grada superior', 'Hamlet', 'teatro', '2010-01-01', 'Teatro andante', '2022-07-01 19:00:00', 'Auditorio Mar de Vigo', 'Libre');
INSERT INTO localidades VALUES (97,'grada superior', 'Hamlet', 'teatro', '2010-01-01', 'Teatro andante', '2022-07-01 19:00:00', 'Auditorio Mar de Vigo', 'Libre');
INSERT INTO localidades VALUES (98,'grada superior', 'Hamlet', 'teatro', '2010-01-01', 'Teatro andante', '2022-07-01 19:00:00', 'Auditorio Mar de Vigo', 'Libre');
INSERT INTO localidades VALUES (99,'grada superior', 'Hamlet', 'teatro', '2010-01-01', 'Teatro andante', '2022-07-01 19:00:00', 'Auditorio Mar de Vigo', 'Libre');
INSERT INTO localidades VALUES (100,'grada superior', 'Hamlet', 'teatro', '2010-01-01', 'Teatro andante', '2022-07-01 19:00:00', 'Auditorio Mar de Vigo', 'Libre');
INSERT INTO localidades VALUES (101,'grada superior', 'Hamlet', 'teatro', '2010-01-01', 'Teatro andante', '2022-07-01 19:00:00', 'Auditorio Mar de Vigo', 'Libre');
INSERT INTO localidades VALUES (102,'grada superior', 'Hamlet', 'teatro', '2010-01-01', 'Teatro andante', '2022-07-01 19:00:00', 'Auditorio Mar de Vigo', 'Libre');
INSERT INTO localidades VALUES (103,'grada superior', 'Hamlet', 'teatro', '2010-01-01', 'Teatro andante', '2022-07-01 19:00:00', 'Auditorio Mar de Vigo', 'Libre');
INSERT INTO localidades VALUES (104,'grada superior', 'Hamlet', 'teatro', '2010-01-01', 'Teatro andante', '2022-07-01 19:00:00', 'Auditorio Mar de Vigo', 'Libre');
INSERT INTO localidades VALUES (105,'grada superior', 'Hamlet', 'teatro', '2010-01-01', 'Teatro andante', '2022-07-01 19:00:00', 'Auditorio Mar de Vigo', 'Libre');
INSERT INTO localidades VALUES (106,'grada superior', 'Hamlet', 'teatro', '2010-01-01', 'Teatro andante', '2022-07-01 19:00:00', 'Auditorio Mar de Vigo', 'Libre');
INSERT INTO localidades VALUES (107,'grada superior', 'Hamlet', 'teatro', '2010-01-01', 'Teatro andante', '2022-07-01 19:00:00', 'Auditorio Mar de Vigo', 'Libre');
INSERT INTO localidades VALUES (108,'grada superior', 'Hamlet', 'teatro', '2010-01-01', 'Teatro andante', '2022-07-01 19:00:00', 'Auditorio Mar de Vigo', 'Libre');
INSERT INTO localidades VALUES (109,'grada superior', 'Hamlet', 'teatro', '2010-01-01', 'Teatro andante', '2022-07-01 19:00:00', 'Auditorio Mar de Vigo', 'Libre');
INSERT INTO localidades VALUES (110,'grada superior', 'Hamlet', 'teatro', '2010-01-01', 'Teatro andante', '2022-07-01 19:00:00', 'Auditorio Mar de Vigo', 'Libre');
INSERT INTO localidades VALUES (111,'grada superior', 'Hamlet', 'teatro', '2010-01-01', 'Teatro andante', '2022-07-01 19:00:00', 'Auditorio Mar de Vigo', 'Libre');
INSERT INTO localidades VALUES (112,'grada superior', 'Hamlet', 'teatro', '2010-01-01', 'Teatro andante', '2022-07-01 19:00:00', 'Auditorio Mar de Vigo', 'Libre');
INSERT INTO localidades VALUES (113,'grada superior', 'Hamlet', 'teatro', '2010-01-01', 'Teatro andante', '2022-07-01 19:00:00', 'Auditorio Mar de Vigo', 'Libre');
INSERT INTO localidades VALUES (114,'grada superior', 'Hamlet', 'teatro', '2010-01-01', 'Teatro andante', '2022-07-01 19:00:00', 'Auditorio Mar de Vigo', 'Libre');
INSERT INTO localidades VALUES (115,'grada superior', 'Hamlet', 'teatro', '2010-01-01', 'Teatro andante', '2022-07-01 19:00:00', 'Auditorio Mar de Vigo', 'Libre');
INSERT INTO localidades VALUES (116,'grada superior', 'Hamlet', 'teatro', '2010-01-01', 'Teatro andante', '2022-07-01 19:00:00', 'Auditorio Mar de Vigo', 'Libre');
INSERT INTO localidades VALUES (117,'grada superior', 'Hamlet', 'teatro', '2010-01-01', 'Teatro andante', '2022-07-01 19:00:00', 'Auditorio Mar de Vigo', 'Libre');
INSERT INTO localidades VALUES (118,'grada superior', 'Hamlet', 'teatro', '2010-01-01', 'Teatro andante', '2022-07-01 19:00:00', 'Auditorio Mar de Vigo', 'Libre');
INSERT INTO localidades VALUES (119,'grada superior', 'Hamlet', 'teatro', '2010-01-01', 'Teatro andante', '2022-07-01 19:00:00', 'Auditorio Mar de Vigo', 'Libre');
INSERT INTO localidades VALUES (120,'grada superior', 'Hamlet', 'teatro', '2010-01-01', 'Teatro andante', '2022-07-01 19:00:00', 'Auditorio Mar de Vigo', 'Libre');
INSERT INTO localidades VALUES (121,'grada superior', 'Hamlet', 'teatro', '2010-01-01', 'Teatro andante', '2022-07-01 19:00:00', 'Auditorio Mar de Vigo', 'Libre');
INSERT INTO localidades VALUES (122,'grada superior', 'Hamlet', 'teatro', '2010-01-01', 'Teatro andante', '2022-07-01 19:00:00', 'Auditorio Mar de Vigo', 'Libre');
INSERT INTO localidades VALUES (123,'grada superior', 'Hamlet', 'teatro', '2010-01-01', 'Teatro andante', '2022-07-01 19:00:00', 'Auditorio Mar de Vigo', 'Libre');
INSERT INTO localidades VALUES (124,'grada superior', 'Hamlet', 'teatro', '2010-01-01', 'Teatro andante', '2022-07-01 19:00:00', 'Auditorio Mar de Vigo', 'Libre');
INSERT INTO localidades VALUES (125,'grada superior', 'Hamlet', 'teatro', '2010-01-01', 'Teatro andante', '2022-07-01 19:00:00', 'Auditorio Mar de Vigo', 'Libre');
INSERT INTO localidades VALUES (126,'grada superior', 'Hamlet', 'teatro', '2010-01-01', 'Teatro andante', '2022-07-01 19:00:00', 'Auditorio Mar de Vigo', 'Libre');
INSERT INTO localidades VALUES (127,'grada superior', 'Hamlet', 'teatro', '2010-01-01', 'Teatro andante', '2022-07-01 19:00:00', 'Auditorio Mar de Vigo', 'Libre');
INSERT INTO localidades VALUES (128,'grada superior', 'Hamlet', 'teatro', '2010-01-01', 'Teatro andante', '2022-07-01 19:00:00', 'Auditorio Mar de Vigo', 'Libre');
INSERT INTO localidades VALUES (129,'grada superior', 'Hamlet', 'teatro', '2010-01-01', 'Teatro andante', '2022-07-01 19:00:00', 'Auditorio Mar de Vigo', 'Libre');
INSERT INTO localidades VALUES (130,'grada superior', 'Hamlet', 'teatro', '2010-01-01', 'Teatro andante', '2022-07-01 19:00:00', 'Auditorio Mar de Vigo', 'Libre');
INSERT INTO localidades VALUES (131,'grada superior', 'Hamlet', 'teatro', '2010-01-01', 'Teatro andante', '2022-07-01 19:00:00', 'Auditorio Mar de Vigo', 'Libre');
INSERT INTO localidades VALUES (132,'grada superior', 'Hamlet', 'teatro', '2010-01-01', 'Teatro andante', '2022-07-01 19:00:00', 'Auditorio Mar de Vigo', 'Libre');
INSERT INTO localidades VALUES (133,'grada superior', 'Hamlet', 'teatro', '2010-01-01', 'Teatro andante', '2022-07-01 19:00:00', 'Auditorio Mar de Vigo', 'Libre');
INSERT INTO localidades VALUES (134,'grada superior', 'Hamlet', 'teatro', '2010-01-01', 'Teatro andante', '2022-07-01 19:00:00', 'Auditorio Mar de Vigo', 'Libre');
INSERT INTO localidades VALUES (135,'grada superior', 'Hamlet', 'teatro', '2010-01-01', 'Teatro andante', '2022-07-01 19:00:00', 'Auditorio Mar de Vigo', 'Libre');
INSERT INTO localidades VALUES (136,'grada superior', 'Hamlet', 'teatro', '2010-01-01', 'Teatro andante', '2022-07-01 19:00:00', 'Auditorio Mar de Vigo', 'Libre');
INSERT INTO localidades VALUES (137,'grada superior', 'Hamlet', 'teatro', '2010-01-01', 'Teatro andante', '2022-07-01 19:00:00', 'Auditorio Mar de Vigo', 'Libre');
INSERT INTO localidades VALUES (138,'grada superior', 'Hamlet', 'teatro', '2010-01-01', 'Teatro andante', '2022-07-01 19:00:00', 'Auditorio Mar de Vigo', 'Libre');
INSERT INTO localidades VALUES (139,'grada superior', 'Hamlet', 'teatro', '2010-01-01', 'Teatro andante', '2022-07-01 19:00:00', 'Auditorio Mar de Vigo', 'Libre');
INSERT INTO localidades VALUES (140,'grada superior', 'Hamlet', 'teatro', '2010-01-01', 'Teatro andante', '2022-07-01 19:00:00', 'Auditorio Mar de Vigo', 'Libre');
INSERT INTO localidades VALUES (141,'grada superior', 'Hamlet', 'teatro', '2010-01-01', 'Teatro andante', '2022-07-01 19:00:00', 'Auditorio Mar de Vigo', 'Libre');
INSERT INTO localidades VALUES (142,'grada superior', 'Hamlet', 'teatro', '2010-01-01', 'Teatro andante', '2022-07-01 19:00:00', 'Auditorio Mar de Vigo', 'Libre');
INSERT INTO localidades VALUES (143,'grada superior', 'Hamlet', 'teatro', '2010-01-01', 'Teatro andante', '2022-07-01 19:00:00', 'Auditorio Mar de Vigo', 'Libre');
INSERT INTO localidades VALUES (144,'grada superior', 'Hamlet', 'teatro', '2010-01-01', 'Teatro andante', '2022-07-01 19:00:00', 'Auditorio Mar de Vigo', 'Libre');
INSERT INTO localidades VALUES (145,'grada superior', 'Hamlet', 'teatro', '2010-01-01', 'Teatro andante', '2022-07-01 19:00:00', 'Auditorio Mar de Vigo', 'Libre');
INSERT INTO localidades VALUES (146,'grada superior', 'Hamlet', 'teatro', '2010-01-01', 'Teatro andante', '2022-07-01 19:00:00', 'Auditorio Mar de Vigo', 'Libre');
INSERT INTO localidades VALUES (147,'grada superior', 'Hamlet', 'teatro', '2010-01-01', 'Teatro andante', '2022-07-01 19:00:00', 'Auditorio Mar de Vigo', 'Libre');
INSERT INTO localidades VALUES (148,'grada superior', 'Hamlet', 'teatro', '2010-01-01', 'Teatro andante', '2022-07-01 19:00:00', 'Auditorio Mar de Vigo', 'Libre');
INSERT INTO localidades VALUES (149,'grada superior', 'Hamlet', 'teatro', '2010-01-01', 'Teatro andante', '2022-07-01 19:00:00', 'Auditorio Mar de Vigo', 'Libre');
INSERT INTO localidades VALUES (150,'grada superior', 'Hamlet', 'teatro', '2010-01-01', 'Teatro andante', '2022-07-01 19:00:00', 'Auditorio Mar de Vigo', 'Libre');
INSERT INTO localidades VALUES (151,'grada superior', 'Hamlet', 'teatro', '2010-01-01', 'Teatro andante', '2022-07-01 19:00:00', 'Auditorio Mar de Vigo', 'Libre');
INSERT INTO localidades VALUES (152,'grada superior', 'Hamlet', 'teatro', '2010-01-01', 'Teatro andante', '2022-07-01 19:00:00', 'Auditorio Mar de Vigo', 'Libre');
INSERT INTO localidades VALUES (153,'grada superior', 'Hamlet', 'teatro', '2010-01-01', 'Teatro andante', '2022-07-01 19:00:00', 'Auditorio Mar de Vigo', 'Libre');
INSERT INTO localidades VALUES (154,'grada superior', 'Hamlet', 'teatro', '2010-01-01', 'Teatro andante', '2022-07-01 19:00:00', 'Auditorio Mar de Vigo', 'Libre');
INSERT INTO localidades VALUES (155,'grada superior', 'Hamlet', 'teatro', '2010-01-01', 'Teatro andante', '2022-07-01 19:00:00', 'Auditorio Mar de Vigo', 'Libre');
INSERT INTO localidades VALUES (156,'grada superior', 'Hamlet', 'teatro', '2010-01-01', 'Teatro andante', '2022-07-01 19:00:00', 'Auditorio Mar de Vigo', 'Libre');
INSERT INTO localidades VALUES (157,'grada superior', 'Hamlet', 'teatro', '2010-01-01', 'Teatro andante', '2022-07-01 19:00:00', 'Auditorio Mar de Vigo', 'Libre');
INSERT INTO localidades VALUES (158,'grada superior', 'Hamlet', 'teatro', '2010-01-01', 'Teatro andante', '2022-07-01 19:00:00', 'Auditorio Mar de Vigo', 'Libre');
INSERT INTO localidades VALUES (159,'grada superior', 'Hamlet', 'teatro', '2010-01-01', 'Teatro andante', '2022-07-01 19:00:00', 'Auditorio Mar de Vigo', 'Libre');
INSERT INTO localidades VALUES (160,'grada superior', 'Hamlet', 'teatro', '2010-01-01', 'Teatro andante', '2022-07-01 19:00:00', 'Auditorio Mar de Vigo', 'Libre');
INSERT INTO localidades VALUES (161,'grada superior', 'Hamlet', 'teatro', '2010-01-01', 'Teatro andante', '2022-07-01 19:00:00', 'Auditorio Mar de Vigo', 'Libre');
INSERT INTO localidades VALUES (162,'grada superior', 'Hamlet', 'teatro', '2010-01-01', 'Teatro andante', '2022-07-01 19:00:00', 'Auditorio Mar de Vigo', 'Libre');
INSERT INTO localidades VALUES (163,'grada superior', 'Hamlet', 'teatro', '2010-01-01', 'Teatro andante', '2022-07-01 19:00:00', 'Auditorio Mar de Vigo', 'Libre');
INSERT INTO localidades VALUES (164,'grada superior', 'Hamlet', 'teatro', '2010-01-01', 'Teatro andante', '2022-07-01 19:00:00', 'Auditorio Mar de Vigo', 'Libre');
INSERT INTO localidades VALUES (165,'grada superior', 'Hamlet', 'teatro', '2010-01-01', 'Teatro andante', '2022-07-01 19:00:00', 'Auditorio Mar de Vigo', 'Libre');
INSERT INTO localidades VALUES (166,'grada superior', 'Hamlet', 'teatro', '2010-01-01', 'Teatro andante', '2022-07-01 19:00:00', 'Auditorio Mar de Vigo', 'Libre');
INSERT INTO localidades VALUES (167,'grada superior', 'Hamlet', 'teatro', '2010-01-01', 'Teatro andante', '2022-07-01 19:00:00', 'Auditorio Mar de Vigo', 'Libre');
INSERT INTO localidades VALUES (168,'grada superior', 'Hamlet', 'teatro', '2010-01-01', 'Teatro andante', '2022-07-01 19:00:00', 'Auditorio Mar de Vigo', 'Libre');
INSERT INTO localidades VALUES (169,'grada superior', 'Hamlet', 'teatro', '2010-01-01', 'Teatro andante', '2022-07-01 19:00:00', 'Auditorio Mar de Vigo', 'Libre');
INSERT INTO localidades VALUES (170,'grada superior', 'Hamlet', 'teatro', '2010-01-01', 'Teatro andante', '2022-07-01 19:00:00', 'Auditorio Mar de Vigo', 'Libre');
INSERT INTO localidades VALUES (171,'grada superior', 'Hamlet', 'teatro', '2010-01-01', 'Teatro andante', '2022-07-01 19:00:00', 'Auditorio Mar de Vigo', 'Libre');
INSERT INTO localidades VALUES (172,'grada superior', 'Hamlet', 'teatro', '2010-01-01', 'Teatro andante', '2022-07-01 19:00:00', 'Auditorio Mar de Vigo', 'Libre');
INSERT INTO localidades VALUES (173,'grada superior', 'Hamlet', 'teatro', '2010-01-01', 'Teatro andante', '2022-07-01 19:00:00', 'Auditorio Mar de Vigo', 'Libre');
INSERT INTO localidades VALUES (174,'grada superior', 'Hamlet', 'teatro', '2010-01-01', 'Teatro andante', '2022-07-01 19:00:00', 'Auditorio Mar de Vigo', 'Libre');
INSERT INTO localidades VALUES (175,'grada superior', 'Hamlet', 'teatro', '2010-01-01', 'Teatro andante', '2022-07-01 19:00:00', 'Auditorio Mar de Vigo', 'Libre');
INSERT INTO localidades VALUES (176,'grada superior', 'Hamlet', 'teatro', '2010-01-01', 'Teatro andante', '2022-07-01 19:00:00', 'Auditorio Mar de Vigo', 'Libre');
INSERT INTO localidades VALUES (177,'grada superior', 'Hamlet', 'teatro', '2010-01-01', 'Teatro andante', '2022-07-01 19:00:00', 'Auditorio Mar de Vigo', 'Libre');
INSERT INTO localidades VALUES (178,'grada superior', 'Hamlet', 'teatro', '2010-01-01', 'Teatro andante', '2022-07-01 19:00:00', 'Auditorio Mar de Vigo', 'Libre');
INSERT INTO localidades VALUES (179,'grada superior', 'Hamlet', 'teatro', '2010-01-01', 'Teatro andante', '2022-07-01 19:00:00', 'Auditorio Mar de Vigo', 'Libre');
INSERT INTO localidades VALUES (180,'grada superior', 'Hamlet', 'teatro', '2010-01-01', 'Teatro andante', '2022-07-01 19:00:00', 'Auditorio Mar de Vigo', 'Libre');
INSERT INTO localidades VALUES (181,'grada superior', 'Hamlet', 'teatro', '2010-01-01', 'Teatro andante', '2022-07-01 19:00:00', 'Auditorio Mar de Vigo', 'Libre');
INSERT INTO localidades VALUES (182,'grada superior', 'Hamlet', 'teatro', '2010-01-01', 'Teatro andante', '2022-07-01 19:00:00', 'Auditorio Mar de Vigo', 'Libre');
INSERT INTO localidades VALUES (183,'grada superior', 'Hamlet', 'teatro', '2010-01-01', 'Teatro andante', '2022-07-01 19:00:00', 'Auditorio Mar de Vigo', 'Libre');
INSERT INTO localidades VALUES (184,'grada superior', 'Hamlet', 'teatro', '2010-01-01', 'Teatro andante', '2022-07-01 19:00:00', 'Auditorio Mar de Vigo', 'Libre');
INSERT INTO localidades VALUES (185,'grada superior', 'Hamlet', 'teatro', '2010-01-01', 'Teatro andante', '2022-07-01 19:00:00', 'Auditorio Mar de Vigo', 'Libre');
INSERT INTO localidades VALUES (186,'grada superior', 'Hamlet', 'teatro', '2010-01-01', 'Teatro andante', '2022-07-01 19:00:00', 'Auditorio Mar de Vigo', 'Libre');
INSERT INTO localidades VALUES (187,'grada superior', 'Hamlet', 'teatro', '2010-01-01', 'Teatro andante', '2022-07-01 19:00:00', 'Auditorio Mar de Vigo', 'Libre');
INSERT INTO localidades VALUES (188,'grada superior', 'Hamlet', 'teatro', '2010-01-01', 'Teatro andante', '2022-07-01 19:00:00', 'Auditorio Mar de Vigo', 'Libre');
INSERT INTO localidades VALUES (189,'grada superior', 'Hamlet', 'teatro', '2010-01-01', 'Teatro andante', '2022-07-01 19:00:00', 'Auditorio Mar de Vigo', 'Libre');
INSERT INTO localidades VALUES (190,'grada superior', 'Hamlet', 'teatro', '2010-01-01', 'Teatro andante', '2022-07-01 19:00:00', 'Auditorio Mar de Vigo', 'Libre');
INSERT INTO localidades VALUES (191,'grada superior', 'Hamlet', 'teatro', '2010-01-01', 'Teatro andante', '2022-07-01 19:00:00', 'Auditorio Mar de Vigo', 'Libre');
INSERT INTO localidades VALUES (192,'grada superior', 'Hamlet', 'teatro', '2010-01-01', 'Teatro andante', '2022-07-01 19:00:00', 'Auditorio Mar de Vigo', 'Libre');
INSERT INTO localidades VALUES (193,'grada superior', 'Hamlet', 'teatro', '2010-01-01', 'Teatro andante', '2022-07-01 19:00:00', 'Auditorio Mar de Vigo', 'Libre');
INSERT INTO localidades VALUES (194,'grada superior', 'Hamlet', 'teatro', '2010-01-01', 'Teatro andante', '2022-07-01 19:00:00', 'Auditorio Mar de Vigo', 'Libre');
INSERT INTO localidades VALUES (195,'grada superior', 'Hamlet', 'teatro', '2010-01-01', 'Teatro andante', '2022-07-01 19:00:00', 'Auditorio Mar de Vigo', 'Libre');
INSERT INTO localidades VALUES (196,'grada superior', 'Hamlet', 'teatro', '2010-01-01', 'Teatro andante', '2022-07-01 19:00:00', 'Auditorio Mar de Vigo', 'Libre');
INSERT INTO localidades VALUES (197,'grada superior', 'Hamlet', 'teatro', '2010-01-01', 'Teatro andante', '2022-07-01 19:00:00', 'Auditorio Mar de Vigo', 'Libre');
INSERT INTO localidades VALUES (198,'grada superior', 'Hamlet', 'teatro', '2010-01-01', 'Teatro andante', '2022-07-01 19:00:00', 'Auditorio Mar de Vigo', 'Libre');
INSERT INTO localidades VALUES (199,'grada superior', 'Hamlet', 'teatro', '2010-01-01', 'Teatro andante', '2022-07-01 19:00:00', 'Auditorio Mar de Vigo', 'Libre');
INSERT INTO tarifas VALUES ('adulto', '30', '5', 'grada superior', 'Hamlet', 'teatro', '2010-01-01', 'Teatro andante', '2022-07-01 19:00:00', 'Auditorio Mar de Vigo');
INSERT INTO tarifas VALUES ('jubilado', '15', '5', 'grada superior', 'Hamlet', 'teatro', '2010-01-01', 'Teatro andante', '2022-07-01 19:00:00', 'Auditorio Mar de Vigo');
INSERT INTO espectaculos VALUES ('curso ciberseguridad', 'educativo', '2022-04-01', 'UVigo', 'Alguen de Gradiant', '20', '00:03:00', '48:00:00', '00:10:00');
INSERT IGNORE INTO horarios VALUES ('2022-05-18 13:00:00');
INSERT IGNORE INTO recintos VALUES ('Rua Maxwell Campus Vigo aula T211', 'EET');
INSERT IGNORE INTO horariosRecintos VALUES ('2022-05-18 13:00:00', 'Rua Maxwell Campus Vigo aula T211');
INSERT INTO eventos VALUES ('curso ciberseguridad', 'educativo', '2022-04-01', 'UVigo', '2022-05-18 13:00:00', 'Rua Maxwell Campus Vigo aula T211', 'Abierto');
INSERT INTO gradas VALUES ('aula T211', 'curso ciberseguridad', 'educativo', '2022-04-01', 'UVigo', '2022-05-18 13:00:00', 'Rua Maxwell Campus Vigo aula T211');
INSERT INTO localidades VALUES (0,'aula T211', 'curso ciberseguridad', 'educativo', '2022-04-01', 'UVigo', '2022-05-18 13:00:00', 'Rua Maxwell Campus Vigo aula T211', 'Libre');
INSERT INTO localidades VALUES (1,'aula T211', 'curso ciberseguridad', 'educativo', '2022-04-01', 'UVigo', '2022-05-18 13:00:00', 'Rua Maxwell Campus Vigo aula T211', 'Libre');
INSERT INTO localidades VALUES (2,'aula T211', 'curso ciberseguridad', 'educativo', '2022-04-01', 'UVigo', '2022-05-18 13:00:00', 'Rua Maxwell Campus Vigo aula T211', 'Libre');
INSERT INTO localidades VALUES (3,'aula T211', 'curso ciberseguridad', 'educativo', '2022-04-01', 'UVigo', '2022-05-18 13:00:00', 'Rua Maxwell Campus Vigo aula T211', 'Libre');
INSERT INTO localidades VALUES (4,'aula T211', 'curso ciberseguridad', 'educativo', '2022-04-01', 'UVigo', '2022-05-18 13:00:00', 'Rua Maxwell Campus Vigo aula T211', 'Libre');
INSERT INTO localidades VALUES (5,'aula T211', 'curso ciberseguridad', 'educativo', '2022-04-01', 'UVigo', '2022-05-18 13:00:00', 'Rua Maxwell Campus Vigo aula T211', 'Libre');
INSERT INTO localidades VALUES (6,'aula T211', 'curso ciberseguridad', 'educativo', '2022-04-01', 'UVigo', '2022-05-18 13:00:00', 'Rua Maxwell Campus Vigo aula T211', 'Libre');
INSERT INTO localidades VALUES (7,'aula T211', 'curso ciberseguridad', 'educativo', '2022-04-01', 'UVigo', '2022-05-18 13:00:00', 'Rua Maxwell Campus Vigo aula T211', 'Libre');
INSERT INTO localidades VALUES (8,'aula T211', 'curso ciberseguridad', 'educativo', '2022-04-01', 'UVigo', '2022-05-18 13:00:00', 'Rua Maxwell Campus Vigo aula T211', 'Libre');
INSERT INTO localidades VALUES (9,'aula T211', 'curso ciberseguridad', 'educativo', '2022-04-01', 'UVigo', '2022-05-18 13:00:00', 'Rua Maxwell Campus Vigo aula T211', 'Libre');
INSERT INTO localidades VALUES (10,'aula T211', 'curso ciberseguridad', 'educativo', '2022-04-01', 'UVigo', '2022-05-18 13:00:00', 'Rua Maxwell Campus Vigo aula T211', 'Libre');
INSERT INTO localidades VALUES (11,'aula T211', 'curso ciberseguridad', 'educativo', '2022-04-01', 'UVigo', '2022-05-18 13:00:00', 'Rua Maxwell Campus Vigo aula T211', 'Libre');
INSERT INTO localidades VALUES (12,'aula T211', 'curso ciberseguridad', 'educativo', '2022-04-01', 'UVigo', '2022-05-18 13:00:00', 'Rua Maxwell Campus Vigo aula T211', 'Libre');
INSERT INTO localidades VALUES (13,'aula T211', 'curso ciberseguridad', 'educativo', '2022-04-01', 'UVigo', '2022-05-18 13:00:00', 'Rua Maxwell Campus Vigo aula T211', 'Libre');
INSERT INTO localidades VALUES (14,'aula T211', 'curso ciberseguridad', 'educativo', '2022-04-01', 'UVigo', '2022-05-18 13:00:00', 'Rua Maxwell Campus Vigo aula T211', 'Libre');
INSERT INTO localidades VALUES (15,'aula T211', 'curso ciberseguridad', 'educativo', '2022-04-01', 'UVigo', '2022-05-18 13:00:00', 'Rua Maxwell Campus Vigo aula T211', 'Libre');
INSERT INTO localidades VALUES (16,'aula T211', 'curso ciberseguridad', 'educativo', '2022-04-01', 'UVigo', '2022-05-18 13:00:00', 'Rua Maxwell Campus Vigo aula T211', 'Libre');
INSERT INTO localidades VALUES (17,'aula T211', 'curso ciberseguridad', 'educativo', '2022-04-01', 'UVigo', '2022-05-18 13:00:00', 'Rua Maxwell Campus Vigo aula T211', 'Libre');
INSERT INTO localidades VALUES (18,'aula T211', 'curso ciberseguridad', 'educativo', '2022-04-01', 'UVigo', '2022-05-18 13:00:00', 'Rua Maxwell Campus Vigo aula T211', 'Libre');
INSERT INTO localidades VALUES (19,'aula T211', 'curso ciberseguridad', 'educativo', '2022-04-01', 'UVigo', '2022-05-18 13:00:00', 'Rua Maxwell Campus Vigo aula T211', 'Libre');
INSERT INTO localidades VALUES (20,'aula T211', 'curso ciberseguridad', 'educativo', '2022-04-01', 'UVigo', '2022-05-18 13:00:00', 'Rua Maxwell Campus Vigo aula T211', 'Libre');
INSERT INTO localidades VALUES (21,'aula T211', 'curso ciberseguridad', 'educativo', '2022-04-01', 'UVigo', '2022-05-18 13:00:00', 'Rua Maxwell Campus Vigo aula T211', 'Libre');
INSERT INTO localidades VALUES (22,'aula T211', 'curso ciberseguridad', 'educativo', '2022-04-01', 'UVigo', '2022-05-18 13:00:00', 'Rua Maxwell Campus Vigo aula T211', 'Libre');
INSERT INTO localidades VALUES (23,'aula T211', 'curso ciberseguridad', 'educativo', '2022-04-01', 'UVigo', '2022-05-18 13:00:00', 'Rua Maxwell Campus Vigo aula T211', 'Libre');
INSERT INTO localidades VALUES (24,'aula T211', 'curso ciberseguridad', 'educativo', '2022-04-01', 'UVigo', '2022-05-18 13:00:00', 'Rua Maxwell Campus Vigo aula T211', 'Libre');
INSERT INTO localidades VALUES (25,'aula T211', 'curso ciberseguridad', 'educativo', '2022-04-01', 'UVigo', '2022-05-18 13:00:00', 'Rua Maxwell Campus Vigo aula T211', 'Libre');
INSERT INTO localidades VALUES (26,'aula T211', 'curso ciberseguridad', 'educativo', '2022-04-01', 'UVigo', '2022-05-18 13:00:00', 'Rua Maxwell Campus Vigo aula T211', 'Libre');
INSERT INTO localidades VALUES (27,'aula T211', 'curso ciberseguridad', 'educativo', '2022-04-01', 'UVigo', '2022-05-18 13:00:00', 'Rua Maxwell Campus Vigo aula T211', 'Libre');
INSERT INTO localidades VALUES (28,'aula T211', 'curso ciberseguridad', 'educativo', '2022-04-01', 'UVigo', '2022-05-18 13:00:00', 'Rua Maxwell Campus Vigo aula T211', 'Libre');
INSERT INTO localidades VALUES (29,'aula T211', 'curso ciberseguridad', 'educativo', '2022-04-01', 'UVigo', '2022-05-18 13:00:00', 'Rua Maxwell Campus Vigo aula T211', 'Libre');
INSERT INTO localidades VALUES (30,'aula T211', 'curso ciberseguridad', 'educativo', '2022-04-01', 'UVigo', '2022-05-18 13:00:00', 'Rua Maxwell Campus Vigo aula T211', 'Libre');
INSERT INTO localidades VALUES (31,'aula T211', 'curso ciberseguridad', 'educativo', '2022-04-01', 'UVigo', '2022-05-18 13:00:00', 'Rua Maxwell Campus Vigo aula T211', 'Libre');
INSERT INTO localidades VALUES (32,'aula T211', 'curso ciberseguridad', 'educativo', '2022-04-01', 'UVigo', '2022-05-18 13:00:00', 'Rua Maxwell Campus Vigo aula T211', 'Libre');
INSERT INTO localidades VALUES (33,'aula T211', 'curso ciberseguridad', 'educativo', '2022-04-01', 'UVigo', '2022-05-18 13:00:00', 'Rua Maxwell Campus Vigo aula T211', 'Libre');
INSERT INTO localidades VALUES (34,'aula T211', 'curso ciberseguridad', 'educativo', '2022-04-01', 'UVigo', '2022-05-18 13:00:00', 'Rua Maxwell Campus Vigo aula T211', 'Libre');
INSERT INTO localidades VALUES (35,'aula T211', 'curso ciberseguridad', 'educativo', '2022-04-01', 'UVigo', '2022-05-18 13:00:00', 'Rua Maxwell Campus Vigo aula T211', 'Libre');
INSERT INTO localidades VALUES (36,'aula T211', 'curso ciberseguridad', 'educativo', '2022-04-01', 'UVigo', '2022-05-18 13:00:00', 'Rua Maxwell Campus Vigo aula T211', 'Libre');
INSERT INTO localidades VALUES (37,'aula T211', 'curso ciberseguridad', 'educativo', '2022-04-01', 'UVigo', '2022-05-18 13:00:00', 'Rua Maxwell Campus Vigo aula T211', 'Libre');
INSERT INTO localidades VALUES (38,'aula T211', 'curso ciberseguridad', 'educativo', '2022-04-01', 'UVigo', '2022-05-18 13:00:00', 'Rua Maxwell Campus Vigo aula T211', 'Libre');
INSERT INTO localidades VALUES (39,'aula T211', 'curso ciberseguridad', 'educativo', '2022-04-01', 'UVigo', '2022-05-18 13:00:00', 'Rua Maxwell Campus Vigo aula T211', 'Libre');
INSERT INTO localidades VALUES (40,'aula T211', 'curso ciberseguridad', 'educativo', '2022-04-01', 'UVigo', '2022-05-18 13:00:00', 'Rua Maxwell Campus Vigo aula T211', 'Libre');
INSERT INTO localidades VALUES (41,'aula T211', 'curso ciberseguridad', 'educativo', '2022-04-01', 'UVigo', '2022-05-18 13:00:00', 'Rua Maxwell Campus Vigo aula T211', 'Libre');
INSERT INTO localidades VALUES (42,'aula T211', 'curso ciberseguridad', 'educativo', '2022-04-01', 'UVigo', '2022-05-18 13:00:00', 'Rua Maxwell Campus Vigo aula T211', 'Libre');
INSERT INTO localidades VALUES (43,'aula T211', 'curso ciberseguridad', 'educativo', '2022-04-01', 'UVigo', '2022-05-18 13:00:00', 'Rua Maxwell Campus Vigo aula T211', 'Libre');
INSERT INTO localidades VALUES (44,'aula T211', 'curso ciberseguridad', 'educativo', '2022-04-01', 'UVigo', '2022-05-18 13:00:00', 'Rua Maxwell Campus Vigo aula T211', 'Libre');
INSERT INTO localidades VALUES (45,'aula T211', 'curso ciberseguridad', 'educativo', '2022-04-01', 'UVigo', '2022-05-18 13:00:00', 'Rua Maxwell Campus Vigo aula T211', 'Libre');
INSERT INTO localidades VALUES (46,'aula T211', 'curso ciberseguridad', 'educativo', '2022-04-01', 'UVigo', '2022-05-18 13:00:00', 'Rua Maxwell Campus Vigo aula T211', 'Libre');
INSERT INTO localidades VALUES (47,'aula T211', 'curso ciberseguridad', 'educativo', '2022-04-01', 'UVigo', '2022-05-18 13:00:00', 'Rua Maxwell Campus Vigo aula T211', 'Libre');
INSERT INTO localidades VALUES (48,'aula T211', 'curso ciberseguridad', 'educativo', '2022-04-01', 'UVigo', '2022-05-18 13:00:00', 'Rua Maxwell Campus Vigo aula T211', 'Libre');
INSERT INTO localidades VALUES (49,'aula T211', 'curso ciberseguridad', 'educativo', '2022-04-01', 'UVigo', '2022-05-18 13:00:00', 'Rua Maxwell Campus Vigo aula T211', 'Libre');
INSERT INTO localidades VALUES (50,'aula T211', 'curso ciberseguridad', 'educativo', '2022-04-01', 'UVigo', '2022-05-18 13:00:00', 'Rua Maxwell Campus Vigo aula T211', 'Libre');
INSERT INTO localidades VALUES (51,'aula T211', 'curso ciberseguridad', 'educativo', '2022-04-01', 'UVigo', '2022-05-18 13:00:00', 'Rua Maxwell Campus Vigo aula T211', 'Libre');
INSERT INTO localidades VALUES (52,'aula T211', 'curso ciberseguridad', 'educativo', '2022-04-01', 'UVigo', '2022-05-18 13:00:00', 'Rua Maxwell Campus Vigo aula T211', 'Libre');
INSERT INTO localidades VALUES (53,'aula T211', 'curso ciberseguridad', 'educativo', '2022-04-01', 'UVigo', '2022-05-18 13:00:00', 'Rua Maxwell Campus Vigo aula T211', 'Libre');
INSERT INTO localidades VALUES (54,'aula T211', 'curso ciberseguridad', 'educativo', '2022-04-01', 'UVigo', '2022-05-18 13:00:00', 'Rua Maxwell Campus Vigo aula T211', 'Libre');
INSERT INTO localidades VALUES (55,'aula T211', 'curso ciberseguridad', 'educativo', '2022-04-01', 'UVigo', '2022-05-18 13:00:00', 'Rua Maxwell Campus Vigo aula T211', 'Libre');
INSERT INTO localidades VALUES (56,'aula T211', 'curso ciberseguridad', 'educativo', '2022-04-01', 'UVigo', '2022-05-18 13:00:00', 'Rua Maxwell Campus Vigo aula T211', 'Libre');
INSERT INTO localidades VALUES (57,'aula T211', 'curso ciberseguridad', 'educativo', '2022-04-01', 'UVigo', '2022-05-18 13:00:00', 'Rua Maxwell Campus Vigo aula T211', 'Libre');
INSERT INTO localidades VALUES (58,'aula T211', 'curso ciberseguridad', 'educativo', '2022-04-01', 'UVigo', '2022-05-18 13:00:00', 'Rua Maxwell Campus Vigo aula T211', 'Libre');
INSERT INTO localidades VALUES (59,'aula T211', 'curso ciberseguridad', 'educativo', '2022-04-01', 'UVigo', '2022-05-18 13:00:00', 'Rua Maxwell Campus Vigo aula T211', 'Libre');
INSERT INTO localidades VALUES (60,'aula T211', 'curso ciberseguridad', 'educativo', '2022-04-01', 'UVigo', '2022-05-18 13:00:00', 'Rua Maxwell Campus Vigo aula T211', 'Libre');
INSERT INTO localidades VALUES (61,'aula T211', 'curso ciberseguridad', 'educativo', '2022-04-01', 'UVigo', '2022-05-18 13:00:00', 'Rua Maxwell Campus Vigo aula T211', 'Libre');
INSERT INTO localidades VALUES (62,'aula T211', 'curso ciberseguridad', 'educativo', '2022-04-01', 'UVigo', '2022-05-18 13:00:00', 'Rua Maxwell Campus Vigo aula T211', 'Libre');
INSERT INTO localidades VALUES (63,'aula T211', 'curso ciberseguridad', 'educativo', '2022-04-01', 'UVigo', '2022-05-18 13:00:00', 'Rua Maxwell Campus Vigo aula T211', 'Libre');
INSERT INTO localidades VALUES (64,'aula T211', 'curso ciberseguridad', 'educativo', '2022-04-01', 'UVigo', '2022-05-18 13:00:00', 'Rua Maxwell Campus Vigo aula T211', 'Libre');
INSERT INTO localidades VALUES (65,'aula T211', 'curso ciberseguridad', 'educativo', '2022-04-01', 'UVigo', '2022-05-18 13:00:00', 'Rua Maxwell Campus Vigo aula T211', 'Libre');
INSERT INTO localidades VALUES (66,'aula T211', 'curso ciberseguridad', 'educativo', '2022-04-01', 'UVigo', '2022-05-18 13:00:00', 'Rua Maxwell Campus Vigo aula T211', 'Libre');
INSERT INTO localidades VALUES (67,'aula T211', 'curso ciberseguridad', 'educativo', '2022-04-01', 'UVigo', '2022-05-18 13:00:00', 'Rua Maxwell Campus Vigo aula T211', 'Libre');
INSERT INTO localidades VALUES (68,'aula T211', 'curso ciberseguridad', 'educativo', '2022-04-01', 'UVigo', '2022-05-18 13:00:00', 'Rua Maxwell Campus Vigo aula T211', 'Libre');
INSERT INTO localidades VALUES (69,'aula T211', 'curso ciberseguridad', 'educativo', '2022-04-01', 'UVigo', '2022-05-18 13:00:00', 'Rua Maxwell Campus Vigo aula T211', 'Libre');
INSERT INTO localidades VALUES (70,'aula T211', 'curso ciberseguridad', 'educativo', '2022-04-01', 'UVigo', '2022-05-18 13:00:00', 'Rua Maxwell Campus Vigo aula T211', 'Libre');
INSERT INTO localidades VALUES (71,'aula T211', 'curso ciberseguridad', 'educativo', '2022-04-01', 'UVigo', '2022-05-18 13:00:00', 'Rua Maxwell Campus Vigo aula T211', 'Libre');
INSERT INTO localidades VALUES (72,'aula T211', 'curso ciberseguridad', 'educativo', '2022-04-01', 'UVigo', '2022-05-18 13:00:00', 'Rua Maxwell Campus Vigo aula T211', 'Libre');
INSERT INTO localidades VALUES (73,'aula T211', 'curso ciberseguridad', 'educativo', '2022-04-01', 'UVigo', '2022-05-18 13:00:00', 'Rua Maxwell Campus Vigo aula T211', 'Libre');
INSERT INTO localidades VALUES (74,'aula T211', 'curso ciberseguridad', 'educativo', '2022-04-01', 'UVigo', '2022-05-18 13:00:00', 'Rua Maxwell Campus Vigo aula T211', 'Libre');
INSERT INTO localidades VALUES (75,'aula T211', 'curso ciberseguridad', 'educativo', '2022-04-01', 'UVigo', '2022-05-18 13:00:00', 'Rua Maxwell Campus Vigo aula T211', 'Libre');
INSERT INTO localidades VALUES (76,'aula T211', 'curso ciberseguridad', 'educativo', '2022-04-01', 'UVigo', '2022-05-18 13:00:00', 'Rua Maxwell Campus Vigo aula T211', 'Libre');
INSERT INTO localidades VALUES (77,'aula T211', 'curso ciberseguridad', 'educativo', '2022-04-01', 'UVigo', '2022-05-18 13:00:00', 'Rua Maxwell Campus Vigo aula T211', 'Libre');
INSERT INTO localidades VALUES (78,'aula T211', 'curso ciberseguridad', 'educativo', '2022-04-01', 'UVigo', '2022-05-18 13:00:00', 'Rua Maxwell Campus Vigo aula T211', 'Libre');
INSERT INTO localidades VALUES (79,'aula T211', 'curso ciberseguridad', 'educativo', '2022-04-01', 'UVigo', '2022-05-18 13:00:00', 'Rua Maxwell Campus Vigo aula T211', 'Libre');
INSERT INTO localidades VALUES (80,'aula T211', 'curso ciberseguridad', 'educativo', '2022-04-01', 'UVigo', '2022-05-18 13:00:00', 'Rua Maxwell Campus Vigo aula T211', 'Libre');
INSERT INTO localidades VALUES (81,'aula T211', 'curso ciberseguridad', 'educativo', '2022-04-01', 'UVigo', '2022-05-18 13:00:00', 'Rua Maxwell Campus Vigo aula T211', 'Libre');
INSERT INTO localidades VALUES (82,'aula T211', 'curso ciberseguridad', 'educativo', '2022-04-01', 'UVigo', '2022-05-18 13:00:00', 'Rua Maxwell Campus Vigo aula T211', 'Libre');
INSERT INTO localidades VALUES (83,'aula T211', 'curso ciberseguridad', 'educativo', '2022-04-01', 'UVigo', '2022-05-18 13:00:00', 'Rua Maxwell Campus Vigo aula T211', 'Libre');
INSERT INTO localidades VALUES (84,'aula T211', 'curso ciberseguridad', 'educativo', '2022-04-01', 'UVigo', '2022-05-18 13:00:00', 'Rua Maxwell Campus Vigo aula T211', 'Libre');
INSERT INTO localidades VALUES (85,'aula T211', 'curso ciberseguridad', 'educativo', '2022-04-01', 'UVigo', '2022-05-18 13:00:00', 'Rua Maxwell Campus Vigo aula T211', 'Libre');
INSERT INTO localidades VALUES (86,'aula T211', 'curso ciberseguridad', 'educativo', '2022-04-01', 'UVigo', '2022-05-18 13:00:00', 'Rua Maxwell Campus Vigo aula T211', 'Libre');
INSERT INTO localidades VALUES (87,'aula T211', 'curso ciberseguridad', 'educativo', '2022-04-01', 'UVigo', '2022-05-18 13:00:00', 'Rua Maxwell Campus Vigo aula T211', 'Libre');
INSERT INTO localidades VALUES (88,'aula T211', 'curso ciberseguridad', 'educativo', '2022-04-01', 'UVigo', '2022-05-18 13:00:00', 'Rua Maxwell Campus Vigo aula T211', 'Libre');
INSERT INTO localidades VALUES (89,'aula T211', 'curso ciberseguridad', 'educativo', '2022-04-01', 'UVigo', '2022-05-18 13:00:00', 'Rua Maxwell Campus Vigo aula T211', 'Libre');
INSERT INTO localidades VALUES (90,'aula T211', 'curso ciberseguridad', 'educativo', '2022-04-01', 'UVigo', '2022-05-18 13:00:00', 'Rua Maxwell Campus Vigo aula T211', 'Libre');
INSERT INTO localidades VALUES (91,'aula T211', 'curso ciberseguridad', 'educativo', '2022-04-01', 'UVigo', '2022-05-18 13:00:00', 'Rua Maxwell Campus Vigo aula T211', 'Libre');
INSERT INTO localidades VALUES (92,'aula T211', 'curso ciberseguridad', 'educativo', '2022-04-01', 'UVigo', '2022-05-18 13:00:00', 'Rua Maxwell Campus Vigo aula T211', 'Libre');
INSERT INTO localidades VALUES (93,'aula T211', 'curso ciberseguridad', 'educativo', '2022-04-01', 'UVigo', '2022-05-18 13:00:00', 'Rua Maxwell Campus Vigo aula T211', 'Libre');
INSERT INTO localidades VALUES (94,'aula T211', 'curso ciberseguridad', 'educativo', '2022-04-01', 'UVigo', '2022-05-18 13:00:00', 'Rua Maxwell Campus Vigo aula T211', 'Libre');
INSERT INTO localidades VALUES (95,'aula T211', 'curso ciberseguridad', 'educativo', '2022-04-01', 'UVigo', '2022-05-18 13:00:00', 'Rua Maxwell Campus Vigo aula T211', 'Libre');
INSERT INTO localidades VALUES (96,'aula T211', 'curso ciberseguridad', 'educativo', '2022-04-01', 'UVigo', '2022-05-18 13:00:00', 'Rua Maxwell Campus Vigo aula T211', 'Libre');
INSERT INTO localidades VALUES (97,'aula T211', 'curso ciberseguridad', 'educativo', '2022-04-01', 'UVigo', '2022-05-18 13:00:00', 'Rua Maxwell Campus Vigo aula T211', 'Libre');
INSERT INTO localidades VALUES (98,'aula T211', 'curso ciberseguridad', 'educativo', '2022-04-01', 'UVigo', '2022-05-18 13:00:00', 'Rua Maxwell Campus Vigo aula T211', 'Libre');
INSERT INTO localidades VALUES (99,'aula T211', 'curso ciberseguridad', 'educativo', '2022-04-01', 'UVigo', '2022-05-18 13:00:00', 'Rua Maxwell Campus Vigo aula T211', 'Libre');
INSERT INTO localidades VALUES (100,'aula T211', 'curso ciberseguridad', 'educativo', '2022-04-01', 'UVigo', '2022-05-18 13:00:00', 'Rua Maxwell Campus Vigo aula T211', 'Libre');
INSERT INTO localidades VALUES (101,'aula T211', 'curso ciberseguridad', 'educativo', '2022-04-01', 'UVigo', '2022-05-18 13:00:00', 'Rua Maxwell Campus Vigo aula T211', 'Libre');
INSERT INTO localidades VALUES (102,'aula T211', 'curso ciberseguridad', 'educativo', '2022-04-01', 'UVigo', '2022-05-18 13:00:00', 'Rua Maxwell Campus Vigo aula T211', 'Libre');
INSERT INTO localidades VALUES (103,'aula T211', 'curso ciberseguridad', 'educativo', '2022-04-01', 'UVigo', '2022-05-18 13:00:00', 'Rua Maxwell Campus Vigo aula T211', 'Libre');
INSERT INTO localidades VALUES (104,'aula T211', 'curso ciberseguridad', 'educativo', '2022-04-01', 'UVigo', '2022-05-18 13:00:00', 'Rua Maxwell Campus Vigo aula T211', 'Libre');
INSERT INTO localidades VALUES (105,'aula T211', 'curso ciberseguridad', 'educativo', '2022-04-01', 'UVigo', '2022-05-18 13:00:00', 'Rua Maxwell Campus Vigo aula T211', 'Libre');
INSERT INTO localidades VALUES (106,'aula T211', 'curso ciberseguridad', 'educativo', '2022-04-01', 'UVigo', '2022-05-18 13:00:00', 'Rua Maxwell Campus Vigo aula T211', 'Libre');
INSERT INTO localidades VALUES (107,'aula T211', 'curso ciberseguridad', 'educativo', '2022-04-01', 'UVigo', '2022-05-18 13:00:00', 'Rua Maxwell Campus Vigo aula T211', 'Libre');
INSERT INTO localidades VALUES (108,'aula T211', 'curso ciberseguridad', 'educativo', '2022-04-01', 'UVigo', '2022-05-18 13:00:00', 'Rua Maxwell Campus Vigo aula T211', 'Libre');
INSERT INTO localidades VALUES (109,'aula T211', 'curso ciberseguridad', 'educativo', '2022-04-01', 'UVigo', '2022-05-18 13:00:00', 'Rua Maxwell Campus Vigo aula T211', 'Libre');
INSERT INTO localidades VALUES (110,'aula T211', 'curso ciberseguridad', 'educativo', '2022-04-01', 'UVigo', '2022-05-18 13:00:00', 'Rua Maxwell Campus Vigo aula T211', 'Libre');
INSERT INTO localidades VALUES (111,'aula T211', 'curso ciberseguridad', 'educativo', '2022-04-01', 'UVigo', '2022-05-18 13:00:00', 'Rua Maxwell Campus Vigo aula T211', 'Libre');
INSERT INTO localidades VALUES (112,'aula T211', 'curso ciberseguridad', 'educativo', '2022-04-01', 'UVigo', '2022-05-18 13:00:00', 'Rua Maxwell Campus Vigo aula T211', 'Libre');
INSERT INTO localidades VALUES (113,'aula T211', 'curso ciberseguridad', 'educativo', '2022-04-01', 'UVigo', '2022-05-18 13:00:00', 'Rua Maxwell Campus Vigo aula T211', 'Libre');
INSERT INTO localidades VALUES (114,'aula T211', 'curso ciberseguridad', 'educativo', '2022-04-01', 'UVigo', '2022-05-18 13:00:00', 'Rua Maxwell Campus Vigo aula T211', 'Libre');
INSERT INTO localidades VALUES (115,'aula T211', 'curso ciberseguridad', 'educativo', '2022-04-01', 'UVigo', '2022-05-18 13:00:00', 'Rua Maxwell Campus Vigo aula T211', 'Libre');
INSERT INTO localidades VALUES (116,'aula T211', 'curso ciberseguridad', 'educativo', '2022-04-01', 'UVigo', '2022-05-18 13:00:00', 'Rua Maxwell Campus Vigo aula T211', 'Libre');
INSERT INTO localidades VALUES (117,'aula T211', 'curso ciberseguridad', 'educativo', '2022-04-01', 'UVigo', '2022-05-18 13:00:00', 'Rua Maxwell Campus Vigo aula T211', 'Libre');
INSERT INTO localidades VALUES (118,'aula T211', 'curso ciberseguridad', 'educativo', '2022-04-01', 'UVigo', '2022-05-18 13:00:00', 'Rua Maxwell Campus Vigo aula T211', 'Libre');
INSERT INTO localidades VALUES (119,'aula T211', 'curso ciberseguridad', 'educativo', '2022-04-01', 'UVigo', '2022-05-18 13:00:00', 'Rua Maxwell Campus Vigo aula T211', 'Libre');
INSERT INTO localidades VALUES (120,'aula T211', 'curso ciberseguridad', 'educativo', '2022-04-01', 'UVigo', '2022-05-18 13:00:00', 'Rua Maxwell Campus Vigo aula T211', 'Libre');
INSERT INTO localidades VALUES (121,'aula T211', 'curso ciberseguridad', 'educativo', '2022-04-01', 'UVigo', '2022-05-18 13:00:00', 'Rua Maxwell Campus Vigo aula T211', 'Libre');
INSERT INTO localidades VALUES (122,'aula T211', 'curso ciberseguridad', 'educativo', '2022-04-01', 'UVigo', '2022-05-18 13:00:00', 'Rua Maxwell Campus Vigo aula T211', 'Libre');
INSERT INTO localidades VALUES (123,'aula T211', 'curso ciberseguridad', 'educativo', '2022-04-01', 'UVigo', '2022-05-18 13:00:00', 'Rua Maxwell Campus Vigo aula T211', 'Libre');
INSERT INTO localidades VALUES (124,'aula T211', 'curso ciberseguridad', 'educativo', '2022-04-01', 'UVigo', '2022-05-18 13:00:00', 'Rua Maxwell Campus Vigo aula T211', 'Libre');
INSERT INTO localidades VALUES (125,'aula T211', 'curso ciberseguridad', 'educativo', '2022-04-01', 'UVigo', '2022-05-18 13:00:00', 'Rua Maxwell Campus Vigo aula T211', 'Libre');
INSERT INTO localidades VALUES (126,'aula T211', 'curso ciberseguridad', 'educativo', '2022-04-01', 'UVigo', '2022-05-18 13:00:00', 'Rua Maxwell Campus Vigo aula T211', 'Libre');
INSERT INTO localidades VALUES (127,'aula T211', 'curso ciberseguridad', 'educativo', '2022-04-01', 'UVigo', '2022-05-18 13:00:00', 'Rua Maxwell Campus Vigo aula T211', 'Libre');
INSERT INTO localidades VALUES (128,'aula T211', 'curso ciberseguridad', 'educativo', '2022-04-01', 'UVigo', '2022-05-18 13:00:00', 'Rua Maxwell Campus Vigo aula T211', 'Libre');
INSERT INTO localidades VALUES (129,'aula T211', 'curso ciberseguridad', 'educativo', '2022-04-01', 'UVigo', '2022-05-18 13:00:00', 'Rua Maxwell Campus Vigo aula T211', 'Libre');
INSERT INTO localidades VALUES (130,'aula T211', 'curso ciberseguridad', 'educativo', '2022-04-01', 'UVigo', '2022-05-18 13:00:00', 'Rua Maxwell Campus Vigo aula T211', 'Libre');
INSERT INTO localidades VALUES (131,'aula T211', 'curso ciberseguridad', 'educativo', '2022-04-01', 'UVigo', '2022-05-18 13:00:00', 'Rua Maxwell Campus Vigo aula T211', 'Libre');
INSERT INTO localidades VALUES (132,'aula T211', 'curso ciberseguridad', 'educativo', '2022-04-01', 'UVigo', '2022-05-18 13:00:00', 'Rua Maxwell Campus Vigo aula T211', 'Libre');
INSERT INTO localidades VALUES (133,'aula T211', 'curso ciberseguridad', 'educativo', '2022-04-01', 'UVigo', '2022-05-18 13:00:00', 'Rua Maxwell Campus Vigo aula T211', 'Libre');
INSERT INTO localidades VALUES (134,'aula T211', 'curso ciberseguridad', 'educativo', '2022-04-01', 'UVigo', '2022-05-18 13:00:00', 'Rua Maxwell Campus Vigo aula T211', 'Libre');
INSERT INTO localidades VALUES (135,'aula T211', 'curso ciberseguridad', 'educativo', '2022-04-01', 'UVigo', '2022-05-18 13:00:00', 'Rua Maxwell Campus Vigo aula T211', 'Libre');
INSERT INTO localidades VALUES (136,'aula T211', 'curso ciberseguridad', 'educativo', '2022-04-01', 'UVigo', '2022-05-18 13:00:00', 'Rua Maxwell Campus Vigo aula T211', 'Libre');
INSERT INTO localidades VALUES (137,'aula T211', 'curso ciberseguridad', 'educativo', '2022-04-01', 'UVigo', '2022-05-18 13:00:00', 'Rua Maxwell Campus Vigo aula T211', 'Libre');
INSERT INTO localidades VALUES (138,'aula T211', 'curso ciberseguridad', 'educativo', '2022-04-01', 'UVigo', '2022-05-18 13:00:00', 'Rua Maxwell Campus Vigo aula T211', 'Libre');
INSERT INTO localidades VALUES (139,'aula T211', 'curso ciberseguridad', 'educativo', '2022-04-01', 'UVigo', '2022-05-18 13:00:00', 'Rua Maxwell Campus Vigo aula T211', 'Libre');
INSERT INTO localidades VALUES (140,'aula T211', 'curso ciberseguridad', 'educativo', '2022-04-01', 'UVigo', '2022-05-18 13:00:00', 'Rua Maxwell Campus Vigo aula T211', 'Libre');
INSERT INTO localidades VALUES (141,'aula T211', 'curso ciberseguridad', 'educativo', '2022-04-01', 'UVigo', '2022-05-18 13:00:00', 'Rua Maxwell Campus Vigo aula T211', 'Libre');
INSERT INTO localidades VALUES (142,'aula T211', 'curso ciberseguridad', 'educativo', '2022-04-01', 'UVigo', '2022-05-18 13:00:00', 'Rua Maxwell Campus Vigo aula T211', 'Libre');
INSERT INTO localidades VALUES (143,'aula T211', 'curso ciberseguridad', 'educativo', '2022-04-01', 'UVigo', '2022-05-18 13:00:00', 'Rua Maxwell Campus Vigo aula T211', 'Libre');
INSERT INTO localidades VALUES (144,'aula T211', 'curso ciberseguridad', 'educativo', '2022-04-01', 'UVigo', '2022-05-18 13:00:00', 'Rua Maxwell Campus Vigo aula T211', 'Libre');
INSERT INTO localidades VALUES (145,'aula T211', 'curso ciberseguridad', 'educativo', '2022-04-01', 'UVigo', '2022-05-18 13:00:00', 'Rua Maxwell Campus Vigo aula T211', 'Libre');
INSERT INTO localidades VALUES (146,'aula T211', 'curso ciberseguridad', 'educativo', '2022-04-01', 'UVigo', '2022-05-18 13:00:00', 'Rua Maxwell Campus Vigo aula T211', 'Libre');
INSERT INTO localidades VALUES (147,'aula T211', 'curso ciberseguridad', 'educativo', '2022-04-01', 'UVigo', '2022-05-18 13:00:00', 'Rua Maxwell Campus Vigo aula T211', 'Libre');
INSERT INTO localidades VALUES (148,'aula T211', 'curso ciberseguridad', 'educativo', '2022-04-01', 'UVigo', '2022-05-18 13:00:00', 'Rua Maxwell Campus Vigo aula T211', 'Libre');
INSERT INTO localidades VALUES (149,'aula T211', 'curso ciberseguridad', 'educativo', '2022-04-01', 'UVigo', '2022-05-18 13:00:00', 'Rua Maxwell Campus Vigo aula T211', 'Libre');
INSERT INTO tarifas VALUES ('juvenil', '60', '1', 'aula T211', 'curso ciberseguridad', 'educativo', '2022-04-01', 'UVigo', '2022-05-18 13:00:00', 'Rua Maxwell Campus Vigo aula T211');
INSERT INTO tarifas VALUES ('adulto', '100', '1', 'aula T211', 'curso ciberseguridad', 'educativo', '2022-04-01', 'UVigo', '2022-05-18 13:00:00', 'Rua Maxwell Campus Vigo aula T211');
INSERT IGNORE INTO horarios VALUES ('2022-09-01 18:00:00');
INSERT IGNORE INTO horarios VALUES ('2020-09-01 03:00:00');
INSERT IGNORE INTO recintos VALUES ('Calle de las flores nmero 0 puerta C', 'Recinto 0');
INSERT IGNORE INTO horariosRecintos VALUES ('2022-09-01 18:00:00', 'Calle de las flores nmero 0 puerta C');
INSERT IGNORE INTO horariosRecintos VALUES ('2020-09-01 03:00:00', 'Calle de las flores nmero 0 puerta C');
INSERT INTO espectaculos VALUES ('espectaculo 0', 'pelicula', '2020-04-10', 'productora 0', 'lista participantes 0', '5', '001600', '002900', '002900');
INSERT INTO eventos VALUES ('espectaculo 0', 'pelicula', '2020-04-10', 'productora 0', '2022-09-01 18:00:00', 'Calle de las flores nmero 0 puerta C', 'Abierto');
INSERT INTO eventos VALUES ('espectaculo 0', 'pelicula', '2020-04-10', 'productora 0', '2020-09-01 03:00:00', 'Calle de las flores nmero 0 puerta C', 'Abierto');
INSERT INTO gradas VALUES ('grada 1', 'espectaculo 0', 'pelicula', '2020-04-10', 'productora 0', '2022-09-01 18:00:00', 'Calle de las flores nmero 0 puerta C');
INSERT INTO localidades VALUES (0,'grada 1', 'espectaculo 0', 'pelicula', '2020-04-10', 'productora 0', '2022-09-01 18:00:00', 'Calle de las flores nmero 0 puerta C', 'Libre');
INSERT INTO localidades VALUES (1,'grada 1', 'espectaculo 0', 'pelicula', '2020-04-10', 'productora 0', '2022-09-01 18:00:00', 'Calle de las flores nmero 0 puerta C', 'Libre');
INSERT INTO localidades VALUES (2,'grada 1', 'espectaculo 0', 'pelicula', '2020-04-10', 'productora 0', '2022-09-01 18:00:00', 'Calle de las flores nmero 0 puerta C', 'Libre');
INSERT INTO localidades VALUES (3,'grada 1', 'espectaculo 0', 'pelicula', '2020-04-10', 'productora 0', '2022-09-01 18:00:00', 'Calle de las flores nmero 0 puerta C', 'Libre');
INSERT INTO localidades VALUES (4,'grada 1', 'espectaculo 0', 'pelicula', '2020-04-10', 'productora 0', '2022-09-01 18:00:00', 'Calle de las flores nmero 0 puerta C', 'Libre');
INSERT INTO localidades VALUES (5,'grada 1', 'espectaculo 0', 'pelicula', '2020-04-10', 'productora 0', '2022-09-01 18:00:00', 'Calle de las flores nmero 0 puerta C', 'Libre');
INSERT INTO localidades VALUES (6,'grada 1', 'espectaculo 0', 'pelicula', '2020-04-10', 'productora 0', '2022-09-01 18:00:00', 'Calle de las flores nmero 0 puerta C', 'Libre');
INSERT INTO localidades VALUES (7,'grada 1', 'espectaculo 0', 'pelicula', '2020-04-10', 'productora 0', '2022-09-01 18:00:00', 'Calle de las flores nmero 0 puerta C', 'Libre');
INSERT INTO localidades VALUES (8,'grada 1', 'espectaculo 0', 'pelicula', '2020-04-10', 'productora 0', '2022-09-01 18:00:00', 'Calle de las flores nmero 0 puerta C', 'Libre');
INSERT INTO localidades VALUES (9,'grada 1', 'espectaculo 0', 'pelicula', '2020-04-10', 'productora 0', '2022-09-01 18:00:00', 'Calle de las flores nmero 0 puerta C', 'Libre');
INSERT INTO localidades VALUES (10,'grada 1', 'espectaculo 0', 'pelicula', '2020-04-10', 'productora 0', '2022-09-01 18:00:00', 'Calle de las flores nmero 0 puerta C', 'Libre');
INSERT INTO localidades VALUES (11,'grada 1', 'espectaculo 0', 'pelicula', '2020-04-10', 'productora 0', '2022-09-01 18:00:00', 'Calle de las flores nmero 0 puerta C', 'Libre');
INSERT INTO localidades VALUES (12,'grada 1', 'espectaculo 0', 'pelicula', '2020-04-10', 'productora 0', '2022-09-01 18:00:00', 'Calle de las flores nmero 0 puerta C', 'Libre');
INSERT INTO localidades VALUES (13,'grada 1', 'espectaculo 0', 'pelicula', '2020-04-10', 'productora 0', '2022-09-01 18:00:00', 'Calle de las flores nmero 0 puerta C', 'Libre');
INSERT INTO localidades VALUES (14,'grada 1', 'espectaculo 0', 'pelicula', '2020-04-10', 'productora 0', '2022-09-01 18:00:00', 'Calle de las flores nmero 0 puerta C', 'Libre');
INSERT INTO localidades VALUES (15,'grada 1', 'espectaculo 0', 'pelicula', '2020-04-10', 'productora 0', '2022-09-01 18:00:00', 'Calle de las flores nmero 0 puerta C', 'Libre');
INSERT INTO localidades VALUES (16,'grada 1', 'espectaculo 0', 'pelicula', '2020-04-10', 'productora 0', '2022-09-01 18:00:00', 'Calle de las flores nmero 0 puerta C', 'Libre');
INSERT INTO localidades VALUES (17,'grada 1', 'espectaculo 0', 'pelicula', '2020-04-10', 'productora 0', '2022-09-01 18:00:00', 'Calle de las flores nmero 0 puerta C', 'Libre');
INSERT INTO localidades VALUES (18,'grada 1', 'espectaculo 0', 'pelicula', '2020-04-10', 'productora 0', '2022-09-01 18:00:00', 'Calle de las flores nmero 0 puerta C', 'Libre');
INSERT INTO localidades VALUES (19,'grada 1', 'espectaculo 0', 'pelicula', '2020-04-10', 'productora 0', '2022-09-01 18:00:00', 'Calle de las flores nmero 0 puerta C', 'Libre');
INSERT INTO localidades VALUES (20,'grada 1', 'espectaculo 0', 'pelicula', '2020-04-10', 'productora 0', '2022-09-01 18:00:00', 'Calle de las flores nmero 0 puerta C', 'Libre');
INSERT INTO localidades VALUES (21,'grada 1', 'espectaculo 0', 'pelicula', '2020-04-10', 'productora 0', '2022-09-01 18:00:00', 'Calle de las flores nmero 0 puerta C', 'Libre');
INSERT INTO localidades VALUES (22,'grada 1', 'espectaculo 0', 'pelicula', '2020-04-10', 'productora 0', '2022-09-01 18:00:00', 'Calle de las flores nmero 0 puerta C', 'Libre');
INSERT INTO localidades VALUES (23,'grada 1', 'espectaculo 0', 'pelicula', '2020-04-10', 'productora 0', '2022-09-01 18:00:00', 'Calle de las flores nmero 0 puerta C', 'Libre');
INSERT INTO localidades VALUES (24,'grada 1', 'espectaculo 0', 'pelicula', '2020-04-10', 'productora 0', '2022-09-01 18:00:00', 'Calle de las flores nmero 0 puerta C', 'Libre');
INSERT INTO localidades VALUES (25,'grada 1', 'espectaculo 0', 'pelicula', '2020-04-10', 'productora 0', '2022-09-01 18:00:00', 'Calle de las flores nmero 0 puerta C', 'Libre');
INSERT INTO localidades VALUES (26,'grada 1', 'espectaculo 0', 'pelicula', '2020-04-10', 'productora 0', '2022-09-01 18:00:00', 'Calle de las flores nmero 0 puerta C', 'Libre');
INSERT INTO localidades VALUES (27,'grada 1', 'espectaculo 0', 'pelicula', '2020-04-10', 'productora 0', '2022-09-01 18:00:00', 'Calle de las flores nmero 0 puerta C', 'Libre');
INSERT INTO localidades VALUES (28,'grada 1', 'espectaculo 0', 'pelicula', '2020-04-10', 'productora 0', '2022-09-01 18:00:00', 'Calle de las flores nmero 0 puerta C', 'Libre');
INSERT INTO localidades VALUES (29,'grada 1', 'espectaculo 0', 'pelicula', '2020-04-10', 'productora 0', '2022-09-01 18:00:00', 'Calle de las flores nmero 0 puerta C', 'Libre');
INSERT INTO localidades VALUES (30,'grada 1', 'espectaculo 0', 'pelicula', '2020-04-10', 'productora 0', '2022-09-01 18:00:00', 'Calle de las flores nmero 0 puerta C', 'Libre');
INSERT INTO localidades VALUES (31,'grada 1', 'espectaculo 0', 'pelicula', '2020-04-10', 'productora 0', '2022-09-01 18:00:00', 'Calle de las flores nmero 0 puerta C', 'Libre');
INSERT INTO localidades VALUES (32,'grada 1', 'espectaculo 0', 'pelicula', '2020-04-10', 'productora 0', '2022-09-01 18:00:00', 'Calle de las flores nmero 0 puerta C', 'Libre');
INSERT INTO localidades VALUES (33,'grada 1', 'espectaculo 0', 'pelicula', '2020-04-10', 'productora 0', '2022-09-01 18:00:00', 'Calle de las flores nmero 0 puerta C', 'Libre');
INSERT INTO localidades VALUES (34,'grada 1', 'espectaculo 0', 'pelicula', '2020-04-10', 'productora 0', '2022-09-01 18:00:00', 'Calle de las flores nmero 0 puerta C', 'Libre');
INSERT INTO localidades VALUES (35,'grada 1', 'espectaculo 0', 'pelicula', '2020-04-10', 'productora 0', '2022-09-01 18:00:00', 'Calle de las flores nmero 0 puerta C', 'Libre');
INSERT INTO localidades VALUES (36,'grada 1', 'espectaculo 0', 'pelicula', '2020-04-10', 'productora 0', '2022-09-01 18:00:00', 'Calle de las flores nmero 0 puerta C', 'Libre');
INSERT INTO localidades VALUES (37,'grada 1', 'espectaculo 0', 'pelicula', '2020-04-10', 'productora 0', '2022-09-01 18:00:00', 'Calle de las flores nmero 0 puerta C', 'Libre');
INSERT INTO localidades VALUES (38,'grada 1', 'espectaculo 0', 'pelicula', '2020-04-10', 'productora 0', '2022-09-01 18:00:00', 'Calle de las flores nmero 0 puerta C', 'Libre');
INSERT INTO localidades VALUES (39,'grada 1', 'espectaculo 0', 'pelicula', '2020-04-10', 'productora 0', '2022-09-01 18:00:00', 'Calle de las flores nmero 0 puerta C', 'Libre');
INSERT INTO gradas VALUES ('grada 2', 'espectaculo 0', 'pelicula', '2020-04-10', 'productora 0', '2022-09-01 18:00:00', 'Calle de las flores nmero 0 puerta C');
INSERT INTO localidades VALUES (0,'grada 2', 'espectaculo 0', 'pelicula', '2020-04-10', 'productora 0', '2022-09-01 18:00:00', 'Calle de las flores nmero 0 puerta C', 'Libre');
INSERT INTO localidades VALUES (1,'grada 2', 'espectaculo 0', 'pelicula', '2020-04-10', 'productora 0', '2022-09-01 18:00:00', 'Calle de las flores nmero 0 puerta C', 'Libre');
INSERT INTO localidades VALUES (2,'grada 2', 'espectaculo 0', 'pelicula', '2020-04-10', 'productora 0', '2022-09-01 18:00:00', 'Calle de las flores nmero 0 puerta C', 'Libre');
INSERT INTO localidades VALUES (3,'grada 2', 'espectaculo 0', 'pelicula', '2020-04-10', 'productora 0', '2022-09-01 18:00:00', 'Calle de las flores nmero 0 puerta C', 'Libre');
INSERT INTO localidades VALUES (4,'grada 2', 'espectaculo 0', 'pelicula', '2020-04-10', 'productora 0', '2022-09-01 18:00:00', 'Calle de las flores nmero 0 puerta C', 'Libre');
INSERT INTO localidades VALUES (5,'grada 2', 'espectaculo 0', 'pelicula', '2020-04-10', 'productora 0', '2022-09-01 18:00:00', 'Calle de las flores nmero 0 puerta C', 'Libre');
INSERT INTO localidades VALUES (6,'grada 2', 'espectaculo 0', 'pelicula', '2020-04-10', 'productora 0', '2022-09-01 18:00:00', 'Calle de las flores nmero 0 puerta C', 'Libre');
INSERT INTO localidades VALUES (7,'grada 2', 'espectaculo 0', 'pelicula', '2020-04-10', 'productora 0', '2022-09-01 18:00:00', 'Calle de las flores nmero 0 puerta C', 'Libre');
INSERT INTO localidades VALUES (8,'grada 2', 'espectaculo 0', 'pelicula', '2020-04-10', 'productora 0', '2022-09-01 18:00:00', 'Calle de las flores nmero 0 puerta C', 'Libre');
INSERT INTO localidades VALUES (9,'grada 2', 'espectaculo 0', 'pelicula', '2020-04-10', 'productora 0', '2022-09-01 18:00:00', 'Calle de las flores nmero 0 puerta C', 'Libre');
INSERT INTO localidades VALUES (10,'grada 2', 'espectaculo 0', 'pelicula', '2020-04-10', 'productora 0', '2022-09-01 18:00:00', 'Calle de las flores nmero 0 puerta C', 'Libre');
INSERT INTO localidades VALUES (11,'grada 2', 'espectaculo 0', 'pelicula', '2020-04-10', 'productora 0', '2022-09-01 18:00:00', 'Calle de las flores nmero 0 puerta C', 'Libre');
INSERT INTO localidades VALUES (12,'grada 2', 'espectaculo 0', 'pelicula', '2020-04-10', 'productora 0', '2022-09-01 18:00:00', 'Calle de las flores nmero 0 puerta C', 'Libre');
INSERT INTO localidades VALUES (13,'grada 2', 'espectaculo 0', 'pelicula', '2020-04-10', 'productora 0', '2022-09-01 18:00:00', 'Calle de las flores nmero 0 puerta C', 'Libre');
INSERT INTO localidades VALUES (14,'grada 2', 'espectaculo 0', 'pelicula', '2020-04-10', 'productora 0', '2022-09-01 18:00:00', 'Calle de las flores nmero 0 puerta C', 'Libre');
INSERT INTO localidades VALUES (15,'grada 2', 'espectaculo 0', 'pelicula', '2020-04-10', 'productora 0', '2022-09-01 18:00:00', 'Calle de las flores nmero 0 puerta C', 'Libre');
INSERT INTO localidades VALUES (16,'grada 2', 'espectaculo 0', 'pelicula', '2020-04-10', 'productora 0', '2022-09-01 18:00:00', 'Calle de las flores nmero 0 puerta C', 'Libre');
INSERT INTO localidades VALUES (17,'grada 2', 'espectaculo 0', 'pelicula', '2020-04-10', 'productora 0', '2022-09-01 18:00:00', 'Calle de las flores nmero 0 puerta C', 'Libre');
INSERT INTO localidades VALUES (18,'grada 2', 'espectaculo 0', 'pelicula', '2020-04-10', 'productora 0', '2022-09-01 18:00:00', 'Calle de las flores nmero 0 puerta C', 'Libre');
INSERT INTO localidades VALUES (19,'grada 2', 'espectaculo 0', 'pelicula', '2020-04-10', 'productora 0', '2022-09-01 18:00:00', 'Calle de las flores nmero 0 puerta C', 'Libre');
INSERT INTO localidades VALUES (20,'grada 2', 'espectaculo 0', 'pelicula', '2020-04-10', 'productora 0', '2022-09-01 18:00:00', 'Calle de las flores nmero 0 puerta C', 'Libre');
INSERT INTO localidades VALUES (21,'grada 2', 'espectaculo 0', 'pelicula', '2020-04-10', 'productora 0', '2022-09-01 18:00:00', 'Calle de las flores nmero 0 puerta C', 'Libre');
INSERT INTO localidades VALUES (22,'grada 2', 'espectaculo 0', 'pelicula', '2020-04-10', 'productora 0', '2022-09-01 18:00:00', 'Calle de las flores nmero 0 puerta C', 'Libre');
INSERT INTO localidades VALUES (23,'grada 2', 'espectaculo 0', 'pelicula', '2020-04-10', 'productora 0', '2022-09-01 18:00:00', 'Calle de las flores nmero 0 puerta C', 'Libre');
INSERT INTO localidades VALUES (24,'grada 2', 'espectaculo 0', 'pelicula', '2020-04-10', 'productora 0', '2022-09-01 18:00:00', 'Calle de las flores nmero 0 puerta C', 'Libre');
INSERT INTO localidades VALUES (25,'grada 2', 'espectaculo 0', 'pelicula', '2020-04-10', 'productora 0', '2022-09-01 18:00:00', 'Calle de las flores nmero 0 puerta C', 'Libre');
INSERT INTO localidades VALUES (26,'grada 2', 'espectaculo 0', 'pelicula', '2020-04-10', 'productora 0', '2022-09-01 18:00:00', 'Calle de las flores nmero 0 puerta C', 'Libre');
INSERT INTO localidades VALUES (27,'grada 2', 'espectaculo 0', 'pelicula', '2020-04-10', 'productora 0', '2022-09-01 18:00:00', 'Calle de las flores nmero 0 puerta C', 'Libre');
INSERT INTO localidades VALUES (28,'grada 2', 'espectaculo 0', 'pelicula', '2020-04-10', 'productora 0', '2022-09-01 18:00:00', 'Calle de las flores nmero 0 puerta C', 'Libre');
INSERT INTO localidades VALUES (29,'grada 2', 'espectaculo 0', 'pelicula', '2020-04-10', 'productora 0', '2022-09-01 18:00:00', 'Calle de las flores nmero 0 puerta C', 'Libre');
INSERT INTO localidades VALUES (30,'grada 2', 'espectaculo 0', 'pelicula', '2020-04-10', 'productora 0', '2022-09-01 18:00:00', 'Calle de las flores nmero 0 puerta C', 'Libre');
INSERT INTO localidades VALUES (31,'grada 2', 'espectaculo 0', 'pelicula', '2020-04-10', 'productora 0', '2022-09-01 18:00:00', 'Calle de las flores nmero 0 puerta C', 'Libre');
INSERT INTO localidades VALUES (32,'grada 2', 'espectaculo 0', 'pelicula', '2020-04-10', 'productora 0', '2022-09-01 18:00:00', 'Calle de las flores nmero 0 puerta C', 'Libre');
INSERT INTO localidades VALUES (33,'grada 2', 'espectaculo 0', 'pelicula', '2020-04-10', 'productora 0', '2022-09-01 18:00:00', 'Calle de las flores nmero 0 puerta C', 'Libre');
INSERT INTO localidades VALUES (34,'grada 2', 'espectaculo 0', 'pelicula', '2020-04-10', 'productora 0', '2022-09-01 18:00:00', 'Calle de las flores nmero 0 puerta C', 'Libre');
INSERT INTO localidades VALUES (35,'grada 2', 'espectaculo 0', 'pelicula', '2020-04-10', 'productora 0', '2022-09-01 18:00:00', 'Calle de las flores nmero 0 puerta C', 'Libre');
INSERT INTO localidades VALUES (36,'grada 2', 'espectaculo 0', 'pelicula', '2020-04-10', 'productora 0', '2022-09-01 18:00:00', 'Calle de las flores nmero 0 puerta C', 'Libre');
INSERT INTO localidades VALUES (37,'grada 2', 'espectaculo 0', 'pelicula', '2020-04-10', 'productora 0', '2022-09-01 18:00:00', 'Calle de las flores nmero 0 puerta C', 'Libre');
INSERT INTO localidades VALUES (38,'grada 2', 'espectaculo 0', 'pelicula', '2020-04-10', 'productora 0', '2022-09-01 18:00:00', 'Calle de las flores nmero 0 puerta C', 'Libre');
INSERT INTO localidades VALUES (39,'grada 2', 'espectaculo 0', 'pelicula', '2020-04-10', 'productora 0', '2022-09-01 18:00:00', 'Calle de las flores nmero 0 puerta C', 'Libre');
INSERT INTO gradas VALUES ('grada 1', 'espectaculo 0', 'pelicula', '2020-04-10', 'productora 0', '2020-09-01 03:00:00', 'Calle de las flores nmero 0 puerta C');
INSERT INTO localidades VALUES (0,'grada 1', 'espectaculo 0', 'pelicula', '2020-04-10', 'productora 0', '2020-09-01 03:00:00', 'Calle de las flores nmero 0 puerta C', 'Libre');
INSERT INTO localidades VALUES (1,'grada 1', 'espectaculo 0', 'pelicula', '2020-04-10', 'productora 0', '2020-09-01 03:00:00', 'Calle de las flores nmero 0 puerta C', 'Libre');
INSERT INTO localidades VALUES (2,'grada 1', 'espectaculo 0', 'pelicula', '2020-04-10', 'productora 0', '2020-09-01 03:00:00', 'Calle de las flores nmero 0 puerta C', 'Libre');
INSERT INTO localidades VALUES (3,'grada 1', 'espectaculo 0', 'pelicula', '2020-04-10', 'productora 0', '2020-09-01 03:00:00', 'Calle de las flores nmero 0 puerta C', 'Libre');
INSERT INTO localidades VALUES (4,'grada 1', 'espectaculo 0', 'pelicula', '2020-04-10', 'productora 0', '2020-09-01 03:00:00', 'Calle de las flores nmero 0 puerta C', 'Libre');
INSERT INTO localidades VALUES (5,'grada 1', 'espectaculo 0', 'pelicula', '2020-04-10', 'productora 0', '2020-09-01 03:00:00', 'Calle de las flores nmero 0 puerta C', 'Libre');
INSERT INTO localidades VALUES (6,'grada 1', 'espectaculo 0', 'pelicula', '2020-04-10', 'productora 0', '2020-09-01 03:00:00', 'Calle de las flores nmero 0 puerta C', 'Libre');
INSERT INTO localidades VALUES (7,'grada 1', 'espectaculo 0', 'pelicula', '2020-04-10', 'productora 0', '2020-09-01 03:00:00', 'Calle de las flores nmero 0 puerta C', 'Libre');
INSERT INTO localidades VALUES (8,'grada 1', 'espectaculo 0', 'pelicula', '2020-04-10', 'productora 0', '2020-09-01 03:00:00', 'Calle de las flores nmero 0 puerta C', 'Libre');
INSERT INTO localidades VALUES (9,'grada 1', 'espectaculo 0', 'pelicula', '2020-04-10', 'productora 0', '2020-09-01 03:00:00', 'Calle de las flores nmero 0 puerta C', 'Libre');
INSERT INTO localidades VALUES (10,'grada 1', 'espectaculo 0', 'pelicula', '2020-04-10', 'productora 0', '2020-09-01 03:00:00', 'Calle de las flores nmero 0 puerta C', 'Libre');
INSERT INTO localidades VALUES (11,'grada 1', 'espectaculo 0', 'pelicula', '2020-04-10', 'productora 0', '2020-09-01 03:00:00', 'Calle de las flores nmero 0 puerta C', 'Libre');
INSERT INTO localidades VALUES (12,'grada 1', 'espectaculo 0', 'pelicula', '2020-04-10', 'productora 0', '2020-09-01 03:00:00', 'Calle de las flores nmero 0 puerta C', 'Libre');
INSERT INTO localidades VALUES (13,'grada 1', 'espectaculo 0', 'pelicula', '2020-04-10', 'productora 0', '2020-09-01 03:00:00', 'Calle de las flores nmero 0 puerta C', 'Libre');
INSERT INTO localidades VALUES (14,'grada 1', 'espectaculo 0', 'pelicula', '2020-04-10', 'productora 0', '2020-09-01 03:00:00', 'Calle de las flores nmero 0 puerta C', 'Libre');
INSERT INTO localidades VALUES (15,'grada 1', 'espectaculo 0', 'pelicula', '2020-04-10', 'productora 0', '2020-09-01 03:00:00', 'Calle de las flores nmero 0 puerta C', 'Libre');
INSERT INTO localidades VALUES (16,'grada 1', 'espectaculo 0', 'pelicula', '2020-04-10', 'productora 0', '2020-09-01 03:00:00', 'Calle de las flores nmero 0 puerta C', 'Libre');
INSERT INTO localidades VALUES (17,'grada 1', 'espectaculo 0', 'pelicula', '2020-04-10', 'productora 0', '2020-09-01 03:00:00', 'Calle de las flores nmero 0 puerta C', 'Libre');
INSERT INTO localidades VALUES (18,'grada 1', 'espectaculo 0', 'pelicula', '2020-04-10', 'productora 0', '2020-09-01 03:00:00', 'Calle de las flores nmero 0 puerta C', 'Libre');
INSERT INTO localidades VALUES (19,'grada 1', 'espectaculo 0', 'pelicula', '2020-04-10', 'productora 0', '2020-09-01 03:00:00', 'Calle de las flores nmero 0 puerta C', 'Libre');
INSERT INTO localidades VALUES (20,'grada 1', 'espectaculo 0', 'pelicula', '2020-04-10', 'productora 0', '2020-09-01 03:00:00', 'Calle de las flores nmero 0 puerta C', 'Libre');
INSERT INTO localidades VALUES (21,'grada 1', 'espectaculo 0', 'pelicula', '2020-04-10', 'productora 0', '2020-09-01 03:00:00', 'Calle de las flores nmero 0 puerta C', 'Libre');
INSERT INTO localidades VALUES (22,'grada 1', 'espectaculo 0', 'pelicula', '2020-04-10', 'productora 0', '2020-09-01 03:00:00', 'Calle de las flores nmero 0 puerta C', 'Libre');
INSERT INTO localidades VALUES (23,'grada 1', 'espectaculo 0', 'pelicula', '2020-04-10', 'productora 0', '2020-09-01 03:00:00', 'Calle de las flores nmero 0 puerta C', 'Libre');
INSERT INTO localidades VALUES (24,'grada 1', 'espectaculo 0', 'pelicula', '2020-04-10', 'productora 0', '2020-09-01 03:00:00', 'Calle de las flores nmero 0 puerta C', 'Libre');
INSERT INTO localidades VALUES (25,'grada 1', 'espectaculo 0', 'pelicula', '2020-04-10', 'productora 0', '2020-09-01 03:00:00', 'Calle de las flores nmero 0 puerta C', 'Libre');
INSERT INTO localidades VALUES (26,'grada 1', 'espectaculo 0', 'pelicula', '2020-04-10', 'productora 0', '2020-09-01 03:00:00', 'Calle de las flores nmero 0 puerta C', 'Libre');
INSERT INTO localidades VALUES (27,'grada 1', 'espectaculo 0', 'pelicula', '2020-04-10', 'productora 0', '2020-09-01 03:00:00', 'Calle de las flores nmero 0 puerta C', 'Libre');
INSERT INTO localidades VALUES (28,'grada 1', 'espectaculo 0', 'pelicula', '2020-04-10', 'productora 0', '2020-09-01 03:00:00', 'Calle de las flores nmero 0 puerta C', 'Libre');
INSERT INTO localidades VALUES (29,'grada 1', 'espectaculo 0', 'pelicula', '2020-04-10', 'productora 0', '2020-09-01 03:00:00', 'Calle de las flores nmero 0 puerta C', 'Libre');
INSERT INTO localidades VALUES (30,'grada 1', 'espectaculo 0', 'pelicula', '2020-04-10', 'productora 0', '2020-09-01 03:00:00', 'Calle de las flores nmero 0 puerta C', 'Libre');
INSERT INTO localidades VALUES (31,'grada 1', 'espectaculo 0', 'pelicula', '2020-04-10', 'productora 0', '2020-09-01 03:00:00', 'Calle de las flores nmero 0 puerta C', 'Libre');
INSERT INTO localidades VALUES (32,'grada 1', 'espectaculo 0', 'pelicula', '2020-04-10', 'productora 0', '2020-09-01 03:00:00', 'Calle de las flores nmero 0 puerta C', 'Libre');
INSERT INTO localidades VALUES (33,'grada 1', 'espectaculo 0', 'pelicula', '2020-04-10', 'productora 0', '2020-09-01 03:00:00', 'Calle de las flores nmero 0 puerta C', 'Libre');
INSERT INTO localidades VALUES (34,'grada 1', 'espectaculo 0', 'pelicula', '2020-04-10', 'productora 0', '2020-09-01 03:00:00', 'Calle de las flores nmero 0 puerta C', 'Libre');
INSERT INTO localidades VALUES (35,'grada 1', 'espectaculo 0', 'pelicula', '2020-04-10', 'productora 0', '2020-09-01 03:00:00', 'Calle de las flores nmero 0 puerta C', 'Libre');
INSERT INTO localidades VALUES (36,'grada 1', 'espectaculo 0', 'pelicula', '2020-04-10', 'productora 0', '2020-09-01 03:00:00', 'Calle de las flores nmero 0 puerta C', 'Libre');
INSERT INTO localidades VALUES (37,'grada 1', 'espectaculo 0', 'pelicula', '2020-04-10', 'productora 0', '2020-09-01 03:00:00', 'Calle de las flores nmero 0 puerta C', 'Libre');
INSERT INTO localidades VALUES (38,'grada 1', 'espectaculo 0', 'pelicula', '2020-04-10', 'productora 0', '2020-09-01 03:00:00', 'Calle de las flores nmero 0 puerta C', 'Libre');
INSERT INTO localidades VALUES (39,'grada 1', 'espectaculo 0', 'pelicula', '2020-04-10', 'productora 0', '2020-09-01 03:00:00', 'Calle de las flores nmero 0 puerta C', 'Libre');
INSERT INTO gradas VALUES ('grada 2', 'espectaculo 0', 'pelicula', '2020-04-10', 'productora 0', '2020-09-01 03:00:00', 'Calle de las flores nmero 0 puerta C');
INSERT INTO localidades VALUES (0,'grada 2', 'espectaculo 0', 'pelicula', '2020-04-10', 'productora 0', '2020-09-01 03:00:00', 'Calle de las flores nmero 0 puerta C', 'Libre');
INSERT INTO localidades VALUES (1,'grada 2', 'espectaculo 0', 'pelicula', '2020-04-10', 'productora 0', '2020-09-01 03:00:00', 'Calle de las flores nmero 0 puerta C', 'Libre');
INSERT INTO localidades VALUES (2,'grada 2', 'espectaculo 0', 'pelicula', '2020-04-10', 'productora 0', '2020-09-01 03:00:00', 'Calle de las flores nmero 0 puerta C', 'Libre');
INSERT INTO localidades VALUES (3,'grada 2', 'espectaculo 0', 'pelicula', '2020-04-10', 'productora 0', '2020-09-01 03:00:00', 'Calle de las flores nmero 0 puerta C', 'Libre');
INSERT INTO localidades VALUES (4,'grada 2', 'espectaculo 0', 'pelicula', '2020-04-10', 'productora 0', '2020-09-01 03:00:00', 'Calle de las flores nmero 0 puerta C', 'Libre');
INSERT INTO localidades VALUES (5,'grada 2', 'espectaculo 0', 'pelicula', '2020-04-10', 'productora 0', '2020-09-01 03:00:00', 'Calle de las flores nmero 0 puerta C', 'Libre');
INSERT INTO localidades VALUES (6,'grada 2', 'espectaculo 0', 'pelicula', '2020-04-10', 'productora 0', '2020-09-01 03:00:00', 'Calle de las flores nmero 0 puerta C', 'Libre');
INSERT INTO localidades VALUES (7,'grada 2', 'espectaculo 0', 'pelicula', '2020-04-10', 'productora 0', '2020-09-01 03:00:00', 'Calle de las flores nmero 0 puerta C', 'Libre');
INSERT INTO localidades VALUES (8,'grada 2', 'espectaculo 0', 'pelicula', '2020-04-10', 'productora 0', '2020-09-01 03:00:00', 'Calle de las flores nmero 0 puerta C', 'Libre');
INSERT INTO localidades VALUES (9,'grada 2', 'espectaculo 0', 'pelicula', '2020-04-10', 'productora 0', '2020-09-01 03:00:00', 'Calle de las flores nmero 0 puerta C', 'Libre');
INSERT INTO localidades VALUES (10,'grada 2', 'espectaculo 0', 'pelicula', '2020-04-10', 'productora 0', '2020-09-01 03:00:00', 'Calle de las flores nmero 0 puerta C', 'Libre');
INSERT INTO localidades VALUES (11,'grada 2', 'espectaculo 0', 'pelicula', '2020-04-10', 'productora 0', '2020-09-01 03:00:00', 'Calle de las flores nmero 0 puerta C', 'Libre');
INSERT INTO localidades VALUES (12,'grada 2', 'espectaculo 0', 'pelicula', '2020-04-10', 'productora 0', '2020-09-01 03:00:00', 'Calle de las flores nmero 0 puerta C', 'Libre');
INSERT INTO localidades VALUES (13,'grada 2', 'espectaculo 0', 'pelicula', '2020-04-10', 'productora 0', '2020-09-01 03:00:00', 'Calle de las flores nmero 0 puerta C', 'Libre');
INSERT INTO localidades VALUES (14,'grada 2', 'espectaculo 0', 'pelicula', '2020-04-10', 'productora 0', '2020-09-01 03:00:00', 'Calle de las flores nmero 0 puerta C', 'Libre');
INSERT INTO localidades VALUES (15,'grada 2', 'espectaculo 0', 'pelicula', '2020-04-10', 'productora 0', '2020-09-01 03:00:00', 'Calle de las flores nmero 0 puerta C', 'Libre');
INSERT INTO localidades VALUES (16,'grada 2', 'espectaculo 0', 'pelicula', '2020-04-10', 'productora 0', '2020-09-01 03:00:00', 'Calle de las flores nmero 0 puerta C', 'Libre');
INSERT INTO localidades VALUES (17,'grada 2', 'espectaculo 0', 'pelicula', '2020-04-10', 'productora 0', '2020-09-01 03:00:00', 'Calle de las flores nmero 0 puerta C', 'Libre');
INSERT INTO localidades VALUES (18,'grada 2', 'espectaculo 0', 'pelicula', '2020-04-10', 'productora 0', '2020-09-01 03:00:00', 'Calle de las flores nmero 0 puerta C', 'Libre');
INSERT INTO localidades VALUES (19,'grada 2', 'espectaculo 0', 'pelicula', '2020-04-10', 'productora 0', '2020-09-01 03:00:00', 'Calle de las flores nmero 0 puerta C', 'Libre');
INSERT INTO localidades VALUES (20,'grada 2', 'espectaculo 0', 'pelicula', '2020-04-10', 'productora 0', '2020-09-01 03:00:00', 'Calle de las flores nmero 0 puerta C', 'Libre');
INSERT INTO localidades VALUES (21,'grada 2', 'espectaculo 0', 'pelicula', '2020-04-10', 'productora 0', '2020-09-01 03:00:00', 'Calle de las flores nmero 0 puerta C', 'Libre');
INSERT INTO localidades VALUES (22,'grada 2', 'espectaculo 0', 'pelicula', '2020-04-10', 'productora 0', '2020-09-01 03:00:00', 'Calle de las flores nmero 0 puerta C', 'Libre');
INSERT INTO localidades VALUES (23,'grada 2', 'espectaculo 0', 'pelicula', '2020-04-10', 'productora 0', '2020-09-01 03:00:00', 'Calle de las flores nmero 0 puerta C', 'Libre');
INSERT INTO localidades VALUES (24,'grada 2', 'espectaculo 0', 'pelicula', '2020-04-10', 'productora 0', '2020-09-01 03:00:00', 'Calle de las flores nmero 0 puerta C', 'Libre');
INSERT INTO localidades VALUES (25,'grada 2', 'espectaculo 0', 'pelicula', '2020-04-10', 'productora 0', '2020-09-01 03:00:00', 'Calle de las flores nmero 0 puerta C', 'Libre');
INSERT INTO localidades VALUES (26,'grada 2', 'espectaculo 0', 'pelicula', '2020-04-10', 'productora 0', '2020-09-01 03:00:00', 'Calle de las flores nmero 0 puerta C', 'Libre');
INSERT INTO localidades VALUES (27,'grada 2', 'espectaculo 0', 'pelicula', '2020-04-10', 'productora 0', '2020-09-01 03:00:00', 'Calle de las flores nmero 0 puerta C', 'Libre');
INSERT INTO localidades VALUES (28,'grada 2', 'espectaculo 0', 'pelicula', '2020-04-10', 'productora 0', '2020-09-01 03:00:00', 'Calle de las flores nmero 0 puerta C', 'Libre');
INSERT INTO localidades VALUES (29,'grada 2', 'espectaculo 0', 'pelicula', '2020-04-10', 'productora 0', '2020-09-01 03:00:00', 'Calle de las flores nmero 0 puerta C', 'Libre');
INSERT INTO localidades VALUES (30,'grada 2', 'espectaculo 0', 'pelicula', '2020-04-10', 'productora 0', '2020-09-01 03:00:00', 'Calle de las flores nmero 0 puerta C', 'Libre');
INSERT INTO localidades VALUES (31,'grada 2', 'espectaculo 0', 'pelicula', '2020-04-10', 'productora 0', '2020-09-01 03:00:00', 'Calle de las flores nmero 0 puerta C', 'Libre');
INSERT INTO localidades VALUES (32,'grada 2', 'espectaculo 0', 'pelicula', '2020-04-10', 'productora 0', '2020-09-01 03:00:00', 'Calle de las flores nmero 0 puerta C', 'Libre');
INSERT INTO localidades VALUES (33,'grada 2', 'espectaculo 0', 'pelicula', '2020-04-10', 'productora 0', '2020-09-01 03:00:00', 'Calle de las flores nmero 0 puerta C', 'Libre');
INSERT INTO localidades VALUES (34,'grada 2', 'espectaculo 0', 'pelicula', '2020-04-10', 'productora 0', '2020-09-01 03:00:00', 'Calle de las flores nmero 0 puerta C', 'Libre');
INSERT INTO localidades VALUES (35,'grada 2', 'espectaculo 0', 'pelicula', '2020-04-10', 'productora 0', '2020-09-01 03:00:00', 'Calle de las flores nmero 0 puerta C', 'Libre');
INSERT INTO localidades VALUES (36,'grada 2', 'espectaculo 0', 'pelicula', '2020-04-10', 'productora 0', '2020-09-01 03:00:00', 'Calle de las flores nmero 0 puerta C', 'Libre');
INSERT INTO localidades VALUES (37,'grada 2', 'espectaculo 0', 'pelicula', '2020-04-10', 'productora 0', '2020-09-01 03:00:00', 'Calle de las flores nmero 0 puerta C', 'Libre');
INSERT INTO localidades VALUES (38,'grada 2', 'espectaculo 0', 'pelicula', '2020-04-10', 'productora 0', '2020-09-01 03:00:00', 'Calle de las flores nmero 0 puerta C', 'Libre');
INSERT INTO localidades VALUES (39,'grada 2', 'espectaculo 0', 'pelicula', '2020-04-10', 'productora 0', '2020-09-01 03:00:00', 'Calle de las flores nmero 0 puerta C', 'Libre');
INSERT INTO tarifas VALUES ('bebe', '0', '5', 'grada 1', 'espectaculo 0', 'pelicula', '2020-04-10', 'productora 0', '2022-09-01 18:00:00', 'Calle de las flores nmero 0 puerta C');
INSERT INTO tarifas VALUES ('infantil', '5', '5', 'grada 1', 'espectaculo 0', 'pelicula', '2020-04-10', 'productora 0', '2022-09-01 18:00:00', 'Calle de las flores nmero 0 puerta C');
INSERT INTO tarifas VALUES ('juvenil', '8', '5', 'grada 1', 'espectaculo 0', 'pelicula', '2020-04-10', 'productora 0', '2022-09-01 18:00:00', 'Calle de las flores nmero 0 puerta C');
INSERT INTO tarifas VALUES ('adulto', '10', '5', 'grada 1', 'espectaculo 0', 'pelicula', '2020-04-10', 'productora 0', '2022-09-01 18:00:00', 'Calle de las flores nmero 0 puerta C');
INSERT INTO tarifas VALUES ('jubilado', '5', '5', 'grada 1', 'espectaculo 0', 'pelicula', '2020-04-10', 'productora 0', '2022-09-01 18:00:00', 'Calle de las flores nmero 0 puerta C');
INSERT INTO tarifas VALUES ('bebe', '0', '5', 'grada 2', 'espectaculo 0', 'pelicula', '2020-04-10', 'productora 0', '2022-09-01 18:00:00', 'Calle de las flores nmero 0 puerta C');
INSERT INTO tarifas VALUES ('infantil', '5', '5', 'grada 2', 'espectaculo 0', 'pelicula', '2020-04-10', 'productora 0', '2022-09-01 18:00:00', 'Calle de las flores nmero 0 puerta C');
INSERT INTO tarifas VALUES ('juvenil', '8', '5', 'grada 2', 'espectaculo 0', 'pelicula', '2020-04-10', 'productora 0', '2022-09-01 18:00:00', 'Calle de las flores nmero 0 puerta C');
INSERT INTO tarifas VALUES ('adulto', '10', '5', 'grada 2', 'espectaculo 0', 'pelicula', '2020-04-10', 'productora 0', '2022-09-01 18:00:00', 'Calle de las flores nmero 0 puerta C');
INSERT INTO tarifas VALUES ('jubilado', '5', '5', 'grada 2', 'espectaculo 0', 'pelicula', '2020-04-10', 'productora 0', '2022-09-01 18:00:00', 'Calle de las flores nmero 0 puerta C');
INSERT INTO tarifas VALUES ('bebe', '0', '5', 'grada 1', 'espectaculo 0', 'pelicula', '2020-04-10', 'productora 0', '2020-09-01 03:00:00', 'Calle de las flores nmero 0 puerta C');
INSERT INTO tarifas VALUES ('infantil', '5', '5', 'grada 1', 'espectaculo 0', 'pelicula', '2020-04-10', 'productora 0', '2020-09-01 03:00:00', 'Calle de las flores nmero 0 puerta C');
INSERT INTO tarifas VALUES ('juvenil', '8', '5', 'grada 1', 'espectaculo 0', 'pelicula', '2020-04-10', 'productora 0', '2020-09-01 03:00:00', 'Calle de las flores nmero 0 puerta C');
INSERT INTO tarifas VALUES ('adulto', '10', '5', 'grada 1', 'espectaculo 0', 'pelicula', '2020-04-10', 'productora 0', '2020-09-01 03:00:00', 'Calle de las flores nmero 0 puerta C');
INSERT INTO tarifas VALUES ('jubilado', '5', '5', 'grada 1', 'espectaculo 0', 'pelicula', '2020-04-10', 'productora 0', '2020-09-01 03:00:00', 'Calle de las flores nmero 0 puerta C');
INSERT INTO tarifas VALUES ('bebe', '0', '5', 'grada 2', 'espectaculo 0', 'pelicula', '2020-04-10', 'productora 0', '2020-09-01 03:00:00', 'Calle de las flores nmero 0 puerta C');
INSERT INTO tarifas VALUES ('infantil', '5', '5', 'grada 2', 'espectaculo 0', 'pelicula', '2020-04-10', 'productora 0', '2020-09-01 03:00:00', 'Calle de las flores nmero 0 puerta C');
INSERT INTO tarifas VALUES ('juvenil', '8', '5', 'grada 2', 'espectaculo 0', 'pelicula', '2020-04-10', 'productora 0', '2020-09-01 03:00:00', 'Calle de las flores nmero 0 puerta C');
INSERT INTO tarifas VALUES ('adulto', '10', '5', 'grada 2', 'espectaculo 0', 'pelicula', '2020-04-10', 'productora 0', '2020-09-01 03:00:00', 'Calle de las flores nmero 0 puerta C');
INSERT INTO tarifas VALUES ('jubilado', '5', '5', 'grada 2', 'espectaculo 0', 'pelicula', '2020-04-10', 'productora 0', '2020-09-01 03:00:00', 'Calle de las flores nmero 0 puerta C');
INSERT IGNORE INTO horarios VALUES ('2022-09-01 18:00:00');
INSERT IGNORE INTO horarios VALUES ('2020-09-01 03:00:00');
INSERT IGNORE INTO recintos VALUES ('Calle de las flores nmero 1 puerta C', 'Recinto 1');
INSERT IGNORE INTO horariosRecintos VALUES ('2022-09-01 18:00:00', 'Calle de las flores nmero 1 puerta C');
INSERT IGNORE INTO horariosRecintos VALUES ('2020-09-01 03:00:00', 'Calle de las flores nmero 1 puerta C');
INSERT INTO espectaculos VALUES ('espectaculo 1', 'entrevista', '1996-09-02', 'productora 1', 'lista participantes 1', '6', '001600', '005100', '002400');
INSERT INTO eventos VALUES ('espectaculo 1', 'entrevista', '1996-09-02', 'productora 1', '2022-09-01 18:00:00', 'Calle de las flores nmero 1 puerta C', 'Abierto');
INSERT INTO eventos VALUES ('espectaculo 1', 'entrevista', '1996-09-02', 'productora 1', '2020-09-01 03:00:00', 'Calle de las flores nmero 1 puerta C', 'Abierto');
INSERT INTO gradas VALUES ('grada 1', 'espectaculo 1', 'entrevista', '1996-09-02', 'productora 1', '2022-09-01 18:00:00', 'Calle de las flores nmero 1 puerta C');
INSERT INTO localidades VALUES (0,'grada 1', 'espectaculo 1', 'entrevista', '1996-09-02', 'productora 1', '2022-09-01 18:00:00', 'Calle de las flores nmero 1 puerta C', 'Libre');
INSERT INTO localidades VALUES (1,'grada 1', 'espectaculo 1', 'entrevista', '1996-09-02', 'productora 1', '2022-09-01 18:00:00', 'Calle de las flores nmero 1 puerta C', 'Libre');
INSERT INTO localidades VALUES (2,'grada 1', 'espectaculo 1', 'entrevista', '1996-09-02', 'productora 1', '2022-09-01 18:00:00', 'Calle de las flores nmero 1 puerta C', 'Libre');
INSERT INTO localidades VALUES (3,'grada 1', 'espectaculo 1', 'entrevista', '1996-09-02', 'productora 1', '2022-09-01 18:00:00', 'Calle de las flores nmero 1 puerta C', 'Libre');
INSERT INTO localidades VALUES (4,'grada 1', 'espectaculo 1', 'entrevista', '1996-09-02', 'productora 1', '2022-09-01 18:00:00', 'Calle de las flores nmero 1 puerta C', 'Libre');
INSERT INTO localidades VALUES (5,'grada 1', 'espectaculo 1', 'entrevista', '1996-09-02', 'productora 1', '2022-09-01 18:00:00', 'Calle de las flores nmero 1 puerta C', 'Libre');
INSERT INTO localidades VALUES (6,'grada 1', 'espectaculo 1', 'entrevista', '1996-09-02', 'productora 1', '2022-09-01 18:00:00', 'Calle de las flores nmero 1 puerta C', 'Libre');
INSERT INTO localidades VALUES (7,'grada 1', 'espectaculo 1', 'entrevista', '1996-09-02', 'productora 1', '2022-09-01 18:00:00', 'Calle de las flores nmero 1 puerta C', 'Libre');
INSERT INTO localidades VALUES (8,'grada 1', 'espectaculo 1', 'entrevista', '1996-09-02', 'productora 1', '2022-09-01 18:00:00', 'Calle de las flores nmero 1 puerta C', 'Libre');
INSERT INTO localidades VALUES (9,'grada 1', 'espectaculo 1', 'entrevista', '1996-09-02', 'productora 1', '2022-09-01 18:00:00', 'Calle de las flores nmero 1 puerta C', 'Libre');
INSERT INTO localidades VALUES (10,'grada 1', 'espectaculo 1', 'entrevista', '1996-09-02', 'productora 1', '2022-09-01 18:00:00', 'Calle de las flores nmero 1 puerta C', 'Libre');
INSERT INTO localidades VALUES (11,'grada 1', 'espectaculo 1', 'entrevista', '1996-09-02', 'productora 1', '2022-09-01 18:00:00', 'Calle de las flores nmero 1 puerta C', 'Libre');
INSERT INTO localidades VALUES (12,'grada 1', 'espectaculo 1', 'entrevista', '1996-09-02', 'productora 1', '2022-09-01 18:00:00', 'Calle de las flores nmero 1 puerta C', 'Libre');
INSERT INTO localidades VALUES (13,'grada 1', 'espectaculo 1', 'entrevista', '1996-09-02', 'productora 1', '2022-09-01 18:00:00', 'Calle de las flores nmero 1 puerta C', 'Libre');
INSERT INTO localidades VALUES (14,'grada 1', 'espectaculo 1', 'entrevista', '1996-09-02', 'productora 1', '2022-09-01 18:00:00', 'Calle de las flores nmero 1 puerta C', 'Libre');
INSERT INTO localidades VALUES (15,'grada 1', 'espectaculo 1', 'entrevista', '1996-09-02', 'productora 1', '2022-09-01 18:00:00', 'Calle de las flores nmero 1 puerta C', 'Libre');
INSERT INTO localidades VALUES (16,'grada 1', 'espectaculo 1', 'entrevista', '1996-09-02', 'productora 1', '2022-09-01 18:00:00', 'Calle de las flores nmero 1 puerta C', 'Libre');
INSERT INTO localidades VALUES (17,'grada 1', 'espectaculo 1', 'entrevista', '1996-09-02', 'productora 1', '2022-09-01 18:00:00', 'Calle de las flores nmero 1 puerta C', 'Libre');
INSERT INTO localidades VALUES (18,'grada 1', 'espectaculo 1', 'entrevista', '1996-09-02', 'productora 1', '2022-09-01 18:00:00', 'Calle de las flores nmero 1 puerta C', 'Libre');
INSERT INTO localidades VALUES (19,'grada 1', 'espectaculo 1', 'entrevista', '1996-09-02', 'productora 1', '2022-09-01 18:00:00', 'Calle de las flores nmero 1 puerta C', 'Libre');
INSERT INTO localidades VALUES (20,'grada 1', 'espectaculo 1', 'entrevista', '1996-09-02', 'productora 1', '2022-09-01 18:00:00', 'Calle de las flores nmero 1 puerta C', 'Libre');
INSERT INTO localidades VALUES (21,'grada 1', 'espectaculo 1', 'entrevista', '1996-09-02', 'productora 1', '2022-09-01 18:00:00', 'Calle de las flores nmero 1 puerta C', 'Libre');
INSERT INTO localidades VALUES (22,'grada 1', 'espectaculo 1', 'entrevista', '1996-09-02', 'productora 1', '2022-09-01 18:00:00', 'Calle de las flores nmero 1 puerta C', 'Libre');
INSERT INTO localidades VALUES (23,'grada 1', 'espectaculo 1', 'entrevista', '1996-09-02', 'productora 1', '2022-09-01 18:00:00', 'Calle de las flores nmero 1 puerta C', 'Libre');
INSERT INTO gradas VALUES ('grada 2', 'espectaculo 1', 'entrevista', '1996-09-02', 'productora 1', '2022-09-01 18:00:00', 'Calle de las flores nmero 1 puerta C');
INSERT INTO localidades VALUES (0,'grada 2', 'espectaculo 1', 'entrevista', '1996-09-02', 'productora 1', '2022-09-01 18:00:00', 'Calle de las flores nmero 1 puerta C', 'Libre');
INSERT INTO localidades VALUES (1,'grada 2', 'espectaculo 1', 'entrevista', '1996-09-02', 'productora 1', '2022-09-01 18:00:00', 'Calle de las flores nmero 1 puerta C', 'Libre');
INSERT INTO localidades VALUES (2,'grada 2', 'espectaculo 1', 'entrevista', '1996-09-02', 'productora 1', '2022-09-01 18:00:00', 'Calle de las flores nmero 1 puerta C', 'Libre');
INSERT INTO localidades VALUES (3,'grada 2', 'espectaculo 1', 'entrevista', '1996-09-02', 'productora 1', '2022-09-01 18:00:00', 'Calle de las flores nmero 1 puerta C', 'Libre');
INSERT INTO localidades VALUES (4,'grada 2', 'espectaculo 1', 'entrevista', '1996-09-02', 'productora 1', '2022-09-01 18:00:00', 'Calle de las flores nmero 1 puerta C', 'Libre');
INSERT INTO localidades VALUES (5,'grada 2', 'espectaculo 1', 'entrevista', '1996-09-02', 'productora 1', '2022-09-01 18:00:00', 'Calle de las flores nmero 1 puerta C', 'Libre');
INSERT INTO localidades VALUES (6,'grada 2', 'espectaculo 1', 'entrevista', '1996-09-02', 'productora 1', '2022-09-01 18:00:00', 'Calle de las flores nmero 1 puerta C', 'Libre');
INSERT INTO localidades VALUES (7,'grada 2', 'espectaculo 1', 'entrevista', '1996-09-02', 'productora 1', '2022-09-01 18:00:00', 'Calle de las flores nmero 1 puerta C', 'Libre');
INSERT INTO localidades VALUES (8,'grada 2', 'espectaculo 1', 'entrevista', '1996-09-02', 'productora 1', '2022-09-01 18:00:00', 'Calle de las flores nmero 1 puerta C', 'Libre');
INSERT INTO localidades VALUES (9,'grada 2', 'espectaculo 1', 'entrevista', '1996-09-02', 'productora 1', '2022-09-01 18:00:00', 'Calle de las flores nmero 1 puerta C', 'Libre');
INSERT INTO localidades VALUES (10,'grada 2', 'espectaculo 1', 'entrevista', '1996-09-02', 'productora 1', '2022-09-01 18:00:00', 'Calle de las flores nmero 1 puerta C', 'Libre');
INSERT INTO localidades VALUES (11,'grada 2', 'espectaculo 1', 'entrevista', '1996-09-02', 'productora 1', '2022-09-01 18:00:00', 'Calle de las flores nmero 1 puerta C', 'Libre');
INSERT INTO localidades VALUES (12,'grada 2', 'espectaculo 1', 'entrevista', '1996-09-02', 'productora 1', '2022-09-01 18:00:00', 'Calle de las flores nmero 1 puerta C', 'Libre');
INSERT INTO localidades VALUES (13,'grada 2', 'espectaculo 1', 'entrevista', '1996-09-02', 'productora 1', '2022-09-01 18:00:00', 'Calle de las flores nmero 1 puerta C', 'Libre');
INSERT INTO localidades VALUES (14,'grada 2', 'espectaculo 1', 'entrevista', '1996-09-02', 'productora 1', '2022-09-01 18:00:00', 'Calle de las flores nmero 1 puerta C', 'Libre');
INSERT INTO localidades VALUES (15,'grada 2', 'espectaculo 1', 'entrevista', '1996-09-02', 'productora 1', '2022-09-01 18:00:00', 'Calle de las flores nmero 1 puerta C', 'Libre');
INSERT INTO localidades VALUES (16,'grada 2', 'espectaculo 1', 'entrevista', '1996-09-02', 'productora 1', '2022-09-01 18:00:00', 'Calle de las flores nmero 1 puerta C', 'Libre');
INSERT INTO localidades VALUES (17,'grada 2', 'espectaculo 1', 'entrevista', '1996-09-02', 'productora 1', '2022-09-01 18:00:00', 'Calle de las flores nmero 1 puerta C', 'Libre');
INSERT INTO localidades VALUES (18,'grada 2', 'espectaculo 1', 'entrevista', '1996-09-02', 'productora 1', '2022-09-01 18:00:00', 'Calle de las flores nmero 1 puerta C', 'Libre');
INSERT INTO localidades VALUES (19,'grada 2', 'espectaculo 1', 'entrevista', '1996-09-02', 'productora 1', '2022-09-01 18:00:00', 'Calle de las flores nmero 1 puerta C', 'Libre');
INSERT INTO localidades VALUES (20,'grada 2', 'espectaculo 1', 'entrevista', '1996-09-02', 'productora 1', '2022-09-01 18:00:00', 'Calle de las flores nmero 1 puerta C', 'Libre');
INSERT INTO localidades VALUES (21,'grada 2', 'espectaculo 1', 'entrevista', '1996-09-02', 'productora 1', '2022-09-01 18:00:00', 'Calle de las flores nmero 1 puerta C', 'Libre');
INSERT INTO localidades VALUES (22,'grada 2', 'espectaculo 1', 'entrevista', '1996-09-02', 'productora 1', '2022-09-01 18:00:00', 'Calle de las flores nmero 1 puerta C', 'Libre');
INSERT INTO localidades VALUES (23,'grada 2', 'espectaculo 1', 'entrevista', '1996-09-02', 'productora 1', '2022-09-01 18:00:00', 'Calle de las flores nmero 1 puerta C', 'Libre');
INSERT INTO gradas VALUES ('grada 1', 'espectaculo 1', 'entrevista', '1996-09-02', 'productora 1', '2020-09-01 03:00:00', 'Calle de las flores nmero 1 puerta C');
INSERT INTO localidades VALUES (0,'grada 1', 'espectaculo 1', 'entrevista', '1996-09-02', 'productora 1', '2020-09-01 03:00:00', 'Calle de las flores nmero 1 puerta C', 'Libre');
INSERT INTO localidades VALUES (1,'grada 1', 'espectaculo 1', 'entrevista', '1996-09-02', 'productora 1', '2020-09-01 03:00:00', 'Calle de las flores nmero 1 puerta C', 'Libre');
INSERT INTO localidades VALUES (2,'grada 1', 'espectaculo 1', 'entrevista', '1996-09-02', 'productora 1', '2020-09-01 03:00:00', 'Calle de las flores nmero 1 puerta C', 'Libre');
INSERT INTO localidades VALUES (3,'grada 1', 'espectaculo 1', 'entrevista', '1996-09-02', 'productora 1', '2020-09-01 03:00:00', 'Calle de las flores nmero 1 puerta C', 'Libre');
INSERT INTO localidades VALUES (4,'grada 1', 'espectaculo 1', 'entrevista', '1996-09-02', 'productora 1', '2020-09-01 03:00:00', 'Calle de las flores nmero 1 puerta C', 'Libre');
INSERT INTO localidades VALUES (5,'grada 1', 'espectaculo 1', 'entrevista', '1996-09-02', 'productora 1', '2020-09-01 03:00:00', 'Calle de las flores nmero 1 puerta C', 'Libre');
INSERT INTO localidades VALUES (6,'grada 1', 'espectaculo 1', 'entrevista', '1996-09-02', 'productora 1', '2020-09-01 03:00:00', 'Calle de las flores nmero 1 puerta C', 'Libre');
INSERT INTO localidades VALUES (7,'grada 1', 'espectaculo 1', 'entrevista', '1996-09-02', 'productora 1', '2020-09-01 03:00:00', 'Calle de las flores nmero 1 puerta C', 'Libre');
INSERT INTO localidades VALUES (8,'grada 1', 'espectaculo 1', 'entrevista', '1996-09-02', 'productora 1', '2020-09-01 03:00:00', 'Calle de las flores nmero 1 puerta C', 'Libre');
INSERT INTO localidades VALUES (9,'grada 1', 'espectaculo 1', 'entrevista', '1996-09-02', 'productora 1', '2020-09-01 03:00:00', 'Calle de las flores nmero 1 puerta C', 'Libre');
INSERT INTO localidades VALUES (10,'grada 1', 'espectaculo 1', 'entrevista', '1996-09-02', 'productora 1', '2020-09-01 03:00:00', 'Calle de las flores nmero 1 puerta C', 'Libre');
INSERT INTO localidades VALUES (11,'grada 1', 'espectaculo 1', 'entrevista', '1996-09-02', 'productora 1', '2020-09-01 03:00:00', 'Calle de las flores nmero 1 puerta C', 'Libre');
INSERT INTO localidades VALUES (12,'grada 1', 'espectaculo 1', 'entrevista', '1996-09-02', 'productora 1', '2020-09-01 03:00:00', 'Calle de las flores nmero 1 puerta C', 'Libre');
INSERT INTO localidades VALUES (13,'grada 1', 'espectaculo 1', 'entrevista', '1996-09-02', 'productora 1', '2020-09-01 03:00:00', 'Calle de las flores nmero 1 puerta C', 'Libre');
INSERT INTO localidades VALUES (14,'grada 1', 'espectaculo 1', 'entrevista', '1996-09-02', 'productora 1', '2020-09-01 03:00:00', 'Calle de las flores nmero 1 puerta C', 'Libre');
INSERT INTO localidades VALUES (15,'grada 1', 'espectaculo 1', 'entrevista', '1996-09-02', 'productora 1', '2020-09-01 03:00:00', 'Calle de las flores nmero 1 puerta C', 'Libre');
INSERT INTO localidades VALUES (16,'grada 1', 'espectaculo 1', 'entrevista', '1996-09-02', 'productora 1', '2020-09-01 03:00:00', 'Calle de las flores nmero 1 puerta C', 'Libre');
INSERT INTO localidades VALUES (17,'grada 1', 'espectaculo 1', 'entrevista', '1996-09-02', 'productora 1', '2020-09-01 03:00:00', 'Calle de las flores nmero 1 puerta C', 'Libre');
INSERT INTO localidades VALUES (18,'grada 1', 'espectaculo 1', 'entrevista', '1996-09-02', 'productora 1', '2020-09-01 03:00:00', 'Calle de las flores nmero 1 puerta C', 'Libre');
INSERT INTO localidades VALUES (19,'grada 1', 'espectaculo 1', 'entrevista', '1996-09-02', 'productora 1', '2020-09-01 03:00:00', 'Calle de las flores nmero 1 puerta C', 'Libre');
INSERT INTO localidades VALUES (20,'grada 1', 'espectaculo 1', 'entrevista', '1996-09-02', 'productora 1', '2020-09-01 03:00:00', 'Calle de las flores nmero 1 puerta C', 'Libre');
INSERT INTO localidades VALUES (21,'grada 1', 'espectaculo 1', 'entrevista', '1996-09-02', 'productora 1', '2020-09-01 03:00:00', 'Calle de las flores nmero 1 puerta C', 'Libre');
INSERT INTO localidades VALUES (22,'grada 1', 'espectaculo 1', 'entrevista', '1996-09-02', 'productora 1', '2020-09-01 03:00:00', 'Calle de las flores nmero 1 puerta C', 'Libre');
INSERT INTO localidades VALUES (23,'grada 1', 'espectaculo 1', 'entrevista', '1996-09-02', 'productora 1', '2020-09-01 03:00:00', 'Calle de las flores nmero 1 puerta C', 'Libre');
INSERT INTO gradas VALUES ('grada 2', 'espectaculo 1', 'entrevista', '1996-09-02', 'productora 1', '2020-09-01 03:00:00', 'Calle de las flores nmero 1 puerta C');
INSERT INTO localidades VALUES (0,'grada 2', 'espectaculo 1', 'entrevista', '1996-09-02', 'productora 1', '2020-09-01 03:00:00', 'Calle de las flores nmero 1 puerta C', 'Libre');
INSERT INTO localidades VALUES (1,'grada 2', 'espectaculo 1', 'entrevista', '1996-09-02', 'productora 1', '2020-09-01 03:00:00', 'Calle de las flores nmero 1 puerta C', 'Libre');
INSERT INTO localidades VALUES (2,'grada 2', 'espectaculo 1', 'entrevista', '1996-09-02', 'productora 1', '2020-09-01 03:00:00', 'Calle de las flores nmero 1 puerta C', 'Libre');
INSERT INTO localidades VALUES (3,'grada 2', 'espectaculo 1', 'entrevista', '1996-09-02', 'productora 1', '2020-09-01 03:00:00', 'Calle de las flores nmero 1 puerta C', 'Libre');
INSERT INTO localidades VALUES (4,'grada 2', 'espectaculo 1', 'entrevista', '1996-09-02', 'productora 1', '2020-09-01 03:00:00', 'Calle de las flores nmero 1 puerta C', 'Libre');
INSERT INTO localidades VALUES (5,'grada 2', 'espectaculo 1', 'entrevista', '1996-09-02', 'productora 1', '2020-09-01 03:00:00', 'Calle de las flores nmero 1 puerta C', 'Libre');
INSERT INTO localidades VALUES (6,'grada 2', 'espectaculo 1', 'entrevista', '1996-09-02', 'productora 1', '2020-09-01 03:00:00', 'Calle de las flores nmero 1 puerta C', 'Libre');
INSERT INTO localidades VALUES (7,'grada 2', 'espectaculo 1', 'entrevista', '1996-09-02', 'productora 1', '2020-09-01 03:00:00', 'Calle de las flores nmero 1 puerta C', 'Libre');
INSERT INTO localidades VALUES (8,'grada 2', 'espectaculo 1', 'entrevista', '1996-09-02', 'productora 1', '2020-09-01 03:00:00', 'Calle de las flores nmero 1 puerta C', 'Libre');
INSERT INTO localidades VALUES (9,'grada 2', 'espectaculo 1', 'entrevista', '1996-09-02', 'productora 1', '2020-09-01 03:00:00', 'Calle de las flores nmero 1 puerta C', 'Libre');
INSERT INTO localidades VALUES (10,'grada 2', 'espectaculo 1', 'entrevista', '1996-09-02', 'productora 1', '2020-09-01 03:00:00', 'Calle de las flores nmero 1 puerta C', 'Libre');
INSERT INTO localidades VALUES (11,'grada 2', 'espectaculo 1', 'entrevista', '1996-09-02', 'productora 1', '2020-09-01 03:00:00', 'Calle de las flores nmero 1 puerta C', 'Libre');
INSERT INTO localidades VALUES (12,'grada 2', 'espectaculo 1', 'entrevista', '1996-09-02', 'productora 1', '2020-09-01 03:00:00', 'Calle de las flores nmero 1 puerta C', 'Libre');
INSERT INTO localidades VALUES (13,'grada 2', 'espectaculo 1', 'entrevista', '1996-09-02', 'productora 1', '2020-09-01 03:00:00', 'Calle de las flores nmero 1 puerta C', 'Libre');
INSERT INTO localidades VALUES (14,'grada 2', 'espectaculo 1', 'entrevista', '1996-09-02', 'productora 1', '2020-09-01 03:00:00', 'Calle de las flores nmero 1 puerta C', 'Libre');
INSERT INTO localidades VALUES (15,'grada 2', 'espectaculo 1', 'entrevista', '1996-09-02', 'productora 1', '2020-09-01 03:00:00', 'Calle de las flores nmero 1 puerta C', 'Libre');
INSERT INTO localidades VALUES (16,'grada 2', 'espectaculo 1', 'entrevista', '1996-09-02', 'productora 1', '2020-09-01 03:00:00', 'Calle de las flores nmero 1 puerta C', 'Libre');
INSERT INTO localidades VALUES (17,'grada 2', 'espectaculo 1', 'entrevista', '1996-09-02', 'productora 1', '2020-09-01 03:00:00', 'Calle de las flores nmero 1 puerta C', 'Libre');
INSERT INTO localidades VALUES (18,'grada 2', 'espectaculo 1', 'entrevista', '1996-09-02', 'productora 1', '2020-09-01 03:00:00', 'Calle de las flores nmero 1 puerta C', 'Libre');
INSERT INTO localidades VALUES (19,'grada 2', 'espectaculo 1', 'entrevista', '1996-09-02', 'productora 1', '2020-09-01 03:00:00', 'Calle de las flores nmero 1 puerta C', 'Libre');
INSERT INTO localidades VALUES (20,'grada 2', 'espectaculo 1', 'entrevista', '1996-09-02', 'productora 1', '2020-09-01 03:00:00', 'Calle de las flores nmero 1 puerta C', 'Libre');
INSERT INTO localidades VALUES (21,'grada 2', 'espectaculo 1', 'entrevista', '1996-09-02', 'productora 1', '2020-09-01 03:00:00', 'Calle de las flores nmero 1 puerta C', 'Libre');
INSERT INTO localidades VALUES (22,'grada 2', 'espectaculo 1', 'entrevista', '1996-09-02', 'productora 1', '2020-09-01 03:00:00', 'Calle de las flores nmero 1 puerta C', 'Libre');
INSERT INTO localidades VALUES (23,'grada 2', 'espectaculo 1', 'entrevista', '1996-09-02', 'productora 1', '2020-09-01 03:00:00', 'Calle de las flores nmero 1 puerta C', 'Libre');
INSERT INTO tarifas VALUES ('bebe', '0', '5', 'grada 1', 'espectaculo 1', 'entrevista', '1996-09-02', 'productora 1', '2022-09-01 18:00:00', 'Calle de las flores nmero 1 puerta C');
INSERT INTO tarifas VALUES ('infantil', '5', '5', 'grada 1', 'espectaculo 1', 'entrevista', '1996-09-02', 'productora 1', '2022-09-01 18:00:00', 'Calle de las flores nmero 1 puerta C');
INSERT INTO tarifas VALUES ('juvenil', '8', '5', 'grada 1', 'espectaculo 1', 'entrevista', '1996-09-02', 'productora 1', '2022-09-01 18:00:00', 'Calle de las flores nmero 1 puerta C');
INSERT INTO tarifas VALUES ('adulto', '10', '5', 'grada 1', 'espectaculo 1', 'entrevista', '1996-09-02', 'productora 1', '2022-09-01 18:00:00', 'Calle de las flores nmero 1 puerta C');
INSERT INTO tarifas VALUES ('jubilado', '5', '5', 'grada 1', 'espectaculo 1', 'entrevista', '1996-09-02', 'productora 1', '2022-09-01 18:00:00', 'Calle de las flores nmero 1 puerta C');
INSERT INTO tarifas VALUES ('bebe', '0', '5', 'grada 2', 'espectaculo 1', 'entrevista', '1996-09-02', 'productora 1', '2022-09-01 18:00:00', 'Calle de las flores nmero 1 puerta C');
INSERT INTO tarifas VALUES ('infantil', '5', '5', 'grada 2', 'espectaculo 1', 'entrevista', '1996-09-02', 'productora 1', '2022-09-01 18:00:00', 'Calle de las flores nmero 1 puerta C');
INSERT INTO tarifas VALUES ('juvenil', '8', '5', 'grada 2', 'espectaculo 1', 'entrevista', '1996-09-02', 'productora 1', '2022-09-01 18:00:00', 'Calle de las flores nmero 1 puerta C');
INSERT INTO tarifas VALUES ('adulto', '10', '5', 'grada 2', 'espectaculo 1', 'entrevista', '1996-09-02', 'productora 1', '2022-09-01 18:00:00', 'Calle de las flores nmero 1 puerta C');
INSERT INTO tarifas VALUES ('jubilado', '5', '5', 'grada 2', 'espectaculo 1', 'entrevista', '1996-09-02', 'productora 1', '2022-09-01 18:00:00', 'Calle de las flores nmero 1 puerta C');
INSERT INTO tarifas VALUES ('bebe', '0', '5', 'grada 1', 'espectaculo 1', 'entrevista', '1996-09-02', 'productora 1', '2020-09-01 03:00:00', 'Calle de las flores nmero 1 puerta C');
INSERT INTO tarifas VALUES ('infantil', '5', '5', 'grada 1', 'espectaculo 1', 'entrevista', '1996-09-02', 'productora 1', '2020-09-01 03:00:00', 'Calle de las flores nmero 1 puerta C');
INSERT INTO tarifas VALUES ('juvenil', '8', '5', 'grada 1', 'espectaculo 1', 'entrevista', '1996-09-02', 'productora 1', '2020-09-01 03:00:00', 'Calle de las flores nmero 1 puerta C');
INSERT INTO tarifas VALUES ('adulto', '10', '5', 'grada 1', 'espectaculo 1', 'entrevista', '1996-09-02', 'productora 1', '2020-09-01 03:00:00', 'Calle de las flores nmero 1 puerta C');
INSERT INTO tarifas VALUES ('jubilado', '5', '5', 'grada 1', 'espectaculo 1', 'entrevista', '1996-09-02', 'productora 1', '2020-09-01 03:00:00', 'Calle de las flores nmero 1 puerta C');
INSERT INTO tarifas VALUES ('bebe', '0', '5', 'grada 2', 'espectaculo 1', 'entrevista', '1996-09-02', 'productora 1', '2020-09-01 03:00:00', 'Calle de las flores nmero 1 puerta C');
INSERT INTO tarifas VALUES ('infantil', '5', '5', 'grada 2', 'espectaculo 1', 'entrevista', '1996-09-02', 'productora 1', '2020-09-01 03:00:00', 'Calle de las flores nmero 1 puerta C');
INSERT INTO tarifas VALUES ('juvenil', '8', '5', 'grada 2', 'espectaculo 1', 'entrevista', '1996-09-02', 'productora 1', '2020-09-01 03:00:00', 'Calle de las flores nmero 1 puerta C');
INSERT INTO tarifas VALUES ('adulto', '10', '5', 'grada 2', 'espectaculo 1', 'entrevista', '1996-09-02', 'productora 1', '2020-09-01 03:00:00', 'Calle de las flores nmero 1 puerta C');
INSERT INTO tarifas VALUES ('jubilado', '5', '5', 'grada 2', 'espectaculo 1', 'entrevista', '1996-09-02', 'productora 1', '2020-09-01 03:00:00', 'Calle de las flores nmero 1 puerta C');
INSERT IGNORE INTO horarios VALUES ('2022-09-01 18:00:00');
INSERT IGNORE INTO horarios VALUES ('2020-09-01 03:00:00');
INSERT IGNORE INTO recintos VALUES ('Calle de las flores nmero 2 puerta C', 'Recinto 2');
INSERT IGNORE INTO horariosRecintos VALUES ('2022-09-01 18:00:00', 'Calle de las flores nmero 2 puerta C');
INSERT IGNORE INTO horariosRecintos VALUES ('2020-09-01 03:00:00', 'Calle de las flores nmero 2 puerta C');
INSERT INTO espectaculos VALUES ('espectaculo 2', 'teatro', '1998-06-03', 'productora 2', 'lista participantes 2', '4', '001200', '004300', '001700');
INSERT INTO eventos VALUES ('espectaculo 2', 'teatro', '1998-06-03', 'productora 2', '2022-09-01 18:00:00', 'Calle de las flores nmero 2 puerta C', 'Abierto');
INSERT INTO eventos VALUES ('espectaculo 2', 'teatro', '1998-06-03', 'productora 2', '2020-09-01 03:00:00', 'Calle de las flores nmero 2 puerta C', 'Abierto');
INSERT INTO gradas VALUES ('grada 1', 'espectaculo 2', 'teatro', '1998-06-03', 'productora 2', '2022-09-01 18:00:00', 'Calle de las flores nmero 2 puerta C');
INSERT INTO localidades VALUES (0,'grada 1', 'espectaculo 2', 'teatro', '1998-06-03', 'productora 2', '2022-09-01 18:00:00', 'Calle de las flores nmero 2 puerta C', 'Libre');
INSERT INTO localidades VALUES (1,'grada 1', 'espectaculo 2', 'teatro', '1998-06-03', 'productora 2', '2022-09-01 18:00:00', 'Calle de las flores nmero 2 puerta C', 'Libre');
INSERT INTO localidades VALUES (2,'grada 1', 'espectaculo 2', 'teatro', '1998-06-03', 'productora 2', '2022-09-01 18:00:00', 'Calle de las flores nmero 2 puerta C', 'Libre');
INSERT INTO localidades VALUES (3,'grada 1', 'espectaculo 2', 'teatro', '1998-06-03', 'productora 2', '2022-09-01 18:00:00', 'Calle de las flores nmero 2 puerta C', 'Libre');
INSERT INTO localidades VALUES (4,'grada 1', 'espectaculo 2', 'teatro', '1998-06-03', 'productora 2', '2022-09-01 18:00:00', 'Calle de las flores nmero 2 puerta C', 'Libre');
INSERT INTO localidades VALUES (5,'grada 1', 'espectaculo 2', 'teatro', '1998-06-03', 'productora 2', '2022-09-01 18:00:00', 'Calle de las flores nmero 2 puerta C', 'Libre');
INSERT INTO localidades VALUES (6,'grada 1', 'espectaculo 2', 'teatro', '1998-06-03', 'productora 2', '2022-09-01 18:00:00', 'Calle de las flores nmero 2 puerta C', 'Libre');
INSERT INTO localidades VALUES (7,'grada 1', 'espectaculo 2', 'teatro', '1998-06-03', 'productora 2', '2022-09-01 18:00:00', 'Calle de las flores nmero 2 puerta C', 'Libre');
INSERT INTO localidades VALUES (8,'grada 1', 'espectaculo 2', 'teatro', '1998-06-03', 'productora 2', '2022-09-01 18:00:00', 'Calle de las flores nmero 2 puerta C', 'Libre');
INSERT INTO localidades VALUES (9,'grada 1', 'espectaculo 2', 'teatro', '1998-06-03', 'productora 2', '2022-09-01 18:00:00', 'Calle de las flores nmero 2 puerta C', 'Libre');
INSERT INTO localidades VALUES (10,'grada 1', 'espectaculo 2', 'teatro', '1998-06-03', 'productora 2', '2022-09-01 18:00:00', 'Calle de las flores nmero 2 puerta C', 'Libre');
INSERT INTO localidades VALUES (11,'grada 1', 'espectaculo 2', 'teatro', '1998-06-03', 'productora 2', '2022-09-01 18:00:00', 'Calle de las flores nmero 2 puerta C', 'Libre');
INSERT INTO localidades VALUES (12,'grada 1', 'espectaculo 2', 'teatro', '1998-06-03', 'productora 2', '2022-09-01 18:00:00', 'Calle de las flores nmero 2 puerta C', 'Libre');
INSERT INTO localidades VALUES (13,'grada 1', 'espectaculo 2', 'teatro', '1998-06-03', 'productora 2', '2022-09-01 18:00:00', 'Calle de las flores nmero 2 puerta C', 'Libre');
INSERT INTO localidades VALUES (14,'grada 1', 'espectaculo 2', 'teatro', '1998-06-03', 'productora 2', '2022-09-01 18:00:00', 'Calle de las flores nmero 2 puerta C', 'Libre');
INSERT INTO localidades VALUES (15,'grada 1', 'espectaculo 2', 'teatro', '1998-06-03', 'productora 2', '2022-09-01 18:00:00', 'Calle de las flores nmero 2 puerta C', 'Libre');
INSERT INTO localidades VALUES (16,'grada 1', 'espectaculo 2', 'teatro', '1998-06-03', 'productora 2', '2022-09-01 18:00:00', 'Calle de las flores nmero 2 puerta C', 'Libre');
INSERT INTO localidades VALUES (17,'grada 1', 'espectaculo 2', 'teatro', '1998-06-03', 'productora 2', '2022-09-01 18:00:00', 'Calle de las flores nmero 2 puerta C', 'Libre');
INSERT INTO localidades VALUES (18,'grada 1', 'espectaculo 2', 'teatro', '1998-06-03', 'productora 2', '2022-09-01 18:00:00', 'Calle de las flores nmero 2 puerta C', 'Libre');
INSERT INTO localidades VALUES (19,'grada 1', 'espectaculo 2', 'teatro', '1998-06-03', 'productora 2', '2022-09-01 18:00:00', 'Calle de las flores nmero 2 puerta C', 'Libre');
INSERT INTO localidades VALUES (20,'grada 1', 'espectaculo 2', 'teatro', '1998-06-03', 'productora 2', '2022-09-01 18:00:00', 'Calle de las flores nmero 2 puerta C', 'Libre');
INSERT INTO localidades VALUES (21,'grada 1', 'espectaculo 2', 'teatro', '1998-06-03', 'productora 2', '2022-09-01 18:00:00', 'Calle de las flores nmero 2 puerta C', 'Libre');
INSERT INTO localidades VALUES (22,'grada 1', 'espectaculo 2', 'teatro', '1998-06-03', 'productora 2', '2022-09-01 18:00:00', 'Calle de las flores nmero 2 puerta C', 'Libre');
INSERT INTO localidades VALUES (23,'grada 1', 'espectaculo 2', 'teatro', '1998-06-03', 'productora 2', '2022-09-01 18:00:00', 'Calle de las flores nmero 2 puerta C', 'Libre');
INSERT INTO localidades VALUES (24,'grada 1', 'espectaculo 2', 'teatro', '1998-06-03', 'productora 2', '2022-09-01 18:00:00', 'Calle de las flores nmero 2 puerta C', 'Libre');
INSERT INTO localidades VALUES (25,'grada 1', 'espectaculo 2', 'teatro', '1998-06-03', 'productora 2', '2022-09-01 18:00:00', 'Calle de las flores nmero 2 puerta C', 'Libre');
INSERT INTO localidades VALUES (26,'grada 1', 'espectaculo 2', 'teatro', '1998-06-03', 'productora 2', '2022-09-01 18:00:00', 'Calle de las flores nmero 2 puerta C', 'Libre');
INSERT INTO localidades VALUES (27,'grada 1', 'espectaculo 2', 'teatro', '1998-06-03', 'productora 2', '2022-09-01 18:00:00', 'Calle de las flores nmero 2 puerta C', 'Libre');
INSERT INTO localidades VALUES (28,'grada 1', 'espectaculo 2', 'teatro', '1998-06-03', 'productora 2', '2022-09-01 18:00:00', 'Calle de las flores nmero 2 puerta C', 'Libre');
INSERT INTO localidades VALUES (29,'grada 1', 'espectaculo 2', 'teatro', '1998-06-03', 'productora 2', '2022-09-01 18:00:00', 'Calle de las flores nmero 2 puerta C', 'Libre');
INSERT INTO localidades VALUES (30,'grada 1', 'espectaculo 2', 'teatro', '1998-06-03', 'productora 2', '2022-09-01 18:00:00', 'Calle de las flores nmero 2 puerta C', 'Libre');
INSERT INTO localidades VALUES (31,'grada 1', 'espectaculo 2', 'teatro', '1998-06-03', 'productora 2', '2022-09-01 18:00:00', 'Calle de las flores nmero 2 puerta C', 'Libre');
INSERT INTO localidades VALUES (32,'grada 1', 'espectaculo 2', 'teatro', '1998-06-03', 'productora 2', '2022-09-01 18:00:00', 'Calle de las flores nmero 2 puerta C', 'Libre');
INSERT INTO localidades VALUES (33,'grada 1', 'espectaculo 2', 'teatro', '1998-06-03', 'productora 2', '2022-09-01 18:00:00', 'Calle de las flores nmero 2 puerta C', 'Libre');
INSERT INTO localidades VALUES (34,'grada 1', 'espectaculo 2', 'teatro', '1998-06-03', 'productora 2', '2022-09-01 18:00:00', 'Calle de las flores nmero 2 puerta C', 'Libre');
INSERT INTO localidades VALUES (35,'grada 1', 'espectaculo 2', 'teatro', '1998-06-03', 'productora 2', '2022-09-01 18:00:00', 'Calle de las flores nmero 2 puerta C', 'Libre');
INSERT INTO localidades VALUES (36,'grada 1', 'espectaculo 2', 'teatro', '1998-06-03', 'productora 2', '2022-09-01 18:00:00', 'Calle de las flores nmero 2 puerta C', 'Libre');
INSERT INTO localidades VALUES (37,'grada 1', 'espectaculo 2', 'teatro', '1998-06-03', 'productora 2', '2022-09-01 18:00:00', 'Calle de las flores nmero 2 puerta C', 'Libre');
INSERT INTO gradas VALUES ('grada 2', 'espectaculo 2', 'teatro', '1998-06-03', 'productora 2', '2022-09-01 18:00:00', 'Calle de las flores nmero 2 puerta C');
INSERT INTO localidades VALUES (0,'grada 2', 'espectaculo 2', 'teatro', '1998-06-03', 'productora 2', '2022-09-01 18:00:00', 'Calle de las flores nmero 2 puerta C', 'Libre');
INSERT INTO localidades VALUES (1,'grada 2', 'espectaculo 2', 'teatro', '1998-06-03', 'productora 2', '2022-09-01 18:00:00', 'Calle de las flores nmero 2 puerta C', 'Libre');
INSERT INTO localidades VALUES (2,'grada 2', 'espectaculo 2', 'teatro', '1998-06-03', 'productora 2', '2022-09-01 18:00:00', 'Calle de las flores nmero 2 puerta C', 'Libre');
INSERT INTO localidades VALUES (3,'grada 2', 'espectaculo 2', 'teatro', '1998-06-03', 'productora 2', '2022-09-01 18:00:00', 'Calle de las flores nmero 2 puerta C', 'Libre');
INSERT INTO localidades VALUES (4,'grada 2', 'espectaculo 2', 'teatro', '1998-06-03', 'productora 2', '2022-09-01 18:00:00', 'Calle de las flores nmero 2 puerta C', 'Libre');
INSERT INTO localidades VALUES (5,'grada 2', 'espectaculo 2', 'teatro', '1998-06-03', 'productora 2', '2022-09-01 18:00:00', 'Calle de las flores nmero 2 puerta C', 'Libre');
INSERT INTO localidades VALUES (6,'grada 2', 'espectaculo 2', 'teatro', '1998-06-03', 'productora 2', '2022-09-01 18:00:00', 'Calle de las flores nmero 2 puerta C', 'Libre');
INSERT INTO localidades VALUES (7,'grada 2', 'espectaculo 2', 'teatro', '1998-06-03', 'productora 2', '2022-09-01 18:00:00', 'Calle de las flores nmero 2 puerta C', 'Libre');
INSERT INTO localidades VALUES (8,'grada 2', 'espectaculo 2', 'teatro', '1998-06-03', 'productora 2', '2022-09-01 18:00:00', 'Calle de las flores nmero 2 puerta C', 'Libre');
INSERT INTO localidades VALUES (9,'grada 2', 'espectaculo 2', 'teatro', '1998-06-03', 'productora 2', '2022-09-01 18:00:00', 'Calle de las flores nmero 2 puerta C', 'Libre');
INSERT INTO localidades VALUES (10,'grada 2', 'espectaculo 2', 'teatro', '1998-06-03', 'productora 2', '2022-09-01 18:00:00', 'Calle de las flores nmero 2 puerta C', 'Libre');
INSERT INTO localidades VALUES (11,'grada 2', 'espectaculo 2', 'teatro', '1998-06-03', 'productora 2', '2022-09-01 18:00:00', 'Calle de las flores nmero 2 puerta C', 'Libre');
INSERT INTO localidades VALUES (12,'grada 2', 'espectaculo 2', 'teatro', '1998-06-03', 'productora 2', '2022-09-01 18:00:00', 'Calle de las flores nmero 2 puerta C', 'Libre');
INSERT INTO localidades VALUES (13,'grada 2', 'espectaculo 2', 'teatro', '1998-06-03', 'productora 2', '2022-09-01 18:00:00', 'Calle de las flores nmero 2 puerta C', 'Libre');
INSERT INTO localidades VALUES (14,'grada 2', 'espectaculo 2', 'teatro', '1998-06-03', 'productora 2', '2022-09-01 18:00:00', 'Calle de las flores nmero 2 puerta C', 'Libre');
INSERT INTO localidades VALUES (15,'grada 2', 'espectaculo 2', 'teatro', '1998-06-03', 'productora 2', '2022-09-01 18:00:00', 'Calle de las flores nmero 2 puerta C', 'Libre');
INSERT INTO localidades VALUES (16,'grada 2', 'espectaculo 2', 'teatro', '1998-06-03', 'productora 2', '2022-09-01 18:00:00', 'Calle de las flores nmero 2 puerta C', 'Libre');
INSERT INTO localidades VALUES (17,'grada 2', 'espectaculo 2', 'teatro', '1998-06-03', 'productora 2', '2022-09-01 18:00:00', 'Calle de las flores nmero 2 puerta C', 'Libre');
INSERT INTO localidades VALUES (18,'grada 2', 'espectaculo 2', 'teatro', '1998-06-03', 'productora 2', '2022-09-01 18:00:00', 'Calle de las flores nmero 2 puerta C', 'Libre');
INSERT INTO localidades VALUES (19,'grada 2', 'espectaculo 2', 'teatro', '1998-06-03', 'productora 2', '2022-09-01 18:00:00', 'Calle de las flores nmero 2 puerta C', 'Libre');
INSERT INTO localidades VALUES (20,'grada 2', 'espectaculo 2', 'teatro', '1998-06-03', 'productora 2', '2022-09-01 18:00:00', 'Calle de las flores nmero 2 puerta C', 'Libre');
INSERT INTO localidades VALUES (21,'grada 2', 'espectaculo 2', 'teatro', '1998-06-03', 'productora 2', '2022-09-01 18:00:00', 'Calle de las flores nmero 2 puerta C', 'Libre');
INSERT INTO localidades VALUES (22,'grada 2', 'espectaculo 2', 'teatro', '1998-06-03', 'productora 2', '2022-09-01 18:00:00', 'Calle de las flores nmero 2 puerta C', 'Libre');
INSERT INTO localidades VALUES (23,'grada 2', 'espectaculo 2', 'teatro', '1998-06-03', 'productora 2', '2022-09-01 18:00:00', 'Calle de las flores nmero 2 puerta C', 'Libre');
INSERT INTO localidades VALUES (24,'grada 2', 'espectaculo 2', 'teatro', '1998-06-03', 'productora 2', '2022-09-01 18:00:00', 'Calle de las flores nmero 2 puerta C', 'Libre');
INSERT INTO localidades VALUES (25,'grada 2', 'espectaculo 2', 'teatro', '1998-06-03', 'productora 2', '2022-09-01 18:00:00', 'Calle de las flores nmero 2 puerta C', 'Libre');
INSERT INTO localidades VALUES (26,'grada 2', 'espectaculo 2', 'teatro', '1998-06-03', 'productora 2', '2022-09-01 18:00:00', 'Calle de las flores nmero 2 puerta C', 'Libre');
INSERT INTO localidades VALUES (27,'grada 2', 'espectaculo 2', 'teatro', '1998-06-03', 'productora 2', '2022-09-01 18:00:00', 'Calle de las flores nmero 2 puerta C', 'Libre');
INSERT INTO localidades VALUES (28,'grada 2', 'espectaculo 2', 'teatro', '1998-06-03', 'productora 2', '2022-09-01 18:00:00', 'Calle de las flores nmero 2 puerta C', 'Libre');
INSERT INTO localidades VALUES (29,'grada 2', 'espectaculo 2', 'teatro', '1998-06-03', 'productora 2', '2022-09-01 18:00:00', 'Calle de las flores nmero 2 puerta C', 'Libre');
INSERT INTO localidades VALUES (30,'grada 2', 'espectaculo 2', 'teatro', '1998-06-03', 'productora 2', '2022-09-01 18:00:00', 'Calle de las flores nmero 2 puerta C', 'Libre');
INSERT INTO localidades VALUES (31,'grada 2', 'espectaculo 2', 'teatro', '1998-06-03', 'productora 2', '2022-09-01 18:00:00', 'Calle de las flores nmero 2 puerta C', 'Libre');
INSERT INTO localidades VALUES (32,'grada 2', 'espectaculo 2', 'teatro', '1998-06-03', 'productora 2', '2022-09-01 18:00:00', 'Calle de las flores nmero 2 puerta C', 'Libre');
INSERT INTO localidades VALUES (33,'grada 2', 'espectaculo 2', 'teatro', '1998-06-03', 'productora 2', '2022-09-01 18:00:00', 'Calle de las flores nmero 2 puerta C', 'Libre');
INSERT INTO localidades VALUES (34,'grada 2', 'espectaculo 2', 'teatro', '1998-06-03', 'productora 2', '2022-09-01 18:00:00', 'Calle de las flores nmero 2 puerta C', 'Libre');
INSERT INTO localidades VALUES (35,'grada 2', 'espectaculo 2', 'teatro', '1998-06-03', 'productora 2', '2022-09-01 18:00:00', 'Calle de las flores nmero 2 puerta C', 'Libre');
INSERT INTO localidades VALUES (36,'grada 2', 'espectaculo 2', 'teatro', '1998-06-03', 'productora 2', '2022-09-01 18:00:00', 'Calle de las flores nmero 2 puerta C', 'Libre');
INSERT INTO localidades VALUES (37,'grada 2', 'espectaculo 2', 'teatro', '1998-06-03', 'productora 2', '2022-09-01 18:00:00', 'Calle de las flores nmero 2 puerta C', 'Libre');
INSERT INTO gradas VALUES ('grada 1', 'espectaculo 2', 'teatro', '1998-06-03', 'productora 2', '2020-09-01 03:00:00', 'Calle de las flores nmero 2 puerta C');
INSERT INTO localidades VALUES (0,'grada 1', 'espectaculo 2', 'teatro', '1998-06-03', 'productora 2', '2020-09-01 03:00:00', 'Calle de las flores nmero 2 puerta C', 'Libre');
INSERT INTO localidades VALUES (1,'grada 1', 'espectaculo 2', 'teatro', '1998-06-03', 'productora 2', '2020-09-01 03:00:00', 'Calle de las flores nmero 2 puerta C', 'Libre');
INSERT INTO localidades VALUES (2,'grada 1', 'espectaculo 2', 'teatro', '1998-06-03', 'productora 2', '2020-09-01 03:00:00', 'Calle de las flores nmero 2 puerta C', 'Libre');
INSERT INTO localidades VALUES (3,'grada 1', 'espectaculo 2', 'teatro', '1998-06-03', 'productora 2', '2020-09-01 03:00:00', 'Calle de las flores nmero 2 puerta C', 'Libre');
INSERT INTO localidades VALUES (4,'grada 1', 'espectaculo 2', 'teatro', '1998-06-03', 'productora 2', '2020-09-01 03:00:00', 'Calle de las flores nmero 2 puerta C', 'Libre');
INSERT INTO localidades VALUES (5,'grada 1', 'espectaculo 2', 'teatro', '1998-06-03', 'productora 2', '2020-09-01 03:00:00', 'Calle de las flores nmero 2 puerta C', 'Libre');
INSERT INTO localidades VALUES (6,'grada 1', 'espectaculo 2', 'teatro', '1998-06-03', 'productora 2', '2020-09-01 03:00:00', 'Calle de las flores nmero 2 puerta C', 'Libre');
INSERT INTO localidades VALUES (7,'grada 1', 'espectaculo 2', 'teatro', '1998-06-03', 'productora 2', '2020-09-01 03:00:00', 'Calle de las flores nmero 2 puerta C', 'Libre');
INSERT INTO localidades VALUES (8,'grada 1', 'espectaculo 2', 'teatro', '1998-06-03', 'productora 2', '2020-09-01 03:00:00', 'Calle de las flores nmero 2 puerta C', 'Libre');
INSERT INTO localidades VALUES (9,'grada 1', 'espectaculo 2', 'teatro', '1998-06-03', 'productora 2', '2020-09-01 03:00:00', 'Calle de las flores nmero 2 puerta C', 'Libre');
INSERT INTO localidades VALUES (10,'grada 1', 'espectaculo 2', 'teatro', '1998-06-03', 'productora 2', '2020-09-01 03:00:00', 'Calle de las flores nmero 2 puerta C', 'Libre');
INSERT INTO localidades VALUES (11,'grada 1', 'espectaculo 2', 'teatro', '1998-06-03', 'productora 2', '2020-09-01 03:00:00', 'Calle de las flores nmero 2 puerta C', 'Libre');
INSERT INTO localidades VALUES (12,'grada 1', 'espectaculo 2', 'teatro', '1998-06-03', 'productora 2', '2020-09-01 03:00:00', 'Calle de las flores nmero 2 puerta C', 'Libre');
INSERT INTO localidades VALUES (13,'grada 1', 'espectaculo 2', 'teatro', '1998-06-03', 'productora 2', '2020-09-01 03:00:00', 'Calle de las flores nmero 2 puerta C', 'Libre');
INSERT INTO localidades VALUES (14,'grada 1', 'espectaculo 2', 'teatro', '1998-06-03', 'productora 2', '2020-09-01 03:00:00', 'Calle de las flores nmero 2 puerta C', 'Libre');
INSERT INTO localidades VALUES (15,'grada 1', 'espectaculo 2', 'teatro', '1998-06-03', 'productora 2', '2020-09-01 03:00:00', 'Calle de las flores nmero 2 puerta C', 'Libre');
INSERT INTO localidades VALUES (16,'grada 1', 'espectaculo 2', 'teatro', '1998-06-03', 'productora 2', '2020-09-01 03:00:00', 'Calle de las flores nmero 2 puerta C', 'Libre');
INSERT INTO localidades VALUES (17,'grada 1', 'espectaculo 2', 'teatro', '1998-06-03', 'productora 2', '2020-09-01 03:00:00', 'Calle de las flores nmero 2 puerta C', 'Libre');
INSERT INTO localidades VALUES (18,'grada 1', 'espectaculo 2', 'teatro', '1998-06-03', 'productora 2', '2020-09-01 03:00:00', 'Calle de las flores nmero 2 puerta C', 'Libre');
INSERT INTO localidades VALUES (19,'grada 1', 'espectaculo 2', 'teatro', '1998-06-03', 'productora 2', '2020-09-01 03:00:00', 'Calle de las flores nmero 2 puerta C', 'Libre');
INSERT INTO localidades VALUES (20,'grada 1', 'espectaculo 2', 'teatro', '1998-06-03', 'productora 2', '2020-09-01 03:00:00', 'Calle de las flores nmero 2 puerta C', 'Libre');
INSERT INTO localidades VALUES (21,'grada 1', 'espectaculo 2', 'teatro', '1998-06-03', 'productora 2', '2020-09-01 03:00:00', 'Calle de las flores nmero 2 puerta C', 'Libre');
INSERT INTO localidades VALUES (22,'grada 1', 'espectaculo 2', 'teatro', '1998-06-03', 'productora 2', '2020-09-01 03:00:00', 'Calle de las flores nmero 2 puerta C', 'Libre');
INSERT INTO localidades VALUES (23,'grada 1', 'espectaculo 2', 'teatro', '1998-06-03', 'productora 2', '2020-09-01 03:00:00', 'Calle de las flores nmero 2 puerta C', 'Libre');
INSERT INTO localidades VALUES (24,'grada 1', 'espectaculo 2', 'teatro', '1998-06-03', 'productora 2', '2020-09-01 03:00:00', 'Calle de las flores nmero 2 puerta C', 'Libre');
INSERT INTO localidades VALUES (25,'grada 1', 'espectaculo 2', 'teatro', '1998-06-03', 'productora 2', '2020-09-01 03:00:00', 'Calle de las flores nmero 2 puerta C', 'Libre');
INSERT INTO localidades VALUES (26,'grada 1', 'espectaculo 2', 'teatro', '1998-06-03', 'productora 2', '2020-09-01 03:00:00', 'Calle de las flores nmero 2 puerta C', 'Libre');
INSERT INTO localidades VALUES (27,'grada 1', 'espectaculo 2', 'teatro', '1998-06-03', 'productora 2', '2020-09-01 03:00:00', 'Calle de las flores nmero 2 puerta C', 'Libre');
INSERT INTO localidades VALUES (28,'grada 1', 'espectaculo 2', 'teatro', '1998-06-03', 'productora 2', '2020-09-01 03:00:00', 'Calle de las flores nmero 2 puerta C', 'Libre');
INSERT INTO localidades VALUES (29,'grada 1', 'espectaculo 2', 'teatro', '1998-06-03', 'productora 2', '2020-09-01 03:00:00', 'Calle de las flores nmero 2 puerta C', 'Libre');
INSERT INTO localidades VALUES (30,'grada 1', 'espectaculo 2', 'teatro', '1998-06-03', 'productora 2', '2020-09-01 03:00:00', 'Calle de las flores nmero 2 puerta C', 'Libre');
INSERT INTO localidades VALUES (31,'grada 1', 'espectaculo 2', 'teatro', '1998-06-03', 'productora 2', '2020-09-01 03:00:00', 'Calle de las flores nmero 2 puerta C', 'Libre');
INSERT INTO localidades VALUES (32,'grada 1', 'espectaculo 2', 'teatro', '1998-06-03', 'productora 2', '2020-09-01 03:00:00', 'Calle de las flores nmero 2 puerta C', 'Libre');
INSERT INTO localidades VALUES (33,'grada 1', 'espectaculo 2', 'teatro', '1998-06-03', 'productora 2', '2020-09-01 03:00:00', 'Calle de las flores nmero 2 puerta C', 'Libre');
INSERT INTO localidades VALUES (34,'grada 1', 'espectaculo 2', 'teatro', '1998-06-03', 'productora 2', '2020-09-01 03:00:00', 'Calle de las flores nmero 2 puerta C', 'Libre');
INSERT INTO localidades VALUES (35,'grada 1', 'espectaculo 2', 'teatro', '1998-06-03', 'productora 2', '2020-09-01 03:00:00', 'Calle de las flores nmero 2 puerta C', 'Libre');
INSERT INTO localidades VALUES (36,'grada 1', 'espectaculo 2', 'teatro', '1998-06-03', 'productora 2', '2020-09-01 03:00:00', 'Calle de las flores nmero 2 puerta C', 'Libre');
INSERT INTO localidades VALUES (37,'grada 1', 'espectaculo 2', 'teatro', '1998-06-03', 'productora 2', '2020-09-01 03:00:00', 'Calle de las flores nmero 2 puerta C', 'Libre');
INSERT INTO gradas VALUES ('grada 2', 'espectaculo 2', 'teatro', '1998-06-03', 'productora 2', '2020-09-01 03:00:00', 'Calle de las flores nmero 2 puerta C');
INSERT INTO localidades VALUES (0,'grada 2', 'espectaculo 2', 'teatro', '1998-06-03', 'productora 2', '2020-09-01 03:00:00', 'Calle de las flores nmero 2 puerta C', 'Libre');
INSERT INTO localidades VALUES (1,'grada 2', 'espectaculo 2', 'teatro', '1998-06-03', 'productora 2', '2020-09-01 03:00:00', 'Calle de las flores nmero 2 puerta C', 'Libre');
INSERT INTO localidades VALUES (2,'grada 2', 'espectaculo 2', 'teatro', '1998-06-03', 'productora 2', '2020-09-01 03:00:00', 'Calle de las flores nmero 2 puerta C', 'Libre');
INSERT INTO localidades VALUES (3,'grada 2', 'espectaculo 2', 'teatro', '1998-06-03', 'productora 2', '2020-09-01 03:00:00', 'Calle de las flores nmero 2 puerta C', 'Libre');
INSERT INTO localidades VALUES (4,'grada 2', 'espectaculo 2', 'teatro', '1998-06-03', 'productora 2', '2020-09-01 03:00:00', 'Calle de las flores nmero 2 puerta C', 'Libre');
INSERT INTO localidades VALUES (5,'grada 2', 'espectaculo 2', 'teatro', '1998-06-03', 'productora 2', '2020-09-01 03:00:00', 'Calle de las flores nmero 2 puerta C', 'Libre');
INSERT INTO localidades VALUES (6,'grada 2', 'espectaculo 2', 'teatro', '1998-06-03', 'productora 2', '2020-09-01 03:00:00', 'Calle de las flores nmero 2 puerta C', 'Libre');
INSERT INTO localidades VALUES (7,'grada 2', 'espectaculo 2', 'teatro', '1998-06-03', 'productora 2', '2020-09-01 03:00:00', 'Calle de las flores nmero 2 puerta C', 'Libre');
INSERT INTO localidades VALUES (8,'grada 2', 'espectaculo 2', 'teatro', '1998-06-03', 'productora 2', '2020-09-01 03:00:00', 'Calle de las flores nmero 2 puerta C', 'Libre');
INSERT INTO localidades VALUES (9,'grada 2', 'espectaculo 2', 'teatro', '1998-06-03', 'productora 2', '2020-09-01 03:00:00', 'Calle de las flores nmero 2 puerta C', 'Libre');
INSERT INTO localidades VALUES (10,'grada 2', 'espectaculo 2', 'teatro', '1998-06-03', 'productora 2', '2020-09-01 03:00:00', 'Calle de las flores nmero 2 puerta C', 'Libre');
INSERT INTO localidades VALUES (11,'grada 2', 'espectaculo 2', 'teatro', '1998-06-03', 'productora 2', '2020-09-01 03:00:00', 'Calle de las flores nmero 2 puerta C', 'Libre');
INSERT INTO localidades VALUES (12,'grada 2', 'espectaculo 2', 'teatro', '1998-06-03', 'productora 2', '2020-09-01 03:00:00', 'Calle de las flores nmero 2 puerta C', 'Libre');
INSERT INTO localidades VALUES (13,'grada 2', 'espectaculo 2', 'teatro', '1998-06-03', 'productora 2', '2020-09-01 03:00:00', 'Calle de las flores nmero 2 puerta C', 'Libre');
INSERT INTO localidades VALUES (14,'grada 2', 'espectaculo 2', 'teatro', '1998-06-03', 'productora 2', '2020-09-01 03:00:00', 'Calle de las flores nmero 2 puerta C', 'Libre');
INSERT INTO localidades VALUES (15,'grada 2', 'espectaculo 2', 'teatro', '1998-06-03', 'productora 2', '2020-09-01 03:00:00', 'Calle de las flores nmero 2 puerta C', 'Libre');
INSERT INTO localidades VALUES (16,'grada 2', 'espectaculo 2', 'teatro', '1998-06-03', 'productora 2', '2020-09-01 03:00:00', 'Calle de las flores nmero 2 puerta C', 'Libre');
INSERT INTO localidades VALUES (17,'grada 2', 'espectaculo 2', 'teatro', '1998-06-03', 'productora 2', '2020-09-01 03:00:00', 'Calle de las flores nmero 2 puerta C', 'Libre');
INSERT INTO localidades VALUES (18,'grada 2', 'espectaculo 2', 'teatro', '1998-06-03', 'productora 2', '2020-09-01 03:00:00', 'Calle de las flores nmero 2 puerta C', 'Libre');
INSERT INTO localidades VALUES (19,'grada 2', 'espectaculo 2', 'teatro', '1998-06-03', 'productora 2', '2020-09-01 03:00:00', 'Calle de las flores nmero 2 puerta C', 'Libre');
INSERT INTO localidades VALUES (20,'grada 2', 'espectaculo 2', 'teatro', '1998-06-03', 'productora 2', '2020-09-01 03:00:00', 'Calle de las flores nmero 2 puerta C', 'Libre');
INSERT INTO localidades VALUES (21,'grada 2', 'espectaculo 2', 'teatro', '1998-06-03', 'productora 2', '2020-09-01 03:00:00', 'Calle de las flores nmero 2 puerta C', 'Libre');
INSERT INTO localidades VALUES (22,'grada 2', 'espectaculo 2', 'teatro', '1998-06-03', 'productora 2', '2020-09-01 03:00:00', 'Calle de las flores nmero 2 puerta C', 'Libre');
INSERT INTO localidades VALUES (23,'grada 2', 'espectaculo 2', 'teatro', '1998-06-03', 'productora 2', '2020-09-01 03:00:00', 'Calle de las flores nmero 2 puerta C', 'Libre');
INSERT INTO localidades VALUES (24,'grada 2', 'espectaculo 2', 'teatro', '1998-06-03', 'productora 2', '2020-09-01 03:00:00', 'Calle de las flores nmero 2 puerta C', 'Libre');
INSERT INTO localidades VALUES (25,'grada 2', 'espectaculo 2', 'teatro', '1998-06-03', 'productora 2', '2020-09-01 03:00:00', 'Calle de las flores nmero 2 puerta C', 'Libre');
INSERT INTO localidades VALUES (26,'grada 2', 'espectaculo 2', 'teatro', '1998-06-03', 'productora 2', '2020-09-01 03:00:00', 'Calle de las flores nmero 2 puerta C', 'Libre');
INSERT INTO localidades VALUES (27,'grada 2', 'espectaculo 2', 'teatro', '1998-06-03', 'productora 2', '2020-09-01 03:00:00', 'Calle de las flores nmero 2 puerta C', 'Libre');
INSERT INTO localidades VALUES (28,'grada 2', 'espectaculo 2', 'teatro', '1998-06-03', 'productora 2', '2020-09-01 03:00:00', 'Calle de las flores nmero 2 puerta C', 'Libre');
INSERT INTO localidades VALUES (29,'grada 2', 'espectaculo 2', 'teatro', '1998-06-03', 'productora 2', '2020-09-01 03:00:00', 'Calle de las flores nmero 2 puerta C', 'Libre');
INSERT INTO localidades VALUES (30,'grada 2', 'espectaculo 2', 'teatro', '1998-06-03', 'productora 2', '2020-09-01 03:00:00', 'Calle de las flores nmero 2 puerta C', 'Libre');
INSERT INTO localidades VALUES (31,'grada 2', 'espectaculo 2', 'teatro', '1998-06-03', 'productora 2', '2020-09-01 03:00:00', 'Calle de las flores nmero 2 puerta C', 'Libre');
INSERT INTO localidades VALUES (32,'grada 2', 'espectaculo 2', 'teatro', '1998-06-03', 'productora 2', '2020-09-01 03:00:00', 'Calle de las flores nmero 2 puerta C', 'Libre');
INSERT INTO localidades VALUES (33,'grada 2', 'espectaculo 2', 'teatro', '1998-06-03', 'productora 2', '2020-09-01 03:00:00', 'Calle de las flores nmero 2 puerta C', 'Libre');
INSERT INTO localidades VALUES (34,'grada 2', 'espectaculo 2', 'teatro', '1998-06-03', 'productora 2', '2020-09-01 03:00:00', 'Calle de las flores nmero 2 puerta C', 'Libre');
INSERT INTO localidades VALUES (35,'grada 2', 'espectaculo 2', 'teatro', '1998-06-03', 'productora 2', '2020-09-01 03:00:00', 'Calle de las flores nmero 2 puerta C', 'Libre');
INSERT INTO localidades VALUES (36,'grada 2', 'espectaculo 2', 'teatro', '1998-06-03', 'productora 2', '2020-09-01 03:00:00', 'Calle de las flores nmero 2 puerta C', 'Libre');
INSERT INTO localidades VALUES (37,'grada 2', 'espectaculo 2', 'teatro', '1998-06-03', 'productora 2', '2020-09-01 03:00:00', 'Calle de las flores nmero 2 puerta C', 'Libre');
INSERT INTO tarifas VALUES ('bebe', '0', '5', 'grada 1', 'espectaculo 2', 'teatro', '1998-06-03', 'productora 2', '2022-09-01 18:00:00', 'Calle de las flores nmero 2 puerta C');
INSERT INTO tarifas VALUES ('infantil', '5', '5', 'grada 1', 'espectaculo 2', 'teatro', '1998-06-03', 'productora 2', '2022-09-01 18:00:00', 'Calle de las flores nmero 2 puerta C');
INSERT INTO tarifas VALUES ('juvenil', '8', '5', 'grada 1', 'espectaculo 2', 'teatro', '1998-06-03', 'productora 2', '2022-09-01 18:00:00', 'Calle de las flores nmero 2 puerta C');
INSERT INTO tarifas VALUES ('adulto', '10', '5', 'grada 1', 'espectaculo 2', 'teatro', '1998-06-03', 'productora 2', '2022-09-01 18:00:00', 'Calle de las flores nmero 2 puerta C');
INSERT INTO tarifas VALUES ('jubilado', '5', '5', 'grada 1', 'espectaculo 2', 'teatro', '1998-06-03', 'productora 2', '2022-09-01 18:00:00', 'Calle de las flores nmero 2 puerta C');
INSERT INTO tarifas VALUES ('bebe', '0', '5', 'grada 2', 'espectaculo 2', 'teatro', '1998-06-03', 'productora 2', '2022-09-01 18:00:00', 'Calle de las flores nmero 2 puerta C');
INSERT INTO tarifas VALUES ('infantil', '5', '5', 'grada 2', 'espectaculo 2', 'teatro', '1998-06-03', 'productora 2', '2022-09-01 18:00:00', 'Calle de las flores nmero 2 puerta C');
INSERT INTO tarifas VALUES ('juvenil', '8', '5', 'grada 2', 'espectaculo 2', 'teatro', '1998-06-03', 'productora 2', '2022-09-01 18:00:00', 'Calle de las flores nmero 2 puerta C');
INSERT INTO tarifas VALUES ('adulto', '10', '5', 'grada 2', 'espectaculo 2', 'teatro', '1998-06-03', 'productora 2', '2022-09-01 18:00:00', 'Calle de las flores nmero 2 puerta C');
INSERT INTO tarifas VALUES ('jubilado', '5', '5', 'grada 2', 'espectaculo 2', 'teatro', '1998-06-03', 'productora 2', '2022-09-01 18:00:00', 'Calle de las flores nmero 2 puerta C');
INSERT INTO tarifas VALUES ('bebe', '0', '5', 'grada 1', 'espectaculo 2', 'teatro', '1998-06-03', 'productora 2', '2020-09-01 03:00:00', 'Calle de las flores nmero 2 puerta C');
INSERT INTO tarifas VALUES ('infantil', '5', '5', 'grada 1', 'espectaculo 2', 'teatro', '1998-06-03', 'productora 2', '2020-09-01 03:00:00', 'Calle de las flores nmero 2 puerta C');
INSERT INTO tarifas VALUES ('juvenil', '8', '5', 'grada 1', 'espectaculo 2', 'teatro', '1998-06-03', 'productora 2', '2020-09-01 03:00:00', 'Calle de las flores nmero 2 puerta C');
INSERT INTO tarifas VALUES ('adulto', '10', '5', 'grada 1', 'espectaculo 2', 'teatro', '1998-06-03', 'productora 2', '2020-09-01 03:00:00', 'Calle de las flores nmero 2 puerta C');
INSERT INTO tarifas VALUES ('jubilado', '5', '5', 'grada 1', 'espectaculo 2', 'teatro', '1998-06-03', 'productora 2', '2020-09-01 03:00:00', 'Calle de las flores nmero 2 puerta C');
INSERT INTO tarifas VALUES ('bebe', '0', '5', 'grada 2', 'espectaculo 2', 'teatro', '1998-06-03', 'productora 2', '2020-09-01 03:00:00', 'Calle de las flores nmero 2 puerta C');
INSERT INTO tarifas VALUES ('infantil', '5', '5', 'grada 2', 'espectaculo 2', 'teatro', '1998-06-03', 'productora 2', '2020-09-01 03:00:00', 'Calle de las flores nmero 2 puerta C');
INSERT INTO tarifas VALUES ('juvenil', '8', '5', 'grada 2', 'espectaculo 2', 'teatro', '1998-06-03', 'productora 2', '2020-09-01 03:00:00', 'Calle de las flores nmero 2 puerta C');
INSERT INTO tarifas VALUES ('adulto', '10', '5', 'grada 2', 'espectaculo 2', 'teatro', '1998-06-03', 'productora 2', '2020-09-01 03:00:00', 'Calle de las flores nmero 2 puerta C');
INSERT INTO tarifas VALUES ('jubilado', '5', '5', 'grada 2', 'espectaculo 2', 'teatro', '1998-06-03', 'productora 2', '2020-09-01 03:00:00', 'Calle de las flores nmero 2 puerta C');
INSERT IGNORE INTO horarios VALUES ('2022-09-01 18:00:00');
INSERT IGNORE INTO horarios VALUES ('2020-09-01 03:00:00');
INSERT IGNORE INTO recintos VALUES ('Calle de las flores nmero 3 puerta C', 'Recinto 3');
INSERT IGNORE INTO horariosRecintos VALUES ('2022-09-01 18:00:00', 'Calle de las flores nmero 3 puerta C');
INSERT IGNORE INTO horariosRecintos VALUES ('2020-09-01 03:00:00', 'Calle de las flores nmero 3 puerta C');
INSERT INTO espectaculos VALUES ('espectaculo 3', 'pelicula', '1999-01-14', 'productora 3', 'lista participantes 3', '7', '001500', '002600', '001600');
INSERT INTO eventos VALUES ('espectaculo 3', 'pelicula', '1999-01-14', 'productora 3', '2022-09-01 18:00:00', 'Calle de las flores nmero 3 puerta C', 'Abierto');
INSERT INTO eventos VALUES ('espectaculo 3', 'pelicula', '1999-01-14', 'productora 3', '2020-09-01 03:00:00', 'Calle de las flores nmero 3 puerta C', 'Abierto');
INSERT INTO gradas VALUES ('grada 1', 'espectaculo 3', 'pelicula', '1999-01-14', 'productora 3', '2022-09-01 18:00:00', 'Calle de las flores nmero 3 puerta C');
INSERT INTO localidades VALUES (0,'grada 1', 'espectaculo 3', 'pelicula', '1999-01-14', 'productora 3', '2022-09-01 18:00:00', 'Calle de las flores nmero 3 puerta C', 'Libre');
INSERT INTO localidades VALUES (1,'grada 1', 'espectaculo 3', 'pelicula', '1999-01-14', 'productora 3', '2022-09-01 18:00:00', 'Calle de las flores nmero 3 puerta C', 'Libre');
INSERT INTO localidades VALUES (2,'grada 1', 'espectaculo 3', 'pelicula', '1999-01-14', 'productora 3', '2022-09-01 18:00:00', 'Calle de las flores nmero 3 puerta C', 'Libre');
INSERT INTO localidades VALUES (3,'grada 1', 'espectaculo 3', 'pelicula', '1999-01-14', 'productora 3', '2022-09-01 18:00:00', 'Calle de las flores nmero 3 puerta C', 'Libre');
INSERT INTO localidades VALUES (4,'grada 1', 'espectaculo 3', 'pelicula', '1999-01-14', 'productora 3', '2022-09-01 18:00:00', 'Calle de las flores nmero 3 puerta C', 'Libre');
INSERT INTO localidades VALUES (5,'grada 1', 'espectaculo 3', 'pelicula', '1999-01-14', 'productora 3', '2022-09-01 18:00:00', 'Calle de las flores nmero 3 puerta C', 'Libre');
INSERT INTO localidades VALUES (6,'grada 1', 'espectaculo 3', 'pelicula', '1999-01-14', 'productora 3', '2022-09-01 18:00:00', 'Calle de las flores nmero 3 puerta C', 'Libre');
INSERT INTO localidades VALUES (7,'grada 1', 'espectaculo 3', 'pelicula', '1999-01-14', 'productora 3', '2022-09-01 18:00:00', 'Calle de las flores nmero 3 puerta C', 'Libre');
INSERT INTO localidades VALUES (8,'grada 1', 'espectaculo 3', 'pelicula', '1999-01-14', 'productora 3', '2022-09-01 18:00:00', 'Calle de las flores nmero 3 puerta C', 'Libre');
INSERT INTO localidades VALUES (9,'grada 1', 'espectaculo 3', 'pelicula', '1999-01-14', 'productora 3', '2022-09-01 18:00:00', 'Calle de las flores nmero 3 puerta C', 'Libre');
INSERT INTO localidades VALUES (10,'grada 1', 'espectaculo 3', 'pelicula', '1999-01-14', 'productora 3', '2022-09-01 18:00:00', 'Calle de las flores nmero 3 puerta C', 'Libre');
INSERT INTO localidades VALUES (11,'grada 1', 'espectaculo 3', 'pelicula', '1999-01-14', 'productora 3', '2022-09-01 18:00:00', 'Calle de las flores nmero 3 puerta C', 'Libre');
INSERT INTO localidades VALUES (12,'grada 1', 'espectaculo 3', 'pelicula', '1999-01-14', 'productora 3', '2022-09-01 18:00:00', 'Calle de las flores nmero 3 puerta C', 'Libre');
INSERT INTO localidades VALUES (13,'grada 1', 'espectaculo 3', 'pelicula', '1999-01-14', 'productora 3', '2022-09-01 18:00:00', 'Calle de las flores nmero 3 puerta C', 'Libre');
INSERT INTO localidades VALUES (14,'grada 1', 'espectaculo 3', 'pelicula', '1999-01-14', 'productora 3', '2022-09-01 18:00:00', 'Calle de las flores nmero 3 puerta C', 'Libre');
INSERT INTO localidades VALUES (15,'grada 1', 'espectaculo 3', 'pelicula', '1999-01-14', 'productora 3', '2022-09-01 18:00:00', 'Calle de las flores nmero 3 puerta C', 'Libre');
INSERT INTO localidades VALUES (16,'grada 1', 'espectaculo 3', 'pelicula', '1999-01-14', 'productora 3', '2022-09-01 18:00:00', 'Calle de las flores nmero 3 puerta C', 'Libre');
INSERT INTO localidades VALUES (17,'grada 1', 'espectaculo 3', 'pelicula', '1999-01-14', 'productora 3', '2022-09-01 18:00:00', 'Calle de las flores nmero 3 puerta C', 'Libre');
INSERT INTO localidades VALUES (18,'grada 1', 'espectaculo 3', 'pelicula', '1999-01-14', 'productora 3', '2022-09-01 18:00:00', 'Calle de las flores nmero 3 puerta C', 'Libre');
INSERT INTO localidades VALUES (19,'grada 1', 'espectaculo 3', 'pelicula', '1999-01-14', 'productora 3', '2022-09-01 18:00:00', 'Calle de las flores nmero 3 puerta C', 'Libre');
INSERT INTO localidades VALUES (20,'grada 1', 'espectaculo 3', 'pelicula', '1999-01-14', 'productora 3', '2022-09-01 18:00:00', 'Calle de las flores nmero 3 puerta C', 'Libre');
INSERT INTO localidades VALUES (21,'grada 1', 'espectaculo 3', 'pelicula', '1999-01-14', 'productora 3', '2022-09-01 18:00:00', 'Calle de las flores nmero 3 puerta C', 'Libre');
INSERT INTO localidades VALUES (22,'grada 1', 'espectaculo 3', 'pelicula', '1999-01-14', 'productora 3', '2022-09-01 18:00:00', 'Calle de las flores nmero 3 puerta C', 'Libre');
INSERT INTO localidades VALUES (23,'grada 1', 'espectaculo 3', 'pelicula', '1999-01-14', 'productora 3', '2022-09-01 18:00:00', 'Calle de las flores nmero 3 puerta C', 'Libre');
INSERT INTO localidades VALUES (24,'grada 1', 'espectaculo 3', 'pelicula', '1999-01-14', 'productora 3', '2022-09-01 18:00:00', 'Calle de las flores nmero 3 puerta C', 'Libre');
INSERT INTO localidades VALUES (25,'grada 1', 'espectaculo 3', 'pelicula', '1999-01-14', 'productora 3', '2022-09-01 18:00:00', 'Calle de las flores nmero 3 puerta C', 'Libre');
INSERT INTO localidades VALUES (26,'grada 1', 'espectaculo 3', 'pelicula', '1999-01-14', 'productora 3', '2022-09-01 18:00:00', 'Calle de las flores nmero 3 puerta C', 'Libre');
INSERT INTO localidades VALUES (27,'grada 1', 'espectaculo 3', 'pelicula', '1999-01-14', 'productora 3', '2022-09-01 18:00:00', 'Calle de las flores nmero 3 puerta C', 'Libre');
INSERT INTO localidades VALUES (28,'grada 1', 'espectaculo 3', 'pelicula', '1999-01-14', 'productora 3', '2022-09-01 18:00:00', 'Calle de las flores nmero 3 puerta C', 'Libre');
INSERT INTO localidades VALUES (29,'grada 1', 'espectaculo 3', 'pelicula', '1999-01-14', 'productora 3', '2022-09-01 18:00:00', 'Calle de las flores nmero 3 puerta C', 'Libre');
INSERT INTO localidades VALUES (30,'grada 1', 'espectaculo 3', 'pelicula', '1999-01-14', 'productora 3', '2022-09-01 18:00:00', 'Calle de las flores nmero 3 puerta C', 'Libre');
INSERT INTO localidades VALUES (31,'grada 1', 'espectaculo 3', 'pelicula', '1999-01-14', 'productora 3', '2022-09-01 18:00:00', 'Calle de las flores nmero 3 puerta C', 'Libre');
INSERT INTO localidades VALUES (32,'grada 1', 'espectaculo 3', 'pelicula', '1999-01-14', 'productora 3', '2022-09-01 18:00:00', 'Calle de las flores nmero 3 puerta C', 'Libre');
INSERT INTO gradas VALUES ('grada 2', 'espectaculo 3', 'pelicula', '1999-01-14', 'productora 3', '2022-09-01 18:00:00', 'Calle de las flores nmero 3 puerta C');
INSERT INTO localidades VALUES (0,'grada 2', 'espectaculo 3', 'pelicula', '1999-01-14', 'productora 3', '2022-09-01 18:00:00', 'Calle de las flores nmero 3 puerta C', 'Libre');
INSERT INTO localidades VALUES (1,'grada 2', 'espectaculo 3', 'pelicula', '1999-01-14', 'productora 3', '2022-09-01 18:00:00', 'Calle de las flores nmero 3 puerta C', 'Libre');
INSERT INTO localidades VALUES (2,'grada 2', 'espectaculo 3', 'pelicula', '1999-01-14', 'productora 3', '2022-09-01 18:00:00', 'Calle de las flores nmero 3 puerta C', 'Libre');
INSERT INTO localidades VALUES (3,'grada 2', 'espectaculo 3', 'pelicula', '1999-01-14', 'productora 3', '2022-09-01 18:00:00', 'Calle de las flores nmero 3 puerta C', 'Libre');
INSERT INTO localidades VALUES (4,'grada 2', 'espectaculo 3', 'pelicula', '1999-01-14', 'productora 3', '2022-09-01 18:00:00', 'Calle de las flores nmero 3 puerta C', 'Libre');
INSERT INTO localidades VALUES (5,'grada 2', 'espectaculo 3', 'pelicula', '1999-01-14', 'productora 3', '2022-09-01 18:00:00', 'Calle de las flores nmero 3 puerta C', 'Libre');
INSERT INTO localidades VALUES (6,'grada 2', 'espectaculo 3', 'pelicula', '1999-01-14', 'productora 3', '2022-09-01 18:00:00', 'Calle de las flores nmero 3 puerta C', 'Libre');
INSERT INTO localidades VALUES (7,'grada 2', 'espectaculo 3', 'pelicula', '1999-01-14', 'productora 3', '2022-09-01 18:00:00', 'Calle de las flores nmero 3 puerta C', 'Libre');
INSERT INTO localidades VALUES (8,'grada 2', 'espectaculo 3', 'pelicula', '1999-01-14', 'productora 3', '2022-09-01 18:00:00', 'Calle de las flores nmero 3 puerta C', 'Libre');
INSERT INTO localidades VALUES (9,'grada 2', 'espectaculo 3', 'pelicula', '1999-01-14', 'productora 3', '2022-09-01 18:00:00', 'Calle de las flores nmero 3 puerta C', 'Libre');
INSERT INTO localidades VALUES (10,'grada 2', 'espectaculo 3', 'pelicula', '1999-01-14', 'productora 3', '2022-09-01 18:00:00', 'Calle de las flores nmero 3 puerta C', 'Libre');
INSERT INTO localidades VALUES (11,'grada 2', 'espectaculo 3', 'pelicula', '1999-01-14', 'productora 3', '2022-09-01 18:00:00', 'Calle de las flores nmero 3 puerta C', 'Libre');
INSERT INTO localidades VALUES (12,'grada 2', 'espectaculo 3', 'pelicula', '1999-01-14', 'productora 3', '2022-09-01 18:00:00', 'Calle de las flores nmero 3 puerta C', 'Libre');
INSERT INTO localidades VALUES (13,'grada 2', 'espectaculo 3', 'pelicula', '1999-01-14', 'productora 3', '2022-09-01 18:00:00', 'Calle de las flores nmero 3 puerta C', 'Libre');
INSERT INTO localidades VALUES (14,'grada 2', 'espectaculo 3', 'pelicula', '1999-01-14', 'productora 3', '2022-09-01 18:00:00', 'Calle de las flores nmero 3 puerta C', 'Libre');
INSERT INTO localidades VALUES (15,'grada 2', 'espectaculo 3', 'pelicula', '1999-01-14', 'productora 3', '2022-09-01 18:00:00', 'Calle de las flores nmero 3 puerta C', 'Libre');
INSERT INTO localidades VALUES (16,'grada 2', 'espectaculo 3', 'pelicula', '1999-01-14', 'productora 3', '2022-09-01 18:00:00', 'Calle de las flores nmero 3 puerta C', 'Libre');
INSERT INTO localidades VALUES (17,'grada 2', 'espectaculo 3', 'pelicula', '1999-01-14', 'productora 3', '2022-09-01 18:00:00', 'Calle de las flores nmero 3 puerta C', 'Libre');
INSERT INTO localidades VALUES (18,'grada 2', 'espectaculo 3', 'pelicula', '1999-01-14', 'productora 3', '2022-09-01 18:00:00', 'Calle de las flores nmero 3 puerta C', 'Libre');
INSERT INTO localidades VALUES (19,'grada 2', 'espectaculo 3', 'pelicula', '1999-01-14', 'productora 3', '2022-09-01 18:00:00', 'Calle de las flores nmero 3 puerta C', 'Libre');
INSERT INTO localidades VALUES (20,'grada 2', 'espectaculo 3', 'pelicula', '1999-01-14', 'productora 3', '2022-09-01 18:00:00', 'Calle de las flores nmero 3 puerta C', 'Libre');
INSERT INTO localidades VALUES (21,'grada 2', 'espectaculo 3', 'pelicula', '1999-01-14', 'productora 3', '2022-09-01 18:00:00', 'Calle de las flores nmero 3 puerta C', 'Libre');
INSERT INTO localidades VALUES (22,'grada 2', 'espectaculo 3', 'pelicula', '1999-01-14', 'productora 3', '2022-09-01 18:00:00', 'Calle de las flores nmero 3 puerta C', 'Libre');
INSERT INTO localidades VALUES (23,'grada 2', 'espectaculo 3', 'pelicula', '1999-01-14', 'productora 3', '2022-09-01 18:00:00', 'Calle de las flores nmero 3 puerta C', 'Libre');
INSERT INTO localidades VALUES (24,'grada 2', 'espectaculo 3', 'pelicula', '1999-01-14', 'productora 3', '2022-09-01 18:00:00', 'Calle de las flores nmero 3 puerta C', 'Libre');
INSERT INTO localidades VALUES (25,'grada 2', 'espectaculo 3', 'pelicula', '1999-01-14', 'productora 3', '2022-09-01 18:00:00', 'Calle de las flores nmero 3 puerta C', 'Libre');
INSERT INTO localidades VALUES (26,'grada 2', 'espectaculo 3', 'pelicula', '1999-01-14', 'productora 3', '2022-09-01 18:00:00', 'Calle de las flores nmero 3 puerta C', 'Libre');
INSERT INTO localidades VALUES (27,'grada 2', 'espectaculo 3', 'pelicula', '1999-01-14', 'productora 3', '2022-09-01 18:00:00', 'Calle de las flores nmero 3 puerta C', 'Libre');
INSERT INTO localidades VALUES (28,'grada 2', 'espectaculo 3', 'pelicula', '1999-01-14', 'productora 3', '2022-09-01 18:00:00', 'Calle de las flores nmero 3 puerta C', 'Libre');
INSERT INTO localidades VALUES (29,'grada 2', 'espectaculo 3', 'pelicula', '1999-01-14', 'productora 3', '2022-09-01 18:00:00', 'Calle de las flores nmero 3 puerta C', 'Libre');
INSERT INTO localidades VALUES (30,'grada 2', 'espectaculo 3', 'pelicula', '1999-01-14', 'productora 3', '2022-09-01 18:00:00', 'Calle de las flores nmero 3 puerta C', 'Libre');
INSERT INTO localidades VALUES (31,'grada 2', 'espectaculo 3', 'pelicula', '1999-01-14', 'productora 3', '2022-09-01 18:00:00', 'Calle de las flores nmero 3 puerta C', 'Libre');
INSERT INTO localidades VALUES (32,'grada 2', 'espectaculo 3', 'pelicula', '1999-01-14', 'productora 3', '2022-09-01 18:00:00', 'Calle de las flores nmero 3 puerta C', 'Libre');
INSERT INTO gradas VALUES ('grada 1', 'espectaculo 3', 'pelicula', '1999-01-14', 'productora 3', '2020-09-01 03:00:00', 'Calle de las flores nmero 3 puerta C');
INSERT INTO localidades VALUES (0,'grada 1', 'espectaculo 3', 'pelicula', '1999-01-14', 'productora 3', '2020-09-01 03:00:00', 'Calle de las flores nmero 3 puerta C', 'Libre');
INSERT INTO localidades VALUES (1,'grada 1', 'espectaculo 3', 'pelicula', '1999-01-14', 'productora 3', '2020-09-01 03:00:00', 'Calle de las flores nmero 3 puerta C', 'Libre');
INSERT INTO localidades VALUES (2,'grada 1', 'espectaculo 3', 'pelicula', '1999-01-14', 'productora 3', '2020-09-01 03:00:00', 'Calle de las flores nmero 3 puerta C', 'Libre');
INSERT INTO localidades VALUES (3,'grada 1', 'espectaculo 3', 'pelicula', '1999-01-14', 'productora 3', '2020-09-01 03:00:00', 'Calle de las flores nmero 3 puerta C', 'Libre');
INSERT INTO localidades VALUES (4,'grada 1', 'espectaculo 3', 'pelicula', '1999-01-14', 'productora 3', '2020-09-01 03:00:00', 'Calle de las flores nmero 3 puerta C', 'Libre');
INSERT INTO localidades VALUES (5,'grada 1', 'espectaculo 3', 'pelicula', '1999-01-14', 'productora 3', '2020-09-01 03:00:00', 'Calle de las flores nmero 3 puerta C', 'Libre');
INSERT INTO localidades VALUES (6,'grada 1', 'espectaculo 3', 'pelicula', '1999-01-14', 'productora 3', '2020-09-01 03:00:00', 'Calle de las flores nmero 3 puerta C', 'Libre');
INSERT INTO localidades VALUES (7,'grada 1', 'espectaculo 3', 'pelicula', '1999-01-14', 'productora 3', '2020-09-01 03:00:00', 'Calle de las flores nmero 3 puerta C', 'Libre');
INSERT INTO localidades VALUES (8,'grada 1', 'espectaculo 3', 'pelicula', '1999-01-14', 'productora 3', '2020-09-01 03:00:00', 'Calle de las flores nmero 3 puerta C', 'Libre');
INSERT INTO localidades VALUES (9,'grada 1', 'espectaculo 3', 'pelicula', '1999-01-14', 'productora 3', '2020-09-01 03:00:00', 'Calle de las flores nmero 3 puerta C', 'Libre');
INSERT INTO localidades VALUES (10,'grada 1', 'espectaculo 3', 'pelicula', '1999-01-14', 'productora 3', '2020-09-01 03:00:00', 'Calle de las flores nmero 3 puerta C', 'Libre');
INSERT INTO localidades VALUES (11,'grada 1', 'espectaculo 3', 'pelicula', '1999-01-14', 'productora 3', '2020-09-01 03:00:00', 'Calle de las flores nmero 3 puerta C', 'Libre');
INSERT INTO localidades VALUES (12,'grada 1', 'espectaculo 3', 'pelicula', '1999-01-14', 'productora 3', '2020-09-01 03:00:00', 'Calle de las flores nmero 3 puerta C', 'Libre');
INSERT INTO localidades VALUES (13,'grada 1', 'espectaculo 3', 'pelicula', '1999-01-14', 'productora 3', '2020-09-01 03:00:00', 'Calle de las flores nmero 3 puerta C', 'Libre');
INSERT INTO localidades VALUES (14,'grada 1', 'espectaculo 3', 'pelicula', '1999-01-14', 'productora 3', '2020-09-01 03:00:00', 'Calle de las flores nmero 3 puerta C', 'Libre');
INSERT INTO localidades VALUES (15,'grada 1', 'espectaculo 3', 'pelicula', '1999-01-14', 'productora 3', '2020-09-01 03:00:00', 'Calle de las flores nmero 3 puerta C', 'Libre');
INSERT INTO localidades VALUES (16,'grada 1', 'espectaculo 3', 'pelicula', '1999-01-14', 'productora 3', '2020-09-01 03:00:00', 'Calle de las flores nmero 3 puerta C', 'Libre');
INSERT INTO localidades VALUES (17,'grada 1', 'espectaculo 3', 'pelicula', '1999-01-14', 'productora 3', '2020-09-01 03:00:00', 'Calle de las flores nmero 3 puerta C', 'Libre');
INSERT INTO localidades VALUES (18,'grada 1', 'espectaculo 3', 'pelicula', '1999-01-14', 'productora 3', '2020-09-01 03:00:00', 'Calle de las flores nmero 3 puerta C', 'Libre');
INSERT INTO localidades VALUES (19,'grada 1', 'espectaculo 3', 'pelicula', '1999-01-14', 'productora 3', '2020-09-01 03:00:00', 'Calle de las flores nmero 3 puerta C', 'Libre');
INSERT INTO localidades VALUES (20,'grada 1', 'espectaculo 3', 'pelicula', '1999-01-14', 'productora 3', '2020-09-01 03:00:00', 'Calle de las flores nmero 3 puerta C', 'Libre');
INSERT INTO localidades VALUES (21,'grada 1', 'espectaculo 3', 'pelicula', '1999-01-14', 'productora 3', '2020-09-01 03:00:00', 'Calle de las flores nmero 3 puerta C', 'Libre');
INSERT INTO localidades VALUES (22,'grada 1', 'espectaculo 3', 'pelicula', '1999-01-14', 'productora 3', '2020-09-01 03:00:00', 'Calle de las flores nmero 3 puerta C', 'Libre');
INSERT INTO localidades VALUES (23,'grada 1', 'espectaculo 3', 'pelicula', '1999-01-14', 'productora 3', '2020-09-01 03:00:00', 'Calle de las flores nmero 3 puerta C', 'Libre');
INSERT INTO localidades VALUES (24,'grada 1', 'espectaculo 3', 'pelicula', '1999-01-14', 'productora 3', '2020-09-01 03:00:00', 'Calle de las flores nmero 3 puerta C', 'Libre');
INSERT INTO localidades VALUES (25,'grada 1', 'espectaculo 3', 'pelicula', '1999-01-14', 'productora 3', '2020-09-01 03:00:00', 'Calle de las flores nmero 3 puerta C', 'Libre');
INSERT INTO localidades VALUES (26,'grada 1', 'espectaculo 3', 'pelicula', '1999-01-14', 'productora 3', '2020-09-01 03:00:00', 'Calle de las flores nmero 3 puerta C', 'Libre');
INSERT INTO localidades VALUES (27,'grada 1', 'espectaculo 3', 'pelicula', '1999-01-14', 'productora 3', '2020-09-01 03:00:00', 'Calle de las flores nmero 3 puerta C', 'Libre');
INSERT INTO localidades VALUES (28,'grada 1', 'espectaculo 3', 'pelicula', '1999-01-14', 'productora 3', '2020-09-01 03:00:00', 'Calle de las flores nmero 3 puerta C', 'Libre');
INSERT INTO localidades VALUES (29,'grada 1', 'espectaculo 3', 'pelicula', '1999-01-14', 'productora 3', '2020-09-01 03:00:00', 'Calle de las flores nmero 3 puerta C', 'Libre');
INSERT INTO localidades VALUES (30,'grada 1', 'espectaculo 3', 'pelicula', '1999-01-14', 'productora 3', '2020-09-01 03:00:00', 'Calle de las flores nmero 3 puerta C', 'Libre');
INSERT INTO localidades VALUES (31,'grada 1', 'espectaculo 3', 'pelicula', '1999-01-14', 'productora 3', '2020-09-01 03:00:00', 'Calle de las flores nmero 3 puerta C', 'Libre');
INSERT INTO localidades VALUES (32,'grada 1', 'espectaculo 3', 'pelicula', '1999-01-14', 'productora 3', '2020-09-01 03:00:00', 'Calle de las flores nmero 3 puerta C', 'Libre');
INSERT INTO gradas VALUES ('grada 2', 'espectaculo 3', 'pelicula', '1999-01-14', 'productora 3', '2020-09-01 03:00:00', 'Calle de las flores nmero 3 puerta C');
INSERT INTO localidades VALUES (0,'grada 2', 'espectaculo 3', 'pelicula', '1999-01-14', 'productora 3', '2020-09-01 03:00:00', 'Calle de las flores nmero 3 puerta C', 'Libre');
INSERT INTO localidades VALUES (1,'grada 2', 'espectaculo 3', 'pelicula', '1999-01-14', 'productora 3', '2020-09-01 03:00:00', 'Calle de las flores nmero 3 puerta C', 'Libre');
INSERT INTO localidades VALUES (2,'grada 2', 'espectaculo 3', 'pelicula', '1999-01-14', 'productora 3', '2020-09-01 03:00:00', 'Calle de las flores nmero 3 puerta C', 'Libre');
INSERT INTO localidades VALUES (3,'grada 2', 'espectaculo 3', 'pelicula', '1999-01-14', 'productora 3', '2020-09-01 03:00:00', 'Calle de las flores nmero 3 puerta C', 'Libre');
INSERT INTO localidades VALUES (4,'grada 2', 'espectaculo 3', 'pelicula', '1999-01-14', 'productora 3', '2020-09-01 03:00:00', 'Calle de las flores nmero 3 puerta C', 'Libre');
INSERT INTO localidades VALUES (5,'grada 2', 'espectaculo 3', 'pelicula', '1999-01-14', 'productora 3', '2020-09-01 03:00:00', 'Calle de las flores nmero 3 puerta C', 'Libre');
INSERT INTO localidades VALUES (6,'grada 2', 'espectaculo 3', 'pelicula', '1999-01-14', 'productora 3', '2020-09-01 03:00:00', 'Calle de las flores nmero 3 puerta C', 'Libre');
INSERT INTO localidades VALUES (7,'grada 2', 'espectaculo 3', 'pelicula', '1999-01-14', 'productora 3', '2020-09-01 03:00:00', 'Calle de las flores nmero 3 puerta C', 'Libre');
INSERT INTO localidades VALUES (8,'grada 2', 'espectaculo 3', 'pelicula', '1999-01-14', 'productora 3', '2020-09-01 03:00:00', 'Calle de las flores nmero 3 puerta C', 'Libre');
INSERT INTO localidades VALUES (9,'grada 2', 'espectaculo 3', 'pelicula', '1999-01-14', 'productora 3', '2020-09-01 03:00:00', 'Calle de las flores nmero 3 puerta C', 'Libre');
INSERT INTO localidades VALUES (10,'grada 2', 'espectaculo 3', 'pelicula', '1999-01-14', 'productora 3', '2020-09-01 03:00:00', 'Calle de las flores nmero 3 puerta C', 'Libre');
INSERT INTO localidades VALUES (11,'grada 2', 'espectaculo 3', 'pelicula', '1999-01-14', 'productora 3', '2020-09-01 03:00:00', 'Calle de las flores nmero 3 puerta C', 'Libre');
INSERT INTO localidades VALUES (12,'grada 2', 'espectaculo 3', 'pelicula', '1999-01-14', 'productora 3', '2020-09-01 03:00:00', 'Calle de las flores nmero 3 puerta C', 'Libre');
INSERT INTO localidades VALUES (13,'grada 2', 'espectaculo 3', 'pelicula', '1999-01-14', 'productora 3', '2020-09-01 03:00:00', 'Calle de las flores nmero 3 puerta C', 'Libre');
INSERT INTO localidades VALUES (14,'grada 2', 'espectaculo 3', 'pelicula', '1999-01-14', 'productora 3', '2020-09-01 03:00:00', 'Calle de las flores nmero 3 puerta C', 'Libre');
INSERT INTO localidades VALUES (15,'grada 2', 'espectaculo 3', 'pelicula', '1999-01-14', 'productora 3', '2020-09-01 03:00:00', 'Calle de las flores nmero 3 puerta C', 'Libre');
INSERT INTO localidades VALUES (16,'grada 2', 'espectaculo 3', 'pelicula', '1999-01-14', 'productora 3', '2020-09-01 03:00:00', 'Calle de las flores nmero 3 puerta C', 'Libre');
INSERT INTO localidades VALUES (17,'grada 2', 'espectaculo 3', 'pelicula', '1999-01-14', 'productora 3', '2020-09-01 03:00:00', 'Calle de las flores nmero 3 puerta C', 'Libre');
INSERT INTO localidades VALUES (18,'grada 2', 'espectaculo 3', 'pelicula', '1999-01-14', 'productora 3', '2020-09-01 03:00:00', 'Calle de las flores nmero 3 puerta C', 'Libre');
INSERT INTO localidades VALUES (19,'grada 2', 'espectaculo 3', 'pelicula', '1999-01-14', 'productora 3', '2020-09-01 03:00:00', 'Calle de las flores nmero 3 puerta C', 'Libre');
INSERT INTO localidades VALUES (20,'grada 2', 'espectaculo 3', 'pelicula', '1999-01-14', 'productora 3', '2020-09-01 03:00:00', 'Calle de las flores nmero 3 puerta C', 'Libre');
INSERT INTO localidades VALUES (21,'grada 2', 'espectaculo 3', 'pelicula', '1999-01-14', 'productora 3', '2020-09-01 03:00:00', 'Calle de las flores nmero 3 puerta C', 'Libre');
INSERT INTO localidades VALUES (22,'grada 2', 'espectaculo 3', 'pelicula', '1999-01-14', 'productora 3', '2020-09-01 03:00:00', 'Calle de las flores nmero 3 puerta C', 'Libre');
INSERT INTO localidades VALUES (23,'grada 2', 'espectaculo 3', 'pelicula', '1999-01-14', 'productora 3', '2020-09-01 03:00:00', 'Calle de las flores nmero 3 puerta C', 'Libre');
INSERT INTO localidades VALUES (24,'grada 2', 'espectaculo 3', 'pelicula', '1999-01-14', 'productora 3', '2020-09-01 03:00:00', 'Calle de las flores nmero 3 puerta C', 'Libre');
INSERT INTO localidades VALUES (25,'grada 2', 'espectaculo 3', 'pelicula', '1999-01-14', 'productora 3', '2020-09-01 03:00:00', 'Calle de las flores nmero 3 puerta C', 'Libre');
INSERT INTO localidades VALUES (26,'grada 2', 'espectaculo 3', 'pelicula', '1999-01-14', 'productora 3', '2020-09-01 03:00:00', 'Calle de las flores nmero 3 puerta C', 'Libre');
INSERT INTO localidades VALUES (27,'grada 2', 'espectaculo 3', 'pelicula', '1999-01-14', 'productora 3', '2020-09-01 03:00:00', 'Calle de las flores nmero 3 puerta C', 'Libre');
INSERT INTO localidades VALUES (28,'grada 2', 'espectaculo 3', 'pelicula', '1999-01-14', 'productora 3', '2020-09-01 03:00:00', 'Calle de las flores nmero 3 puerta C', 'Libre');
INSERT INTO localidades VALUES (29,'grada 2', 'espectaculo 3', 'pelicula', '1999-01-14', 'productora 3', '2020-09-01 03:00:00', 'Calle de las flores nmero 3 puerta C', 'Libre');
INSERT INTO localidades VALUES (30,'grada 2', 'espectaculo 3', 'pelicula', '1999-01-14', 'productora 3', '2020-09-01 03:00:00', 'Calle de las flores nmero 3 puerta C', 'Libre');
INSERT INTO localidades VALUES (31,'grada 2', 'espectaculo 3', 'pelicula', '1999-01-14', 'productora 3', '2020-09-01 03:00:00', 'Calle de las flores nmero 3 puerta C', 'Libre');
INSERT INTO localidades VALUES (32,'grada 2', 'espectaculo 3', 'pelicula', '1999-01-14', 'productora 3', '2020-09-01 03:00:00', 'Calle de las flores nmero 3 puerta C', 'Libre');
INSERT INTO tarifas VALUES ('bebe', '0', '5', 'grada 1', 'espectaculo 3', 'pelicula', '1999-01-14', 'productora 3', '2022-09-01 18:00:00', 'Calle de las flores nmero 3 puerta C');
INSERT INTO tarifas VALUES ('infantil', '5', '5', 'grada 1', 'espectaculo 3', 'pelicula', '1999-01-14', 'productora 3', '2022-09-01 18:00:00', 'Calle de las flores nmero 3 puerta C');
INSERT INTO tarifas VALUES ('juvenil', '8', '5', 'grada 1', 'espectaculo 3', 'pelicula', '1999-01-14', 'productora 3', '2022-09-01 18:00:00', 'Calle de las flores nmero 3 puerta C');
INSERT INTO tarifas VALUES ('adulto', '10', '5', 'grada 1', 'espectaculo 3', 'pelicula', '1999-01-14', 'productora 3', '2022-09-01 18:00:00', 'Calle de las flores nmero 3 puerta C');
INSERT INTO tarifas VALUES ('jubilado', '5', '5', 'grada 1', 'espectaculo 3', 'pelicula', '1999-01-14', 'productora 3', '2022-09-01 18:00:00', 'Calle de las flores nmero 3 puerta C');
INSERT INTO tarifas VALUES ('bebe', '0', '5', 'grada 2', 'espectaculo 3', 'pelicula', '1999-01-14', 'productora 3', '2022-09-01 18:00:00', 'Calle de las flores nmero 3 puerta C');
INSERT INTO tarifas VALUES ('infantil', '5', '5', 'grada 2', 'espectaculo 3', 'pelicula', '1999-01-14', 'productora 3', '2022-09-01 18:00:00', 'Calle de las flores nmero 3 puerta C');
INSERT INTO tarifas VALUES ('juvenil', '8', '5', 'grada 2', 'espectaculo 3', 'pelicula', '1999-01-14', 'productora 3', '2022-09-01 18:00:00', 'Calle de las flores nmero 3 puerta C');
INSERT INTO tarifas VALUES ('adulto', '10', '5', 'grada 2', 'espectaculo 3', 'pelicula', '1999-01-14', 'productora 3', '2022-09-01 18:00:00', 'Calle de las flores nmero 3 puerta C');
INSERT INTO tarifas VALUES ('jubilado', '5', '5', 'grada 2', 'espectaculo 3', 'pelicula', '1999-01-14', 'productora 3', '2022-09-01 18:00:00', 'Calle de las flores nmero 3 puerta C');
INSERT INTO tarifas VALUES ('bebe', '0', '5', 'grada 1', 'espectaculo 3', 'pelicula', '1999-01-14', 'productora 3', '2020-09-01 03:00:00', 'Calle de las flores nmero 3 puerta C');
INSERT INTO tarifas VALUES ('infantil', '5', '5', 'grada 1', 'espectaculo 3', 'pelicula', '1999-01-14', 'productora 3', '2020-09-01 03:00:00', 'Calle de las flores nmero 3 puerta C');
INSERT INTO tarifas VALUES ('juvenil', '8', '5', 'grada 1', 'espectaculo 3', 'pelicula', '1999-01-14', 'productora 3', '2020-09-01 03:00:00', 'Calle de las flores nmero 3 puerta C');
INSERT INTO tarifas VALUES ('adulto', '10', '5', 'grada 1', 'espectaculo 3', 'pelicula', '1999-01-14', 'productora 3', '2020-09-01 03:00:00', 'Calle de las flores nmero 3 puerta C');
INSERT INTO tarifas VALUES ('jubilado', '5', '5', 'grada 1', 'espectaculo 3', 'pelicula', '1999-01-14', 'productora 3', '2020-09-01 03:00:00', 'Calle de las flores nmero 3 puerta C');
INSERT INTO tarifas VALUES ('bebe', '0', '5', 'grada 2', 'espectaculo 3', 'pelicula', '1999-01-14', 'productora 3', '2020-09-01 03:00:00', 'Calle de las flores nmero 3 puerta C');
INSERT INTO tarifas VALUES ('infantil', '5', '5', 'grada 2', 'espectaculo 3', 'pelicula', '1999-01-14', 'productora 3', '2020-09-01 03:00:00', 'Calle de las flores nmero 3 puerta C');
INSERT INTO tarifas VALUES ('juvenil', '8', '5', 'grada 2', 'espectaculo 3', 'pelicula', '1999-01-14', 'productora 3', '2020-09-01 03:00:00', 'Calle de las flores nmero 3 puerta C');
INSERT INTO tarifas VALUES ('adulto', '10', '5', 'grada 2', 'espectaculo 3', 'pelicula', '1999-01-14', 'productora 3', '2020-09-01 03:00:00', 'Calle de las flores nmero 3 puerta C');
INSERT INTO tarifas VALUES ('jubilado', '5', '5', 'grada 2', 'espectaculo 3', 'pelicula', '1999-01-14', 'productora 3', '2020-09-01 03:00:00', 'Calle de las flores nmero 3 puerta C');
INSERT IGNORE INTO horarios VALUES ('2022-09-01 18:00:00');
INSERT IGNORE INTO horarios VALUES ('2020-09-01 03:00:00');
INSERT IGNORE INTO recintos VALUES ('Calle de las flores nmero 4 puerta C', 'Recinto 4');
INSERT IGNORE INTO horariosRecintos VALUES ('2022-09-01 18:00:00', 'Calle de las flores nmero 4 puerta C');
INSERT IGNORE INTO horariosRecintos VALUES ('2020-09-01 03:00:00', 'Calle de las flores nmero 4 puerta C');
INSERT INTO espectaculos VALUES ('espectaculo 4', 'pelicula', '1987-07-07', 'productora 4', 'lista participantes 4', '7', '001000', '002900', '002200');
INSERT INTO eventos VALUES ('espectaculo 4', 'pelicula', '1987-07-07', 'productora 4', '2022-09-01 18:00:00', 'Calle de las flores nmero 4 puerta C', 'Abierto');
INSERT INTO eventos VALUES ('espectaculo 4', 'pelicula', '1987-07-07', 'productora 4', '2020-09-01 03:00:00', 'Calle de las flores nmero 4 puerta C', 'Abierto');
INSERT INTO gradas VALUES ('grada 1', 'espectaculo 4', 'pelicula', '1987-07-07', 'productora 4', '2022-09-01 18:00:00', 'Calle de las flores nmero 4 puerta C');
INSERT INTO localidades VALUES (0,'grada 1', 'espectaculo 4', 'pelicula', '1987-07-07', 'productora 4', '2022-09-01 18:00:00', 'Calle de las flores nmero 4 puerta C', 'Libre');
INSERT INTO localidades VALUES (1,'grada 1', 'espectaculo 4', 'pelicula', '1987-07-07', 'productora 4', '2022-09-01 18:00:00', 'Calle de las flores nmero 4 puerta C', 'Libre');
INSERT INTO localidades VALUES (2,'grada 1', 'espectaculo 4', 'pelicula', '1987-07-07', 'productora 4', '2022-09-01 18:00:00', 'Calle de las flores nmero 4 puerta C', 'Libre');
INSERT INTO localidades VALUES (3,'grada 1', 'espectaculo 4', 'pelicula', '1987-07-07', 'productora 4', '2022-09-01 18:00:00', 'Calle de las flores nmero 4 puerta C', 'Libre');
INSERT INTO localidades VALUES (4,'grada 1', 'espectaculo 4', 'pelicula', '1987-07-07', 'productora 4', '2022-09-01 18:00:00', 'Calle de las flores nmero 4 puerta C', 'Libre');
INSERT INTO localidades VALUES (5,'grada 1', 'espectaculo 4', 'pelicula', '1987-07-07', 'productora 4', '2022-09-01 18:00:00', 'Calle de las flores nmero 4 puerta C', 'Libre');
INSERT INTO localidades VALUES (6,'grada 1', 'espectaculo 4', 'pelicula', '1987-07-07', 'productora 4', '2022-09-01 18:00:00', 'Calle de las flores nmero 4 puerta C', 'Libre');
INSERT INTO localidades VALUES (7,'grada 1', 'espectaculo 4', 'pelicula', '1987-07-07', 'productora 4', '2022-09-01 18:00:00', 'Calle de las flores nmero 4 puerta C', 'Libre');
INSERT INTO localidades VALUES (8,'grada 1', 'espectaculo 4', 'pelicula', '1987-07-07', 'productora 4', '2022-09-01 18:00:00', 'Calle de las flores nmero 4 puerta C', 'Libre');
INSERT INTO localidades VALUES (9,'grada 1', 'espectaculo 4', 'pelicula', '1987-07-07', 'productora 4', '2022-09-01 18:00:00', 'Calle de las flores nmero 4 puerta C', 'Libre');
INSERT INTO localidades VALUES (10,'grada 1', 'espectaculo 4', 'pelicula', '1987-07-07', 'productora 4', '2022-09-01 18:00:00', 'Calle de las flores nmero 4 puerta C', 'Libre');
INSERT INTO localidades VALUES (11,'grada 1', 'espectaculo 4', 'pelicula', '1987-07-07', 'productora 4', '2022-09-01 18:00:00', 'Calle de las flores nmero 4 puerta C', 'Libre');
INSERT INTO localidades VALUES (12,'grada 1', 'espectaculo 4', 'pelicula', '1987-07-07', 'productora 4', '2022-09-01 18:00:00', 'Calle de las flores nmero 4 puerta C', 'Libre');
INSERT INTO localidades VALUES (13,'grada 1', 'espectaculo 4', 'pelicula', '1987-07-07', 'productora 4', '2022-09-01 18:00:00', 'Calle de las flores nmero 4 puerta C', 'Libre');
INSERT INTO localidades VALUES (14,'grada 1', 'espectaculo 4', 'pelicula', '1987-07-07', 'productora 4', '2022-09-01 18:00:00', 'Calle de las flores nmero 4 puerta C', 'Libre');
INSERT INTO localidades VALUES (15,'grada 1', 'espectaculo 4', 'pelicula', '1987-07-07', 'productora 4', '2022-09-01 18:00:00', 'Calle de las flores nmero 4 puerta C', 'Libre');
INSERT INTO localidades VALUES (16,'grada 1', 'espectaculo 4', 'pelicula', '1987-07-07', 'productora 4', '2022-09-01 18:00:00', 'Calle de las flores nmero 4 puerta C', 'Libre');
INSERT INTO localidades VALUES (17,'grada 1', 'espectaculo 4', 'pelicula', '1987-07-07', 'productora 4', '2022-09-01 18:00:00', 'Calle de las flores nmero 4 puerta C', 'Libre');
INSERT INTO localidades VALUES (18,'grada 1', 'espectaculo 4', 'pelicula', '1987-07-07', 'productora 4', '2022-09-01 18:00:00', 'Calle de las flores nmero 4 puerta C', 'Libre');
INSERT INTO localidades VALUES (19,'grada 1', 'espectaculo 4', 'pelicula', '1987-07-07', 'productora 4', '2022-09-01 18:00:00', 'Calle de las flores nmero 4 puerta C', 'Libre');
INSERT INTO localidades VALUES (20,'grada 1', 'espectaculo 4', 'pelicula', '1987-07-07', 'productora 4', '2022-09-01 18:00:00', 'Calle de las flores nmero 4 puerta C', 'Libre');
INSERT INTO localidades VALUES (21,'grada 1', 'espectaculo 4', 'pelicula', '1987-07-07', 'productora 4', '2022-09-01 18:00:00', 'Calle de las flores nmero 4 puerta C', 'Libre');
INSERT INTO localidades VALUES (22,'grada 1', 'espectaculo 4', 'pelicula', '1987-07-07', 'productora 4', '2022-09-01 18:00:00', 'Calle de las flores nmero 4 puerta C', 'Libre');
INSERT INTO localidades VALUES (23,'grada 1', 'espectaculo 4', 'pelicula', '1987-07-07', 'productora 4', '2022-09-01 18:00:00', 'Calle de las flores nmero 4 puerta C', 'Libre');
INSERT INTO localidades VALUES (24,'grada 1', 'espectaculo 4', 'pelicula', '1987-07-07', 'productora 4', '2022-09-01 18:00:00', 'Calle de las flores nmero 4 puerta C', 'Libre');
INSERT INTO localidades VALUES (25,'grada 1', 'espectaculo 4', 'pelicula', '1987-07-07', 'productora 4', '2022-09-01 18:00:00', 'Calle de las flores nmero 4 puerta C', 'Libre');
INSERT INTO localidades VALUES (26,'grada 1', 'espectaculo 4', 'pelicula', '1987-07-07', 'productora 4', '2022-09-01 18:00:00', 'Calle de las flores nmero 4 puerta C', 'Libre');
INSERT INTO localidades VALUES (27,'grada 1', 'espectaculo 4', 'pelicula', '1987-07-07', 'productora 4', '2022-09-01 18:00:00', 'Calle de las flores nmero 4 puerta C', 'Libre');
INSERT INTO localidades VALUES (28,'grada 1', 'espectaculo 4', 'pelicula', '1987-07-07', 'productora 4', '2022-09-01 18:00:00', 'Calle de las flores nmero 4 puerta C', 'Libre');
INSERT INTO localidades VALUES (29,'grada 1', 'espectaculo 4', 'pelicula', '1987-07-07', 'productora 4', '2022-09-01 18:00:00', 'Calle de las flores nmero 4 puerta C', 'Libre');
INSERT INTO localidades VALUES (30,'grada 1', 'espectaculo 4', 'pelicula', '1987-07-07', 'productora 4', '2022-09-01 18:00:00', 'Calle de las flores nmero 4 puerta C', 'Libre');
INSERT INTO gradas VALUES ('grada 2', 'espectaculo 4', 'pelicula', '1987-07-07', 'productora 4', '2022-09-01 18:00:00', 'Calle de las flores nmero 4 puerta C');
INSERT INTO localidades VALUES (0,'grada 2', 'espectaculo 4', 'pelicula', '1987-07-07', 'productora 4', '2022-09-01 18:00:00', 'Calle de las flores nmero 4 puerta C', 'Libre');
INSERT INTO localidades VALUES (1,'grada 2', 'espectaculo 4', 'pelicula', '1987-07-07', 'productora 4', '2022-09-01 18:00:00', 'Calle de las flores nmero 4 puerta C', 'Libre');
INSERT INTO localidades VALUES (2,'grada 2', 'espectaculo 4', 'pelicula', '1987-07-07', 'productora 4', '2022-09-01 18:00:00', 'Calle de las flores nmero 4 puerta C', 'Libre');
INSERT INTO localidades VALUES (3,'grada 2', 'espectaculo 4', 'pelicula', '1987-07-07', 'productora 4', '2022-09-01 18:00:00', 'Calle de las flores nmero 4 puerta C', 'Libre');
INSERT INTO localidades VALUES (4,'grada 2', 'espectaculo 4', 'pelicula', '1987-07-07', 'productora 4', '2022-09-01 18:00:00', 'Calle de las flores nmero 4 puerta C', 'Libre');
INSERT INTO localidades VALUES (5,'grada 2', 'espectaculo 4', 'pelicula', '1987-07-07', 'productora 4', '2022-09-01 18:00:00', 'Calle de las flores nmero 4 puerta C', 'Libre');
INSERT INTO localidades VALUES (6,'grada 2', 'espectaculo 4', 'pelicula', '1987-07-07', 'productora 4', '2022-09-01 18:00:00', 'Calle de las flores nmero 4 puerta C', 'Libre');
INSERT INTO localidades VALUES (7,'grada 2', 'espectaculo 4', 'pelicula', '1987-07-07', 'productora 4', '2022-09-01 18:00:00', 'Calle de las flores nmero 4 puerta C', 'Libre');
INSERT INTO localidades VALUES (8,'grada 2', 'espectaculo 4', 'pelicula', '1987-07-07', 'productora 4', '2022-09-01 18:00:00', 'Calle de las flores nmero 4 puerta C', 'Libre');
INSERT INTO localidades VALUES (9,'grada 2', 'espectaculo 4', 'pelicula', '1987-07-07', 'productora 4', '2022-09-01 18:00:00', 'Calle de las flores nmero 4 puerta C', 'Libre');
INSERT INTO localidades VALUES (10,'grada 2', 'espectaculo 4', 'pelicula', '1987-07-07', 'productora 4', '2022-09-01 18:00:00', 'Calle de las flores nmero 4 puerta C', 'Libre');
INSERT INTO localidades VALUES (11,'grada 2', 'espectaculo 4', 'pelicula', '1987-07-07', 'productora 4', '2022-09-01 18:00:00', 'Calle de las flores nmero 4 puerta C', 'Libre');
INSERT INTO localidades VALUES (12,'grada 2', 'espectaculo 4', 'pelicula', '1987-07-07', 'productora 4', '2022-09-01 18:00:00', 'Calle de las flores nmero 4 puerta C', 'Libre');
INSERT INTO localidades VALUES (13,'grada 2', 'espectaculo 4', 'pelicula', '1987-07-07', 'productora 4', '2022-09-01 18:00:00', 'Calle de las flores nmero 4 puerta C', 'Libre');
INSERT INTO localidades VALUES (14,'grada 2', 'espectaculo 4', 'pelicula', '1987-07-07', 'productora 4', '2022-09-01 18:00:00', 'Calle de las flores nmero 4 puerta C', 'Libre');
INSERT INTO localidades VALUES (15,'grada 2', 'espectaculo 4', 'pelicula', '1987-07-07', 'productora 4', '2022-09-01 18:00:00', 'Calle de las flores nmero 4 puerta C', 'Libre');
INSERT INTO localidades VALUES (16,'grada 2', 'espectaculo 4', 'pelicula', '1987-07-07', 'productora 4', '2022-09-01 18:00:00', 'Calle de las flores nmero 4 puerta C', 'Libre');
INSERT INTO localidades VALUES (17,'grada 2', 'espectaculo 4', 'pelicula', '1987-07-07', 'productora 4', '2022-09-01 18:00:00', 'Calle de las flores nmero 4 puerta C', 'Libre');
INSERT INTO localidades VALUES (18,'grada 2', 'espectaculo 4', 'pelicula', '1987-07-07', 'productora 4', '2022-09-01 18:00:00', 'Calle de las flores nmero 4 puerta C', 'Libre');
INSERT INTO localidades VALUES (19,'grada 2', 'espectaculo 4', 'pelicula', '1987-07-07', 'productora 4', '2022-09-01 18:00:00', 'Calle de las flores nmero 4 puerta C', 'Libre');
INSERT INTO localidades VALUES (20,'grada 2', 'espectaculo 4', 'pelicula', '1987-07-07', 'productora 4', '2022-09-01 18:00:00', 'Calle de las flores nmero 4 puerta C', 'Libre');
INSERT INTO localidades VALUES (21,'grada 2', 'espectaculo 4', 'pelicula', '1987-07-07', 'productora 4', '2022-09-01 18:00:00', 'Calle de las flores nmero 4 puerta C', 'Libre');
INSERT INTO localidades VALUES (22,'grada 2', 'espectaculo 4', 'pelicula', '1987-07-07', 'productora 4', '2022-09-01 18:00:00', 'Calle de las flores nmero 4 puerta C', 'Libre');
INSERT INTO localidades VALUES (23,'grada 2', 'espectaculo 4', 'pelicula', '1987-07-07', 'productora 4', '2022-09-01 18:00:00', 'Calle de las flores nmero 4 puerta C', 'Libre');
INSERT INTO localidades VALUES (24,'grada 2', 'espectaculo 4', 'pelicula', '1987-07-07', 'productora 4', '2022-09-01 18:00:00', 'Calle de las flores nmero 4 puerta C', 'Libre');
INSERT INTO localidades VALUES (25,'grada 2', 'espectaculo 4', 'pelicula', '1987-07-07', 'productora 4', '2022-09-01 18:00:00', 'Calle de las flores nmero 4 puerta C', 'Libre');
INSERT INTO localidades VALUES (26,'grada 2', 'espectaculo 4', 'pelicula', '1987-07-07', 'productora 4', '2022-09-01 18:00:00', 'Calle de las flores nmero 4 puerta C', 'Libre');
INSERT INTO localidades VALUES (27,'grada 2', 'espectaculo 4', 'pelicula', '1987-07-07', 'productora 4', '2022-09-01 18:00:00', 'Calle de las flores nmero 4 puerta C', 'Libre');
INSERT INTO localidades VALUES (28,'grada 2', 'espectaculo 4', 'pelicula', '1987-07-07', 'productora 4', '2022-09-01 18:00:00', 'Calle de las flores nmero 4 puerta C', 'Libre');
INSERT INTO localidades VALUES (29,'grada 2', 'espectaculo 4', 'pelicula', '1987-07-07', 'productora 4', '2022-09-01 18:00:00', 'Calle de las flores nmero 4 puerta C', 'Libre');
INSERT INTO localidades VALUES (30,'grada 2', 'espectaculo 4', 'pelicula', '1987-07-07', 'productora 4', '2022-09-01 18:00:00', 'Calle de las flores nmero 4 puerta C', 'Libre');
INSERT INTO gradas VALUES ('grada 1', 'espectaculo 4', 'pelicula', '1987-07-07', 'productora 4', '2020-09-01 03:00:00', 'Calle de las flores nmero 4 puerta C');
INSERT INTO localidades VALUES (0,'grada 1', 'espectaculo 4', 'pelicula', '1987-07-07', 'productora 4', '2020-09-01 03:00:00', 'Calle de las flores nmero 4 puerta C', 'Libre');
INSERT INTO localidades VALUES (1,'grada 1', 'espectaculo 4', 'pelicula', '1987-07-07', 'productora 4', '2020-09-01 03:00:00', 'Calle de las flores nmero 4 puerta C', 'Libre');
INSERT INTO localidades VALUES (2,'grada 1', 'espectaculo 4', 'pelicula', '1987-07-07', 'productora 4', '2020-09-01 03:00:00', 'Calle de las flores nmero 4 puerta C', 'Libre');
INSERT INTO localidades VALUES (3,'grada 1', 'espectaculo 4', 'pelicula', '1987-07-07', 'productora 4', '2020-09-01 03:00:00', 'Calle de las flores nmero 4 puerta C', 'Libre');
INSERT INTO localidades VALUES (4,'grada 1', 'espectaculo 4', 'pelicula', '1987-07-07', 'productora 4', '2020-09-01 03:00:00', 'Calle de las flores nmero 4 puerta C', 'Libre');
INSERT INTO localidades VALUES (5,'grada 1', 'espectaculo 4', 'pelicula', '1987-07-07', 'productora 4', '2020-09-01 03:00:00', 'Calle de las flores nmero 4 puerta C', 'Libre');
INSERT INTO localidades VALUES (6,'grada 1', 'espectaculo 4', 'pelicula', '1987-07-07', 'productora 4', '2020-09-01 03:00:00', 'Calle de las flores nmero 4 puerta C', 'Libre');
INSERT INTO localidades VALUES (7,'grada 1', 'espectaculo 4', 'pelicula', '1987-07-07', 'productora 4', '2020-09-01 03:00:00', 'Calle de las flores nmero 4 puerta C', 'Libre');
INSERT INTO localidades VALUES (8,'grada 1', 'espectaculo 4', 'pelicula', '1987-07-07', 'productora 4', '2020-09-01 03:00:00', 'Calle de las flores nmero 4 puerta C', 'Libre');
INSERT INTO localidades VALUES (9,'grada 1', 'espectaculo 4', 'pelicula', '1987-07-07', 'productora 4', '2020-09-01 03:00:00', 'Calle de las flores nmero 4 puerta C', 'Libre');
INSERT INTO localidades VALUES (10,'grada 1', 'espectaculo 4', 'pelicula', '1987-07-07', 'productora 4', '2020-09-01 03:00:00', 'Calle de las flores nmero 4 puerta C', 'Libre');
INSERT INTO localidades VALUES (11,'grada 1', 'espectaculo 4', 'pelicula', '1987-07-07', 'productora 4', '2020-09-01 03:00:00', 'Calle de las flores nmero 4 puerta C', 'Libre');
INSERT INTO localidades VALUES (12,'grada 1', 'espectaculo 4', 'pelicula', '1987-07-07', 'productora 4', '2020-09-01 03:00:00', 'Calle de las flores nmero 4 puerta C', 'Libre');
INSERT INTO localidades VALUES (13,'grada 1', 'espectaculo 4', 'pelicula', '1987-07-07', 'productora 4', '2020-09-01 03:00:00', 'Calle de las flores nmero 4 puerta C', 'Libre');
INSERT INTO localidades VALUES (14,'grada 1', 'espectaculo 4', 'pelicula', '1987-07-07', 'productora 4', '2020-09-01 03:00:00', 'Calle de las flores nmero 4 puerta C', 'Libre');
INSERT INTO localidades VALUES (15,'grada 1', 'espectaculo 4', 'pelicula', '1987-07-07', 'productora 4', '2020-09-01 03:00:00', 'Calle de las flores nmero 4 puerta C', 'Libre');
INSERT INTO localidades VALUES (16,'grada 1', 'espectaculo 4', 'pelicula', '1987-07-07', 'productora 4', '2020-09-01 03:00:00', 'Calle de las flores nmero 4 puerta C', 'Libre');
INSERT INTO localidades VALUES (17,'grada 1', 'espectaculo 4', 'pelicula', '1987-07-07', 'productora 4', '2020-09-01 03:00:00', 'Calle de las flores nmero 4 puerta C', 'Libre');
INSERT INTO localidades VALUES (18,'grada 1', 'espectaculo 4', 'pelicula', '1987-07-07', 'productora 4', '2020-09-01 03:00:00', 'Calle de las flores nmero 4 puerta C', 'Libre');
INSERT INTO localidades VALUES (19,'grada 1', 'espectaculo 4', 'pelicula', '1987-07-07', 'productora 4', '2020-09-01 03:00:00', 'Calle de las flores nmero 4 puerta C', 'Libre');
INSERT INTO localidades VALUES (20,'grada 1', 'espectaculo 4', 'pelicula', '1987-07-07', 'productora 4', '2020-09-01 03:00:00', 'Calle de las flores nmero 4 puerta C', 'Libre');
INSERT INTO localidades VALUES (21,'grada 1', 'espectaculo 4', 'pelicula', '1987-07-07', 'productora 4', '2020-09-01 03:00:00', 'Calle de las flores nmero 4 puerta C', 'Libre');
INSERT INTO localidades VALUES (22,'grada 1', 'espectaculo 4', 'pelicula', '1987-07-07', 'productora 4', '2020-09-01 03:00:00', 'Calle de las flores nmero 4 puerta C', 'Libre');
INSERT INTO localidades VALUES (23,'grada 1', 'espectaculo 4', 'pelicula', '1987-07-07', 'productora 4', '2020-09-01 03:00:00', 'Calle de las flores nmero 4 puerta C', 'Libre');
INSERT INTO localidades VALUES (24,'grada 1', 'espectaculo 4', 'pelicula', '1987-07-07', 'productora 4', '2020-09-01 03:00:00', 'Calle de las flores nmero 4 puerta C', 'Libre');
INSERT INTO localidades VALUES (25,'grada 1', 'espectaculo 4', 'pelicula', '1987-07-07', 'productora 4', '2020-09-01 03:00:00', 'Calle de las flores nmero 4 puerta C', 'Libre');
INSERT INTO localidades VALUES (26,'grada 1', 'espectaculo 4', 'pelicula', '1987-07-07', 'productora 4', '2020-09-01 03:00:00', 'Calle de las flores nmero 4 puerta C', 'Libre');
INSERT INTO localidades VALUES (27,'grada 1', 'espectaculo 4', 'pelicula', '1987-07-07', 'productora 4', '2020-09-01 03:00:00', 'Calle de las flores nmero 4 puerta C', 'Libre');
INSERT INTO localidades VALUES (28,'grada 1', 'espectaculo 4', 'pelicula', '1987-07-07', 'productora 4', '2020-09-01 03:00:00', 'Calle de las flores nmero 4 puerta C', 'Libre');
INSERT INTO localidades VALUES (29,'grada 1', 'espectaculo 4', 'pelicula', '1987-07-07', 'productora 4', '2020-09-01 03:00:00', 'Calle de las flores nmero 4 puerta C', 'Libre');
INSERT INTO localidades VALUES (30,'grada 1', 'espectaculo 4', 'pelicula', '1987-07-07', 'productora 4', '2020-09-01 03:00:00', 'Calle de las flores nmero 4 puerta C', 'Libre');
INSERT INTO gradas VALUES ('grada 2', 'espectaculo 4', 'pelicula', '1987-07-07', 'productora 4', '2020-09-01 03:00:00', 'Calle de las flores nmero 4 puerta C');
INSERT INTO localidades VALUES (0,'grada 2', 'espectaculo 4', 'pelicula', '1987-07-07', 'productora 4', '2020-09-01 03:00:00', 'Calle de las flores nmero 4 puerta C', 'Libre');
INSERT INTO localidades VALUES (1,'grada 2', 'espectaculo 4', 'pelicula', '1987-07-07', 'productora 4', '2020-09-01 03:00:00', 'Calle de las flores nmero 4 puerta C', 'Libre');
INSERT INTO localidades VALUES (2,'grada 2', 'espectaculo 4', 'pelicula', '1987-07-07', 'productora 4', '2020-09-01 03:00:00', 'Calle de las flores nmero 4 puerta C', 'Libre');
INSERT INTO localidades VALUES (3,'grada 2', 'espectaculo 4', 'pelicula', '1987-07-07', 'productora 4', '2020-09-01 03:00:00', 'Calle de las flores nmero 4 puerta C', 'Libre');
INSERT INTO localidades VALUES (4,'grada 2', 'espectaculo 4', 'pelicula', '1987-07-07', 'productora 4', '2020-09-01 03:00:00', 'Calle de las flores nmero 4 puerta C', 'Libre');
INSERT INTO localidades VALUES (5,'grada 2', 'espectaculo 4', 'pelicula', '1987-07-07', 'productora 4', '2020-09-01 03:00:00', 'Calle de las flores nmero 4 puerta C', 'Libre');
INSERT INTO localidades VALUES (6,'grada 2', 'espectaculo 4', 'pelicula', '1987-07-07', 'productora 4', '2020-09-01 03:00:00', 'Calle de las flores nmero 4 puerta C', 'Libre');
INSERT INTO localidades VALUES (7,'grada 2', 'espectaculo 4', 'pelicula', '1987-07-07', 'productora 4', '2020-09-01 03:00:00', 'Calle de las flores nmero 4 puerta C', 'Libre');
INSERT INTO localidades VALUES (8,'grada 2', 'espectaculo 4', 'pelicula', '1987-07-07', 'productora 4', '2020-09-01 03:00:00', 'Calle de las flores nmero 4 puerta C', 'Libre');
INSERT INTO localidades VALUES (9,'grada 2', 'espectaculo 4', 'pelicula', '1987-07-07', 'productora 4', '2020-09-01 03:00:00', 'Calle de las flores nmero 4 puerta C', 'Libre');
INSERT INTO localidades VALUES (10,'grada 2', 'espectaculo 4', 'pelicula', '1987-07-07', 'productora 4', '2020-09-01 03:00:00', 'Calle de las flores nmero 4 puerta C', 'Libre');
INSERT INTO localidades VALUES (11,'grada 2', 'espectaculo 4', 'pelicula', '1987-07-07', 'productora 4', '2020-09-01 03:00:00', 'Calle de las flores nmero 4 puerta C', 'Libre');
INSERT INTO localidades VALUES (12,'grada 2', 'espectaculo 4', 'pelicula', '1987-07-07', 'productora 4', '2020-09-01 03:00:00', 'Calle de las flores nmero 4 puerta C', 'Libre');
INSERT INTO localidades VALUES (13,'grada 2', 'espectaculo 4', 'pelicula', '1987-07-07', 'productora 4', '2020-09-01 03:00:00', 'Calle de las flores nmero 4 puerta C', 'Libre');
INSERT INTO localidades VALUES (14,'grada 2', 'espectaculo 4', 'pelicula', '1987-07-07', 'productora 4', '2020-09-01 03:00:00', 'Calle de las flores nmero 4 puerta C', 'Libre');
INSERT INTO localidades VALUES (15,'grada 2', 'espectaculo 4', 'pelicula', '1987-07-07', 'productora 4', '2020-09-01 03:00:00', 'Calle de las flores nmero 4 puerta C', 'Libre');
INSERT INTO localidades VALUES (16,'grada 2', 'espectaculo 4', 'pelicula', '1987-07-07', 'productora 4', '2020-09-01 03:00:00', 'Calle de las flores nmero 4 puerta C', 'Libre');
INSERT INTO localidades VALUES (17,'grada 2', 'espectaculo 4', 'pelicula', '1987-07-07', 'productora 4', '2020-09-01 03:00:00', 'Calle de las flores nmero 4 puerta C', 'Libre');
INSERT INTO localidades VALUES (18,'grada 2', 'espectaculo 4', 'pelicula', '1987-07-07', 'productora 4', '2020-09-01 03:00:00', 'Calle de las flores nmero 4 puerta C', 'Libre');
INSERT INTO localidades VALUES (19,'grada 2', 'espectaculo 4', 'pelicula', '1987-07-07', 'productora 4', '2020-09-01 03:00:00', 'Calle de las flores nmero 4 puerta C', 'Libre');
INSERT INTO localidades VALUES (20,'grada 2', 'espectaculo 4', 'pelicula', '1987-07-07', 'productora 4', '2020-09-01 03:00:00', 'Calle de las flores nmero 4 puerta C', 'Libre');
INSERT INTO localidades VALUES (21,'grada 2', 'espectaculo 4', 'pelicula', '1987-07-07', 'productora 4', '2020-09-01 03:00:00', 'Calle de las flores nmero 4 puerta C', 'Libre');
INSERT INTO localidades VALUES (22,'grada 2', 'espectaculo 4', 'pelicula', '1987-07-07', 'productora 4', '2020-09-01 03:00:00', 'Calle de las flores nmero 4 puerta C', 'Libre');
INSERT INTO localidades VALUES (23,'grada 2', 'espectaculo 4', 'pelicula', '1987-07-07', 'productora 4', '2020-09-01 03:00:00', 'Calle de las flores nmero 4 puerta C', 'Libre');
INSERT INTO localidades VALUES (24,'grada 2', 'espectaculo 4', 'pelicula', '1987-07-07', 'productora 4', '2020-09-01 03:00:00', 'Calle de las flores nmero 4 puerta C', 'Libre');
INSERT INTO localidades VALUES (25,'grada 2', 'espectaculo 4', 'pelicula', '1987-07-07', 'productora 4', '2020-09-01 03:00:00', 'Calle de las flores nmero 4 puerta C', 'Libre');
INSERT INTO localidades VALUES (26,'grada 2', 'espectaculo 4', 'pelicula', '1987-07-07', 'productora 4', '2020-09-01 03:00:00', 'Calle de las flores nmero 4 puerta C', 'Libre');
INSERT INTO localidades VALUES (27,'grada 2', 'espectaculo 4', 'pelicula', '1987-07-07', 'productora 4', '2020-09-01 03:00:00', 'Calle de las flores nmero 4 puerta C', 'Libre');
INSERT INTO localidades VALUES (28,'grada 2', 'espectaculo 4', 'pelicula', '1987-07-07', 'productora 4', '2020-09-01 03:00:00', 'Calle de las flores nmero 4 puerta C', 'Libre');
INSERT INTO localidades VALUES (29,'grada 2', 'espectaculo 4', 'pelicula', '1987-07-07', 'productora 4', '2020-09-01 03:00:00', 'Calle de las flores nmero 4 puerta C', 'Libre');
INSERT INTO localidades VALUES (30,'grada 2', 'espectaculo 4', 'pelicula', '1987-07-07', 'productora 4', '2020-09-01 03:00:00', 'Calle de las flores nmero 4 puerta C', 'Libre');
INSERT INTO tarifas VALUES ('bebe', '0', '5', 'grada 1', 'espectaculo 4', 'pelicula', '1987-07-07', 'productora 4', '2022-09-01 18:00:00', 'Calle de las flores nmero 4 puerta C');
INSERT INTO tarifas VALUES ('infantil', '5', '5', 'grada 1', 'espectaculo 4', 'pelicula', '1987-07-07', 'productora 4', '2022-09-01 18:00:00', 'Calle de las flores nmero 4 puerta C');
INSERT INTO tarifas VALUES ('juvenil', '8', '5', 'grada 1', 'espectaculo 4', 'pelicula', '1987-07-07', 'productora 4', '2022-09-01 18:00:00', 'Calle de las flores nmero 4 puerta C');
INSERT INTO tarifas VALUES ('adulto', '10', '5', 'grada 1', 'espectaculo 4', 'pelicula', '1987-07-07', 'productora 4', '2022-09-01 18:00:00', 'Calle de las flores nmero 4 puerta C');
INSERT INTO tarifas VALUES ('jubilado', '5', '5', 'grada 1', 'espectaculo 4', 'pelicula', '1987-07-07', 'productora 4', '2022-09-01 18:00:00', 'Calle de las flores nmero 4 puerta C');
INSERT INTO tarifas VALUES ('bebe', '0', '5', 'grada 2', 'espectaculo 4', 'pelicula', '1987-07-07', 'productora 4', '2022-09-01 18:00:00', 'Calle de las flores nmero 4 puerta C');
INSERT INTO tarifas VALUES ('infantil', '5', '5', 'grada 2', 'espectaculo 4', 'pelicula', '1987-07-07', 'productora 4', '2022-09-01 18:00:00', 'Calle de las flores nmero 4 puerta C');
INSERT INTO tarifas VALUES ('juvenil', '8', '5', 'grada 2', 'espectaculo 4', 'pelicula', '1987-07-07', 'productora 4', '2022-09-01 18:00:00', 'Calle de las flores nmero 4 puerta C');
INSERT INTO tarifas VALUES ('adulto', '10', '5', 'grada 2', 'espectaculo 4', 'pelicula', '1987-07-07', 'productora 4', '2022-09-01 18:00:00', 'Calle de las flores nmero 4 puerta C');
INSERT INTO tarifas VALUES ('jubilado', '5', '5', 'grada 2', 'espectaculo 4', 'pelicula', '1987-07-07', 'productora 4', '2022-09-01 18:00:00', 'Calle de las flores nmero 4 puerta C');
INSERT INTO tarifas VALUES ('bebe', '0', '5', 'grada 1', 'espectaculo 4', 'pelicula', '1987-07-07', 'productora 4', '2020-09-01 03:00:00', 'Calle de las flores nmero 4 puerta C');
INSERT INTO tarifas VALUES ('infantil', '5', '5', 'grada 1', 'espectaculo 4', 'pelicula', '1987-07-07', 'productora 4', '2020-09-01 03:00:00', 'Calle de las flores nmero 4 puerta C');
INSERT INTO tarifas VALUES ('juvenil', '8', '5', 'grada 1', 'espectaculo 4', 'pelicula', '1987-07-07', 'productora 4', '2020-09-01 03:00:00', 'Calle de las flores nmero 4 puerta C');
INSERT INTO tarifas VALUES ('adulto', '10', '5', 'grada 1', 'espectaculo 4', 'pelicula', '1987-07-07', 'productora 4', '2020-09-01 03:00:00', 'Calle de las flores nmero 4 puerta C');
INSERT INTO tarifas VALUES ('jubilado', '5', '5', 'grada 1', 'espectaculo 4', 'pelicula', '1987-07-07', 'productora 4', '2020-09-01 03:00:00', 'Calle de las flores nmero 4 puerta C');
INSERT INTO tarifas VALUES ('bebe', '0', '5', 'grada 2', 'espectaculo 4', 'pelicula', '1987-07-07', 'productora 4', '2020-09-01 03:00:00', 'Calle de las flores nmero 4 puerta C');
INSERT INTO tarifas VALUES ('infantil', '5', '5', 'grada 2', 'espectaculo 4', 'pelicula', '1987-07-07', 'productora 4', '2020-09-01 03:00:00', 'Calle de las flores nmero 4 puerta C');
INSERT INTO tarifas VALUES ('juvenil', '8', '5', 'grada 2', 'espectaculo 4', 'pelicula', '1987-07-07', 'productora 4', '2020-09-01 03:00:00', 'Calle de las flores nmero 4 puerta C');
INSERT INTO tarifas VALUES ('adulto', '10', '5', 'grada 2', 'espectaculo 4', 'pelicula', '1987-07-07', 'productora 4', '2020-09-01 03:00:00', 'Calle de las flores nmero 4 puerta C');
INSERT INTO tarifas VALUES ('jubilado', '5', '5', 'grada 2', 'espectaculo 4', 'pelicula', '1987-07-07', 'productora 4', '2020-09-01 03:00:00', 'Calle de las flores nmero 4 puerta C');
SELECT table_name, table_rows FROM INFORMATION_SCHEMA.TABLES WHERE TABLE_SCHEMA = 'proyecto';
\. metodos.sql;